source_row,domain,site,api_url,careers_url,status_code,validated,total_jobs,sample_job_id,sample_title,sample_company,sample_job_url,error,elapsed_seconds
2153,cbdt.fa.us2.oraclecloud.com,CX_3001,"https://cbdt.fa.us2.oraclecloud.com/hcmRestApi/resources/latest/recruitingCEJobRequisitions?onlyData=true&finder=findReqs;siteNumber=CX_3001,limit=100,offset=0,sortBy=POSTING_DATES_DESC&expand=requisitionList",https://cbdt.fa.us2.oraclecloud.com/hcmUI/CandidateExperience/en/sites/CX_3001,200,True,28,43154,Human Resources Business Partner,TWB,https://cbdt.fa.us2.oraclecloud.com/hcmUI/CandidateExperience/en/sites/CX_3001/job/43154,,2.13
2155,cbha.fa.us2.oraclecloud.com,CX_1,"https://cbha.fa.us2.oraclecloud.com/hcmRestApi/resources/latest/recruitingCEJobRequisitions?onlyData=true&finder=findReqs;siteNumber=CX_1,limit=100,offset=0,sortBy=POSTING_DATES_DESC&expand=requisitionList",https://cbha.fa.us2.oraclecloud.com/hcmUI/CandidateExperience/en/sites/CX_1,200,True,225,8100,Senior On-Site Service Specialist,Ricoh Americas Holdings,https://cbha.fa.us2.oraclecloud.com/hcmUI/CandidateExperience/en/sites/CX_1/job/8100,,1.88
2156,cbhm.fa.us2.oraclecloud.com,CX_1001,"https://cbhm.fa.us2.oraclecloud.com/hcmRestApi/resources/latest/recruitingCEJobRequisitions?onlyData=true&finder=findReqs;siteNumber=CX_1001,limit=100,offset=0,sortBy=POSTING_DATES_DESC&expand=requisitionList",https://cbhm.fa.us2.oraclecloud.com/hcmUI/CandidateExperience/en/sites/CX_1001,200,True,86,2302,"Sr. Manager, Corporate Tax","Zeus Industrial Products, Inc.",https://cbhm.fa.us2.oraclecloud.com/hcmUI/CandidateExperience/en/sites/CX_1001/job/2302,,3.43
2178,ccyj.fa.us6.oraclecloud.com,CX,"https://ccyj.fa.us6.oraclecloud.com/hcmRestApi/resources/latest/recruitingCEJobRequisitions?onlyData=true&finder=findReqs;siteNumber=CX,limit=100,offset=0,sortBy=POSTING_DATES_DESC&expand=requisitionList",https://ccyj.fa.us6.oraclecloud.com/hcmUI/CandidateExperience/en/sites/CX,200,True,82,1994,"Part Time Staff Assistant, Testing Center",Lorain County Community College,https://ccyj.fa.us6.oraclecloud.com/hcmUI/CandidateExperience/en/sites/CX/job/1994,,1.86
2616,cva.fa.us1.oraclecloud.com,CX_3,"https://cva.fa.us1.oraclecloud.com/hcmRestApi/resources/latest/recruitingCEJobRequisitions?onlyData=true&finder=findReqs;siteNumber=CX_3,limit=100,offset=0,sortBy=POSTING_DATES_DESC&expand=requisitionList",https://cva.fa.us1.oraclecloud.com/hcmUI/CandidateExperience/en/sites/CX_3,200,True,231,9884,Mechanic (Test Cell),HGE Components-CRS,https://cva.fa.us1.oraclecloud.com/hcmUI/CandidateExperience/en/sites/CX_3/job/9884,,2.72
2737,dfa.fa.us1.oraclecloud.com,CX_1001,"https://dfa.fa.us1.oraclecloud.com/hcmRestApi/resources/latest/recruitingCEJobRequisitions?onlyData=true&finder=findReqs;siteNumber=CX_1001,limit=100,offset=0,sortBy=POSTING_DATES_DESC&expand=requisitionList",https://dfa.fa.us1.oraclecloud.com/hcmUI/CandidateExperience/en/sites/CX_1001,200,True,42,798,Business Services Recruiting Supervisor,Business Services Staff,https://dfa.fa.us1.oraclecloud.com/hcmUI/CandidateExperience/en/sites/CX_1001/job/798,,2.33
2841,eabw.fa.us2.oraclecloud.com,CX_1,"https://eabw.fa.us2.oraclecloud.com/hcmRestApi/resources/latest/recruitingCEJobRequisitions?onlyData=true&finder=findReqs;siteNumber=CX_1,limit=100,offset=0,sortBy=POSTING_DATES_DESC&expand=requisitionList",https://eabw.fa.us2.oraclecloud.com/hcmUI/CandidateExperience/en/sites/CX_1,200,True,99,30951,Customer Service Representative,Americas Support India MT1020,https://eabw.fa.us2.oraclecloud.com/hcmUI/CandidateExperience/en/sites/CX_1/job/30951,,2.32
2858,ebdt.fa.us2.oraclecloud.com,CX_9003,"https://ebdt.fa.us2.oraclecloud.com/hcmRestApi/resources/latest/recruitingCEJobRequisitions?onlyData=true&finder=findReqs;siteNumber=CX_9003,limit=100,offset=0,sortBy=POSTING_DATES_DESC&expand=requisitionList",https://ebdt.fa.us2.oraclecloud.com/hcmUI/CandidateExperience/en/sites/CX_9003,200,True,52,1673,Apps DBA,2100 - Oracle Implementation Services,https://ebdt.fa.us2.oraclecloud.com/hcmUI/CandidateExperience/en/sites/CX_9003/job/1673,,2.31
2859,ebez.fa.us2.oraclecloud.com,CX_1,"https://ebez.fa.us2.oraclecloud.com/hcmRestApi/resources/latest/recruitingCEJobRequisitions?onlyData=true&finder=findReqs;siteNumber=CX_1,limit=100,offset=0,sortBy=POSTING_DATES_DESC&expand=requisitionList",https://ebez.fa.us2.oraclecloud.com/hcmUI/CandidateExperience/en/sites/CX_1,200,True,367,19373,Audit and Tax Associate | Fall 2028,"CBIZ, Inc.",https://ebez.fa.us2.oraclecloud.com/hcmUI/CandidateExperience/en/sites/CX_1/job/19373,,1.96
2860,ebfr.fa.us2.oraclecloud.com,CX_3001,"https://ebfr.fa.us2.oraclecloud.com/hcmRestApi/resources/latest/recruitingCEJobRequisitions?onlyData=true&finder=findReqs;siteNumber=CX_3001,limit=100,offset=0,sortBy=POSTING_DATES_DESC&expand=requisitionList",https://ebfr.fa.us2.oraclecloud.com/hcmUI/CandidateExperience/en/sites/CX_3001,200,True,226,10962,Project Coordinator,Oceaneering Group Enterprise,https://ebfr.fa.us2.oraclecloud.com/hcmUI/CandidateExperience/en/sites/CX_3001/job/10962,,1.99
2861,ebgj.fa.us2.oraclecloud.com,CX_1,"https://ebgj.fa.us2.oraclecloud.com/hcmRestApi/resources/latest/recruitingCEJobRequisitions?onlyData=true&finder=findReqs;siteNumber=CX_1,limit=100,offset=0,sortBy=POSTING_DATES_DESC&expand=requisitionList",https://ebgj.fa.us2.oraclecloud.com/hcmUI/CandidateExperience/en/sites/CX_1,200,True,157,252987,Installation Supervisor,Pella Corporation,https://ebgj.fa.us2.oraclecloud.com/hcmUI/CandidateExperience/en/sites/CX_1/job/252987,,1.97
2862,ebhu.fa.us2.oraclecloud.com,CX,"https://ebhu.fa.us2.oraclecloud.com/hcmRestApi/resources/latest/recruitingCEJobRequisitions?onlyData=true&finder=findReqs;siteNumber=CX,limit=100,offset=0,sortBy=POSTING_DATES_DESC&expand=requisitionList",https://ebhu.fa.us2.oraclecloud.com/hcmUI/CandidateExperience/en/sites/CX,200,True,82,6536,Trader,Cetera Financial Group Inc,https://ebhu.fa.us2.oraclecloud.com/hcmUI/CandidateExperience/en/sites/CX/job/6536,,1.53
2863,ebhz.fa.us2.oraclecloud.com,CX_3003,"https://ebhz.fa.us2.oraclecloud.com/hcmRestApi/resources/latest/recruitingCEJobRequisitions?onlyData=true&finder=findReqs;siteNumber=CX_3003,limit=100,offset=0,sortBy=POSTING_DATES_DESC&expand=requisitionList",https://ebhz.fa.us2.oraclecloud.com/hcmUI/CandidateExperience/en/sites/CX_3003,200,True,15,1005883,"Analyst, Customer Care Center–Service",Ocwen Financial Corporation,https://ebhz.fa.us2.oraclecloud.com/hcmUI/CandidateExperience/en/sites/CX_3003/job/1005883,,2.23
2867,ebqb.fa.us2.oraclecloud.com,CX_1,"https://ebqb.fa.us2.oraclecloud.com/hcmRestApi/resources/latest/recruitingCEJobRequisitions?onlyData=true&finder=findReqs;siteNumber=CX_1,limit=100,offset=0,sortBy=POSTING_DATES_DESC&expand=requisitionList",https://ebqb.fa.us2.oraclecloud.com/hcmUI/CandidateExperience/en/sites/CX_1,200,True,448,12599,Product Technical Lead - Software Engineer II,"BDO USA, P.C.",https://ebqb.fa.us2.oraclecloud.com/hcmUI/CandidateExperience/en/sites/CX_1/job/12599,,2.32
2868,ebtw.fa.us2.oraclecloud.com,CX_1,"https://ebtw.fa.us2.oraclecloud.com/hcmRestApi/resources/latest/recruitingCEJobRequisitions?onlyData=true&finder=findReqs;siteNumber=CX_1,limit=100,offset=0,sortBy=POSTING_DATES_DESC&expand=requisitionList",https://ebtw.fa.us2.oraclecloud.com/hcmUI/CandidateExperience/en/sites/CX_1,200,True,9,4123,Analyst II/Gas Scheduling,Southwest Gas Corporation,https://ebtw.fa.us2.oraclecloud.com/hcmUI/CandidateExperience/en/sites/CX_1/job/4123,,2.34
2869,ebud.fa.us2.oraclecloud.com,CX_1,"https://ebud.fa.us2.oraclecloud.com/hcmRestApi/resources/latest/recruitingCEJobRequisitions?onlyData=true&finder=findReqs;siteNumber=CX_1,limit=100,offset=0,sortBy=POSTING_DATES_DESC&expand=requisitionList",https://ebud.fa.us2.oraclecloud.com/hcmUI/CandidateExperience/en/sites/CX_1,200,True,178,41043,Print Specialist,078 Quad Med Medical Clinic,https://ebud.fa.us2.oraclecloud.com/hcmUI/CandidateExperience/en/sites/CX_1/job/41043,,3.20
2870,ebwb.fa.us2.oraclecloud.com,CX,"https://ebwb.fa.us2.oraclecloud.com/hcmRestApi/resources/latest/recruitingCEJobRequisitions?onlyData=true&finder=findReqs;siteNumber=CX,limit=100,offset=0,sortBy=POSTING_DATES_DESC&expand=requisitionList",https://ebwb.fa.us2.oraclecloud.com/hcmUI/CandidateExperience/en/sites/CX,200,True,229,10826,Lead Supplier Quality Auditor,"310.1113.0205 SUROS - PRODUCTION-MAIN-4, CR",https://ebwb.fa.us2.oraclecloud.com/hcmUI/CandidateExperience/en/sites/CX/job/10826,,1.53
2871,ebwg.fa.us2.oraclecloud.com,CX,"https://ebwg.fa.us2.oraclecloud.com/hcmRestApi/resources/latest/recruitingCEJobRequisitions?onlyData=true&finder=findReqs;siteNumber=CX,limit=100,offset=0,sortBy=POSTING_DATES_DESC&expand=requisitionList",https://ebwg.fa.us2.oraclecloud.com/hcmUI/CandidateExperience/en/sites/CX,200,True,114,16393,Sr Windows Systems Engineer,19179 CONNETIC CLEARING,https://ebwg.fa.us2.oraclecloud.com/hcmUI/CandidateExperience/en/sites/CX/job/16393,,1.66
2872,ebwh.fa.us2.oraclecloud.com,CX_1001,"https://ebwh.fa.us2.oraclecloud.com/hcmRestApi/resources/latest/recruitingCEJobRequisitions?onlyData=true&finder=findReqs;siteNumber=CX_1001,limit=100,offset=0,sortBy=POSTING_DATES_DESC&expand=requisitionList",https://ebwh.fa.us2.oraclecloud.com/hcmUI/CandidateExperience/en/sites/CX_1001,200,True,3641,REQ_748594,"Retail Merchandising Support Associate, Roosevelt - Part Time",Macy's Jobs,https://ebwh.fa.us2.oraclecloud.com/hcmUI/CandidateExperience/en/sites/CX_1001/job/REQ_748594,,1.63
2873,ebxr.fa.us2.oraclecloud.com,CX_1,"https://ebxr.fa.us2.oraclecloud.com/hcmRestApi/resources/latest/recruitingCEJobRequisitions?onlyData=true&finder=findReqs;siteNumber=CX_1,limit=100,offset=0,sortBy=POSTING_DATES_DESC&expand=requisitionList",https://ebxr.fa.us2.oraclecloud.com/hcmUI/CandidateExperience/en/sites/CX_1,200,True,420,213255,Software Development Engineer in Test,Information Technology,https://ebxr.fa.us2.oraclecloud.com/hcmUI/CandidateExperience/en/sites/CX_1/job/213255,,1.54
2874,ebxs.fa.us2.oraclecloud.com,CX_2,"https://ebxs.fa.us2.oraclecloud.com/hcmRestApi/resources/latest/recruitingCEJobRequisitions?onlyData=true&finder=findReqs;siteNumber=CX_2,limit=100,offset=0,sortBy=POSTING_DATES_DESC&expand=requisitionList",https://ebxs.fa.us2.oraclecloud.com/hcmUI/CandidateExperience/en/sites/CX_2,200,True,236,309642,"HR Specialist, Onboarding & Employee Experience","Michael Baker International, Inc",https://ebxs.fa.us2.oraclecloud.com/hcmUI/CandidateExperience/en/sites/CX_2/job/309642,,1.99
2876,ecge.fa.us2.oraclecloud.com,CX_1003,"https://ecge.fa.us2.oraclecloud.com/hcmRestApi/resources/latest/recruitingCEJobRequisitions?onlyData=true&finder=findReqs;siteNumber=CX_1003,limit=100,offset=0,sortBy=POSTING_DATES_DESC&expand=requisitionList",https://ecge.fa.us2.oraclecloud.com/hcmUI/CandidateExperience/en/sites/CX_1003,200,True,96,20260982,"IT Product Manager, Consultant",Blue Shield of California Group,https://ecge.fa.us2.oraclecloud.com/hcmUI/CandidateExperience/en/sites/CX_1003/job/20260982,,2.47
2879,echs.fa.us2.oraclecloud.com,CX,"https://echs.fa.us2.oraclecloud.com/hcmRestApi/resources/latest/recruitingCEJobRequisitions?onlyData=true&finder=findReqs;siteNumber=CX,limit=100,offset=0,sortBy=POSTING_DATES_DESC&expand=requisitionList",https://echs.fa.us2.oraclecloud.com/hcmUI/CandidateExperience/en/sites/CX,200,True,190,11193,Family Services Assistant I,Corp Presbyterian Medical Services LE,https://echs.fa.us2.oraclecloud.com/hcmUI/CandidateExperience/en/sites/CX/job/11193,,1.73
2881,eclz.fa.us2.oraclecloud.com,CX_3001,"https://eclz.fa.us2.oraclecloud.com/hcmRestApi/resources/latest/recruitingCEJobRequisitions?onlyData=true&finder=findReqs;siteNumber=CX_3001,limit=100,offset=0,sortBy=POSTING_DATES_DESC&expand=requisitionList",https://eclz.fa.us2.oraclecloud.com/hcmUI/CandidateExperience/en/sites/CX_3001,200,True,1,215089,Sr Software Engineer (.NET),Notified,https://eclz.fa.us2.oraclecloud.com/hcmUI/CandidateExperience/en/sites/CX_3001/job/215089,,2.00
2882,ecnf.fa.us2.oraclecloud.com,CX,"https://ecnf.fa.us2.oraclecloud.com/hcmRestApi/resources/latest/recruitingCEJobRequisitions?onlyData=true&finder=findReqs;siteNumber=CX,limit=100,offset=0,sortBy=POSTING_DATES_DESC&expand=requisitionList",https://ecnf.fa.us2.oraclecloud.com/hcmUI/CandidateExperience/en/sites/CX,200,True,55,301872,"Vice President, Internal Communications",Tradeweb Europe Limited,https://ecnf.fa.us2.oraclecloud.com/hcmUI/CandidateExperience/en/sites/CX/job/301872,,1.50
2885,ecqf.fa.em2.oraclecloud.com,CX_2001,"https://ecqf.fa.em2.oraclecloud.com/hcmRestApi/resources/latest/recruitingCEJobRequisitions?onlyData=true&finder=findReqs;siteNumber=CX_2001,limit=100,offset=0,sortBy=POSTING_DATES_DESC&expand=requisitionList",https://ecqf.fa.em2.oraclecloud.com/hcmUI/CandidateExperience/en/sites/CX_2001,200,True,190,9136,(Junior) Data Processing Specialist,Ipsos,https://ecqf.fa.em2.oraclecloud.com/hcmUI/CandidateExperience/en/sites/CX_2001/job/9136,,2.52
2888,ecsr.fa.us2.oraclecloud.com,CX_1,"https://ecsr.fa.us2.oraclecloud.com/hcmRestApi/resources/latest/recruitingCEJobRequisitions?onlyData=true&finder=findReqs;siteNumber=CX_1,limit=100,offset=0,sortBy=POSTING_DATES_DESC&expand=requisitionList",https://ecsr.fa.us2.oraclecloud.com/hcmUI/CandidateExperience/en/sites/CX_1,200,True,129,10008720,"Environmental Analytical Chemist, Civil Engineering",Development and Alumni Relations,https://ecsr.fa.us2.oraclecloud.com/hcmUI/CandidateExperience/en/sites/CX_1/job/10008720,,1.66
2889,ectf.fa.us2.oraclecloud.com,CX_1,"https://ectf.fa.us2.oraclecloud.com/hcmRestApi/resources/latest/recruitingCEJobRequisitions?onlyData=true&finder=findReqs;siteNumber=CX_1,limit=100,offset=0,sortBy=POSTING_DATES_DESC&expand=requisitionList",https://ectf.fa.us2.oraclecloud.com/hcmUI/CandidateExperience/en/sites/CX_1,200,True,13,486,Buyer II,Wave,https://ectf.fa.us2.oraclecloud.com/hcmUI/CandidateExperience/en/sites/CX_1/job/486,,1.91
2894,ecvz.fa.us2.oraclecloud.com,CX_1,"https://ecvz.fa.us2.oraclecloud.com/hcmRestApi/resources/latest/recruitingCEJobRequisitions?onlyData=true&finder=findReqs;siteNumber=CX_1,limit=100,offset=0,sortBy=POSTING_DATES_DESC&expand=requisitionList",https://ecvz.fa.us2.oraclecloud.com/hcmUI/CandidateExperience/en/sites/CX_1,200,True,1467,69829,"Materials Management Associate - Part-time regular (8 hours, Day Shift)",Adventist Health,https://ecvz.fa.us2.oraclecloud.com/hcmUI/CandidateExperience/en/sites/CX_1/job/69829,,1.84
2895,ecwr.fa.us2.oraclecloud.com,CX_1,"https://ecwr.fa.us2.oraclecloud.com/hcmRestApi/resources/latest/recruitingCEJobRequisitions?onlyData=true&finder=findReqs;siteNumber=CX_1,limit=100,offset=0,sortBy=POSTING_DATES_DESC&expand=requisitionList",https://ecwr.fa.us2.oraclecloud.com/hcmUI/CandidateExperience/en/sites/CX_1,200,True,429,15723,Local P&D Driver (Class A - Non Endorsed),Estes Express Lines,https://ecwr.fa.us2.oraclecloud.com/hcmUI/CandidateExperience/en/sites/CX_1/job/15723,,1.40
2896,ecyq.fa.em2.oraclecloud.com,CX_1,"https://ecyq.fa.em2.oraclecloud.com/hcmRestApi/resources/latest/recruitingCEJobRequisitions?onlyData=true&finder=findReqs;siteNumber=CX_1,limit=100,offset=0,sortBy=POSTING_DATES_DESC&expand=requisitionList",https://ecyq.fa.em2.oraclecloud.com/hcmUI/CandidateExperience/en/sites/CX_1,200,True,209,6678,Sales Manager Transmission and Distribution Technology,Energy Systems,https://ecyq.fa.em2.oraclecloud.com/hcmUI/CandidateExperience/en/sites/CX_1/job/6678,,1.94
2897,eczd.fa.us2.oraclecloud.com,CX_1,"https://eczd.fa.us2.oraclecloud.com/hcmRestApi/resources/latest/recruitingCEJobRequisitions?onlyData=true&finder=findReqs;siteNumber=CX_1,limit=100,offset=0,sortBy=POSTING_DATES_DESC&expand=requisitionList",https://eczd.fa.us2.oraclecloud.com/hcmUI/CandidateExperience/en/sites/CX_1,200,True,187,5129,"Director, Portfolio Delivery & PMO",Taco Bell Corp.,https://eczd.fa.us2.oraclecloud.com/hcmUI/CandidateExperience/en/sites/CX_1/job/5129,,1.71
2898,edbz.fa.us2.oraclecloud.com,CX,"https://edbz.fa.us2.oraclecloud.com/hcmRestApi/resources/latest/recruitingCEJobRequisitions?onlyData=true&finder=findReqs;siteNumber=CX,limit=100,offset=0,sortBy=POSTING_DATES_DESC&expand=requisitionList",https://edbz.fa.us2.oraclecloud.com/hcmUI/CandidateExperience/en/sites/CX,200,True,565,25016707,MEP Project Manager,118-WW TMG MFG OPS,https://edbz.fa.us2.oraclecloud.com/hcmUI/CandidateExperience/en/sites/CX/job/25016707,,1.21
2900,edel.fa.us2.oraclecloud.com,CX_2001,"https://edel.fa.us2.oraclecloud.com/hcmRestApi/resources/latest/recruitingCEJobRequisitions?onlyData=true&finder=findReqs;siteNumber=CX_2001,limit=100,offset=0,sortBy=POSTING_DATES_DESC&expand=requisitionList",https://edel.fa.us2.oraclecloud.com/hcmUI/CandidateExperience/en/sites/CX_2001,200,True,909,22922,Named Account Manager - Acquisition (Netherlands),Fortinet Inc.,https://edel.fa.us2.oraclecloud.com/hcmUI/CandidateExperience/en/sites/CX_2001/job/22922,,1.61
2903,edjd.fa.us2.oraclecloud.com,CX,"https://edjd.fa.us2.oraclecloud.com/hcmRestApi/resources/latest/recruitingCEJobRequisitions?onlyData=true&finder=findReqs;siteNumber=CX,limit=100,offset=0,sortBy=POSTING_DATES_DESC&expand=requisitionList",https://edjd.fa.us2.oraclecloud.com/hcmUI/CandidateExperience/en/sites/CX,200,True,66,182,AMS Cloud HCM Lead,,https://edjd.fa.us2.oraclecloud.com/hcmUI/CandidateExperience/en/sites/CX/job/182,,1.89
2904,edmn.fa.us2.oraclecloud.com,CX_1,"https://edmn.fa.us2.oraclecloud.com/hcmRestApi/resources/latest/recruitingCEJobRequisitions?onlyData=true&finder=findReqs;siteNumber=CX_1,limit=100,offset=0,sortBy=POSTING_DATES_DESC&expand=requisitionList",https://edmn.fa.us2.oraclecloud.com/hcmUI/CandidateExperience/en/sites/CX_1,200,True,1416,84200,Director Cage Operations - Full Time (Caesars Atlantic City),SIL Silver Legacy Resort Casino,https://edmn.fa.us2.oraclecloud.com/hcmUI/CandidateExperience/en/sites/CX_1/job/84200,,3.28
2907,edsv.fa.us2.oraclecloud.com,CX_1,"https://edsv.fa.us2.oraclecloud.com/hcmRestApi/resources/latest/recruitingCEJobRequisitions?onlyData=true&finder=findReqs;siteNumber=CX_1,limit=100,offset=0,sortBy=POSTING_DATES_DESC&expand=requisitionList",https://edsv.fa.us2.oraclecloud.com/hcmUI/CandidateExperience/en/sites/CX_1,200,True,515,26003483,HSES Tech,"McDermott Middle East, Inc. - Jebel Ali (UAE)",https://edsv.fa.us2.oraclecloud.com/hcmUI/CandidateExperience/en/sites/CX_1/job/26003483,,2.13
2908,edtq.fa.ap1.oraclecloud.com,CX_1,"https://edtq.fa.ap1.oraclecloud.com/hcmRestApi/resources/latest/recruitingCEJobRequisitions?onlyData=true&finder=findReqs;siteNumber=CX_1,limit=100,offset=0,sortBy=POSTING_DATES_DESC&expand=requisitionList",https://edtq.fa.ap1.oraclecloud.com/hcmUI/CandidateExperience/en/sites/CX_1,200,True,26,800,IT Operations Manager,Planit IN,https://edtq.fa.ap1.oraclecloud.com/hcmUI/CandidateExperience/en/sites/CX_1/job/800,,3.06
2914,eduu.fa.us2.oraclecloud.com,CX_1,"https://eduu.fa.us2.oraclecloud.com/hcmRestApi/resources/latest/recruitingCEJobRequisitions?onlyData=true&finder=findReqs;siteNumber=CX_1,limit=100,offset=0,sortBy=POSTING_DATES_DESC&expand=requisitionList",https://eduu.fa.us2.oraclecloud.com/hcmUI/CandidateExperience/en/sites/CX_1,200,True,103,1015,Equipment Operator II,US Operating Unit,https://eduu.fa.us2.oraclecloud.com/hcmUI/CandidateExperience/en/sites/CX_1/job/1015,,2.05
2915,edva.fa.us2.oraclecloud.com,CX_1,"https://edva.fa.us2.oraclecloud.com/hcmRestApi/resources/latest/recruitingCEJobRequisitions?onlyData=true&finder=findReqs;siteNumber=CX_1,limit=100,offset=0,sortBy=POSTING_DATES_DESC&expand=requisitionList",https://edva.fa.us2.oraclecloud.com/hcmUI/CandidateExperience/en/sites/CX_1,200,True,71,10000698,Material Handler Intermediate,Rockies.14207.San Juan HM,https://edva.fa.us2.oraclecloud.com/hcmUI/CandidateExperience/en/sites/CX_1/job/10000698,,2.33
2918,edxn.fa.us2.oraclecloud.com,CX_5001,"https://edxn.fa.us2.oraclecloud.com/hcmRestApi/resources/latest/recruitingCEJobRequisitions?onlyData=true&finder=findReqs;siteNumber=CX_5001,limit=100,offset=0,sortBy=POSTING_DATES_DESC&expand=requisitionList",https://edxn.fa.us2.oraclecloud.com/hcmUI/CandidateExperience/en/sites/CX_5001,200,True,29,26101,Accounts Receivable Coordinator,Boston Properties,https://edxn.fa.us2.oraclecloud.com/hcmUI/CandidateExperience/en/sites/CX_5001/job/26101,,2.47
2919,edyo.fa.us2.oraclecloud.com,CX,"https://edyo.fa.us2.oraclecloud.com/hcmRestApi/resources/latest/recruitingCEJobRequisitions?onlyData=true&finder=findReqs;siteNumber=CX,limit=100,offset=0,sortBy=POSTING_DATES_DESC&expand=requisitionList",https://edyo.fa.us2.oraclecloud.com/hcmUI/CandidateExperience/en/sites/CX,200,True,488,26002333,A Lineman - Overhead (Oncor),Distribution - OH - Eastern,https://edyo.fa.us2.oraclecloud.com/hcmUI/CandidateExperience/en/sites/CX/job/26002333,,1.22
2920,edyy.fa.us2.oraclecloud.com,CX_2002,"https://edyy.fa.us2.oraclecloud.com/hcmRestApi/resources/latest/recruitingCEJobRequisitions?onlyData=true&finder=findReqs;siteNumber=CX_2002,limit=100,offset=0,sortBy=POSTING_DATES_DESC&expand=requisitionList",https://edyy.fa.us2.oraclecloud.com/hcmUI/CandidateExperience/en/sites/CX_2002,200,True,384,17014,Technical Director,STG CORP MIS,https://edyy.fa.us2.oraclecloud.com/hcmUI/CandidateExperience/en/sites/CX_2002/job/17014,,1.94
2922,eedu.fa.em3.oraclecloud.com,CX_1003,"https://eedu.fa.em3.oraclecloud.com/hcmRestApi/resources/latest/recruitingCEJobRequisitions?onlyData=true&finder=findReqs;siteNumber=CX_1003,limit=100,offset=0,sortBy=POSTING_DATES_DESC&expand=requisitionList",https://eedu.fa.em3.oraclecloud.com/hcmUI/CandidateExperience/en/sites/CX_1003,200,True,611,202507728,Junior Actuarial Analyst (Consulting role) - Swiss Team,LON3 London - 51 Lime Street,https://eedu.fa.em3.oraclecloud.com/hcmUI/CandidateExperience/en/sites/CX_1003/job/202507728,,2.18
2923,eehb.fa.us2.oraclecloud.com,CX_3001,"https://eehb.fa.us2.oraclecloud.com/hcmRestApi/resources/latest/recruitingCEJobRequisitions?onlyData=true&finder=findReqs;siteNumber=CX_3001,limit=100,offset=0,sortBy=POSTING_DATES_DESC&expand=requisitionList",https://eehb.fa.us2.oraclecloud.com/hcmUI/CandidateExperience/en/sites/CX_3001,200,True,134,2703,Relationship Banker I Milford South Branch,Rockland Trust Company,https://eehb.fa.us2.oraclecloud.com/hcmUI/CandidateExperience/en/sites/CX_3001/job/2703,,2.04
2924,eeho.fa.us2.oraclecloud.com,CX_45001,"https://eeho.fa.us2.oraclecloud.com/hcmRestApi/resources/latest/recruitingCEJobRequisitions?onlyData=true&finder=findReqs;siteNumber=CX_45001,limit=100,offset=0,sortBy=POSTING_DATES_DESC&expand=requisitionList",https://eeho.fa.us2.oraclecloud.com/hcmUI/CandidateExperience/en/sites/CX_45001,200,True,2239,341016,Senior Network Engineer - Optical,CLBPTS - All Lines of Business,https://eeho.fa.us2.oraclecloud.com/hcmUI/CandidateExperience/en/sites/CX_45001/job/341016,,1.46
2925,eeik.fa.us2.oraclecloud.com,CX_1,"https://eeik.fa.us2.oraclecloud.com/hcmRestApi/resources/latest/recruitingCEJobRequisitions?onlyData=true&finder=findReqs;siteNumber=CX_1,limit=100,offset=0,sortBy=POSTING_DATES_DESC&expand=requisitionList",https://eeik.fa.us2.oraclecloud.com/hcmUI/CandidateExperience/en/sites/CX_1,200,True,203,261770,"Engineer, Senior - Facilities Engineering",University of Wyoming,https://eeik.fa.us2.oraclecloud.com/hcmUI/CandidateExperience/en/sites/CX_1/job/261770,,2.90
2926,eeim.fa.us2.oraclecloud.com,CX,"https://eeim.fa.us2.oraclecloud.com/hcmRestApi/resources/latest/recruitingCEJobRequisitions?onlyData=true&finder=findReqs;siteNumber=CX,limit=100,offset=0,sortBy=POSTING_DATES_DESC&expand=requisitionList",https://eeim.fa.us2.oraclecloud.com/hcmUI/CandidateExperience/en/sites/CX,200,True,38,260827,Truck Mechanic,Fire Services,https://eeim.fa.us2.oraclecloud.com/hcmUI/CandidateExperience/en/sites/CX/job/260827,,1.32
2927,eese.fa.us8.oraclecloud.com,CX_1,"https://eese.fa.us8.oraclecloud.com/hcmRestApi/resources/latest/recruitingCEJobRequisitions?onlyData=true&finder=findReqs;siteNumber=CX_1,limit=100,offset=0,sortBy=POSTING_DATES_DESC&expand=requisitionList",https://eese.fa.us8.oraclecloud.com/hcmUI/CandidateExperience/en/sites/CX_1,200,True,80,711,NMC&A Specialist,"American Centrifuge Operating, LLC",https://eese.fa.us8.oraclecloud.com/hcmUI/CandidateExperience/en/sites/CX_1/job/711,,2.19
2928,eetz.fa.us6.oraclecloud.com,CX_2001,"https://eetz.fa.us6.oraclecloud.com/hcmRestApi/resources/latest/recruitingCEJobRequisitions?onlyData=true&finder=findReqs;siteNumber=CX_2001,limit=100,offset=0,sortBy=POSTING_DATES_DESC&expand=requisitionList",https://eetz.fa.us6.oraclecloud.com/hcmUI/CandidateExperience/en/sites/CX_2001,200,True,50,2600384,Power Platform Solutions Designer,GP Strategies Corporation,https://eetz.fa.us6.oraclecloud.com/hcmUI/CandidateExperience/en/sites/CX_2001/job/2600384,,2.61
2929,eeug.fa.us6.oraclecloud.com,CX,"https://eeug.fa.us6.oraclecloud.com/hcmRestApi/resources/latest/recruitingCEJobRequisitions?onlyData=true&finder=findReqs;siteNumber=CX,limit=100,offset=0,sortBy=POSTING_DATES_DESC&expand=requisitionList",https://eeug.fa.us6.oraclecloud.com/hcmUI/CandidateExperience/en/sites/CX,200,True,172,17685,Project Manager,"Diebold Nixdorf, Incorporated",https://eeug.fa.us6.oraclecloud.com/hcmUI/CandidateExperience/en/sites/CX/job/17685,,2.09
2930,eevd.fa.us6.oraclecloud.com,CX,"https://eevd.fa.us6.oraclecloud.com/hcmRestApi/resources/latest/recruitingCEJobRequisitions?onlyData=true&finder=findReqs;siteNumber=CX,limit=100,offset=0,sortBy=POSTING_DATES_DESC&expand=requisitionList",https://eevd.fa.us6.oraclecloud.com/hcmUI/CandidateExperience/en/sites/CX,200,True,350,2027226,Full-Stack Data Engineer,Hearst Magazines,https://eevd.fa.us6.oraclecloud.com/hcmUI/CandidateExperience/en/sites/CX/job/2027226,,1.57
2931,eexs.fa.us2.oraclecloud.com,CX_3001,"https://eexs.fa.us2.oraclecloud.com/hcmRestApi/resources/latest/recruitingCEJobRequisitions?onlyData=true&finder=findReqs;siteNumber=CX_3001,limit=100,offset=0,sortBy=POSTING_DATES_DESC&expand=requisitionList",https://eexs.fa.us2.oraclecloud.com/hcmUI/CandidateExperience/en/sites/CX_3001,200,True,759,37742,LVN,1720 Sedgebrook,https://eexs.fa.us2.oraclecloud.com/hcmUI/CandidateExperience/en/sites/CX_3001/job/37742,,2.38
2932,efds.fa.em5.oraclecloud.com,CX_1,"https://efds.fa.em5.oraclecloud.com/hcmRestApi/resources/latest/recruitingCEJobRequisitions?onlyData=true&finder=findReqs;siteNumber=CX_1,limit=100,offset=0,sortBy=POSTING_DATES_DESC&expand=requisitionList",https://efds.fa.em5.oraclecloud.com/hcmUI/CandidateExperience/en/sites/CX_1,200,True,833,60696,Identity Security Operations Engineer,USA01 - USA Automotive,https://efds.fa.em5.oraclecloud.com/hcmUI/CandidateExperience/en/sites/CX_1/job/60696,,3.33
2933,efet.fa.us2.oraclecloud.com,CX_1009,"https://efet.fa.us2.oraclecloud.com/hcmRestApi/resources/latest/recruitingCEJobRequisitions?onlyData=true&finder=findReqs;siteNumber=CX_1009,limit=100,offset=0,sortBy=POSTING_DATES_DESC&expand=requisitionList",https://efet.fa.us2.oraclecloud.com/hcmUI/CandidateExperience/en/sites/CX_1009,200,True,4190,207317,PM Supervisor - Housekeeping Hilton Houston Post Oak,AMERICAS,https://efet.fa.us2.oraclecloud.com/hcmUI/CandidateExperience/en/sites/CX_1009/job/207317,,1.78
2936,efpv.fa.us6.oraclecloud.com,CX_1,"https://efpv.fa.us6.oraclecloud.com/hcmRestApi/resources/latest/recruitingCEJobRequisitions?onlyData=true&finder=findReqs;siteNumber=CX_1,limit=100,offset=0,sortBy=POSTING_DATES_DESC&expand=requisitionList",https://efpv.fa.us6.oraclecloud.com/hcmUI/CandidateExperience/en/sites/CX_1,200,True,95,7980,Senior Treasury Analyst,WW Sales,https://efpv.fa.us6.oraclecloud.com/hcmUI/CandidateExperience/en/sites/CX_1/job/7980,,2.22
2937,efqq.fa.us6.oraclecloud.com,CX_1008,"https://efqq.fa.us6.oraclecloud.com/hcmRestApi/resources/latest/recruitingCEJobRequisitions?onlyData=true&finder=findReqs;siteNumber=CX_1008,limit=100,offset=0,sortBy=POSTING_DATES_DESC&expand=requisitionList",https://efqq.fa.us6.oraclecloud.com/hcmUI/CandidateExperience/en/sites/CX_1008,200,True,28,1970,Barge Supervisor,Valaris Limited,https://efqq.fa.us6.oraclecloud.com/hcmUI/CandidateExperience/en/sites/CX_1008/job/1970,,2.40
2938,efsp.fa.us6.oraclecloud.com,CX,"https://efsp.fa.us6.oraclecloud.com/hcmRestApi/resources/latest/recruitingCEJobRequisitions?onlyData=true&finder=findReqs;siteNumber=CX,limit=100,offset=0,sortBy=POSTING_DATES_DESC&expand=requisitionList",https://efsp.fa.us6.oraclecloud.com/hcmUI/CandidateExperience/en/sites/CX,200,True,122,1466,BIM Modeling & Detailing Lead,301 - Hoffman Construction Co of America,https://efsp.fa.us6.oraclecloud.com/hcmUI/CandidateExperience/en/sites/CX/job/1466,,1.36
2939,efuq.fa.us6.oraclecloud.com,CX_1001,"https://efuq.fa.us6.oraclecloud.com/hcmRestApi/resources/latest/recruitingCEJobRequisitions?onlyData=true&finder=findReqs;siteNumber=CX_1001,limit=100,offset=0,sortBy=POSTING_DATES_DESC&expand=requisitionList",https://efuq.fa.us6.oraclecloud.com/hcmUI/CandidateExperience/en/sites/CX_1001,200,True,1111,22243,Camarero/a Piso SBGOC,Hilton Grand Vacations,https://efuq.fa.us6.oraclecloud.com/hcmUI/CandidateExperience/en/sites/CX_1001/job/22243,,1.52
2940,efyb.fa.us6.oraclecloud.com,CX,"https://efyb.fa.us6.oraclecloud.com/hcmRestApi/resources/latest/recruitingCEJobRequisitions?onlyData=true&finder=findReqs;siteNumber=CX,limit=100,offset=0,sortBy=POSTING_DATES_DESC&expand=requisitionList",https://efyb.fa.us6.oraclecloud.com/hcmUI/CandidateExperience/en/sites/CX,200,True,7,70583,Operations Support Specialist,Penn National Insurance,https://efyb.fa.us6.oraclecloud.com/hcmUI/CandidateExperience/en/sites/CX/job/70583,,1.74
2942,egay.fa.us6.oraclecloud.com,CX_4001,"https://egay.fa.us6.oraclecloud.com/hcmRestApi/resources/latest/recruitingCEJobRequisitions?onlyData=true&finder=findReqs;siteNumber=CX_4001,limit=100,offset=0,sortBy=POSTING_DATES_DESC&expand=requisitionList",https://egay.fa.us6.oraclecloud.com/hcmUI/CandidateExperience/en/sites/CX_4001,200,True,598,40909,Planner,Energy Products and Services,https://egay.fa.us6.oraclecloud.com/hcmUI/CandidateExperience/en/sites/CX_4001/job/40909,,1.47
2943,egcu.fa.us6.oraclecloud.com,CX,"https://egcu.fa.us6.oraclecloud.com/hcmRestApi/resources/latest/recruitingCEJobRequisitions?onlyData=true&finder=findReqs;siteNumber=CX,limit=100,offset=0,sortBy=POSTING_DATES_DESC&expand=requisitionList",https://egcu.fa.us6.oraclecloud.com/hcmUI/CandidateExperience/en/sites/CX,200,True,102,3454,Manufacturing Engineering Technician,Masimo Corporation,https://egcu.fa.us6.oraclecloud.com/hcmUI/CandidateExperience/en/sites/CX/job/3454,,1.53
2945,eglz.fa.us2.oraclecloud.com,CX,"https://eglz.fa.us2.oraclecloud.com/hcmRestApi/resources/latest/recruitingCEJobRequisitions?onlyData=true&finder=findReqs;siteNumber=CX,limit=100,offset=0,sortBy=POSTING_DATES_DESC&expand=requisitionList",https://eglz.fa.us2.oraclecloud.com/hcmUI/CandidateExperience/en/sites/CX,200,True,159,14289,"Supervisor, Laboratory Processing",Santa Barbara Cottage Hospital,https://eglz.fa.us2.oraclecloud.com/hcmUI/CandidateExperience/en/sites/CX/job/14289,,1.95
2946,egnx.fa.us2.oraclecloud.com,CX,"https://egnx.fa.us2.oraclecloud.com/hcmRestApi/resources/latest/recruitingCEJobRequisitions?onlyData=true&finder=findReqs;siteNumber=CX,limit=100,offset=0,sortBy=POSTING_DATES_DESC&expand=requisitionList",https://egnx.fa.us2.oraclecloud.com/hcmUI/CandidateExperience/en/sites/CX,200,True,133,23825,Children's Physicians - RN - La Vista Care Today - Part Time,Children's Hospital & Medical Center,https://egnx.fa.us2.oraclecloud.com/hcmUI/CandidateExperience/en/sites/CX/job/23825,,1.42
2947,egoh.fa.us2.oraclecloud.com,CX_1001,"https://egoh.fa.us2.oraclecloud.com/hcmRestApi/resources/latest/recruitingCEJobRequisitions?onlyData=true&finder=findReqs;siteNumber=CX_1001,limit=100,offset=0,sortBy=POSTING_DATES_DESC&expand=requisitionList",https://egoh.fa.us2.oraclecloud.com/hcmUI/CandidateExperience/en/sites/CX_1001,200,True,152,29383,Spa Supervisor Durant Casino,Choctaw Nation of Oklahoma,https://egoh.fa.us2.oraclecloud.com/hcmUI/CandidateExperience/en/sites/CX_1001/job/29383,,1.72
2948,egsd.fa.us2.oraclecloud.com,CX,"https://egsd.fa.us2.oraclecloud.com/hcmRestApi/resources/latest/recruitingCEJobRequisitions?onlyData=true&finder=findReqs;siteNumber=CX,limit=100,offset=0,sortBy=POSTING_DATES_DESC&expand=requisitionList",https://egsd.fa.us2.oraclecloud.com/hcmUI/CandidateExperience/en/sites/CX,200,True,15,21137,Principal Financial Analyst,The State Bar of California,https://egsd.fa.us2.oraclecloud.com/hcmUI/CandidateExperience/en/sites/CX/job/21137,,1.58
2949,egua.fa.us2.oraclecloud.com,CX_1,"https://egua.fa.us2.oraclecloud.com/hcmRestApi/resources/latest/recruitingCEJobRequisitions?onlyData=true&finder=findReqs;siteNumber=CX_1,limit=100,offset=0,sortBy=POSTING_DATES_DESC&expand=requisitionList",https://egua.fa.us2.oraclecloud.com/hcmUI/CandidateExperience/en/sites/CX_1,200,True,695,23653,Program Manager - Medical Information Services,IN-17560935-UPS North America BLR EXP-101,https://egua.fa.us2.oraclecloud.com/hcmUI/CandidateExperience/en/sites/CX_1/job/23653,,2.22
2950,egup.fa.us2.oraclecloud.com,CX,"https://egup.fa.us2.oraclecloud.com/hcmRestApi/resources/latest/recruitingCEJobRequisitions?onlyData=true&finder=findReqs;siteNumber=CX,limit=100,offset=0,sortBy=POSTING_DATES_DESC&expand=requisitionList",https://egup.fa.us2.oraclecloud.com/hcmUI/CandidateExperience/en/sites/CX,200,True,2327,20260542,"Sr. Director, Service Technology and NPDi",Vertiv Group Corporation,https://egup.fa.us2.oraclecloud.com/hcmUI/CandidateExperience/en/sites/CX/job/20260542,,1.75
2951,eguq.fa.us2.oraclecloud.com,CX_1,"https://eguq.fa.us2.oraclecloud.com/hcmRestApi/resources/latest/recruitingCEJobRequisitions?onlyData=true&finder=findReqs;siteNumber=CX_1,limit=100,offset=0,sortBy=POSTING_DATES_DESC&expand=requisitionList",https://eguq.fa.us2.oraclecloud.com/hcmUI/CandidateExperience/en/sites/CX_1,200,True,99,41843,Customer Relations Coordinator - Part Time 1st Shift,"Forward Air Services, LLC",https://eguq.fa.us2.oraclecloud.com/hcmUI/CandidateExperience/en/sites/CX_1/job/41843,,2.02
2953,ehac.fa.us6.oraclecloud.com,CX_1,"https://ehac.fa.us6.oraclecloud.com/hcmRestApi/resources/latest/recruitingCEJobRequisitions?onlyData=true&finder=findReqs;siteNumber=CX_1,limit=100,offset=0,sortBy=POSTING_DATES_DESC&expand=requisitionList",https://ehac.fa.us6.oraclecloud.com/hcmUI/CandidateExperience/en/sites/CX_1,200,True,1180,19813,"Associate Sourcing Manager, B2B",Williams Sonoma Inc.,https://ehac.fa.us6.oraclecloud.com/hcmUI/CandidateExperience/en/sites/CX_1/job/19813,,1.65
2956,ehif.fa.em2.oraclecloud.com,CX_1,"https://ehif.fa.em2.oraclecloud.com/hcmRestApi/resources/latest/recruitingCEJobRequisitions?onlyData=true&finder=findReqs;siteNumber=CX_1,limit=100,offset=0,sortBy=POSTING_DATES_DESC&expand=requisitionList",https://ehif.fa.em2.oraclecloud.com/hcmUI/CandidateExperience/en/sites/CX_1,200,True,1007,28975,Receptionist (UAE National),Projects,https://ehif.fa.em2.oraclecloud.com/hcmUI/CandidateExperience/en/sites/CX_1/job/28975,,2.92
2957,ehkn.fa.ca2.oraclecloud.com,CX_1001,"https://ehkn.fa.ca2.oraclecloud.com/hcmRestApi/resources/latest/recruitingCEJobRequisitions?onlyData=true&finder=findReqs;siteNumber=CX_1001,limit=100,offset=0,sortBy=POSTING_DATES_DESC&expand=requisitionList",https://ehkn.fa.ca2.oraclecloud.com/hcmUI/CandidateExperience/en/sites/CX_1001,200,True,433,241723,Pueblo Viejo - Programa de Nuevos(as) Graduados(as) - Ingeniería Industrial,United States Business Unit,https://ehkn.fa.ca2.oraclecloud.com/hcmUI/CandidateExperience/en/sites/CX_1001/job/241723,,1.70
2958,ehnn.fa.us2.oraclecloud.com,CX,"https://ehnn.fa.us2.oraclecloud.com/hcmRestApi/resources/latest/recruitingCEJobRequisitions?onlyData=true&finder=findReqs;siteNumber=CX,limit=100,offset=0,sortBy=POSTING_DATES_DESC&expand=requisitionList",https://ehnn.fa.us2.oraclecloud.com/hcmUI/CandidateExperience/en/sites/CX,200,True,3,119047,Strategic Sourcing Manager,TrueBlue Support - IT,https://ehnn.fa.us2.oraclecloud.com/hcmUI/CandidateExperience/en/sites/CX/job/119047,,1.55
2959,ehpv.fa.em2.oraclecloud.com,CX,"https://ehpv.fa.em2.oraclecloud.com/hcmRestApi/resources/latest/recruitingCEJobRequisitions?onlyData=true&finder=findReqs;siteNumber=CX,limit=100,offset=0,sortBy=POSTING_DATES_DESC&expand=requisitionList",https://ehpv.fa.em2.oraclecloud.com/hcmUI/CandidateExperience/en/sites/CX,200,True,506,25324,Manager - EXIM Sales - Rail & Inland Terminals - Panipat,The Peninsular and Oriental Steam Navigation Company,https://ehpv.fa.em2.oraclecloud.com/hcmUI/CandidateExperience/en/sites/CX/job/25324,,3.38
2960,ehtl.fa.us6.oraclecloud.com,CX,"https://ehtl.fa.us6.oraclecloud.com/hcmRestApi/resources/latest/recruitingCEJobRequisitions?onlyData=true&finder=findReqs;siteNumber=CX,limit=100,offset=0,sortBy=POSTING_DATES_DESC&expand=requisitionList",https://ehtl.fa.us6.oraclecloud.com/hcmUI/CandidateExperience/en/sites/CX,200,True,57,19178,EMEA Materials Analyst - Nagykanizsa,Resideo,https://ehtl.fa.us6.oraclecloud.com/hcmUI/CandidateExperience/en/sites/CX/job/19178,,1.30
2962,ehwy.fa.us2.oraclecloud.com,CX,"https://ehwy.fa.us2.oraclecloud.com/hcmRestApi/resources/latest/recruitingCEJobRequisitions?onlyData=true&finder=findReqs;siteNumber=CX,limit=100,offset=0,sortBy=POSTING_DATES_DESC&expand=requisitionList",https://ehwy.fa.us2.oraclecloud.com/hcmUI/CandidateExperience/en/sites/CX,200,True,102,3786,STUDENT-FWS-Friends of Ithaca Farmers Market Programs Assistant,Ithaca College,https://ehwy.fa.us2.oraclecloud.com/hcmUI/CandidateExperience/en/sites/CX/job/3786,,1.45
2963,ehxr.fa.us2.oraclecloud.com,CX_1,"https://ehxr.fa.us2.oraclecloud.com/hcmRestApi/resources/latest/recruitingCEJobRequisitions?onlyData=true&finder=findReqs;siteNumber=CX_1,limit=100,offset=0,sortBy=POSTING_DATES_DESC&expand=requisitionList",https://ehxr.fa.us2.oraclecloud.com/hcmUI/CandidateExperience/en/sites/CX_1,200,True,45,33385,Warrants Technician I,City of Atlanta,https://ehxr.fa.us2.oraclecloud.com/hcmUI/CandidateExperience/en/sites/CX_1/job/33385,,1.48
2964,ehzq.fa.us2.oraclecloud.com,CX_1,"https://ehzq.fa.us2.oraclecloud.com/hcmRestApi/resources/latest/recruitingCEJobRequisitions?onlyData=true&finder=findReqs;siteNumber=CX_1,limit=100,offset=0,sortBy=POSTING_DATES_DESC&expand=requisitionList",https://ehzq.fa.us2.oraclecloud.com/hcmUI/CandidateExperience/en/sites/CX_1,200,True,150,115457,"Managing Director, Global Head of Business Enablement",Americas,https://ehzq.fa.us2.oraclecloud.com/hcmUI/CandidateExperience/en/sites/CX_1/job/115457,,1.54
2965,eicl.fa.em5.oraclecloud.com,CX_4001,"https://eicl.fa.em5.oraclecloud.com/hcmRestApi/resources/latest/recruitingCEJobRequisitions?onlyData=true&finder=findReqs;siteNumber=CX_4001,limit=100,offset=0,sortBy=POSTING_DATES_DESC&expand=requisitionList",https://eicl.fa.em5.oraclecloud.com/hcmUI/CandidateExperience/en/sites/CX_4001,200,True,211,13678,"Senior Engineer, ITSM AI Platform",CCL/ABG,https://eicl.fa.em5.oraclecloud.com/hcmUI/CandidateExperience/en/sites/CX_4001/job/13678,,2.19
2966,eifn.fa.us6.oraclecloud.com,CX_3001,"https://eifn.fa.us6.oraclecloud.com/hcmRestApi/resources/latest/recruitingCEJobRequisitions?onlyData=true&finder=findReqs;siteNumber=CX_3001,limit=100,offset=0,sortBy=POSTING_DATES_DESC&expand=requisitionList",https://eifn.fa.us6.oraclecloud.com/hcmUI/CandidateExperience/en/sites/CX_3001,200,True,36,1915,Junior SQL/ETL Developer,Datavail Infotech Pvt. Ltd.,https://eifn.fa.us6.oraclecloud.com/hcmUI/CandidateExperience/en/sites/CX_3001/job/1915,,2.04
2967,eigx.fa.us6.oraclecloud.com,CX,"https://eigx.fa.us6.oraclecloud.com/hcmRestApi/resources/latest/recruitingCEJobRequisitions?onlyData=true&finder=findReqs;siteNumber=CX,limit=100,offset=0,sortBy=POSTING_DATES_DESC&expand=requisitionList",https://eigx.fa.us6.oraclecloud.com/hcmUI/CandidateExperience/en/sites/CX,200,True,4748,CO-USA-0130-09773-R-2,Sales Associate - CosmoProf Store # 09773,"Sally Beauty Holdings, LLC",https://eigx.fa.us6.oraclecloud.com/hcmUI/CandidateExperience/en/sites/CX/job/CO-USA-0130-09773-R-2,,0.89
2968,eimy.fa.us6.oraclecloud.com,CX_1,"https://eimy.fa.us6.oraclecloud.com/hcmRestApi/resources/latest/recruitingCEJobRequisitions?onlyData=true&finder=findReqs;siteNumber=CX_1,limit=100,offset=0,sortBy=POSTING_DATES_DESC&expand=requisitionList",https://eimy.fa.us6.oraclecloud.com/hcmUI/CandidateExperience/en/sites/CX_1,200,True,830,48916,Radiologic Technologist – Lithotripsy,University of Wisconsin Hospitals and Clinics Authority,https://eimy.fa.us6.oraclecloud.com/hcmUI/CandidateExperience/en/sites/CX_1/job/48916,,2.85
2969,eiqg.fa.us2.oraclecloud.com,CX_1001,"https://eiqg.fa.us2.oraclecloud.com/hcmRestApi/resources/latest/recruitingCEJobRequisitions?onlyData=true&finder=findReqs;siteNumber=CX_1001,limit=100,offset=0,sortBy=POSTING_DATES_DESC&expand=requisitionList",https://eiqg.fa.us2.oraclecloud.com/hcmUI/CandidateExperience/en/sites/CX_1001,200,True,2226,147209,Maintenance Technician,"76040009-DFW AMER AIR CAB CLEAN-ABM AVIATION, INC.",https://eiqg.fa.us2.oraclecloud.com/hcmUI/CandidateExperience/en/sites/CX_1001/job/147209,,2.84
2972,eixy.fa.us6.oraclecloud.com,CX_2002,"https://eixy.fa.us6.oraclecloud.com/hcmRestApi/resources/latest/recruitingCEJobRequisitions?onlyData=true&finder=findReqs;siteNumber=CX_2002,limit=100,offset=0,sortBy=POSTING_DATES_DESC&expand=requisitionList",https://eixy.fa.us6.oraclecloud.com/hcmUI/CandidateExperience/en/sites/CX_2002,200,True,8,419,Estimator-Project Manager II,MAREK,https://eixy.fa.us6.oraclecloud.com/hcmUI/CandidateExperience/en/sites/CX_2002/job/419,,1.76
2973,ejcu.fa.us6.oraclecloud.com,CX_1033,"https://ejcu.fa.us6.oraclecloud.com/hcmRestApi/resources/latest/recruitingCEJobRequisitions?onlyData=true&finder=findReqs;siteNumber=CX_1033,limit=100,offset=0,sortBy=POSTING_DATES_DESC&expand=requisitionList",https://ejcu.fa.us6.oraclecloud.com/hcmUI/CandidateExperience/en/sites/CX_1033,200,True,62,11086,"System Analyst, System Operations Cyber Watch",Central Engineering,https://ejcu.fa.us6.oraclecloud.com/hcmUI/CandidateExperience/en/sites/CX_1033/job/11086,,2.60
2974,ejep.fa.us2.oraclecloud.com,CX_1,"https://ejep.fa.us2.oraclecloud.com/hcmRestApi/resources/latest/recruitingCEJobRequisitions?onlyData=true&finder=findReqs;siteNumber=CX_1,limit=100,offset=0,sortBy=POSTING_DATES_DESC&expand=requisitionList",https://ejep.fa.us2.oraclecloud.com/hcmUI/CandidateExperience/en/sites/CX_1,200,True,30,3262,"Lead People Relations Consultant, Labor Relations",6440 - Financial Planning & Analysis,https://ejep.fa.us2.oraclecloud.com/hcmUI/CandidateExperience/en/sites/CX_1/job/3262,,1.47
2975,ejfh.fa.us6.oraclecloud.com,CX_18001,"https://ejfh.fa.us6.oraclecloud.com/hcmRestApi/resources/latest/recruitingCEJobRequisitions?onlyData=true&finder=findReqs;siteNumber=CX_18001,limit=100,offset=0,sortBy=POSTING_DATES_DESC&expand=requisitionList",https://ejfh.fa.us6.oraclecloud.com/hcmUI/CandidateExperience/en/sites/CX_18001,200,True,257,22620,Senior Engineer - Red Rock,"Station GVR Acquisition, LLC",https://ejfh.fa.us6.oraclecloud.com/hcmUI/CandidateExperience/en/sites/CX_18001/job/22620,,1.77
2976,ejhp.fa.us6.oraclecloud.com,CX_2,"https://ejhp.fa.us6.oraclecloud.com/hcmRestApi/resources/latest/recruitingCEJobRequisitions?onlyData=true&finder=findReqs;siteNumber=CX_2,limit=100,offset=0,sortBy=POSTING_DATES_DESC&expand=requisitionList",https://ejhp.fa.us6.oraclecloud.com/hcmUI/CandidateExperience/en/sites/CX_2,200,True,2220,2613312,Finance Analyst,Paint Stores Group,https://ejhp.fa.us6.oraclecloud.com/hcmUI/CandidateExperience/en/sites/CX_2/job/2613312,,1.95
2977,ejia.fa.us6.oraclecloud.com,CX_1001,"https://ejia.fa.us6.oraclecloud.com/hcmRestApi/resources/latest/recruitingCEJobRequisitions?onlyData=true&finder=findReqs;siteNumber=CX_1001,limit=100,offset=0,sortBy=POSTING_DATES_DESC&expand=requisitionList",https://ejia.fa.us6.oraclecloud.com/hcmUI/CandidateExperience/en/sites/CX_1001,200,True,162,107053,Project Manager,S&C Electric Company,https://ejia.fa.us6.oraclecloud.com/hcmUI/CandidateExperience/en/sites/CX_1001/job/107053,,2.05
2978,ejid.fa.us6.oraclecloud.com,CX_1001,"https://ejid.fa.us6.oraclecloud.com/hcmRestApi/resources/latest/recruitingCEJobRequisitions?onlyData=true&finder=findReqs;siteNumber=CX_1001,limit=100,offset=0,sortBy=POSTING_DATES_DESC&expand=requisitionList",https://ejid.fa.us6.oraclecloud.com/hcmUI/CandidateExperience/en/sites/CX_1001,200,True,277,20593,"Licensed Mental Health Professional- Bridges Treatment Center- Full time, Days","Centra Health, Inc",https://ejid.fa.us6.oraclecloud.com/hcmUI/CandidateExperience/en/sites/CX_1001/job/20593,,1.85
2979,ejis.fa.us6.oraclecloud.com,CX,"https://ejis.fa.us6.oraclecloud.com/hcmRestApi/resources/latest/recruitingCEJobRequisitions?onlyData=true&finder=findReqs;siteNumber=CX,limit=100,offset=0,sortBy=POSTING_DATES_DESC&expand=requisitionList",https://ejis.fa.us6.oraclecloud.com/hcmUI/CandidateExperience/en/sites/CX,200,True,1757,3033977,Certified Pharmacy Technician; Mount Sinai Hospital; Full Time; Variable,Mount Sinai Health System,https://ejis.fa.us6.oraclecloud.com/hcmUI/CandidateExperience/en/sites/CX/job/3033977,,1.09
2980,ejjc.fa.us6.oraclecloud.com,CX,"https://ejjc.fa.us6.oraclecloud.com/hcmRestApi/resources/latest/recruitingCEJobRequisitions?onlyData=true&finder=findReqs;siteNumber=CX,limit=100,offset=0,sortBy=POSTING_DATES_DESC&expand=requisitionList",https://ejjc.fa.us6.oraclecloud.com/hcmUI/CandidateExperience/en/sites/CX,200,True,29,6419,"Railcar Repairman (Carman) – Rossville, TN",TTX Company,https://ejjc.fa.us6.oraclecloud.com/hcmUI/CandidateExperience/en/sites/CX/job/6419,,2.08
2981,ejko.fa.us2.oraclecloud.com,CX_3,"https://ejko.fa.us2.oraclecloud.com/hcmRestApi/resources/latest/recruitingCEJobRequisitions?onlyData=true&finder=findReqs;siteNumber=CX_3,limit=100,offset=0,sortBy=POSTING_DATES_DESC&expand=requisitionList",https://ejko.fa.us2.oraclecloud.com/hcmUI/CandidateExperience/en/sites/CX_3,200,True,25,14211,IT Delivery Lead I,Blue Cross Blue Shield of Michigan Mutual Insurance Company,https://ejko.fa.us2.oraclecloud.com/hcmUI/CandidateExperience/en/sites/CX_3/job/14211,,2.13
2982,ejkz.fa.us2.oraclecloud.com,CX_1,"https://ejkz.fa.us2.oraclecloud.com/hcmRestApi/resources/latest/recruitingCEJobRequisitions?onlyData=true&finder=findReqs;siteNumber=CX_1,limit=100,offset=0,sortBy=POSTING_DATES_DESC&expand=requisitionList",https://ejkz.fa.us2.oraclecloud.com/hcmUI/CandidateExperience/en/sites/CX_1,200,True,15,599,Actuary,PEMCO Mutual Insurance Company,https://ejkz.fa.us2.oraclecloud.com/hcmUI/CandidateExperience/en/sites/CX_1/job/599,,1.90
2983,ejlu.fa.us2.oraclecloud.com,CX,"https://ejlu.fa.us2.oraclecloud.com/hcmRestApi/resources/latest/recruitingCEJobRequisitions?onlyData=true&finder=findReqs;siteNumber=CX,limit=100,offset=0,sortBy=POSTING_DATES_DESC&expand=requisitionList",https://ejlu.fa.us2.oraclecloud.com/hcmUI/CandidateExperience/en/sites/CX,200,True,221,32123,"Floating Teller/Customer Service Representative (Fort Worth, Camp Bowie, Aledo/Willow Park)","PrimeLending, a PlainsCapital Company",https://ejlu.fa.us2.oraclecloud.com/hcmUI/CandidateExperience/en/sites/CX/job/32123,,1.45
2984,ejnh.fa.em2.oraclecloud.com,CX_1,"https://ejnh.fa.em2.oraclecloud.com/hcmRestApi/resources/latest/recruitingCEJobRequisitions?onlyData=true&finder=findReqs;siteNumber=CX_1,limit=100,offset=0,sortBy=POSTING_DATES_DESC&expand=requisitionList",https://ejnh.fa.em2.oraclecloud.com/hcmUI/CandidateExperience/en/sites/CX_1,200,True,53,3221,Technical Product Manager,Production,https://ejnh.fa.em2.oraclecloud.com/hcmUI/CandidateExperience/en/sites/CX_1/job/3221,,2.45
2985,ejof.fa.us2.oraclecloud.com,CX,"https://ejof.fa.us2.oraclecloud.com/hcmRestApi/resources/latest/recruitingCEJobRequisitions?onlyData=true&finder=findReqs;siteNumber=CX,limit=100,offset=0,sortBy=POSTING_DATES_DESC&expand=requisitionList",https://ejof.fa.us2.oraclecloud.com/hcmUI/CandidateExperience/en/sites/CX,200,True,71,20721,Admissions Counselor,Human Resources Division,https://ejof.fa.us2.oraclecloud.com/hcmUI/CandidateExperience/en/sites/CX/job/20721,,1.42
2986,ejov.fa.ca2.oraclecloud.com,CX,"https://ejov.fa.ca2.oraclecloud.com/hcmRestApi/resources/latest/recruitingCEJobRequisitions?onlyData=true&finder=findReqs;siteNumber=CX,limit=100,offset=0,sortBy=POSTING_DATES_DESC&expand=requisitionList",https://ejov.fa.ca2.oraclecloud.com/hcmUI/CandidateExperience/en/sites/CX,200,True,537,27448,Assistant Contract Administrator Northeastern Ontario,6038 - Canada East,https://ejov.fa.ca2.oraclecloud.com/hcmUI/CandidateExperience/en/sites/CX/job/27448,,1.50
2987,ejrz.fa.us2.oraclecloud.com,CX_5001,"https://ejrz.fa.us2.oraclecloud.com/hcmRestApi/resources/latest/recruitingCEJobRequisitions?onlyData=true&finder=findReqs;siteNumber=CX_5001,limit=100,offset=0,sortBy=POSTING_DATES_DESC&expand=requisitionList",https://ejrz.fa.us2.oraclecloud.com/hcmUI/CandidateExperience/en/sites/CX_5001,200,True,1077,41570,Licensed Vocational Nurse (LVN) - Per Diem,Field,https://ejrz.fa.us2.oraclecloud.com/hcmUI/CandidateExperience/en/sites/CX_5001/job/41570,,1.68
2988,ejvp.fa.us2.oraclecloud.com,CX_1,"https://ejvp.fa.us2.oraclecloud.com/hcmRestApi/resources/latest/recruitingCEJobRequisitions?onlyData=true&finder=findReqs;siteNumber=CX_1,limit=100,offset=0,sortBy=POSTING_DATES_DESC&expand=requisitionList",https://ejvp.fa.us2.oraclecloud.com/hcmUI/CandidateExperience/en/sites/CX_1,200,True,6,31126,Golf Maintenance Associate - Cherokee Trails,Corporate,https://ejvp.fa.us2.oraclecloud.com/hcmUI/CandidateExperience/en/sites/CX_1/job/31126,,1.89
2989,ejwl.fa.us2.oraclecloud.com,CX,"https://ejwl.fa.us2.oraclecloud.com/hcmRestApi/resources/latest/recruitingCEJobRequisitions?onlyData=true&finder=findReqs;siteNumber=CX,limit=100,offset=0,sortBy=POSTING_DATES_DESC&expand=requisitionList",https://ejwl.fa.us2.oraclecloud.com/hcmUI/CandidateExperience/en/sites/CX,200,True,13006,25121290,Banquet Operations Supervisor (m/w/d),Marriott Hotels & Resorts,https://ejwl.fa.us2.oraclecloud.com/hcmUI/CandidateExperience/en/sites/CX/job/25121290,,1.32
2990,ekaw.fa.us2.oraclecloud.com,CX,"https://ekaw.fa.us2.oraclecloud.com/hcmRestApi/resources/latest/recruitingCEJobRequisitions?onlyData=true&finder=findReqs;siteNumber=CX,limit=100,offset=0,sortBy=POSTING_DATES_DESC&expand=requisitionList",https://ekaw.fa.us2.oraclecloud.com/hcmUI/CandidateExperience/en/sites/CX,200,True,1233,163367,Data Center Security Officer,Securitas US Business Unit,https://ekaw.fa.us2.oraclecloud.com/hcmUI/CandidateExperience/en/sites/CX/job/163367,,1.09
2991,ekcf.fa.us6.oraclecloud.com,CX_1,"https://ekcf.fa.us6.oraclecloud.com/hcmRestApi/resources/latest/recruitingCEJobRequisitions?onlyData=true&finder=findReqs;siteNumber=CX_1,limit=100,offset=0,sortBy=POSTING_DATES_DESC&expand=requisitionList",https://ekcf.fa.us6.oraclecloud.com/hcmUI/CandidateExperience/en/sites/CX_1,200,True,181,7154,Senior Assembler Service,"Powell Industries, Inc.",https://ekcf.fa.us6.oraclecloud.com/hcmUI/CandidateExperience/en/sites/CX_1/job/7154,,1.74
2992,ekcm.fa.us6.oraclecloud.com,CX,"https://ekcm.fa.us6.oraclecloud.com/hcmRestApi/resources/latest/recruitingCEJobRequisitions?onlyData=true&finder=findReqs;siteNumber=CX,limit=100,offset=0,sortBy=POSTING_DATES_DESC&expand=requisitionList",https://ekcm.fa.us6.oraclecloud.com/hcmUI/CandidateExperience/en/sites/CX,200,True,1012,419090,Registered Nurse - Multi Specialty - Ambulatory Triage,Indiana University Health System,https://ekcm.fa.us6.oraclecloud.com/hcmUI/CandidateExperience/en/sites/CX/job/419090,,1.37
2993,ekgn.fa.us6.oraclecloud.com,CX_2001,"https://ekgn.fa.us6.oraclecloud.com/hcmRestApi/resources/latest/recruitingCEJobRequisitions?onlyData=true&finder=findReqs;siteNumber=CX_2001,limit=100,offset=0,sortBy=POSTING_DATES_DESC&expand=requisitionList",https://ekgn.fa.us6.oraclecloud.com/hcmUI/CandidateExperience/en/sites/CX_2001,200,True,2,6332,Sales Executive - Mental Health / Hereditary Cancer Risk Testing - Detroit,United States,https://ekgn.fa.us6.oraclecloud.com/hcmUI/CandidateExperience/en/sites/CX_2001/job/6332,,1.82
2994,ekkf.fa.em2.oraclecloud.com,CX,"https://ekkf.fa.em2.oraclecloud.com/hcmRestApi/resources/latest/recruitingCEJobRequisitions?onlyData=true&finder=findReqs;siteNumber=CX,limit=100,offset=0,sortBy=POSTING_DATES_DESC&expand=requisitionList",https://ekkf.fa.em2.oraclecloud.com/hcmUI/CandidateExperience/en/sites/CX,200,True,234,8809,Customer Care Associate,Ask Athena,https://ekkf.fa.em2.oraclecloud.com/hcmUI/CandidateExperience/en/sites/CX/job/8809,,2.40
2995,ekkh.fa.us2.oraclecloud.com,CX_2002,"https://ekkh.fa.us2.oraclecloud.com/hcmRestApi/resources/latest/recruitingCEJobRequisitions?onlyData=true&finder=findReqs;siteNumber=CX_2002,limit=100,offset=0,sortBy=POSTING_DATES_DESC&expand=requisitionList",https://ekkh.fa.us2.oraclecloud.com/hcmUI/CandidateExperience/en/sites/CX_2002,200,True,248,35215,2nd Shift Production Operator,Plant,https://ekkh.fa.us2.oraclecloud.com/hcmUI/CandidateExperience/en/sites/CX_2002/job/35215,,2.47
2996,ekkt.fa.us2.oraclecloud.com,CX_1,"https://ekkt.fa.us2.oraclecloud.com/hcmRestApi/resources/latest/recruitingCEJobRequisitions?onlyData=true&finder=findReqs;siteNumber=CX_1,limit=100,offset=0,sortBy=POSTING_DATES_DESC&expand=requisitionList",https://ekkt.fa.us2.oraclecloud.com/hcmUI/CandidateExperience/en/sites/CX_1,200,True,260,6198,Procurement Engineer,ACCO Engineered Systems,https://ekkt.fa.us2.oraclecloud.com/hcmUI/CandidateExperience/en/sites/CX_1/job/6198,,2.04
2997,eklm.fa.us2.oraclecloud.com,CX,"https://eklm.fa.us2.oraclecloud.com/hcmRestApi/resources/latest/recruitingCEJobRequisitions?onlyData=true&finder=findReqs;siteNumber=CX,limit=100,offset=0,sortBy=POSTING_DATES_DESC&expand=requisitionList",https://eklm.fa.us2.oraclecloud.com/hcmUI/CandidateExperience/en/sites/CX,200,True,692,30551,Project Management Manager - ( Lighting/ Switchgear – Construction ),SC&O,https://eklm.fa.us2.oraclecloud.com/hcmUI/CandidateExperience/en/sites/CX/job/30551,,1.51
2998,ekug.fa.us6.oraclecloud.com,CX_1001,"https://ekug.fa.us6.oraclecloud.com/hcmRestApi/resources/latest/recruitingCEJobRequisitions?onlyData=true&finder=findReqs;siteNumber=CX_1001,limit=100,offset=0,sortBy=POSTING_DATES_DESC&expand=requisitionList",https://ekug.fa.us6.oraclecloud.com/hcmUI/CandidateExperience/en/sites/CX_1001,200,True,28,1998,"Director, Infrastructure Architecture",100-Managed Review TCE,https://ekug.fa.us6.oraclecloud.com/hcmUI/CandidateExperience/en/sites/CX_1001/job/1998,,1.74
2999,ekze.fa.us2.oraclecloud.com,CX_1001,"https://ekze.fa.us2.oraclecloud.com/hcmRestApi/resources/latest/recruitingCEJobRequisitions?onlyData=true&finder=findReqs;siteNumber=CX_1001,limit=100,offset=0,sortBy=POSTING_DATES_DESC&expand=requisitionList",https://ekze.fa.us2.oraclecloud.com/hcmUI/CandidateExperience/en/sites/CX_1001,200,True,18,1968,PT Collections Clerk (remote),DePaul University,https://ekze.fa.us2.oraclecloud.com/hcmUI/CandidateExperience/en/sites/CX_1001/job/1968,,1.92
3003,elar.fa.us2.oraclecloud.com,CX_1,"https://elar.fa.us2.oraclecloud.com/hcmRestApi/resources/latest/recruitingCEJobRequisitions?onlyData=true&finder=findReqs;siteNumber=CX_1,limit=100,offset=0,sortBy=POSTING_DATES_DESC&expand=requisitionList",https://elar.fa.us2.oraclecloud.com/hcmUI/CandidateExperience/en/sites/CX_1,200,True,632,681405,Gift Shop Associate - PRN,Setup Enterprise,https://elar.fa.us2.oraclecloud.com/hcmUI/CandidateExperience/en/sites/CX_1/job/681405,,1.61
3006,elcn.fa.us2.oraclecloud.com,CX,"https://elcn.fa.us2.oraclecloud.com/hcmRestApi/resources/latest/recruitingCEJobRequisitions?onlyData=true&finder=findReqs;siteNumber=CX,limit=100,offset=0,sortBy=POSTING_DATES_DESC&expand=requisitionList",https://elcn.fa.us2.oraclecloud.com/hcmUI/CandidateExperience/en/sites/CX,200,True,446,112979,Coordonnatrice ou Coordonnateur de travaux - Génie électrique avec Hydro-Québec,EXP Services Inc.,https://elcn.fa.us2.oraclecloud.com/hcmUI/CandidateExperience/en/sites/CX/job/112979,,1.22
3018,elfw.fa.us2.oraclecloud.com,CX_1001,"https://elfw.fa.us2.oraclecloud.com/hcmRestApi/resources/latest/recruitingCEJobRequisitions?onlyData=true&finder=findReqs;siteNumber=CX_1001,limit=100,offset=0,sortBy=POSTING_DATES_DESC&expand=requisitionList",https://elfw.fa.us2.oraclecloud.com/hcmUI/CandidateExperience/en/sites/CX_1001,200,True,762,20799,Patient Care Partner - Float Pool - Per Diem,Guthrie Enterprise,https://elfw.fa.us2.oraclecloud.com/hcmUI/CandidateExperience/en/sites/CX_1001/job/20799,,1.57
3020,elje.fa.us2.oraclecloud.com,CX,"https://elje.fa.us2.oraclecloud.com/hcmRestApi/resources/latest/recruitingCEJobRequisitions?onlyData=true&finder=findReqs;siteNumber=CX,limit=100,offset=0,sortBy=POSTING_DATES_DESC&expand=requisitionList",https://elje.fa.us2.oraclecloud.com/hcmUI/CandidateExperience/en/sites/CX,200,True,53,2565,Care Manager - Senior Care Options by Parker - Middlesex County (Part time) #2565,Parker Health Group Inc.,https://elje.fa.us2.oraclecloud.com/hcmUI/CandidateExperience/en/sites/CX/job/2565,,1.51
3026,elrj.fa.us2.oraclecloud.com,CX_9001,"https://elrj.fa.us2.oraclecloud.com/hcmRestApi/resources/latest/recruitingCEJobRequisitions?onlyData=true&finder=findReqs;siteNumber=CX_9001,limit=100,offset=0,sortBy=POSTING_DATES_DESC&expand=requisitionList",https://elrj.fa.us2.oraclecloud.com/hcmUI/CandidateExperience/en/sites/CX_9001,200,True,86,5414,Marketing Specialist,Omnicell Enterprise,https://elrj.fa.us2.oraclecloud.com/hcmUI/CandidateExperience/en/sites/CX_9001/job/5414,,1.66
3029,elxb.fa.us2.oraclecloud.com,CX,"https://elxb.fa.us2.oraclecloud.com/hcmRestApi/resources/latest/recruitingCEJobRequisitions?onlyData=true&finder=findReqs;siteNumber=CX,limit=100,offset=0,sortBy=POSTING_DATES_DESC&expand=requisitionList",https://elxb.fa.us2.oraclecloud.com/hcmUI/CandidateExperience/en/sites/CX,200,True,20,2225,"Senior Manager, Construction - (26-LFDC-806000-030)",District of Columbia Water and Sewer Authority,https://elxb.fa.us2.oraclecloud.com/hcmUI/CandidateExperience/en/sites/CX/job/2225,,1.15
3030,elyb.fa.us2.oraclecloud.com,CX_1001,"https://elyb.fa.us2.oraclecloud.com/hcmRestApi/resources/latest/recruitingCEJobRequisitions?onlyData=true&finder=findReqs;siteNumber=CX_1001,limit=100,offset=0,sortBy=POSTING_DATES_DESC&expand=requisitionList",https://elyb.fa.us2.oraclecloud.com/hcmUI/CandidateExperience/en/sites/CX_1001,200,True,312,230324,"Neurosurgeon Physician – St. Cloud, MN",St. Cloud Hospital,https://elyb.fa.us2.oraclecloud.com/hcmUI/CandidateExperience/en/sites/CX_1001/job/230324,,1.70
3036,emcm.fa.us2.oraclecloud.com,CX_4001,"https://emcm.fa.us2.oraclecloud.com/hcmRestApi/resources/latest/recruitingCEJobRequisitions?onlyData=true&finder=findReqs;siteNumber=CX_4001,limit=100,offset=0,sortBy=POSTING_DATES_DESC&expand=requisitionList",https://emcm.fa.us2.oraclecloud.com/hcmUI/CandidateExperience/en/sites/CX_4001,200,True,1549,2349055,Truck Mechanic-$5000 New Hire Bonus-Day 1 Benefits! Baldwin County,MP0001-WM Logistics India Private Ltd,https://emcm.fa.us2.oraclecloud.com/hcmUI/CandidateExperience/en/sites/CX_4001/job/2349055,,1.44
3037,emdz.fa.us2.oraclecloud.com,CX_2001,"https://emdz.fa.us2.oraclecloud.com/hcmRestApi/resources/latest/recruitingCEJobRequisitions?onlyData=true&finder=findReqs;siteNumber=CX_2001,limit=100,offset=0,sortBy=POSTING_DATES_DESC&expand=requisitionList",https://emdz.fa.us2.oraclecloud.com/hcmUI/CandidateExperience/en/sites/CX_2001,200,True,73,6126,Undergraduate Programs Administrator,84200-College Food Service,https://emdz.fa.us2.oraclecloud.com/hcmUI/CandidateExperience/en/sites/CX_2001/job/6126,,1.47
3044,emit.fa.ca3.oraclecloud.com,CX_2001,"https://emit.fa.ca3.oraclecloud.com/hcmRestApi/resources/latest/recruitingCEJobRequisitions?onlyData=true&finder=findReqs;siteNumber=CX_2001,limit=100,offset=0,sortBy=POSTING_DATES_DESC&expand=requisitionList",https://emit.fa.ca3.oraclecloud.com/hcmUI/CandidateExperience/en/sites/CX_2001,200,True,3796,70522,Mechanical Inspector,WSP USA Inc.,https://emit.fa.ca3.oraclecloud.com/hcmUI/CandidateExperience/en/sites/CX_2001/job/70522,,2.02
3045,emje.fa.us6.oraclecloud.com,CX_1001,"https://emje.fa.us6.oraclecloud.com/hcmRestApi/resources/latest/recruitingCEJobRequisitions?onlyData=true&finder=findReqs;siteNumber=CX_1001,limit=100,offset=0,sortBy=POSTING_DATES_DESC&expand=requisitionList",https://emje.fa.us6.oraclecloud.com/hcmUI/CandidateExperience/en/sites/CX_1001,200,True,95,19583,Digital Workplace Operations Process Owner,Georgia Power Company,https://emje.fa.us6.oraclecloud.com/hcmUI/CandidateExperience/en/sites/CX_1001/job/19583,,1.60
3046,emor.fa.us2.oraclecloud.com,CX_2001,"https://emor.fa.us2.oraclecloud.com/hcmRestApi/resources/latest/recruitingCEJobRequisitions?onlyData=true&finder=findReqs;siteNumber=CX_2001,limit=100,offset=0,sortBy=POSTING_DATES_DESC&expand=requisitionList",https://emor.fa.us2.oraclecloud.com/hcmUI/CandidateExperience/en/sites/CX_2001,200,True,50,758,Bookstore Clerk PT,Northwest Mississippi Community College,https://emor.fa.us2.oraclecloud.com/hcmUI/CandidateExperience/en/sites/CX_2001/job/758,,1.63
3066,emqz.fa.us2.oraclecloud.com,CX_1,"https://emqz.fa.us2.oraclecloud.com/hcmRestApi/resources/latest/recruitingCEJobRequisitions?onlyData=true&finder=findReqs;siteNumber=CX_1,limit=100,offset=0,sortBy=POSTING_DATES_DESC&expand=requisitionList",https://emqz.fa.us2.oraclecloud.com/hcmUI/CandidateExperience/en/sites/CX_1,200,True,38,3069,Human Resource Spec- 007346,WC BU,https://emqz.fa.us2.oraclecloud.com/hcmUI/CandidateExperience/en/sites/CX_1/job/3069,,1.68
3069,emvo.fa.us2.oraclecloud.com,CX_3002,"https://emvo.fa.us2.oraclecloud.com/hcmRestApi/resources/latest/recruitingCEJobRequisitions?onlyData=true&finder=findReqs;siteNumber=CX_3002,limit=100,offset=0,sortBy=POSTING_DATES_DESC&expand=requisitionList",https://emvo.fa.us2.oraclecloud.com/hcmUI/CandidateExperience/en/sites/CX_3002,200,True,69,3982,"Mortgage Loan Officer, Specialty Products",Carrington,https://emvo.fa.us2.oraclecloud.com/hcmUI/CandidateExperience/en/sites/CX_3002/job/3982,,1.74
3089,enmv.fa.us2.oraclecloud.com,CX_2001,"https://enmv.fa.us2.oraclecloud.com/hcmRestApi/resources/latest/recruitingCEJobRequisitions?onlyData=true&finder=findReqs;siteNumber=CX_2001,limit=100,offset=0,sortBy=POSTING_DATES_DESC&expand=requisitionList",https://enmv.fa.us2.oraclecloud.com/hcmUI/CandidateExperience/en/sites/CX_2001,200,True,127,1013978,Crossing Guard - Buffalo Trail Elementary School,Special Education,https://enmv.fa.us2.oraclecloud.com/hcmUI/CandidateExperience/en/sites/CX_2001/job/1013978,,1.73
3104,enxp.fa.us6.oraclecloud.com,CX,"https://enxp.fa.us6.oraclecloud.com/hcmRestApi/resources/latest/recruitingCEJobRequisitions?onlyData=true&finder=findReqs;siteNumber=CX,limit=100,offset=0,sortBy=POSTING_DATES_DESC&expand=requisitionList",https://enxp.fa.us6.oraclecloud.com/hcmUI/CandidateExperience/en/sites/CX,200,True,106,5017,Matthew Henson Middle School.Secretary.2340,Board of Education of Charles County,https://enxp.fa.us6.oraclecloud.com/hcmUI/CandidateExperience/en/sites/CX/job/5017,,1.46
3105,eobs.fa.us2.oraclecloud.com,CX_1001,"https://eobs.fa.us2.oraclecloud.com/hcmRestApi/resources/latest/recruitingCEJobRequisitions?onlyData=true&finder=findReqs;siteNumber=CX_1001,limit=100,offset=0,sortBy=POSTING_DATES_DESC&expand=requisitionList",https://eobs.fa.us2.oraclecloud.com/hcmUI/CandidateExperience/en/sites/CX_1001,200,True,242,6991,Teacher Assistant @ Warlick Academy,Gaston County Schools BU,https://eobs.fa.us2.oraclecloud.com/hcmUI/CandidateExperience/en/sites/CX_1001/job/6991,,1.82
3106,eodq.fa.us6.oraclecloud.com,CX,"https://eodq.fa.us6.oraclecloud.com/hcmRestApi/resources/latest/recruitingCEJobRequisitions?onlyData=true&finder=findReqs;siteNumber=CX,limit=100,offset=0,sortBy=POSTING_DATES_DESC&expand=requisitionList",https://eodq.fa.us6.oraclecloud.com/hcmUI/CandidateExperience/en/sites/CX,200,True,26,3612,"Assistant/Associate Director, Skidmore Fund",Dining Services,https://eodq.fa.us6.oraclecloud.com/hcmUI/CandidateExperience/en/sites/CX/job/3612,,1.67
3107,eodr.fa.us2.oraclecloud.com,CX_1001,"https://eodr.fa.us2.oraclecloud.com/hcmRestApi/resources/latest/recruitingCEJobRequisitions?onlyData=true&finder=findReqs;siteNumber=CX_1001,limit=100,offset=0,sortBy=POSTING_DATES_DESC&expand=requisitionList",https://eodr.fa.us2.oraclecloud.com/hcmUI/CandidateExperience/en/sites/CX_1001,200,True,2705,2503021915,Radiology Tech,Facility 340 - Piedmont Medical Center,https://eodr.fa.us2.oraclecloud.com/hcmUI/CandidateExperience/en/sites/CX_1001/job/2503021915,,1.66
3108,eofd.fa.us6.oraclecloud.com,CX_1001,"https://eofd.fa.us6.oraclecloud.com/hcmRestApi/resources/latest/recruitingCEJobRequisitions?onlyData=true&finder=findReqs;siteNumber=CX_1001,limit=100,offset=0,sortBy=POSTING_DATES_DESC&expand=requisitionList",https://eofd.fa.us6.oraclecloud.com/hcmUI/CandidateExperience/en/sites/CX_1001,200,True,7022,W741836,Assistant Grocery Manager,32R-Jewel/OSCO,https://eofd.fa.us6.oraclecloud.com/hcmUI/CandidateExperience/en/sites/CX_1001/job/W741836,,1.52
3109,eofe.fa.us2.oraclecloud.com,CX_3001,"https://eofe.fa.us2.oraclecloud.com/hcmRestApi/resources/latest/recruitingCEJobRequisitions?onlyData=true&finder=findReqs;siteNumber=CX_3001,limit=100,offset=0,sortBy=POSTING_DATES_DESC&expand=requisitionList",https://eofe.fa.us2.oraclecloud.com/hcmUI/CandidateExperience/en/sites/CX_3001,200,True,1436,74301,"Senior Vice President, Client Service Executive",8599184-CLIENT SERVICE GROUP BUS US,https://eofe.fa.us2.oraclecloud.com/hcmUI/CandidateExperience/en/sites/CX_3001/job/74301,,1.63
3110,eohh.fa.us2.oraclecloud.com,CX,"https://eohh.fa.us2.oraclecloud.com/hcmRestApi/resources/latest/recruitingCEJobRequisitions?onlyData=true&finder=findReqs;siteNumber=CX,limit=100,offset=0,sortBy=POSTING_DATES_DESC&expand=requisitionList",https://eohh.fa.us2.oraclecloud.com/hcmUI/CandidateExperience/en/sites/CX,200,True,395,426019,Registered Nurse (RN) - TC Urgent Care - Sugar Land (Per Diem),TCH Medical Center,https://eohh.fa.us2.oraclecloud.com/hcmUI/CandidateExperience/en/sites/CX/job/426019,,1.59
3111,eoje.fa.us2.oraclecloud.com,CX_1001,"https://eoje.fa.us2.oraclecloud.com/hcmRestApi/resources/latest/recruitingCEJobRequisitions?onlyData=true&finder=findReqs;siteNumber=CX_1001,limit=100,offset=0,sortBy=POSTING_DATES_DESC&expand=requisitionList",https://eoje.fa.us2.oraclecloud.com/hcmUI/CandidateExperience/en/sites/CX_1001,200,True,219,6435,Account Manager - TPS,GSI,https://eoje.fa.us2.oraclecloud.com/hcmUI/CandidateExperience/en/sites/CX_1001/job/6435,,1.98
3117,epej.fa.us2.oraclecloud.com,CX_2001,"https://epej.fa.us2.oraclecloud.com/hcmRestApi/resources/latest/recruitingCEJobRequisitions?onlyData=true&finder=findReqs;siteNumber=CX_2001,limit=100,offset=0,sortBy=POSTING_DATES_DESC&expand=requisitionList",https://epej.fa.us2.oraclecloud.com/hcmUI/CandidateExperience/en/sites/CX_2001,200,True,283,376904,Content Operations Intern Lead (part time - one year),CHC,https://epej.fa.us2.oraclecloud.com/hcmUI/CandidateExperience/en/sites/CX_2001/job/376904,,2.55
3118,epgr.fa.us6.oraclecloud.com,CX_1002,"https://epgr.fa.us6.oraclecloud.com/hcmRestApi/resources/latest/recruitingCEJobRequisitions?onlyData=true&finder=findReqs;siteNumber=CX_1002,limit=100,offset=0,sortBy=POSTING_DATES_DESC&expand=requisitionList",https://epgr.fa.us6.oraclecloud.com/hcmUI/CandidateExperience/en/sites/CX_1002,200,True,60,7399,Security Officer - Level 1 (Full Time; Sunrise),TCGE,https://epgr.fa.us6.oraclecloud.com/hcmUI/CandidateExperience/en/sites/CX_1002/job/7399,,1.59
3122,epix.fa.us2.oraclecloud.com,CX_1,"https://epix.fa.us2.oraclecloud.com/hcmRestApi/resources/latest/recruitingCEJobRequisitions?onlyData=true&finder=findReqs;siteNumber=CX_1,limit=100,offset=0,sortBy=POSTING_DATES_DESC&expand=requisitionList",https://epix.fa.us2.oraclecloud.com/hcmUI/CandidateExperience/en/sites/CX_1,200,True,89,4180,Operations Specialist,US TGE,https://epix.fa.us2.oraclecloud.com/hcmUI/CandidateExperience/en/sites/CX_1/job/4180,,1.66
3124,eppr.fa.us2.oraclecloud.com,CX_2,"https://eppr.fa.us2.oraclecloud.com/hcmRestApi/resources/latest/recruitingCEJobRequisitions?onlyData=true&finder=findReqs;siteNumber=CX_2,limit=100,offset=0,sortBy=POSTING_DATES_DESC&expand=requisitionList",https://eppr.fa.us2.oraclecloud.com/hcmUI/CandidateExperience/en/sites/CX_2,200,True,1311,178964,Social Worker - Infectious Disease,74000165 FlexStaff N - ClinaCore,https://eppr.fa.us2.oraclecloud.com/hcmUI/CandidateExperience/en/sites/CX_2/job/178964,,1.13
3128,epyc.fa.us2.oraclecloud.com,CX_1,"https://epyc.fa.us2.oraclecloud.com/hcmRestApi/resources/latest/recruitingCEJobRequisitions?onlyData=true&finder=findReqs;siteNumber=CX_1,limit=100,offset=0,sortBy=POSTING_DATES_DESC&expand=requisitionList",https://epyc.fa.us2.oraclecloud.com/hcmUI/CandidateExperience/en/sites/CX_1,200,True,1199,160693,Associate CASR,CleanHarbors,https://epyc.fa.us2.oraclecloud.com/hcmUI/CandidateExperience/en/sites/CX_1/job/160693,,1.76
3129,epyz.fa.us2.oraclecloud.com,CX_1,"https://epyz.fa.us2.oraclecloud.com/hcmRestApi/resources/latest/recruitingCEJobRequisitions?onlyData=true&finder=findReqs;siteNumber=CX_1,limit=100,offset=0,sortBy=POSTING_DATES_DESC&expand=requisitionList",https://epyz.fa.us2.oraclecloud.com/hcmUI/CandidateExperience/en/sites/CX_1,200,True,477,19315,"Director, Enterprise External Communications",The Nemours Foundation,https://epyz.fa.us2.oraclecloud.com/hcmUI/CandidateExperience/en/sites/CX_1/job/19315,,1.76
3131,eqtm.fa.us2.oraclecloud.com,CX_3001,"https://eqtm.fa.us2.oraclecloud.com/hcmRestApi/resources/latest/recruitingCEJobRequisitions?onlyData=true&finder=findReqs;siteNumber=CX_3001,limit=100,offset=0,sortBy=POSTING_DATES_DESC&expand=requisitionList",https://eqtm.fa.us2.oraclecloud.com/hcmUI/CandidateExperience/en/sites/CX_3001,200,True,813,49280,Certified Nursing Assistant Full-Time Day Shift,FMOLHS,https://eqtm.fa.us2.oraclecloud.com/hcmUI/CandidateExperience/en/sites/CX_3001/job/49280,,1.65
3143,erhk.fa.us2.oraclecloud.com,CX_1,"https://erhk.fa.us2.oraclecloud.com/hcmRestApi/resources/latest/recruitingCEJobRequisitions?onlyData=true&finder=findReqs;siteNumber=CX_1,limit=100,offset=0,sortBy=POSTING_DATES_DESC&expand=requisitionList",https://erhk.fa.us2.oraclecloud.com/hcmUI/CandidateExperience/en/sites/CX_1,200,True,438,47923,CDL – A Truck Driver Linehaul,RLC,https://erhk.fa.us2.oraclecloud.com/hcmUI/CandidateExperience/en/sites/CX_1/job/47923,,1.60
3147,ernh.fa.us2.oraclecloud.com,CX_1,"https://ernh.fa.us2.oraclecloud.com/hcmRestApi/resources/latest/recruitingCEJobRequisitions?onlyData=true&finder=findReqs;siteNumber=CX_1,limit=100,offset=0,sortBy=POSTING_DATES_DESC&expand=requisitionList",https://ernh.fa.us2.oraclecloud.com/hcmUI/CandidateExperience/en/sites/CX_1,200,True,446,20062803,"Patient Care Technician, Student Work Program - 3rd Medical Acute - Vineland",Inspira Health,https://ernh.fa.us2.oraclecloud.com/hcmUI/CandidateExperience/en/sites/CX_1/job/20062803,,2.28
3148,erou.fa.us2.oraclecloud.com,CX_1,"https://erou.fa.us2.oraclecloud.com/hcmRestApi/resources/latest/recruitingCEJobRequisitions?onlyData=true&finder=findReqs;siteNumber=CX_1,limit=100,offset=0,sortBy=POSTING_DATES_DESC&expand=requisitionList",https://erou.fa.us2.oraclecloud.com/hcmUI/CandidateExperience/en/sites/CX_1,200,True,145,5011,"CT Technologist II - VacaValley (Per Diem, Variable)",NorthBay Healthcare Corporation,https://erou.fa.us2.oraclecloud.com/hcmUI/CandidateExperience/en/sites/CX_1/job/5011,,2.40
3152,erqh.fa.us2.oraclecloud.com,CX_1001,"https://erqh.fa.us2.oraclecloud.com/hcmRestApi/resources/latest/recruitingCEJobRequisitions?onlyData=true&finder=findReqs;siteNumber=CX_1001,limit=100,offset=0,sortBy=POSTING_DATES_DESC&expand=requisitionList",https://erqh.fa.us2.oraclecloud.com/hcmUI/CandidateExperience/en/sites/CX_1001,200,True,910,27500,"Nursing Assistant - Per Diem, Various Shifts, Gagnon 5 Non-Invasive Cardiology, Atlantic Health Morristown Medical Center",Atlantic Health System,https://erqh.fa.us2.oraclecloud.com/hcmUI/CandidateExperience/en/sites/CX_1001/job/27500,,1.78
3153,ertr.fa.us2.oraclecloud.com,CX_3001,"https://ertr.fa.us2.oraclecloud.com/hcmRestApi/resources/latest/recruitingCEJobRequisitions?onlyData=true&finder=findReqs;siteNumber=CX_3001,limit=100,offset=0,sortBy=POSTING_DATES_DESC&expand=requisitionList",https://ertr.fa.us2.oraclecloud.com/hcmUI/CandidateExperience/en/sites/CX_3001,200,True,567,115821,Rehab Tech,INTEGRIS Health,https://ertr.fa.us2.oraclecloud.com/hcmUI/CandidateExperience/en/sites/CX_3001/job/115821,,1.95
3154,erym.fa.us6.oraclecloud.com,CX_1,"https://erym.fa.us6.oraclecloud.com/hcmRestApi/resources/latest/recruitingCEJobRequisitions?onlyData=true&finder=findReqs;siteNumber=CX_1,limit=100,offset=0,sortBy=POSTING_DATES_DESC&expand=requisitionList",https://erym.fa.us6.oraclecloud.com/hcmUI/CandidateExperience/en/sites/CX_1,200,True,574,27000,Occupational Therapist Acute Care (PRN) - Seacoast,McLeod Health,https://erym.fa.us6.oraclecloud.com/hcmUI/CandidateExperience/en/sites/CX_1/job/27000,,1.47
3162,esgj.fa.us2.oraclecloud.com,CX_1001,"https://esgj.fa.us2.oraclecloud.com/hcmRestApi/resources/latest/recruitingCEJobRequisitions?onlyData=true&finder=findReqs;siteNumber=CX_1001,limit=100,offset=0,sortBy=POSTING_DATES_DESC&expand=requisitionList",https://esgj.fa.us2.oraclecloud.com/hcmUI/CandidateExperience/en/sites/CX_1001,200,True,598,79365,SPEECH LANGUAGE PATHOLOGY ASSISTANT (2026-2027 POOL),Denver Public Schools,https://esgj.fa.us2.oraclecloud.com/hcmUI/CandidateExperience/en/sites/CX_1001/job/79365,,2.02
3171,estm.fa.em2.oraclecloud.com,CX_1,"https://estm.fa.em2.oraclecloud.com/hcmRestApi/resources/latest/recruitingCEJobRequisitions?onlyData=true&finder=findReqs;siteNumber=CX_1,limit=100,offset=0,sortBy=POSTING_DATES_DESC&expand=requisitionList",https://estm.fa.em2.oraclecloud.com/hcmUI/CandidateExperience/en/sites/CX_1,200,True,140,35600,"Communications Associate, NPSA-7, DS - Mykolaiv, National Position",United Nations Development Programme,https://estm.fa.em2.oraclecloud.com/hcmUI/CandidateExperience/en/sites/CX_1/job/35600,,8.08
3176,eswt.fa.us6.oraclecloud.com,CX_1001,"https://eswt.fa.us6.oraclecloud.com/hcmRestApi/resources/latest/recruitingCEJobRequisitions?onlyData=true&finder=findReqs;siteNumber=CX_1001,limit=100,offset=0,sortBy=POSTING_DATES_DESC&expand=requisitionList",https://eswt.fa.us6.oraclecloud.com/hcmUI/CandidateExperience/en/sites/CX_1001,200,True,407,23993,"Patient Care Assistant (PCA),SDS, Full-time,First Shift",UC Health LLC,https://eswt.fa.us6.oraclecloud.com/hcmUI/CandidateExperience/en/sites/CX_1001/job/23993,,2.03
3184,etyy.fa.ap2.oraclecloud.com,CX_1,"https://etyy.fa.ap2.oraclecloud.com/hcmRestApi/resources/latest/recruitingCEJobRequisitions?onlyData=true&finder=findReqs;siteNumber=CX_1,limit=100,offset=0,sortBy=POSTING_DATES_DESC&expand=requisitionList",https://etyy.fa.ap2.oraclecloud.com/hcmUI/CandidateExperience/en/sites/CX_1,200,True,76,11598,"Advanced Associate Engineer, AS Operations Engineering",CEO Office/CEO Office,https://etyy.fa.ap2.oraclecloud.com/hcmUI/CandidateExperience/en/sites/CX_1/job/11598,,3.10
3187,evac.fa.us2.oraclecloud.com,CX_1,"https://evac.fa.us2.oraclecloud.com/hcmRestApi/resources/latest/recruitingCEJobRequisitions?onlyData=true&finder=findReqs;siteNumber=CX_1,limit=100,offset=0,sortBy=POSTING_DATES_DESC&expand=requisitionList",https://evac.fa.us2.oraclecloud.com/hcmUI/CandidateExperience/en/sites/CX_1,200,True,1984,440172,Staffing Coordinator - Nursing Administration - Per Diem,5001 PPMC PSYCH ADULT,https://evac.fa.us2.oraclecloud.com/hcmUI/CandidateExperience/en/sites/CX_1/job/440172,,2.04
3208,evpq.fa.us8.oraclecloud.com,CX_1,"https://evpq.fa.us8.oraclecloud.com/hcmRestApi/resources/latest/recruitingCEJobRequisitions?onlyData=true&finder=findReqs;siteNumber=CX_1,limit=100,offset=0,sortBy=POSTING_DATES_DESC&expand=requisitionList",https://evpq.fa.us8.oraclecloud.com/hcmUI/CandidateExperience/en/sites/CX_1,200,True,6,10081,Partner Sales Manager,Fortinet Federal Inc.,https://evpq.fa.us8.oraclecloud.com/hcmUI/CandidateExperience/en/sites/CX_1/job/10081,,2.12
3210,ewal.fa.us8.oraclecloud.com,CX_1,"https://ewal.fa.us8.oraclecloud.com/hcmRestApi/resources/latest/recruitingCEJobRequisitions?onlyData=true&finder=findReqs;siteNumber=CX_1,limit=100,offset=0,sortBy=POSTING_DATES_DESC&expand=requisitionList",https://ewal.fa.us8.oraclecloud.com/hcmUI/CandidateExperience/en/sites/CX_1,200,True,123,12852,Assistant Director - Center for First-Generation Students,Facilities Management,https://ewal.fa.us8.oraclecloud.com/hcmUI/CandidateExperience/en/sites/CX_1/job/12852,,1.92
3211,ewij.fa.us8.oraclecloud.com,CX_2,"https://ewij.fa.us8.oraclecloud.com/hcmRestApi/resources/latest/recruitingCEJobRequisitions?onlyData=true&finder=findReqs;siteNumber=CX_2,limit=100,offset=0,sortBy=POSTING_DATES_DESC&expand=requisitionList",https://ewij.fa.us8.oraclecloud.com/hcmUI/CandidateExperience/en/sites/CX_2,200,True,57,12117,"Director, Contracts & Procurement (C&P)",NNSS Nevada National Security Sites,https://ewij.fa.us8.oraclecloud.com/hcmUI/CandidateExperience/en/sites/CX_2/job/12117,,2.07
3212,ewvl.fa.us8.oraclecloud.com,CX_1,"https://ewvl.fa.us8.oraclecloud.com/hcmRestApi/resources/latest/recruitingCEJobRequisitions?onlyData=true&finder=findReqs;siteNumber=CX_1,limit=100,offset=0,sortBy=POSTING_DATES_DESC&expand=requisitionList",https://ewvl.fa.us8.oraclecloud.com/hcmUI/CandidateExperience/en/sites/CX_1,200,True,19,2063,Senior Nuclear Radiochemist,Savannah River National Laboratory (SRNL),https://ewvl.fa.us8.oraclecloud.com/hcmUI/CandidateExperience/en/sites/CX_1/job/2063,,1.52
3250,exzj.fa.us8.oraclecloud.com,CX_1,"https://exzj.fa.us8.oraclecloud.com/hcmRestApi/resources/latest/recruitingCEJobRequisitions?onlyData=true&finder=findReqs;siteNumber=CX_1,limit=100,offset=0,sortBy=POSTING_DATES_DESC&expand=requisitionList",https://exzj.fa.us8.oraclecloud.com/hcmUI/CandidateExperience/en/sites/CX_1,200,True,107,263,Manager Manufacturing Engineering,Frontgrade Technologies LLC,https://exzj.fa.us8.oraclecloud.com/hcmUI/CandidateExperience/en/sites/CX_1/job/263,,2.21
3253,fa-elpm-saasfaprod1.fa.ocs.oraclecloud.com,CX,"https://fa-elpm-saasfaprod1.fa.ocs.oraclecloud.com/hcmRestApi/resources/latest/recruitingCEJobRequisitions?onlyData=true&finder=findReqs;siteNumber=CX,limit=100,offset=0,sortBy=POSTING_DATES_DESC&expand=requisitionList",https://fa-elpm-saasfaprod1.fa.ocs.oraclecloud.com/hcmUI/CandidateExperience/en/sites/CX,200,True,198,5926,"NEX Mechanic - Pearsall, TX",NexTier Completion Solutions Inc.,https://fa-elpm-saasfaprod1.fa.ocs.oraclecloud.com/hcmUI/CandidateExperience/en/sites/CX/job/5926,,1.34
3254,fa-elwc-saasfaprod1.fa.ocs.oraclecloud.com,CX,"https://fa-elwc-saasfaprod1.fa.ocs.oraclecloud.com/hcmRestApi/resources/latest/recruitingCEJobRequisitions?onlyData=true&finder=findReqs;siteNumber=CX,limit=100,offset=0,sortBy=POSTING_DATES_DESC&expand=requisitionList",https://fa-elwc-saasfaprod1.fa.ocs.oraclecloud.com/hcmUI/CandidateExperience/en/sites/CX,200,True,57,4204,"Engineer, Process",TPI Composites Inc,https://fa-elwc-saasfaprod1.fa.ocs.oraclecloud.com/hcmUI/CandidateExperience/en/sites/CX/job/4204,,1.28
3255,fa-elzs-saasfaprod1.fa.ocs.oraclecloud.com,CX,"https://fa-elzs-saasfaprod1.fa.ocs.oraclecloud.com/hcmRestApi/resources/latest/recruitingCEJobRequisitions?onlyData=true&finder=findReqs;siteNumber=CX,limit=100,offset=0,sortBy=POSTING_DATES_DESC&expand=requisitionList",https://fa-elzs-saasfaprod1.fa.ocs.oraclecloud.com/hcmUI/CandidateExperience/en/sites/CX,200,True,48,3315,Executive Assistant,District Attorney New York County,https://fa-elzs-saasfaprod1.fa.ocs.oraclecloud.com/hcmUI/CandidateExperience/en/sites/CX/job/3315,,1.53
3256,fa-emad-saasfaprod1.fa.ocs.oraclecloud.com,CX_6001,"https://fa-emad-saasfaprod1.fa.ocs.oraclecloud.com/hcmRestApi/resources/latest/recruitingCEJobRequisitions?onlyData=true&finder=findReqs;siteNumber=CX_6001,limit=100,offset=0,sortBy=POSTING_DATES_DESC&expand=requisitionList",https://fa-emad-saasfaprod1.fa.ocs.oraclecloud.com/hcmUI/CandidateExperience/en/sites/CX_6001,200,True,12,5376,Lead Software Analyst,"Majesco, USA",https://fa-emad-saasfaprod1.fa.ocs.oraclecloud.com/hcmUI/CandidateExperience/en/sites/CX_6001/job/5376,,2.04
3257,fa-emkq-saasfaprod1.fa.ocs.oraclecloud.com,CX,"https://fa-emkq-saasfaprod1.fa.ocs.oraclecloud.com/hcmRestApi/resources/latest/recruitingCEJobRequisitions?onlyData=true&finder=findReqs;siteNumber=CX,limit=100,offset=0,sortBy=POSTING_DATES_DESC&expand=requisitionList",https://fa-emkq-saasfaprod1.fa.ocs.oraclecloud.com/hcmUI/CandidateExperience/en/sites/CX,200,True,55,1044,"Vice President, Pricing Actuary",Ascot US Services Company LLC,https://fa-emkq-saasfaprod1.fa.ocs.oraclecloud.com/hcmUI/CandidateExperience/en/sites/CX/job/1044,,1.52
3258,fa-emqh-saasfaprod1.fa.ocs.oraclecloud.com,CX_1001,"https://fa-emqh-saasfaprod1.fa.ocs.oraclecloud.com/hcmRestApi/resources/latest/recruitingCEJobRequisitions?onlyData=true&finder=findReqs;siteNumber=CX_1001,limit=100,offset=0,sortBy=POSTING_DATES_DESC&expand=requisitionList",https://fa-emqh-saasfaprod1.fa.ocs.oraclecloud.com/hcmUI/CandidateExperience/en/sites/CX_1001,200,True,120,4951,Senior Electrical Engineer,United Kingdom,https://fa-emqh-saasfaprod1.fa.ocs.oraclecloud.com/hcmUI/CandidateExperience/en/sites/CX_1001/job/4951,,2.21
3259,fa-emxf-saasfaprod1.fa.ocs.oraclecloud.com,CX,"https://fa-emxf-saasfaprod1.fa.ocs.oraclecloud.com/hcmRestApi/resources/latest/recruitingCEJobRequisitions?onlyData=true&finder=findReqs;siteNumber=CX,limit=100,offset=0,sortBy=POSTING_DATES_DESC&expand=requisitionList",https://fa-emxf-saasfaprod1.fa.ocs.oraclecloud.com/hcmUI/CandidateExperience/en/sites/CX,200,True,18,1270,Sr. Automation Test Engineer,"Tauck, Inc.",https://fa-emxf-saasfaprod1.fa.ocs.oraclecloud.com/hcmUI/CandidateExperience/en/sites/CX/job/1270,,1.30
3260,fa-eneh-saasfaprod1.fa.ocs.oraclecloud.com,CX_1001,"https://fa-eneh-saasfaprod1.fa.ocs.oraclecloud.com/hcmRestApi/resources/latest/recruitingCEJobRequisitions?onlyData=true&finder=findReqs;siteNumber=CX_1001,limit=100,offset=0,sortBy=POSTING_DATES_DESC&expand=requisitionList",https://fa-eneh-saasfaprod1.fa.ocs.oraclecloud.com/hcmUI/CandidateExperience/en/sites/CX_1001,200,True,130,231142,Student Aide - Hospitality Management,Career and Technical Programs,https://fa-eneh-saasfaprod1.fa.ocs.oraclecloud.com/hcmUI/CandidateExperience/en/sites/CX_1001/job/231142,,2.20
3261,fa-enlf-saasfaprod1.fa.ocs.oraclecloud.com,CX,"https://fa-enlf-saasfaprod1.fa.ocs.oraclecloud.com/hcmRestApi/resources/latest/recruitingCEJobRequisitions?onlyData=true&finder=findReqs;siteNumber=CX,limit=100,offset=0,sortBy=POSTING_DATES_DESC&expand=requisitionList",https://fa-enlf-saasfaprod1.fa.ocs.oraclecloud.com/hcmUI/CandidateExperience/en/sites/CX,200,True,100,3003388,"Portfolio Management Officer I, II, III",203-Internal Audit,https://fa-enlf-saasfaprod1.fa.ocs.oraclecloud.com/hcmUI/CandidateExperience/en/sites/CX/job/3003388,,1.39
3262,fa-eocc-saasfaprod1.fa.ocs.oraclecloud.com,CX_1007,"https://fa-eocc-saasfaprod1.fa.ocs.oraclecloud.com/hcmRestApi/resources/latest/recruitingCEJobRequisitions?onlyData=true&finder=findReqs;siteNumber=CX_1007,limit=100,offset=0,sortBy=POSTING_DATES_DESC&expand=requisitionList",https://fa-eocc-saasfaprod1.fa.ocs.oraclecloud.com/hcmUI/CandidateExperience/en/sites/CX_1007,200,True,360,8438,Ingénieur Projet Supply Chain,MX007 - FMS -  FMS NA - RSO - Celaya 2,https://fa-eocc-saasfaprod1.fa.ocs.oraclecloud.com/hcmUI/CandidateExperience/en/sites/CX_1007/job/8438,,2.02
3263,fa-eoic-saasfaprod1.fa.ocs.oraclecloud.com,CX_12001,"https://fa-eoic-saasfaprod1.fa.ocs.oraclecloud.com/hcmRestApi/resources/latest/recruitingCEJobRequisitions?onlyData=true&finder=findReqs;siteNumber=CX_12001,limit=100,offset=0,sortBy=POSTING_DATES_DESC&expand=requisitionList",https://fa-eoic-saasfaprod1.fa.ocs.oraclecloud.com/hcmUI/CandidateExperience/en/sites/CX_12001,200,True,633,21858,CDI - IA Solution Engineer (H/F),RETAIL - HOP,https://fa-eoic-saasfaprod1.fa.ocs.oraclecloud.com/hcmUI/CandidateExperience/en/sites/CX_12001/job/21858,,1.57
3264,fa-eomf-saasfaprod1.fa.ocs.oraclecloud.com,CX_1002,"https://fa-eomf-saasfaprod1.fa.ocs.oraclecloud.com/hcmRestApi/resources/latest/recruitingCEJobRequisitions?onlyData=true&finder=findReqs;siteNumber=CX_1002,limit=100,offset=0,sortBy=POSTING_DATES_DESC&expand=requisitionList",https://fa-eomf-saasfaprod1.fa.ocs.oraclecloud.com/hcmUI/CandidateExperience/en/sites/CX_1002,200,True,270,7222,Sonographer - Senior (Adult Cardiac Echo),O9800 - HOPD Mays Cancer Center,https://fa-eomf-saasfaprod1.fa.ocs.oraclecloud.com/hcmUI/CandidateExperience/en/sites/CX_1002/job/7222,,1.89
3265,fa-eotc-saasfaprod1.fa.ocs.oraclecloud.com,CX_1001,"https://fa-eotc-saasfaprod1.fa.ocs.oraclecloud.com/hcmRestApi/resources/latest/recruitingCEJobRequisitions?onlyData=true&finder=findReqs;siteNumber=CX_1001,limit=100,offset=0,sortBy=POSTING_DATES_DESC&expand=requisitionList",https://fa-eotc-saasfaprod1.fa.ocs.oraclecloud.com/hcmUI/CandidateExperience/en/sites/CX_1001,200,True,468,65236,Paraprofessional at Paragon Charter Academy,Riverton Street,https://fa-eotc-saasfaprod1.fa.ocs.oraclecloud.com/hcmUI/CandidateExperience/en/sites/CX_1001/job/65236,,3.05
3266,fa-eovh-saasfaprod1.fa.ocs.oraclecloud.com,CX_1001,"https://fa-eovh-saasfaprod1.fa.ocs.oraclecloud.com/hcmRestApi/resources/latest/recruitingCEJobRequisitions?onlyData=true&finder=findReqs;siteNumber=CX_1001,limit=100,offset=0,sortBy=POSTING_DATES_DESC&expand=requisitionList",https://fa-eovh-saasfaprod1.fa.ocs.oraclecloud.com/hcmUI/CandidateExperience/en/sites/CX_1001,200,True,131,7598,QC Inspector 2,Ichor,https://fa-eovh-saasfaprod1.fa.ocs.oraclecloud.com/hcmUI/CandidateExperience/en/sites/CX_1001/job/7598,,2.17
3267,fa-epcb-saasfaprod1.fa.ocs.oraclecloud.com,CX,"https://fa-epcb-saasfaprod1.fa.ocs.oraclecloud.com/hcmRestApi/resources/latest/recruitingCEJobRequisitions?onlyData=true&finder=findReqs;siteNumber=CX,limit=100,offset=0,sortBy=POSTING_DATES_DESC&expand=requisitionList",https://fa-epcb-saasfaprod1.fa.ocs.oraclecloud.com/hcmUI/CandidateExperience/en/sites/CX,200,True,59,3832,Senior Project Manager,R&D,https://fa-epcb-saasfaprod1.fa.ocs.oraclecloud.com/hcmUI/CandidateExperience/en/sites/CX/job/3832,,1.33
3268,fa-epmd-saasfaprod1.fa.ocs.oraclecloud.com,CX_3001,"https://fa-epmd-saasfaprod1.fa.ocs.oraclecloud.com/hcmRestApi/resources/latest/recruitingCEJobRequisitions?onlyData=true&finder=findReqs;siteNumber=CX_3001,limit=100,offset=0,sortBy=POSTING_DATES_DESC&expand=requisitionList",https://fa-epmd-saasfaprod1.fa.ocs.oraclecloud.com/hcmUI/CandidateExperience/en/sites/CX_3001,200,True,202,14087,Engineer - Manufacturing,Linamar Light Metals Mills River LLC,https://fa-epmd-saasfaprod1.fa.ocs.oraclecloud.com/hcmUI/CandidateExperience/en/sites/CX_3001/job/14087,,1.78
3269,fa-epop-saasfaprod1.fa.ocs.oraclecloud.com,CX_1,"https://fa-epop-saasfaprod1.fa.ocs.oraclecloud.com/hcmRestApi/resources/latest/recruitingCEJobRequisitions?onlyData=true&finder=findReqs;siteNumber=CX_1,limit=100,offset=0,sortBy=POSTING_DATES_DESC&expand=requisitionList",https://fa-epop-saasfaprod1.fa.ocs.oraclecloud.com/hcmUI/CandidateExperience/en/sites/CX_1,200,True,193,261182,26-27 Vista PEAK Preparatory: AFS-Noncontract Worker,Aurora Public Schools Adams-Arapahoe 28J,https://fa-epop-saasfaprod1.fa.ocs.oraclecloud.com/hcmUI/CandidateExperience/en/sites/CX_1/job/261182,,1.50
3270,fa-epss-saasfaprod1.fa.ocs.oraclecloud.com,CX_1,"https://fa-epss-saasfaprod1.fa.ocs.oraclecloud.com/hcmRestApi/resources/latest/recruitingCEJobRequisitions?onlyData=true&finder=findReqs;siteNumber=CX_1,limit=100,offset=0,sortBy=POSTING_DATES_DESC&expand=requisitionList",https://fa-epss-saasfaprod1.fa.ocs.oraclecloud.com/hcmUI/CandidateExperience/en/sites/CX_1,200,True,864,15413,025 - Food City Deli Clerk - Southern & Mesa Dr,Raley's,https://fa-epss-saasfaprod1.fa.ocs.oraclecloud.com/hcmUI/CandidateExperience/en/sites/CX_1/job/15413,,1.81
3271,fa-epuh-saasfaprod1.fa.ocs.oraclecloud.com,CX_1,"https://fa-epuh-saasfaprod1.fa.ocs.oraclecloud.com/hcmRestApi/resources/latest/recruitingCEJobRequisitions?onlyData=true&finder=findReqs;siteNumber=CX_1,limit=100,offset=0,sortBy=POSTING_DATES_DESC&expand=requisitionList",https://fa-epuh-saasfaprod1.fa.ocs.oraclecloud.com/hcmUI/CandidateExperience/en/sites/CX_1,200,True,2101,20262644,Plant Financial Analyst,YFAI-AP,https://fa-epuh-saasfaprod1.fa.ocs.oraclecloud.com/hcmUI/CandidateExperience/en/sites/CX_1/job/20262644,,2.13
3272,fa-eqgc-saasfaprod1.fa.ocs.oraclecloud.com,CX_2,"https://fa-eqgc-saasfaprod1.fa.ocs.oraclecloud.com/hcmRestApi/resources/latest/recruitingCEJobRequisitions?onlyData=true&finder=findReqs;siteNumber=CX_2,limit=100,offset=0,sortBy=POSTING_DATES_DESC&expand=requisitionList",https://fa-eqgc-saasfaprod1.fa.ocs.oraclecloud.com/hcmUI/CandidateExperience/en/sites/CX_2,200,True,403,20227528,Certified Home Health Aide,CareOne,https://fa-eqgc-saasfaprod1.fa.ocs.oraclecloud.com/hcmUI/CandidateExperience/en/sites/CX_2/job/20227528,,2.04
3273,fa-eqhn-saasfaprod1.fa.ocs.oraclecloud.com,CX_2,"https://fa-eqhn-saasfaprod1.fa.ocs.oraclecloud.com/hcmRestApi/resources/latest/recruitingCEJobRequisitions?onlyData=true&finder=findReqs;siteNumber=CX_2,limit=100,offset=0,sortBy=POSTING_DATES_DESC&expand=requisitionList",https://fa-eqhn-saasfaprod1.fa.ocs.oraclecloud.com/hcmUI/CandidateExperience/en/sites/CX_2,200,True,6,3320,Field Provider Relations Representative,"SKYGEN USA, LLC",https://fa-eqhn-saasfaprod1.fa.ocs.oraclecloud.com/hcmUI/CandidateExperience/en/sites/CX_2/job/3320,,1.87
3274,fa-eqpz-saasfaprod1.fa.ocs.oraclecloud.com,CX_1,"https://fa-eqpz-saasfaprod1.fa.ocs.oraclecloud.com/hcmRestApi/resources/latest/recruitingCEJobRequisitions?onlyData=true&finder=findReqs;siteNumber=CX_1,limit=100,offset=0,sortBy=POSTING_DATES_DESC&expand=requisitionList",https://fa-eqpz-saasfaprod1.fa.ocs.oraclecloud.com/hcmUI/CandidateExperience/en/sites/CX_1,200,True,47,2474,Quality Assurance and Compliance Specialist - Health and Human Services,Polk County BoCC,https://fa-eqpz-saasfaprod1.fa.ocs.oraclecloud.com/hcmUI/CandidateExperience/en/sites/CX_1/job/2474,,1.38
3275,fa-eqsg-saasfaprod1.fa.ocs.oraclecloud.com,CX_1,"https://fa-eqsg-saasfaprod1.fa.ocs.oraclecloud.com/hcmRestApi/resources/latest/recruitingCEJobRequisitions?onlyData=true&finder=findReqs;siteNumber=CX_1,limit=100,offset=0,sortBy=POSTING_DATES_DESC&expand=requisitionList",https://fa-eqsg-saasfaprod1.fa.ocs.oraclecloud.com/hcmUI/CandidateExperience/en/sites/CX_1,200,True,37,4399,Trades Helper (Parks & Recreation),BOCC-BU,https://fa-eqsg-saasfaprod1.fa.ocs.oraclecloud.com/hcmUI/CandidateExperience/en/sites/CX_1/job/4399,,2.13
3276,fa-equm-saasfaprod1.fa.ocs.oraclecloud.com,CX_1,"https://fa-equm-saasfaprod1.fa.ocs.oraclecloud.com/hcmRestApi/resources/latest/recruitingCEJobRequisitions?onlyData=true&finder=findReqs;siteNumber=CX_1,limit=100,offset=0,sortBy=POSTING_DATES_DESC&expand=requisitionList",https://fa-equm-saasfaprod1.fa.ocs.oraclecloud.com/hcmUI/CandidateExperience/en/sites/CX_1,200,True,824,12795,ADMIN EXECUTIVE,Omega Healthcare Management Services Private Limited,https://fa-equm-saasfaprod1.fa.ocs.oraclecloud.com/hcmUI/CandidateExperience/en/sites/CX_1/job/12795,,2.91
3277,fa-eqzh-saasfaprod1.fa.ocs.oraclecloud.com,CX_1,"https://fa-eqzh-saasfaprod1.fa.ocs.oraclecloud.com/hcmRestApi/resources/latest/recruitingCEJobRequisitions?onlyData=true&finder=findReqs;siteNumber=CX_1,limit=100,offset=0,sortBy=POSTING_DATES_DESC&expand=requisitionList",https://fa-eqzh-saasfaprod1.fa.ocs.oraclecloud.com/hcmUI/CandidateExperience/en/sites/CX_1,200,True,166,40001255,"Manager, Account",US BU,https://fa-eqzh-saasfaprod1.fa.ocs.oraclecloud.com/hcmUI/CandidateExperience/en/sites/CX_1/job/40001255,,1.97
3278,fa-errt-saasfaprod1.fa.ocs.oraclecloud.com,CX_2001,"https://fa-errt-saasfaprod1.fa.ocs.oraclecloud.com/hcmRestApi/resources/latest/recruitingCEJobRequisitions?onlyData=true&finder=findReqs;siteNumber=CX_2001,limit=100,offset=0,sortBy=POSTING_DATES_DESC&expand=requisitionList",https://fa-errt-saasfaprod1.fa.ocs.oraclecloud.com/hcmUI/CandidateExperience/en/sites/CX_2001,200,True,202,4246,Cloud/DevOps Engineer,SCOR,https://fa-errt-saasfaprod1.fa.ocs.oraclecloud.com/hcmUI/CandidateExperience/en/sites/CX_2001/job/4246,,2.87
3279,fa-ertb-saasfaprod1.fa.ocs.oraclecloud.com,CX_2,"https://fa-ertb-saasfaprod1.fa.ocs.oraclecloud.com/hcmRestApi/resources/latest/recruitingCEJobRequisitions?onlyData=true&finder=findReqs;siteNumber=CX_2,limit=100,offset=0,sortBy=POSTING_DATES_DESC&expand=requisitionList",https://fa-ertb-saasfaprod1.fa.ocs.oraclecloud.com/hcmUI/CandidateExperience/en/sites/CX_2,200,True,2455,26024,DevOps Engineer - IN,Photon Group,https://fa-ertb-saasfaprod1.fa.ocs.oraclecloud.com/hcmUI/CandidateExperience/en/sites/CX_2/job/26024,,2.52
3280,fa-esau-saasfaprod1.fa.ocs.oraclecloud.com,CX_1001,"https://fa-esau-saasfaprod1.fa.ocs.oraclecloud.com/hcmRestApi/resources/latest/recruitingCEJobRequisitions?onlyData=true&finder=findReqs;siteNumber=CX_1001,limit=100,offset=0,sortBy=POSTING_DATES_DESC&expand=requisitionList",https://fa-esau-saasfaprod1.fa.ocs.oraclecloud.com/hcmUI/CandidateExperience/en/sites/CX_1001,200,True,254,4880,General Property- Technical Adjuster,"Broadspire Services, Inc.",https://fa-esau-saasfaprod1.fa.ocs.oraclecloud.com/hcmUI/CandidateExperience/en/sites/CX_1001/job/4880,,1.79
3281,fa-esbv-saasfaprod1.fa.ocs.oraclecloud.com,CX_1,"https://fa-esbv-saasfaprod1.fa.ocs.oraclecloud.com/hcmRestApi/resources/latest/recruitingCEJobRequisitions?onlyData=true&finder=findReqs;siteNumber=CX_1,limit=100,offset=0,sortBy=POSTING_DATES_DESC&expand=requisitionList",https://fa-esbv-saasfaprod1.fa.ocs.oraclecloud.com/hcmUI/CandidateExperience/en/sites/CX_1,200,True,252,1025065,Production Technician I USA (B Crew / PM Shift),First Solar,https://fa-esbv-saasfaprod1.fa.ocs.oraclecloud.com/hcmUI/CandidateExperience/en/sites/CX_1/job/1025065,,1.73
3282,fa-esgu-saasfaprod1.fa.ocs.oraclecloud.com,CX_1,"https://fa-esgu-saasfaprod1.fa.ocs.oraclecloud.com/hcmRestApi/resources/latest/recruitingCEJobRequisitions?onlyData=true&finder=findReqs;siteNumber=CX_1,limit=100,offset=0,sortBy=POSTING_DATES_DESC&expand=requisitionList",https://fa-esgu-saasfaprod1.fa.ocs.oraclecloud.com/hcmUI/CandidateExperience/en/sites/CX_1,200,True,872,23181,Senior Manufacturing Engineer - BLUvera,Solar and Emerging Renewables-GROUP,https://fa-esgu-saasfaprod1.fa.ocs.oraclecloud.com/hcmUI/CandidateExperience/en/sites/CX_1/job/23181,,1.33
3283,fa-espx-saasfaprod1.fa.ocs.oraclecloud.com,CX_1,"https://fa-espx-saasfaprod1.fa.ocs.oraclecloud.com/hcmRestApi/resources/latest/recruitingCEJobRequisitions?onlyData=true&finder=findReqs;siteNumber=CX_1,limit=100,offset=0,sortBy=POSTING_DATES_DESC&expand=requisitionList",https://fa-espx-saasfaprod1.fa.ocs.oraclecloud.com/hcmUI/CandidateExperience/en/sites/CX_1,200,True,969,2427516,Senior Accountant,Cummins Inc.,https://fa-espx-saasfaprod1.fa.ocs.oraclecloud.com/hcmUI/CandidateExperience/en/sites/CX_1/job/2427516,,1.83
3284,fa-essf-saasfaprod1.fa.ocs.oraclecloud.com,CX_1,"https://fa-essf-saasfaprod1.fa.ocs.oraclecloud.com/hcmRestApi/resources/latest/recruitingCEJobRequisitions?onlyData=true&finder=findReqs;siteNumber=CX_1,limit=100,offset=0,sortBy=POSTING_DATES_DESC&expand=requisitionList",https://fa-essf-saasfaprod1.fa.ocs.oraclecloud.com/hcmUI/CandidateExperience/en/sites/CX_1,200,True,167,10004295,Line Mechanic - May accept apprentice,MEC3610 Corp IT Network Services,https://fa-essf-saasfaprod1.fa.ocs.oraclecloud.com/hcmUI/CandidateExperience/en/sites/CX_1/job/10004295,,1.88
3285,fa-esta-saasfaprod1.fa.ocs.oraclecloud.com,CX_1001,"https://fa-esta-saasfaprod1.fa.ocs.oraclecloud.com/hcmRestApi/resources/latest/recruitingCEJobRequisitions?onlyData=true&finder=findReqs;siteNumber=CX_1001,limit=100,offset=0,sortBy=POSTING_DATES_DESC&expand=requisitionList",https://fa-esta-saasfaprod1.fa.ocs.oraclecloud.com/hcmUI/CandidateExperience/en/sites/CX_1001,200,True,56,2638,"Finishing Technician (1st Shift) - Berea, OH","HOYA OPTICAL LABS OF AMERICA, INC.",https://fa-esta-saasfaprod1.fa.ocs.oraclecloud.com/hcmUI/CandidateExperience/en/sites/CX_1001/job/2638,,3.52
3286,fa-esyi-saasfaprod1.fa.ocs.oraclecloud.com,CX_1,"https://fa-esyi-saasfaprod1.fa.ocs.oraclecloud.com/hcmRestApi/resources/latest/recruitingCEJobRequisitions?onlyData=true&finder=findReqs;siteNumber=CX_1,limit=100,offset=0,sortBy=POSTING_DATES_DESC&expand=requisitionList",https://fa-esyi-saasfaprod1.fa.ocs.oraclecloud.com/hcmUI/CandidateExperience/en/sites/CX_1,200,True,74,7204,Housekeeping Supervisor - QLD/9:5,Civeo,https://fa-esyi-saasfaprod1.fa.ocs.oraclecloud.com/hcmUI/CandidateExperience/en/sites/CX_1/job/7204,,2.15
3287,fa-etbx-saasfaprod1.fa.ocs.oraclecloud.com,CX_1001,"https://fa-etbx-saasfaprod1.fa.ocs.oraclecloud.com/hcmRestApi/resources/latest/recruitingCEJobRequisitions?onlyData=true&finder=findReqs;siteNumber=CX_1001,limit=100,offset=0,sortBy=POSTING_DATES_DESC&expand=requisitionList",https://fa-etbx-saasfaprod1.fa.ocs.oraclecloud.com/hcmUI/CandidateExperience/en/sites/CX_1001,200,True,82,31511,"Financial Advisor - Winter Park, FL",Branch Operations - D0000836,https://fa-etbx-saasfaprod1.fa.ocs.oraclecloud.com/hcmUI/CandidateExperience/en/sites/CX_1001/job/31511,,1.94
3288,fa-etgw-saasfaprod1.fa.ocs.oraclecloud.com,CX_1,"https://fa-etgw-saasfaprod1.fa.ocs.oraclecloud.com/hcmRestApi/resources/latest/recruitingCEJobRequisitions?onlyData=true&finder=findReqs;siteNumber=CX_1,limit=100,offset=0,sortBy=POSTING_DATES_DESC&expand=requisitionList",https://fa-etgw-saasfaprod1.fa.ocs.oraclecloud.com/hcmUI/CandidateExperience/en/sites/CX_1,200,True,193,3003946,Sales Consultant (Non-Profit),"TriNet USA, Inc.",https://fa-etgw-saasfaprod1.fa.ocs.oraclecloud.com/hcmUI/CandidateExperience/en/sites/CX_1/job/3003946,,1.40
3289,fa-etjd-saasfaprod1.fa.ocs.oraclecloud.com,CX_1,"https://fa-etjd-saasfaprod1.fa.ocs.oraclecloud.com/hcmRestApi/resources/latest/recruitingCEJobRequisitions?onlyData=true&finder=findReqs;siteNumber=CX_1,limit=100,offset=0,sortBy=POSTING_DATES_DESC&expand=requisitionList",https://fa-etjd-saasfaprod1.fa.ocs.oraclecloud.com/hcmUI/CandidateExperience/en/sites/CX_1,200,True,329,103674,Engineer - Distribution Standards,FirstEnergy Service Company,https://fa-etjd-saasfaprod1.fa.ocs.oraclecloud.com/hcmUI/CandidateExperience/en/sites/CX_1/job/103674,,1.47
3290,fa-etjg-saasfaprod1.fa.ocs.oraclecloud.com,CX_1002,"https://fa-etjg-saasfaprod1.fa.ocs.oraclecloud.com/hcmRestApi/resources/latest/recruitingCEJobRequisitions?onlyData=true&finder=findReqs;siteNumber=CX_1002,limit=100,offset=0,sortBy=POSTING_DATES_DESC&expand=requisitionList",https://fa-etjg-saasfaprod1.fa.ocs.oraclecloud.com/hcmUI/CandidateExperience/en/sites/CX_1002,200,True,3,4490,"Category Manager, IT Procurement",RSC,https://fa-etjg-saasfaprod1.fa.ocs.oraclecloud.com/hcmUI/CandidateExperience/en/sites/CX_1002/job/4490,,1.61
3291,fa-etnv-saasfaprod1.fa.ocs.oraclecloud.com,CX_1,"https://fa-etnv-saasfaprod1.fa.ocs.oraclecloud.com/hcmRestApi/resources/latest/recruitingCEJobRequisitions?onlyData=true&finder=findReqs;siteNumber=CX_1,limit=100,offset=0,sortBy=POSTING_DATES_DESC&expand=requisitionList",https://fa-etnv-saasfaprod1.fa.ocs.oraclecloud.com/hcmUI/CandidateExperience/en/sites/CX_1,200,True,611,109319,Pharmacy Technician- Specialty Pharmacy,HealthPartners/GHI,https://fa-etnv-saasfaprod1.fa.ocs.oraclecloud.com/hcmUI/CandidateExperience/en/sites/CX_1/job/109319,,2.21
3292,fa-etqd-saasfaprod1.fa.ocs.oraclecloud.com,CX_1,"https://fa-etqd-saasfaprod1.fa.ocs.oraclecloud.com/hcmRestApi/resources/latest/recruitingCEJobRequisitions?onlyData=true&finder=findReqs;siteNumber=CX_1,limit=100,offset=0,sortBy=POSTING_DATES_DESC&expand=requisitionList",https://fa-etqd-saasfaprod1.fa.ocs.oraclecloud.com/hcmUI/CandidateExperience/en/sites/CX_1,200,True,74,2026001679,Lead Mulesoft Consultant,Colombia Consulting (CO),https://fa-etqd-saasfaprod1.fa.ocs.oraclecloud.com/hcmUI/CandidateExperience/en/sites/CX_1/job/2026001679,,1.65
3293,fa-etqo-saasfaprod1.fa.ocs.oraclecloud.com,CX_1,"https://fa-etqo-saasfaprod1.fa.ocs.oraclecloud.com/hcmRestApi/resources/latest/recruitingCEJobRequisitions?onlyData=true&finder=findReqs;siteNumber=CX_1,limit=100,offset=0,sortBy=POSTING_DATES_DESC&expand=requisitionList",https://fa-etqo-saasfaprod1.fa.ocs.oraclecloud.com/hcmUI/CandidateExperience/en/sites/CX_1,200,True,328,504850,DITO Solutions Lead,CXTENGCOMP,https://fa-etqo-saasfaprod1.fa.ocs.oraclecloud.com/hcmUI/CandidateExperience/en/sites/CX_1/job/504850,,1.74
3294,fa-etrr-saasfaprod1.fa.ocs.oraclecloud.com,CX_6001,"https://fa-etrr-saasfaprod1.fa.ocs.oraclecloud.com/hcmRestApi/resources/latest/recruitingCEJobRequisitions?onlyData=true&finder=findReqs;siteNumber=CX_6001,limit=100,offset=0,sortBy=POSTING_DATES_DESC&expand=requisitionList",https://fa-etrr-saasfaprod1.fa.ocs.oraclecloud.com/hcmUI/CandidateExperience/en/sites/CX_6001,200,True,290,9973,Nurse Intern - Baptist Emergency Department,Baptist Health Care Corporation,https://fa-etrr-saasfaprod1.fa.ocs.oraclecloud.com/hcmUI/CandidateExperience/en/sites/CX_6001/job/9973,,1.48
3295,fa-etuc-saasfaprod1.fa.ocs.oraclecloud.com,CX_1,"https://fa-etuc-saasfaprod1.fa.ocs.oraclecloud.com/hcmRestApi/resources/latest/recruitingCEJobRequisitions?onlyData=true&finder=findReqs;siteNumber=CX_1,limit=100,offset=0,sortBy=POSTING_DATES_DESC&expand=requisitionList",https://fa-etuc-saasfaprod1.fa.ocs.oraclecloud.com/hcmUI/CandidateExperience/en/sites/CX_1,200,True,13,10643,FLEET MANAGER,Fayetteville Public Works Commission,https://fa-etuc-saasfaprod1.fa.ocs.oraclecloud.com/hcmUI/CandidateExperience/en/sites/CX_1/job/10643,,2.07
3296,fa-etum-saasfaprod1.fa.ocs.oraclecloud.com,CX_1,"https://fa-etum-saasfaprod1.fa.ocs.oraclecloud.com/hcmRestApi/resources/latest/recruitingCEJobRequisitions?onlyData=true&finder=findReqs;siteNumber=CX_1,limit=100,offset=0,sortBy=POSTING_DATES_DESC&expand=requisitionList",https://fa-etum-saasfaprod1.fa.ocs.oraclecloud.com/hcmUI/CandidateExperience/en/sites/CX_1,200,True,47,41730,Manager - Pre Service Medical Review,FLORIDA BLUE,https://fa-etum-saasfaprod1.fa.ocs.oraclecloud.com/hcmUI/CandidateExperience/en/sites/CX_1/job/41730,,1.97
3297,fa-etvc-saasfaprod1.fa.ocs.oraclecloud.com,CX_1001,"https://fa-etvc-saasfaprod1.fa.ocs.oraclecloud.com/hcmRestApi/resources/latest/recruitingCEJobRequisitions?onlyData=true&finder=findReqs;siteNumber=CX_1001,limit=100,offset=0,sortBy=POSTING_DATES_DESC&expand=requisitionList",https://fa-etvc-saasfaprod1.fa.ocs.oraclecloud.com/hcmUI/CandidateExperience/en/sites/CX_1001,200,True,197,26000376,0000006806.INVESTIGATOR II (SENIOR).DISTRICT ATTORNEY 'S  OFFICE,DISTRICT ATTORNEYS  OFFICE,https://fa-etvc-saasfaprod1.fa.ocs.oraclecloud.com/hcmUI/CandidateExperience/en/sites/CX_1001/job/26000376,,1.81
3298,fa-etvl-saasfaprod1.fa.ocs.oraclecloud.com,CX_1,"https://fa-etvl-saasfaprod1.fa.ocs.oraclecloud.com/hcmRestApi/resources/latest/recruitingCEJobRequisitions?onlyData=true&finder=findReqs;siteNumber=CX_1,limit=100,offset=0,sortBy=POSTING_DATES_DESC&expand=requisitionList",https://fa-etvl-saasfaprod1.fa.ocs.oraclecloud.com/hcmUI/CandidateExperience/en/sites/CX_1,200,True,298,144100,AES - DE - Generative AI Prompt Engineers,Zensar Technologies Ltd,https://fa-etvl-saasfaprod1.fa.ocs.oraclecloud.com/hcmUI/CandidateExperience/en/sites/CX_1/job/144100,,3.10
3299,fa-etwq-saasfaprod1.fa.ocs.oraclecloud.com,CX_1,"https://fa-etwq-saasfaprod1.fa.ocs.oraclecloud.com/hcmRestApi/resources/latest/recruitingCEJobRequisitions?onlyData=true&finder=findReqs;siteNumber=CX_1,limit=100,offset=0,sortBy=POSTING_DATES_DESC&expand=requisitionList",https://fa-etwq-saasfaprod1.fa.ocs.oraclecloud.com/hcmUI/CandidateExperience/en/sites/CX_1,200,True,69,2035,IT Engineer - Retail Solution Developer,AWG Enterprise,https://fa-etwq-saasfaprod1.fa.ocs.oraclecloud.com/hcmUI/CandidateExperience/en/sites/CX_1/job/2035,,1.95
3300,fa-etxt-saasfaprod1.fa.ocs.oraclecloud.com,CX_5,"https://fa-etxt-saasfaprod1.fa.ocs.oraclecloud.com/hcmRestApi/resources/latest/recruitingCEJobRequisitions?onlyData=true&finder=findReqs;siteNumber=CX_5,limit=100,offset=0,sortBy=POSTING_DATES_DESC&expand=requisitionList",https://fa-etxt-saasfaprod1.fa.ocs.oraclecloud.com/hcmUI/CandidateExperience/en/sites/CX_5,200,True,431,13162,Environmental Services Technician Associate - Main Environmental Services - Full Time - Days,The Christ Hospital,https://fa-etxt-saasfaprod1.fa.ocs.oraclecloud.com/hcmUI/CandidateExperience/en/sites/CX_5/job/13162,,2.16
3301,fa-etyr-saasfaprod1.fa.ocs.oraclecloud.com,CX_2,"https://fa-etyr-saasfaprod1.fa.ocs.oraclecloud.com/hcmRestApi/resources/latest/recruitingCEJobRequisitions?onlyData=true&finder=findReqs;siteNumber=CX_2,limit=100,offset=0,sortBy=POSTING_DATES_DESC&expand=requisitionList",https://fa-etyr-saasfaprod1.fa.ocs.oraclecloud.com/hcmUI/CandidateExperience/en/sites/CX_2,200,True,34,4092,Program Specialist (Part-Time/Year-Round) - City,The City of Oklahoma City,https://fa-etyr-saasfaprod1.fa.ocs.oraclecloud.com/hcmUI/CandidateExperience/en/sites/CX_2/job/4092,,1.91
3302,fa-eudi-saasfaprod1.fa.ocs.oraclecloud.com,CX_1,"https://fa-eudi-saasfaprod1.fa.ocs.oraclecloud.com/hcmRestApi/resources/latest/recruitingCEJobRequisitions?onlyData=true&finder=findReqs;siteNumber=CX_1,limit=100,offset=0,sortBy=POSTING_DATES_DESC&expand=requisitionList",https://fa-eudi-saasfaprod1.fa.ocs.oraclecloud.com/hcmUI/CandidateExperience/en/sites/CX_1,200,True,11,100477,Survey Party Chief,The Metropolitan St. Louis Sewer District,https://fa-eudi-saasfaprod1.fa.ocs.oraclecloud.com/hcmUI/CandidateExperience/en/sites/CX_1/job/100477,,1.77
3303,fa-euha-saasfaprod1.fa.ocs.oraclecloud.com,CX_1,"https://fa-euha-saasfaprod1.fa.ocs.oraclecloud.com/hcmRestApi/resources/latest/recruitingCEJobRequisitions?onlyData=true&finder=findReqs;siteNumber=CX_1,limit=100,offset=0,sortBy=POSTING_DATES_DESC&expand=requisitionList",https://fa-euha-saasfaprod1.fa.ocs.oraclecloud.com/hcmUI/CandidateExperience/en/sites/CX_1,200,True,52,550,Collections Specialist,037 - Direct Labor,https://fa-euha-saasfaprod1.fa.ocs.oraclecloud.com/hcmUI/CandidateExperience/en/sites/CX_1/job/550,,1.82
3304,fa-eukq-saasfaprod1.fa.ocs.oraclecloud.com,CX_1,"https://fa-eukq-saasfaprod1.fa.ocs.oraclecloud.com/hcmRestApi/resources/latest/recruitingCEJobRequisitions?onlyData=true&finder=findReqs;siteNumber=CX_1,limit=100,offset=0,sortBy=POSTING_DATES_DESC&expand=requisitionList",https://fa-eukq-saasfaprod1.fa.ocs.oraclecloud.com/hcmUI/CandidateExperience/en/sites/CX_1,200,True,37,1860,Adjunct Faculty-Earth and Environmental Science,Wheaton College,https://fa-eukq-saasfaprod1.fa.ocs.oraclecloud.com/hcmUI/CandidateExperience/en/sites/CX_1/job/1860,,2.12
3305,fa-eunv-saasfaprod1.fa.ocs.oraclecloud.com,CX_1001,"https://fa-eunv-saasfaprod1.fa.ocs.oraclecloud.com/hcmRestApi/resources/latest/recruitingCEJobRequisitions?onlyData=true&finder=findReqs;siteNumber=CX_1001,limit=100,offset=0,sortBy=POSTING_DATES_DESC&expand=requisitionList",https://fa-eunv-saasfaprod1.fa.ocs.oraclecloud.com/hcmUI/CandidateExperience/en/sites/CX_1001,200,True,18,920,Prep Cook- Employee Dining Room,CSI Operating Company LLC,https://fa-eunv-saasfaprod1.fa.ocs.oraclecloud.com/hcmUI/CandidateExperience/en/sites/CX_1001/job/920,,1.99
3306,fa-eups-saasfaprod1.fa.ocs.oraclecloud.com,CX_1,"https://fa-eups-saasfaprod1.fa.ocs.oraclecloud.com/hcmRestApi/resources/latest/recruitingCEJobRequisitions?onlyData=true&finder=findReqs;siteNumber=CX_1,limit=100,offset=0,sortBy=POSTING_DATES_DESC&expand=requisitionList",https://fa-eups-saasfaprod1.fa.ocs.oraclecloud.com/hcmUI/CandidateExperience/en/sites/CX_1,200,True,435,10442,Field Engineer,UL Solutions,https://fa-eups-saasfaprod1.fa.ocs.oraclecloud.com/hcmUI/CandidateExperience/en/sites/CX_1/job/10442,,1.95
3307,fa-euud-saasfaprod1.fa.ocs.oraclecloud.com,CX_1001,"https://fa-euud-saasfaprod1.fa.ocs.oraclecloud.com/hcmRestApi/resources/latest/recruitingCEJobRequisitions?onlyData=true&finder=findReqs;siteNumber=CX_1001,limit=100,offset=0,sortBy=POSTING_DATES_DESC&expand=requisitionList",https://fa-euud-saasfaprod1.fa.ocs.oraclecloud.com/hcmUI/CandidateExperience/en/sites/CX_1001,200,True,333,73989,Cafeteria Attendant- P/T,MTC Job Corps BU,https://fa-euud-saasfaprod1.fa.ocs.oraclecloud.com/hcmUI/CandidateExperience/en/sites/CX_1001/job/73989,,1.27
3308,fa-euxc-saasfaprod1.fa.ocs.oraclecloud.com,CX_1,"https://fa-euxc-saasfaprod1.fa.ocs.oraclecloud.com/hcmRestApi/resources/latest/recruitingCEJobRequisitions?onlyData=true&finder=findReqs;siteNumber=CX_1,limit=100,offset=0,sortBy=POSTING_DATES_DESC&expand=requisitionList",https://fa-euxc-saasfaprod1.fa.ocs.oraclecloud.com/hcmUI/CandidateExperience/en/sites/CX_1,200,True,406,8360,"Supervisor, Fund Accounting - Real Assets",376 - Fund Accounting - Real Assets,https://fa-euxc-saasfaprod1.fa.ocs.oraclecloud.com/hcmUI/CandidateExperience/en/sites/CX_1/job/8360,,1.71
3309,fa-euyb-saasfaprod1.fa.ocs.oraclecloud.com,CX_1001,"https://fa-euyb-saasfaprod1.fa.ocs.oraclecloud.com/hcmRestApi/resources/latest/recruitingCEJobRequisitions?onlyData=true&finder=findReqs;siteNumber=CX_1001,limit=100,offset=0,sortBy=POSTING_DATES_DESC&expand=requisitionList",https://fa-euyb-saasfaprod1.fa.ocs.oraclecloud.com/hcmUI/CandidateExperience/en/sites/CX_1001,200,True,173,9282,Barback - Avenue Sky Lounge New York,TGH Employees LLC,https://fa-euyb-saasfaprod1.fa.ocs.oraclecloud.com/hcmUI/CandidateExperience/en/sites/CX_1001/job/9282,,1.73
3310,fa-evav-saasfaprod1.fa.ocs.oraclecloud.com,CX_1,"https://fa-evav-saasfaprod1.fa.ocs.oraclecloud.com/hcmRestApi/resources/latest/recruitingCEJobRequisitions?onlyData=true&finder=findReqs;siteNumber=CX_1,limit=100,offset=0,sortBy=POSTING_DATES_DESC&expand=requisitionList",https://fa-evav-saasfaprod1.fa.ocs.oraclecloud.com/hcmUI/CandidateExperience/en/sites/CX_1,200,True,283,4320,Speech/Lang Pathologist PD FC,Connecticut Children's Medical Center,https://fa-evav-saasfaprod1.fa.ocs.oraclecloud.com/hcmUI/CandidateExperience/en/sites/CX_1/job/4320,,1.57
3311,fa-evax-saasfaprod1.fa.ocs.oraclecloud.com,CX_1001,"https://fa-evax-saasfaprod1.fa.ocs.oraclecloud.com/hcmRestApi/resources/latest/recruitingCEJobRequisitions?onlyData=true&finder=findReqs;siteNumber=CX_1001,limit=100,offset=0,sortBy=POSTING_DATES_DESC&expand=requisitionList",https://fa-evax-saasfaprod1.fa.ocs.oraclecloud.com/hcmUI/CandidateExperience/en/sites/CX_1001,200,True,2553,120258,宿泊セールス（ANAクラウンプラザホテル秋田）,IHG,https://fa-evax-saasfaprod1.fa.ocs.oraclecloud.com/hcmUI/CandidateExperience/en/sites/CX_1001/job/120258,,1.51
3312,fa-evcg-saasfaprod1.fa.ocs.oraclecloud.com,CX_1,"https://fa-evcg-saasfaprod1.fa.ocs.oraclecloud.com/hcmRestApi/resources/latest/recruitingCEJobRequisitions?onlyData=true&finder=findReqs;siteNumber=CX_1,limit=100,offset=0,sortBy=POSTING_DATES_DESC&expand=requisitionList",https://fa-evcg-saasfaprod1.fa.ocs.oraclecloud.com/hcmUI/CandidateExperience/en/sites/CX_1,200,True,718,231323,Fire Portable Technician,Canada Business Unit,https://fa-evcg-saasfaprod1.fa.ocs.oraclecloud.com/hcmUI/CandidateExperience/en/sites/CX_1/job/231323,,1.98
3313,fa-evdi-saasfaprod1.fa.ocs.oraclecloud.com,CX_1,"https://fa-evdi-saasfaprod1.fa.ocs.oraclecloud.com/hcmRestApi/resources/latest/recruitingCEJobRequisitions?onlyData=true&finder=findReqs;siteNumber=CX_1,limit=100,offset=0,sortBy=POSTING_DATES_DESC&expand=requisitionList",https://fa-evdi-saasfaprod1.fa.ocs.oraclecloud.com/hcmUI/CandidateExperience/en/sites/CX_1,200,True,867,4884,"Optometrist, (PC) - Greater Cincinnati Area",Warby Parker US,https://fa-evdi-saasfaprod1.fa.ocs.oraclecloud.com/hcmUI/CandidateExperience/en/sites/CX_1/job/4884,,1.37
3314,fa-evfm-saasfaprod1.fa.ocs.oraclecloud.com,CX_1029,"https://fa-evfm-saasfaprod1.fa.ocs.oraclecloud.com/hcmRestApi/resources/latest/recruitingCEJobRequisitions?onlyData=true&finder=findReqs;siteNumber=CX_1029,limit=100,offset=0,sortBy=POSTING_DATES_DESC&expand=requisitionList",https://fa-evfm-saasfaprod1.fa.ocs.oraclecloud.com/hcmUI/CandidateExperience/en/sites/CX_1029,200,True,437,15268,Sr Designer Piping,Zachry Engineering Corporation,https://fa-evfm-saasfaprod1.fa.ocs.oraclecloud.com/hcmUI/CandidateExperience/en/sites/CX_1029/job/15268,,1.46
3315,fa-evgk-saasfaprod1.fa.ocs.oraclecloud.com,CX_1001,"https://fa-evgk-saasfaprod1.fa.ocs.oraclecloud.com/hcmRestApi/resources/latest/recruitingCEJobRequisitions?onlyData=true&finder=findReqs;siteNumber=CX_1001,limit=100,offset=0,sortBy=POSTING_DATES_DESC&expand=requisitionList",https://fa-evgk-saasfaprod1.fa.ocs.oraclecloud.com/hcmUI/CandidateExperience/en/sites/CX_1001,200,True,61,1433,Painting Entry Level- Dayshift,Bonnell Newnan BU,https://fa-evgk-saasfaprod1.fa.ocs.oraclecloud.com/hcmUI/CandidateExperience/en/sites/CX_1001/job/1433,,1.69
3316,fa-evii-saasfaprod1.fa.ocs.oraclecloud.com,CX_1,"https://fa-evii-saasfaprod1.fa.ocs.oraclecloud.com/hcmRestApi/resources/latest/recruitingCEJobRequisitions?onlyData=true&finder=findReqs;siteNumber=CX_1,limit=100,offset=0,sortBy=POSTING_DATES_DESC&expand=requisitionList",https://fa-evii-saasfaprod1.fa.ocs.oraclecloud.com/hcmUI/CandidateExperience/en/sites/CX_1,200,True,19,1431,DISPATCHER-RAIL TRANSPORTATION,Regular Employee,https://fa-evii-saasfaprod1.fa.ocs.oraclecloud.com/hcmUI/CandidateExperience/en/sites/CX_1/job/1431,,1.57
3317,fa-evlf-saasfaprod1.fa.ocs.oraclecloud.com,CX_1,"https://fa-evlf-saasfaprod1.fa.ocs.oraclecloud.com/hcmRestApi/resources/latest/recruitingCEJobRequisitions?onlyData=true&finder=findReqs;siteNumber=CX_1,limit=100,offset=0,sortBy=POSTING_DATES_DESC&expand=requisitionList",https://fa-evlf-saasfaprod1.fa.ocs.oraclecloud.com/hcmUI/CandidateExperience/en/sites/CX_1,200,True,662,35193,Driver,Hertz Project Unit,https://fa-evlf-saasfaprod1.fa.ocs.oraclecloud.com/hcmUI/CandidateExperience/en/sites/CX_1/job/35193,,1.86
3318,fa-evlp-saasfaprod1.fa.ocs.oraclecloud.com,CX_1,"https://fa-evlp-saasfaprod1.fa.ocs.oraclecloud.com/hcmRestApi/resources/latest/recruitingCEJobRequisitions?onlyData=true&finder=findReqs;siteNumber=CX_1,limit=100,offset=0,sortBy=POSTING_DATES_DESC&expand=requisitionList",https://fa-evlp-saasfaprod1.fa.ocs.oraclecloud.com/hcmUI/CandidateExperience/en/sites/CX_1,200,True,58,1197,SMRMC Full Time 1006-Patient Account Representative-8221 Business Office,Southwest Mississippi Regional Medical Center,https://fa-evlp-saasfaprod1.fa.ocs.oraclecloud.com/hcmUI/CandidateExperience/en/sites/CX_1/job/1197,,2.00
3319,fa-evmr-saasfaprod1.fa.ocs.oraclecloud.com,CX_1,"https://fa-evmr-saasfaprod1.fa.ocs.oraclecloud.com/hcmRestApi/resources/latest/recruitingCEJobRequisitions?onlyData=true&finder=findReqs;siteNumber=CX_1,limit=100,offset=0,sortBy=POSTING_DATES_DESC&expand=requisitionList",https://fa-evmr-saasfaprod1.fa.ocs.oraclecloud.com/hcmUI/CandidateExperience/en/sites/CX_1,200,True,579,34388,Principal QA Engineer,NI ON Mfg PIC Production Fab 4 (L06),https://fa-evmr-saasfaprod1.fa.ocs.oraclecloud.com/hcmUI/CandidateExperience/en/sites/CX_1/job/34388,,2.74
3320,fa-evvx-saasfaprod1.fa.ocs.oraclecloud.com,CX_1,"https://fa-evvx-saasfaprod1.fa.ocs.oraclecloud.com/hcmRestApi/resources/latest/recruitingCEJobRequisitions?onlyData=true&finder=findReqs;siteNumber=CX_1,limit=100,offset=0,sortBy=POSTING_DATES_DESC&expand=requisitionList",https://fa-evvx-saasfaprod1.fa.ocs.oraclecloud.com/hcmUI/CandidateExperience/en/sites/CX_1,200,True,213,6729,Jumbo Bolter Operator - North Mine,Redpath Australia Pty Ltd,https://fa-evvx-saasfaprod1.fa.ocs.oraclecloud.com/hcmUI/CandidateExperience/en/sites/CX_1/job/6729,,1.64
3321,fa-evxo-saasfaprod1.fa.ocs.oraclecloud.com,CX_1,"https://fa-evxo-saasfaprod1.fa.ocs.oraclecloud.com/hcmRestApi/resources/latest/recruitingCEJobRequisitions?onlyData=true&finder=findReqs;siteNumber=CX_1,limit=100,offset=0,sortBy=POSTING_DATES_DESC&expand=requisitionList",https://fa-evxo-saasfaprod1.fa.ocs.oraclecloud.com/hcmUI/CandidateExperience/en/sites/CX_1,200,True,2528,129123,RN Cath Lab Seasonal,Community Health Systems,https://fa-evxo-saasfaprod1.fa.ocs.oraclecloud.com/hcmUI/CandidateExperience/en/sites/CX_1/job/129123,,2.16
3322,fa-evzu-saasfaprod1.fa.ocs.oraclecloud.com,CX_1,"https://fa-evzu-saasfaprod1.fa.ocs.oraclecloud.com/hcmRestApi/resources/latest/recruitingCEJobRequisitions?onlyData=true&finder=findReqs;siteNumber=CX_1,limit=100,offset=0,sortBy=POSTING_DATES_DESC&expand=requisitionList",https://fa-evzu-saasfaprod1.fa.ocs.oraclecloud.com/hcmUI/CandidateExperience/en/sites/CX_1,200,True,1074,212367,Physical Therapist - Hagerstown Rehab (Outpatient Clinic),WellSpan Medical Group,https://fa-evzu-saasfaprod1.fa.ocs.oraclecloud.com/hcmUI/CandidateExperience/en/sites/CX_1/job/212367,,1.60
3323,fa-ewbu-saasfaprod1.fa.ocs.oraclecloud.com,CX_1,"https://fa-ewbu-saasfaprod1.fa.ocs.oraclecloud.com/hcmRestApi/resources/latest/recruitingCEJobRequisitions?onlyData=true&finder=findReqs;siteNumber=CX_1,limit=100,offset=0,sortBy=POSTING_DATES_DESC&expand=requisitionList",https://fa-ewbu-saasfaprod1.fa.ocs.oraclecloud.com/hcmUI/CandidateExperience/en/sites/CX_1,200,True,232,3679,ONW HS Asst Cross Country,Unified School District #233 Johnson County State of Kansas,https://fa-ewbu-saasfaprod1.fa.ocs.oraclecloud.com/hcmUI/CandidateExperience/en/sites/CX_1/job/3679,,1.96
3324,fa-ewca-saasfaprod1.fa.ocs.oraclecloud.com,CX_1,"https://fa-ewca-saasfaprod1.fa.ocs.oraclecloud.com/hcmRestApi/resources/latest/recruitingCEJobRequisitions?onlyData=true&finder=findReqs;siteNumber=CX_1,limit=100,offset=0,sortBy=POSTING_DATES_DESC&expand=requisitionList",https://fa-ewca-saasfaprod1.fa.ocs.oraclecloud.com/hcmUI/CandidateExperience/en/sites/CX_1,200,True,134,2851,Learning Designer,University of Maine,https://fa-ewca-saasfaprod1.fa.ocs.oraclecloud.com/hcmUI/CandidateExperience/en/sites/CX_1/job/2851,,2.84
3325,fa-ewdg-saasfaprod1.fa.ocs.oraclecloud.com,CX_1,"https://fa-ewdg-saasfaprod1.fa.ocs.oraclecloud.com/hcmRestApi/resources/latest/recruitingCEJobRequisitions?onlyData=true&finder=findReqs;siteNumber=CX_1,limit=100,offset=0,sortBy=POSTING_DATES_DESC&expand=requisitionList",https://fa-ewdg-saasfaprod1.fa.ocs.oraclecloud.com/hcmUI/CandidateExperience/en/sites/CX_1,200,True,64,2594,Executivo de Vendas Hunter II,R&D,https://fa-ewdg-saasfaprod1.fa.ocs.oraclecloud.com/hcmUI/CandidateExperience/en/sites/CX_1/job/2594,,1.53
3326,fa-ewfb-saasfaprod1.fa.ocs.oraclecloud.com,CX_1,"https://fa-ewfb-saasfaprod1.fa.ocs.oraclecloud.com/hcmRestApi/resources/latest/recruitingCEJobRequisitions?onlyData=true&finder=findReqs;siteNumber=CX_1,limit=100,offset=0,sortBy=POSTING_DATES_DESC&expand=requisitionList",https://fa-ewfb-saasfaprod1.fa.ocs.oraclecloud.com/hcmUI/CandidateExperience/en/sites/CX_1,200,True,180,6050,"Nurse Specialist Angio Electrophysiology, Fulltime","Stamford Health, Inc.",https://fa-ewfb-saasfaprod1.fa.ocs.oraclecloud.com/hcmUI/CandidateExperience/en/sites/CX_1/job/6050,,1.39
3327,fa-ewgu-saasfaprod1.fa.ocs.oraclecloud.com,CX_2001,"https://fa-ewgu-saasfaprod1.fa.ocs.oraclecloud.com/hcmRestApi/resources/latest/recruitingCEJobRequisitions?onlyData=true&finder=findReqs;siteNumber=CX_2001,limit=100,offset=0,sortBy=POSTING_DATES_DESC&expand=requisitionList",https://fa-ewgu-saasfaprod1.fa.ocs.oraclecloud.com/hcmUI/CandidateExperience/en/sites/CX_2001,200,True,614,30869,Senior Commercial Property Underwriter,Chubb,https://fa-ewgu-saasfaprod1.fa.ocs.oraclecloud.com/hcmUI/CandidateExperience/en/sites/CX_2001/job/30869,,1.84
3328,fa-ewje-saasfaprod1.fa.ocs.oraclecloud.com,CX_1,"https://fa-ewje-saasfaprod1.fa.ocs.oraclecloud.com/hcmRestApi/resources/latest/recruitingCEJobRequisitions?onlyData=true&finder=findReqs;siteNumber=CX_1,limit=100,offset=0,sortBy=POSTING_DATES_DESC&expand=requisitionList",https://fa-ewje-saasfaprod1.fa.ocs.oraclecloud.com/hcmUI/CandidateExperience/en/sites/CX_1,200,True,38,1025,Pharmacy Tech II - Outpatient,Health Care District of Palm Beach County,https://fa-ewje-saasfaprod1.fa.ocs.oraclecloud.com/hcmUI/CandidateExperience/en/sites/CX_1/job/1025,,2.19
3329,fa-ewji-saasfaprod1.fa.ocs.oraclecloud.com,CX_1,"https://fa-ewji-saasfaprod1.fa.ocs.oraclecloud.com/hcmRestApi/resources/latest/recruitingCEJobRequisitions?onlyData=true&finder=findReqs;siteNumber=CX_1,limit=100,offset=0,sortBy=POSTING_DATES_DESC&expand=requisitionList",https://fa-ewji-saasfaprod1.fa.ocs.oraclecloud.com/hcmUI/CandidateExperience/en/sites/CX_1,200,True,593,84154,Associate Process Manager,eClerx Services Ltd,https://fa-ewji-saasfaprod1.fa.ocs.oraclecloud.com/hcmUI/CandidateExperience/en/sites/CX_1/job/84154,,1.76
3330,fa-ewjt-saasfaprod1.fa.ocs.oraclecloud.com,CX_2,"https://fa-ewjt-saasfaprod1.fa.ocs.oraclecloud.com/hcmRestApi/resources/latest/recruitingCEJobRequisitions?onlyData=true&finder=findReqs;siteNumber=CX_2,limit=100,offset=0,sortBy=POSTING_DATES_DESC&expand=requisitionList",https://fa-ewjt-saasfaprod1.fa.ocs.oraclecloud.com/hcmUI/CandidateExperience/en/sites/CX_2,200,True,3078,5301,Associate - Business Analyst-Creative Design-Graphic Design,exl Service.com (India) Private Limited,https://fa-ewjt-saasfaprod1.fa.ocs.oraclecloud.com/hcmUI/CandidateExperience/en/sites/CX_2/job/5301,,3.23
3331,fa-ewkd-saasfaprod1.fa.ocs.oraclecloud.com,CX_1,"https://fa-ewkd-saasfaprod1.fa.ocs.oraclecloud.com/hcmRestApi/resources/latest/recruitingCEJobRequisitions?onlyData=true&finder=findReqs;siteNumber=CX_1,limit=100,offset=0,sortBy=POSTING_DATES_DESC&expand=requisitionList",https://fa-ewkd-saasfaprod1.fa.ocs.oraclecloud.com/hcmUI/CandidateExperience/en/sites/CX_1,200,True,243,44079,Leadership and Student Organizations Coordinator,The University of South Florida Board of Trustees,https://fa-ewkd-saasfaprod1.fa.ocs.oraclecloud.com/hcmUI/CandidateExperience/en/sites/CX_1/job/44079,,1.47
3332,fa-ewlq-saasfaprod1.fa.ocs.oraclecloud.com,CX_1,"https://fa-ewlq-saasfaprod1.fa.ocs.oraclecloud.com/hcmRestApi/resources/latest/recruitingCEJobRequisitions?onlyData=true&finder=findReqs;siteNumber=CX_1,limit=100,offset=0,sortBy=POSTING_DATES_DESC&expand=requisitionList",https://fa-ewlq-saasfaprod1.fa.ocs.oraclecloud.com/hcmUI/CandidateExperience/en/sites/CX_1,200,True,510,9522,Open Rank Professor - Department of Diagnostic Sciences (College of Dentistry),UT Health Science Center BU,https://fa-ewlq-saasfaprod1.fa.ocs.oraclecloud.com/hcmUI/CandidateExperience/en/sites/CX_1/job/9522,,1.40
3333,fa-ewmy-saasfaprod1.fa.ocs.oraclecloud.com,CX_1,"https://fa-ewmy-saasfaprod1.fa.ocs.oraclecloud.com/hcmRestApi/resources/latest/recruitingCEJobRequisitions?onlyData=true&finder=findReqs;siteNumber=CX_1,limit=100,offset=0,sortBy=POSTING_DATES_DESC&expand=requisitionList",https://fa-ewmy-saasfaprod1.fa.ocs.oraclecloud.com/hcmUI/CandidateExperience/en/sites/CX_1,200,True,141,3845,Incident Manager,Verisk Analytics,https://fa-ewmy-saasfaprod1.fa.ocs.oraclecloud.com/hcmUI/CandidateExperience/en/sites/CX_1/job/3845,,1.55
3334,fa-ewpe-saasfaprod1.fa.ocs.oraclecloud.com,CX_1,"https://fa-ewpe-saasfaprod1.fa.ocs.oraclecloud.com/hcmRestApi/resources/latest/recruitingCEJobRequisitions?onlyData=true&finder=findReqs;siteNumber=CX_1,limit=100,offset=0,sortBy=POSTING_DATES_DESC&expand=requisitionList",https://fa-ewpe-saasfaprod1.fa.ocs.oraclecloud.com/hcmUI/CandidateExperience/en/sites/CX_1,200,True,1601,37650,RN-Acute Care Case Manager PRN Weekends,BMH Memphis Hospital,https://fa-ewpe-saasfaprod1.fa.ocs.oraclecloud.com/hcmUI/CandidateExperience/en/sites/CX_1/job/37650,,1.80
3335,fa-ewqy-saasfaprod1.fa.ocs.oraclecloud.com,CX_1,"https://fa-ewqy-saasfaprod1.fa.ocs.oraclecloud.com/hcmRestApi/resources/latest/recruitingCEJobRequisitions?onlyData=true&finder=findReqs;siteNumber=CX_1,limit=100,offset=0,sortBy=POSTING_DATES_DESC&expand=requisitionList",https://fa-ewqy-saasfaprod1.fa.ocs.oraclecloud.com/hcmUI/CandidateExperience/en/sites/CX_1,200,True,168,3289,Security Educator-Trainer-8200,Kingman Healthcare Inc.,https://fa-ewqy-saasfaprod1.fa.ocs.oraclecloud.com/hcmUI/CandidateExperience/en/sites/CX_1/job/3289,,1.47
3336,fa-ewrl-saasfaprod1.fa.ocs.oraclecloud.com,CX_1001,"https://fa-ewrl-saasfaprod1.fa.ocs.oraclecloud.com/hcmRestApi/resources/latest/recruitingCEJobRequisitions?onlyData=true&finder=findReqs;siteNumber=CX_1001,limit=100,offset=0,sortBy=POSTING_DATES_DESC&expand=requisitionList",https://fa-ewrl-saasfaprod1.fa.ocs.oraclecloud.com/hcmUI/CandidateExperience/en/sites/CX_1001,200,True,27,1791,"Supervisor, Food & Beverage",Fond du Lac Band of Lake Superior Chippewa,https://fa-ewrl-saasfaprod1.fa.ocs.oraclecloud.com/hcmUI/CandidateExperience/en/sites/CX_1001/job/1791,,2.11
3337,fa-exbd-saasfaprod1.fa.ocs.oraclecloud.com,CX_1,"https://fa-exbd-saasfaprod1.fa.ocs.oraclecloud.com/hcmRestApi/resources/latest/recruitingCEJobRequisitions?onlyData=true&finder=findReqs;siteNumber=CX_1,limit=100,offset=0,sortBy=POSTING_DATES_DESC&expand=requisitionList",https://fa-exbd-saasfaprod1.fa.ocs.oraclecloud.com/hcmUI/CandidateExperience/en/sites/CX_1,200,True,22,701,"Work and Asset Services Analyst I, II, III, or Senior",Tri-State Generation and Transmission Association,https://fa-exbd-saasfaprod1.fa.ocs.oraclecloud.com/hcmUI/CandidateExperience/en/sites/CX_1/job/701,,1.28
3338,fa-exco-saasfaprod1.fa.ocs.oraclecloud.com,CX_1,"https://fa-exco-saasfaprod1.fa.ocs.oraclecloud.com/hcmRestApi/resources/latest/recruitingCEJobRequisitions?onlyData=true&finder=findReqs;siteNumber=CX_1,limit=100,offset=0,sortBy=POSTING_DATES_DESC&expand=requisitionList",https://fa-exco-saasfaprod1.fa.ocs.oraclecloud.com/hcmUI/CandidateExperience/en/sites/CX_1,200,True,28,1852,"Court Operations Associate, Wright County, Civil/Family/Child Protection/Probate Division",District 1,https://fa-exco-saasfaprod1.fa.ocs.oraclecloud.com/hcmUI/CandidateExperience/en/sites/CX_1/job/1852,,1.84
3339,fa-exdf-saasfaprod1.fa.ocs.oraclecloud.com,CX_1001,"https://fa-exdf-saasfaprod1.fa.ocs.oraclecloud.com/hcmRestApi/resources/latest/recruitingCEJobRequisitions?onlyData=true&finder=findReqs;siteNumber=CX_1001,limit=100,offset=0,sortBy=POSTING_DATES_DESC&expand=requisitionList",https://fa-exdf-saasfaprod1.fa.ocs.oraclecloud.com/hcmUI/CandidateExperience/en/sites/CX_1001,200,True,4,165,Senior Software Engineer,"Management Science Associates, Inc.",https://fa-exdf-saasfaprod1.fa.ocs.oraclecloud.com/hcmUI/CandidateExperience/en/sites/CX_1001/job/165,,1.73
3340,fa-exdv-saasfaprod1.fa.ocs.oraclecloud.com,CX_1,"https://fa-exdv-saasfaprod1.fa.ocs.oraclecloud.com/hcmRestApi/resources/latest/recruitingCEJobRequisitions?onlyData=true&finder=findReqs;siteNumber=CX_1,limit=100,offset=0,sortBy=POSTING_DATES_DESC&expand=requisitionList",https://fa-exdv-saasfaprod1.fa.ocs.oraclecloud.com/hcmUI/CandidateExperience/en/sites/CX_1,200,True,69,11941,Senior Event Planner,Westfield,https://fa-exdv-saasfaprod1.fa.ocs.oraclecloud.com/hcmUI/CandidateExperience/en/sites/CX_1/job/11941,,2.02
3341,fa-exew-saasfaprod1.fa.ocs.oraclecloud.com,CX_1,"https://fa-exew-saasfaprod1.fa.ocs.oraclecloud.com/hcmRestApi/resources/latest/recruitingCEJobRequisitions?onlyData=true&finder=findReqs;siteNumber=CX_1,limit=100,offset=0,sortBy=POSTING_DATES_DESC&expand=requisitionList",https://fa-exew-saasfaprod1.fa.ocs.oraclecloud.com/hcmUI/CandidateExperience/en/sites/CX_1,200,True,444,10344,Yard Operations Team Leader,RBG USA BU,https://fa-exew-saasfaprod1.fa.ocs.oraclecloud.com/hcmUI/CandidateExperience/en/sites/CX_1/job/10344,,1.71
3342,fa-exgl-saasfaprod1.fa.ocs.oraclecloud.com,CX_1,"https://fa-exgl-saasfaprod1.fa.ocs.oraclecloud.com/hcmRestApi/resources/latest/recruitingCEJobRequisitions?onlyData=true&finder=findReqs;siteNumber=CX_1,limit=100,offset=0,sortBy=POSTING_DATES_DESC&expand=requisitionList",https://fa-exgl-saasfaprod1.fa.ocs.oraclecloud.com/hcmUI/CandidateExperience/en/sites/CX_1,200,True,97,22235,Full-Time Strength Coach - GSH Sports Performance,GS,https://fa-exgl-saasfaprod1.fa.ocs.oraclecloud.com/hcmUI/CandidateExperience/en/sites/CX_1/job/22235,,1.96
3343,fa-exhh-saasfaprod1.fa.ocs.oraclecloud.com,CX_2002,"https://fa-exhh-saasfaprod1.fa.ocs.oraclecloud.com/hcmRestApi/resources/latest/recruitingCEJobRequisitions?onlyData=true&finder=findReqs;siteNumber=CX_2002,limit=100,offset=0,sortBy=POSTING_DATES_DESC&expand=requisitionList",https://fa-exhh-saasfaprod1.fa.ocs.oraclecloud.com/hcmUI/CandidateExperience/en/sites/CX_2002,200,True,280,72779,Associate Account Manager,"Staples, Inc",https://fa-exhh-saasfaprod1.fa.ocs.oraclecloud.com/hcmUI/CandidateExperience/en/sites/CX_2002/job/72779,,1.60
3344,fa-exjq-saasfaprod1.fa.ocs.oraclecloud.com,CX_1,"https://fa-exjq-saasfaprod1.fa.ocs.oraclecloud.com/hcmRestApi/resources/latest/recruitingCEJobRequisitions?onlyData=true&finder=findReqs;siteNumber=CX_1,limit=100,offset=0,sortBy=POSTING_DATES_DESC&expand=requisitionList",https://fa-exjq-saasfaprod1.fa.ocs.oraclecloud.com/hcmUI/CandidateExperience/en/sites/CX_1,200,True,19,USA40085750,Senior Procurement Specialist I,SHN_Region_101412,https://fa-exjq-saasfaprod1.fa.ocs.oraclecloud.com/hcmUI/CandidateExperience/en/sites/CX_1/job/USA40085750,,2.10
3345,fa-exki-saasfaprod1.fa.ocs.oraclecloud.com,CX_1,"https://fa-exki-saasfaprod1.fa.ocs.oraclecloud.com/hcmRestApi/resources/latest/recruitingCEJobRequisitions?onlyData=true&finder=findReqs;siteNumber=CX_1,limit=100,offset=0,sortBy=POSTING_DATES_DESC&expand=requisitionList",https://fa-exki-saasfaprod1.fa.ocs.oraclecloud.com/hcmUI/CandidateExperience/en/sites/CX_1,200,True,15,28054,"Logistics Associate, Greater China","Fanatics Collectibles (Shanghai) Co., Ltd.",https://fa-exki-saasfaprod1.fa.ocs.oraclecloud.com/hcmUI/CandidateExperience/en/sites/CX_1/job/28054,,1.73
3346,fa-exkk-saasfaprod1.fa.ocs.oraclecloud.com,CX_1,"https://fa-exkk-saasfaprod1.fa.ocs.oraclecloud.com/hcmRestApi/resources/latest/recruitingCEJobRequisitions?onlyData=true&finder=findReqs;siteNumber=CX_1,limit=100,offset=0,sortBy=POSTING_DATES_DESC&expand=requisitionList",https://fa-exkk-saasfaprod1.fa.ocs.oraclecloud.com/hcmUI/CandidateExperience/en/sites/CX_1,200,True,39,1704,Assistant Manager (Senior Librarian),DPR SPREC Countywide Sports and Classes,https://fa-exkk-saasfaprod1.fa.ocs.oraclecloud.com/hcmUI/CandidateExperience/en/sites/CX_1/job/1704,,1.49
3347,fa-exmi-saasfaprod1.fa.ocs.oraclecloud.com,CX_1,"https://fa-exmi-saasfaprod1.fa.ocs.oraclecloud.com/hcmRestApi/resources/latest/recruitingCEJobRequisitions?onlyData=true&finder=findReqs;siteNumber=CX_1,limit=100,offset=0,sortBy=POSTING_DATES_DESC&expand=requisitionList",https://fa-exmi-saasfaprod1.fa.ocs.oraclecloud.com/hcmUI/CandidateExperience/en/sites/CX_1,200,True,277,106381,Engenheiro de Aplicação 2/Subsea,Weatherford,https://fa-exmi-saasfaprod1.fa.ocs.oraclecloud.com/hcmUI/CandidateExperience/en/sites/CX_1/job/106381,,1.48
3348,fa-exna-saasfaprod1.fa.ocs.oraclecloud.com,CX_1,"https://fa-exna-saasfaprod1.fa.ocs.oraclecloud.com/hcmRestApi/resources/latest/recruitingCEJobRequisitions?onlyData=true&finder=findReqs;siteNumber=CX_1,limit=100,offset=0,sortBy=POSTING_DATES_DESC&expand=requisitionList",https://fa-exna-saasfaprod1.fa.ocs.oraclecloud.com/hcmUI/CandidateExperience/en/sites/CX_1,200,True,70,2603,"Teacher - ESE Interrelated ELA (2026-2027 SY), Eagle's Landing Middle",Henry County Schools,https://fa-exna-saasfaprod1.fa.ocs.oraclecloud.com/hcmUI/CandidateExperience/en/sites/CX_1/job/2603,,1.11
3349,fa-exrr-saasfaprod1.fa.ocs.oraclecloud.com,CX_1,"https://fa-exrr-saasfaprod1.fa.ocs.oraclecloud.com/hcmRestApi/resources/latest/recruitingCEJobRequisitions?onlyData=true&finder=findReqs;siteNumber=CX_1,limit=100,offset=0,sortBy=POSTING_DATES_DESC&expand=requisitionList",https://fa-exrr-saasfaprod1.fa.ocs.oraclecloud.com/hcmUI/CandidateExperience/en/sites/CX_1,200,True,464,53727,High Voltage Project Manager- Data Center,"Layton Construction Company, LLC",https://fa-exrr-saasfaprod1.fa.ocs.oraclecloud.com/hcmUI/CandidateExperience/en/sites/CX_1/job/53727,,2.22
3350,fa-extu-saasfaprod1.fa.ocs.oraclecloud.com,CX_1,"https://fa-extu-saasfaprod1.fa.ocs.oraclecloud.com/hcmRestApi/resources/latest/recruitingCEJobRequisitions?onlyData=true&finder=findReqs;siteNumber=CX_1,limit=100,offset=0,sortBy=POSTING_DATES_DESC&expand=requisitionList",https://fa-extu-saasfaprod1.fa.ocs.oraclecloud.com/hcmUI/CandidateExperience/en/sites/CX_1,200,True,219,2110,Principal Software Engineer,SRE Compute,https://fa-extu-saasfaprod1.fa.ocs.oraclecloud.com/hcmUI/CandidateExperience/en/sites/CX_1/job/2110,,1.31
3351,fa-exty-saasfaprod1.fa.ocs.oraclecloud.com,CX_1,"https://fa-exty-saasfaprod1.fa.ocs.oraclecloud.com/hcmRestApi/resources/latest/recruitingCEJobRequisitions?onlyData=true&finder=findReqs;siteNumber=CX_1,limit=100,offset=0,sortBy=POSTING_DATES_DESC&expand=requisitionList",https://fa-exty-saasfaprod1.fa.ocs.oraclecloud.com/hcmUI/CandidateExperience/en/sites/CX_1,200,True,754,117506,Production Trainee,HOWMET ENGINE SYSTEMS,https://fa-exty-saasfaprod1.fa.ocs.oraclecloud.com/hcmUI/CandidateExperience/en/sites/CX_1/job/117506,,1.51
3352,fa-exvu-saasfaprod1.fa.ocs.oraclecloud.com,CX_1,"https://fa-exvu-saasfaprod1.fa.ocs.oraclecloud.com/hcmRestApi/resources/latest/recruitingCEJobRequisitions?onlyData=true&finder=findReqs;siteNumber=CX_1,limit=100,offset=0,sortBy=POSTING_DATES_DESC&expand=requisitionList",https://fa-exvu-saasfaprod1.fa.ocs.oraclecloud.com/hcmUI/CandidateExperience/en/sites/CX_1,200,True,113,260426,AVP Forecasting Planning and Analysis,00301 | Cybersecurity - US,https://fa-exvu-saasfaprod1.fa.ocs.oraclecloud.com/hcmUI/CandidateExperience/en/sites/CX_1/job/260426,,1.85
3353,fa-exvv-saasfaprod1.fa.ocs.oraclecloud.com,CX_1,"https://fa-exvv-saasfaprod1.fa.ocs.oraclecloud.com/hcmRestApi/resources/latest/recruitingCEJobRequisitions?onlyData=true&finder=findReqs;siteNumber=CX_1,limit=100,offset=0,sortBy=POSTING_DATES_DESC&expand=requisitionList",https://fa-exvv-saasfaprod1.fa.ocs.oraclecloud.com/hcmUI/CandidateExperience/en/sites/CX_1,200,True,1,1111,"Manager, Risk and Assurance AI Transformation",Hudson Advisors,https://fa-exvv-saasfaprod1.fa.ocs.oraclecloud.com/hcmUI/CandidateExperience/en/sites/CX_1/job/1111,,1.66
3354,fa-exxm-saasfaprod1.fa.ocs.oraclecloud.com,CX_2,"https://fa-exxm-saasfaprod1.fa.ocs.oraclecloud.com/hcmRestApi/resources/latest/recruitingCEJobRequisitions?onlyData=true&finder=findReqs;siteNumber=CX_2,limit=100,offset=0,sortBy=POSTING_DATES_DESC&expand=requisitionList",https://fa-exxm-saasfaprod1.fa.ocs.oraclecloud.com/hcmUI/CandidateExperience/en/sites/CX_2,200,True,8,4696,Sr. Corporate Accountant,SFPH,https://fa-exxm-saasfaprod1.fa.ocs.oraclecloud.com/hcmUI/CandidateExperience/en/sites/CX_2/job/4696,,1.35
3355,fa-eyau-saasfaprod1.fa.ocs.oraclecloud.com,CX_1,"https://fa-eyau-saasfaprod1.fa.ocs.oraclecloud.com/hcmRestApi/resources/latest/recruitingCEJobRequisitions?onlyData=true&finder=findReqs;siteNumber=CX_1,limit=100,offset=0,sortBy=POSTING_DATES_DESC&expand=requisitionList",https://fa-eyau-saasfaprod1.fa.ocs.oraclecloud.com/hcmUI/CandidateExperience/en/sites/CX_1,200,True,61,1886,Oracle Cloud SCM Delivery Architect,ORC - Oracle,https://fa-eyau-saasfaprod1.fa.ocs.oraclecloud.com/hcmUI/CandidateExperience/en/sites/CX_1/job/1886,,1.64
3356,fa-eyem-saasfaprod1.fa.ocs.oraclecloud.com,CX_1,"https://fa-eyem-saasfaprod1.fa.ocs.oraclecloud.com/hcmRestApi/resources/latest/recruitingCEJobRequisitions?onlyData=true&finder=findReqs;siteNumber=CX_1,limit=100,offset=0,sortBy=POSTING_DATES_DESC&expand=requisitionList",https://fa-eyem-saasfaprod1.fa.ocs.oraclecloud.com/hcmUI/CandidateExperience/en/sites/CX_1,200,True,183,1001644,PURCHASING DIRECTOR,"NABORS DRILLING TECHNOLOGIES USA, INC.",https://fa-eyem-saasfaprod1.fa.ocs.oraclecloud.com/hcmUI/CandidateExperience/en/sites/CX_1/job/1001644,,1.79
3357,fa-eygi-saasfaprod1.fa.ocs.oraclecloud.com,CX_1,"https://fa-eygi-saasfaprod1.fa.ocs.oraclecloud.com/hcmRestApi/resources/latest/recruitingCEJobRequisitions?onlyData=true&finder=findReqs;siteNumber=CX_1,limit=100,offset=0,sortBy=POSTING_DATES_DESC&expand=requisitionList",https://fa-eygi-saasfaprod1.fa.ocs.oraclecloud.com/hcmUI/CandidateExperience/en/sites/CX_1,200,True,53,25921,Administrative Services Coordinator II,A10000 - Tennessee Technological University Consolidated,https://fa-eygi-saasfaprod1.fa.ocs.oraclecloud.com/hcmUI/CandidateExperience/en/sites/CX_1/job/25921,,1.54
3358,fa-eygo-saasfaprod1.fa.ocs.oraclecloud.com,CX_2001,"https://fa-eygo-saasfaprod1.fa.ocs.oraclecloud.com/hcmRestApi/resources/latest/recruitingCEJobRequisitions?onlyData=true&finder=findReqs;siteNumber=CX_2001,limit=100,offset=0,sortBy=POSTING_DATES_DESC&expand=requisitionList",https://fa-eygo-saasfaprod1.fa.ocs.oraclecloud.com/hcmUI/CandidateExperience/en/sites/CX_2001,200,True,79,43321,Design Engineer,Building Products,https://fa-eygo-saasfaprod1.fa.ocs.oraclecloud.com/hcmUI/CandidateExperience/en/sites/CX_2001/job/43321,,2.38
3359,fa-eyip-saasfaprod1.fa.ocs.oraclecloud.com,CX_4001,"https://fa-eyip-saasfaprod1.fa.ocs.oraclecloud.com/hcmRestApi/resources/latest/recruitingCEJobRequisitions?onlyData=true&finder=findReqs;siteNumber=CX_4001,limit=100,offset=0,sortBy=POSTING_DATES_DESC&expand=requisitionList",https://fa-eyip-saasfaprod1.fa.ocs.oraclecloud.com/hcmUI/CandidateExperience/en/sites/CX_4001,200,True,416,20251761,Medical Physicist,St. Joseph's Health,https://fa-eyip-saasfaprod1.fa.ocs.oraclecloud.com/hcmUI/CandidateExperience/en/sites/CX_4001/job/20251761,,1.25
3388,fda.fa.us1.oraclecloud.com,CX_1,"https://fda.fa.us1.oraclecloud.com/hcmRestApi/resources/latest/recruitingCEJobRequisitions?onlyData=true&finder=findReqs;siteNumber=CX_1,limit=100,offset=0,sortBy=POSTING_DATES_DESC&expand=requisitionList",https://fda.fa.us1.oraclecloud.com/hcmUI/CandidateExperience/en/sites/CX_1,200,True,133,2075,Shop Crane Tech Trainee,"The Manitowoc Company, Inc.",https://fda.fa.us1.oraclecloud.com/hcmUI/CandidateExperience/en/sites/CX_1/job/2075,,2.09
3815,hbap.fa.us1.oraclecloud.com,CX_1,"https://hbap.fa.us1.oraclecloud.com/hcmRestApi/resources/latest/recruitingCEJobRequisitions?onlyData=true&finder=findReqs;siteNumber=CX_1,limit=100,offset=0,sortBy=POSTING_DATES_DESC&expand=requisitionList",https://hbap.fa.us1.oraclecloud.com/hcmUI/CandidateExperience/en/sites/CX_1,200,True,96,14114,"Category Manager, Commercial Procurement",Commercial,https://hbap.fa.us1.oraclecloud.com/hcmUI/CandidateExperience/en/sites/CX_1/job/14114,,1.85
3816,hbbq.fa.us2.oraclecloud.com,CX_1,"https://hbbq.fa.us2.oraclecloud.com/hcmRestApi/resources/latest/recruitingCEJobRequisitions?onlyData=true&finder=findReqs;siteNumber=CX_1,limit=100,offset=0,sortBy=POSTING_DATES_DESC&expand=requisitionList",https://hbbq.fa.us2.oraclecloud.com/hcmUI/CandidateExperience/en/sites/CX_1,200,True,125,4671,Surveyor I,141710.OPS-US-GOV,https://hbbq.fa.us2.oraclecloud.com/hcmUI/CandidateExperience/en/sites/CX_1/job/4671,,2.10
3819,hcal.fa.us2.oraclecloud.com,CX_1001,"https://hcal.fa.us2.oraclecloud.com/hcmRestApi/resources/latest/recruitingCEJobRequisitions?onlyData=true&finder=findReqs;siteNumber=CX_1001,limit=100,offset=0,sortBy=POSTING_DATES_DESC&expand=requisitionList",https://hcal.fa.us2.oraclecloud.com/hcmUI/CandidateExperience/en/sites/CX_1001,200,True,62,2329,Export Trade Compliance Manager,Subaru USA,https://hcal.fa.us2.oraclecloud.com/hcmUI/CandidateExperience/en/sites/CX_1001/job/2329,,1.83
3821,hcbo.fa.us2.oraclecloud.com,CX_1,"https://hcbo.fa.us2.oraclecloud.com/hcmRestApi/resources/latest/recruitingCEJobRequisitions?onlyData=true&finder=findReqs;siteNumber=CX_1,limit=100,offset=0,sortBy=POSTING_DATES_DESC&expand=requisitionList",https://hcbo.fa.us2.oraclecloud.com/hcmUI/CandidateExperience/en/sites/CX_1,200,True,169,302550,Final Test Technician I,450-Machine Shop,https://hcbo.fa.us2.oraclecloud.com/hcmUI/CandidateExperience/en/sites/CX_1/job/302550,,1.86
3822,hccg.fa.us2.oraclecloud.com,CX,"https://hccg.fa.us2.oraclecloud.com/hcmRestApi/resources/latest/recruitingCEJobRequisitions?onlyData=true&finder=findReqs;siteNumber=CX,limit=100,offset=0,sortBy=POSTING_DATES_DESC&expand=requisitionList",https://hccg.fa.us2.oraclecloud.com/hcmUI/CandidateExperience/en/sites/CX,200,True,20,1477,PMHA Operator,NA Region (US),https://hccg.fa.us2.oraclecloud.com/hcmUI/CandidateExperience/en/sites/CX/job/1477,,1.26
3825,hccz.fa.em3.oraclecloud.com,CX_2,"https://hccz.fa.em3.oraclecloud.com/hcmRestApi/resources/latest/recruitingCEJobRequisitions?onlyData=true&finder=findReqs;siteNumber=CX_2,limit=100,offset=0,sortBy=POSTING_DATES_DESC&expand=requisitionList",https://hccz.fa.em3.oraclecloud.com/hcmUI/CandidateExperience/en/sites/CX_2,200,True,426,24289,"Lead, Data Analytics & Business Intelligence",Pearson,https://hccz.fa.em3.oraclecloud.com/hcmUI/CandidateExperience/en/sites/CX_2/job/24289,,1.75
3828,hcex.fa.us2.oraclecloud.com,CX_3,"https://hcex.fa.us2.oraclecloud.com/hcmRestApi/resources/latest/recruitingCEJobRequisitions?onlyData=true&finder=findReqs;siteNumber=CX_3,limit=100,offset=0,sortBy=POSTING_DATES_DESC&expand=requisitionList",https://hcex.fa.us2.oraclecloud.com/hcmUI/CandidateExperience/en/sites/CX_3,200,True,11,482,QMS Documentation Specialist,Telamon Corporation,https://hcex.fa.us2.oraclecloud.com/hcmUI/CandidateExperience/en/sites/CX_3/job/482,,1.75
3829,hcfa.fa.us2.oraclecloud.com,CX,"https://hcfa.fa.us2.oraclecloud.com/hcmRestApi/resources/latest/recruitingCEJobRequisitions?onlyData=true&finder=findReqs;siteNumber=CX,limit=100,offset=0,sortBy=POSTING_DATES_DESC&expand=requisitionList",https://hcfa.fa.us2.oraclecloud.com/hcmUI/CandidateExperience/en/sites/CX,200,True,89,8199,Maintenance Engineer,Operations,https://hcfa.fa.us2.oraclecloud.com/hcmUI/CandidateExperience/en/sites/CX/job/8199,,1.26
3831,hcgn.fa.us2.oraclecloud.com,CX_1,"https://hcgn.fa.us2.oraclecloud.com/hcmRestApi/resources/latest/recruitingCEJobRequisitions?onlyData=true&finder=findReqs;siteNumber=CX_1,limit=100,offset=0,sortBy=POSTING_DATES_DESC&expand=requisitionList",https://hcgn.fa.us2.oraclecloud.com/hcmUI/CandidateExperience/en/sites/CX_1,200,True,469,46883,Director of Customer Experience – Commercial Banking,"Citizens Financial Group, Inc.",https://hcgn.fa.us2.oraclecloud.com/hcmUI/CandidateExperience/en/sites/CX_1/job/46883,,1.79
3832,hcib.fa.us2.oraclecloud.com,CX_1001,"https://hcib.fa.us2.oraclecloud.com/hcmRestApi/resources/latest/recruitingCEJobRequisitions?onlyData=true&finder=findReqs;siteNumber=CX_1001,limit=100,offset=0,sortBy=POSTING_DATES_DESC&expand=requisitionList",https://hcib.fa.us2.oraclecloud.com/hcmUI/CandidateExperience/en/sites/CX_1001,200,True,245,16210,Structural Architectural Supervisor,Projects,https://hcib.fa.us2.oraclecloud.com/hcmUI/CandidateExperience/en/sites/CX_1001/job/16210,,1.87
3833,hcjy.fa.us2.oraclecloud.com,CX_1,"https://hcjy.fa.us2.oraclecloud.com/hcmRestApi/resources/latest/recruitingCEJobRequisitions?onlyData=true&finder=findReqs;siteNumber=CX_1,limit=100,offset=0,sortBy=POSTING_DATES_DESC&expand=requisitionList",https://hcjy.fa.us2.oraclecloud.com/hcmUI/CandidateExperience/en/sites/CX_1,200,True,276,12014,DevOps Engineer,CVI,https://hcjy.fa.us2.oraclecloud.com/hcmUI/CandidateExperience/en/sites/CX_1/job/12014,,1.76
3834,hckd.fa.us2.oraclecloud.com,CX_1,"https://hckd.fa.us2.oraclecloud.com/hcmRestApi/resources/latest/recruitingCEJobRequisitions?onlyData=true&finder=findReqs;siteNumber=CX_1,limit=100,offset=0,sortBy=POSTING_DATES_DESC&expand=requisitionList",https://hckd.fa.us2.oraclecloud.com/hcmUI/CandidateExperience/en/sites/CX_1,200,True,412,2038733,"Principal Architect, Enterprise - AI Transformation/SaaS/PaaS - Remote","Molina Healthcare, Inc.",https://hckd.fa.us2.oraclecloud.com/hcmUI/CandidateExperience/en/sites/CX_1/job/2038733,,1.55
3835,hcml.fa.us2.oraclecloud.com,CX_2,"https://hcml.fa.us2.oraclecloud.com/hcmRestApi/resources/latest/recruitingCEJobRequisitions?onlyData=true&finder=findReqs;siteNumber=CX_2,limit=100,offset=0,sortBy=POSTING_DATES_DESC&expand=requisitionList",https://hcml.fa.us2.oraclecloud.com/hcmUI/CandidateExperience/en/sites/CX_2,200,True,3567,23006,Social Media Coordinator,"02000 Queens Ctr, Elmhurst, NY",https://hcml.fa.us2.oraclecloud.com/hcmUI/CandidateExperience/en/sites/CX_2/job/23006,,1.59
3837,hcnz.fa.us2.oraclecloud.com,CX_1001,"https://hcnz.fa.us2.oraclecloud.com/hcmRestApi/resources/latest/recruitingCEJobRequisitions?onlyData=true&finder=findReqs;siteNumber=CX_1001,limit=100,offset=0,sortBy=POSTING_DATES_DESC&expand=requisitionList",https://hcnz.fa.us2.oraclecloud.com/hcmUI/CandidateExperience/en/sites/CX_1001,200,True,133,3398,Regional Controller Europe & Africa,Audit Delivery_Unit,https://hcnz.fa.us2.oraclecloud.com/hcmUI/CandidateExperience/en/sites/CX_1001/job/3398,,1.66
3838,hcog.fa.em2.oraclecloud.com,CX_1,"https://hcog.fa.em2.oraclecloud.com/hcmRestApi/resources/latest/recruitingCEJobRequisitions?onlyData=true&finder=findReqs;siteNumber=CX_1,limit=100,offset=0,sortBy=POSTING_DATES_DESC&expand=requisitionList",https://hcog.fa.em2.oraclecloud.com/hcmUI/CandidateExperience/en/sites/CX_1,200,True,297,15344,Geotechnical Lab Technician,USA47:Professional Service Industries Inc,https://hcog.fa.em2.oraclecloud.com/hcmUI/CandidateExperience/en/sites/CX_1/job/15344,,2.25
3839,hcor.fa.us2.oraclecloud.com,CX_1,"https://hcor.fa.us2.oraclecloud.com/hcmRestApi/resources/latest/recruitingCEJobRequisitions?onlyData=true&finder=findReqs;siteNumber=CX_1,limit=100,offset=0,sortBy=POSTING_DATES_DESC&expand=requisitionList",https://hcor.fa.us2.oraclecloud.com/hcmUI/CandidateExperience/en/sites/CX_1,200,True,35,4456,Server (part-time),Midmark Corporation,https://hcor.fa.us2.oraclecloud.com/hcmUI/CandidateExperience/en/sites/CX_1/job/4456,,2.18
3840,hcpd.fa.ca2.oraclecloud.com,CX_1,"https://hcpd.fa.ca2.oraclecloud.com/hcmRestApi/resources/latest/recruitingCEJobRequisitions?onlyData=true&finder=findReqs;siteNumber=CX_1,limit=100,offset=0,sortBy=POSTING_DATES_DESC&expand=requisitionList",https://hcpd.fa.ca2.oraclecloud.com/hcmUI/CandidateExperience/en/sites/CX_1,200,True,670,11520,Office Administrator,Kent Building Supplies,https://hcpd.fa.ca2.oraclecloud.com/hcmUI/CandidateExperience/en/sites/CX_1/job/11520,,1.67
3841,hcps.fa.us2.oraclecloud.com,CX_1,"https://hcps.fa.us2.oraclecloud.com/hcmRestApi/resources/latest/recruitingCEJobRequisitions?onlyData=true&finder=findReqs;siteNumber=CX_1,limit=100,offset=0,sortBy=POSTING_DATES_DESC&expand=requisitionList",https://hcps.fa.us2.oraclecloud.com/hcmUI/CandidateExperience/en/sites/CX_1,200,True,56,442,Husbandry Technician - Animal Care,Creighton University,https://hcps.fa.us2.oraclecloud.com/hcmUI/CandidateExperience/en/sites/CX_1/job/442,,2.03
3843,hcqq.fa.us2.oraclecloud.com,CX_5004,"https://hcqq.fa.us2.oraclecloud.com/hcmRestApi/resources/latest/recruitingCEJobRequisitions?onlyData=true&finder=findReqs;siteNumber=CX_5004,limit=100,offset=0,sortBy=POSTING_DATES_DESC&expand=requisitionList",https://hcqq.fa.us2.oraclecloud.com/hcmUI/CandidateExperience/en/sites/CX_5004,200,True,571,41138,Prep Cook,Restoration Hardware Enterprise,https://hcqq.fa.us2.oraclecloud.com/hcmUI/CandidateExperience/en/sites/CX_5004/job/41138,,2.30
3846,hcsb.fa.us2.oraclecloud.com,CX_1,"https://hcsb.fa.us2.oraclecloud.com/hcmRestApi/resources/latest/recruitingCEJobRequisitions?onlyData=true&finder=findReqs;siteNumber=CX_1,limit=100,offset=0,sortBy=POSTING_DATES_DESC&expand=requisitionList",https://hcsb.fa.us2.oraclecloud.com/hcmUI/CandidateExperience/en/sites/CX_1,200,True,67,2209551,Parts Room Tech I,Setup Enterprise,https://hcsb.fa.us2.oraclecloud.com/hcmUI/CandidateExperience/en/sites/CX_1/job/2209551,,1.48
3849,hctq.fa.us2.oraclecloud.com,CX_1,"https://hctq.fa.us2.oraclecloud.com/hcmRestApi/resources/latest/recruitingCEJobRequisitions?onlyData=true&finder=findReqs;siteNumber=CX_1,limit=100,offset=0,sortBy=POSTING_DATES_DESC&expand=requisitionList",https://hctq.fa.us2.oraclecloud.com/hcmUI/CandidateExperience/en/sites/CX_1,200,True,29,376,Foreign Patent Prosecution Paralegal,Cozen O'Connor Corporation,https://hctq.fa.us2.oraclecloud.com/hcmUI/CandidateExperience/en/sites/CX_1/job/376,,1.91
3850,hctz.fa.us2.oraclecloud.com,CX_1001,"https://hctz.fa.us2.oraclecloud.com/hcmRestApi/resources/latest/recruitingCEJobRequisitions?onlyData=true&finder=findReqs;siteNumber=CX_1001,limit=100,offset=0,sortBy=POSTING_DATES_DESC&expand=requisitionList",https://hctz.fa.us2.oraclecloud.com/hcmUI/CandidateExperience/en/sites/CX_1001,200,True,668,2505933,Směnový technolog,"151 Semiconductor Components Industries, LLC",https://hctz.fa.us2.oraclecloud.com/hcmUI/CandidateExperience/en/sites/CX_1001/job/2505933,,1.84
3851,hcug.fa.us2.oraclecloud.com,CX_2001,"https://hcug.fa.us2.oraclecloud.com/hcmRestApi/resources/latest/recruitingCEJobRequisitions?onlyData=true&finder=findReqs;siteNumber=CX_2001,limit=100,offset=0,sortBy=POSTING_DATES_DESC&expand=requisitionList",https://hcug.fa.us2.oraclecloud.com/hcmUI/CandidateExperience/en/sites/CX_2001,200,True,87,2004898,"Supervisor, Production Operations","Albany Molecular Research, Inc.",https://hcug.fa.us2.oraclecloud.com/hcmUI/CandidateExperience/en/sites/CX_2001/job/2004898,,1.74
3852,hcut.fa.ap2.oraclecloud.com,CX_1,"https://hcut.fa.ap2.oraclecloud.com/hcmRestApi/resources/latest/recruitingCEJobRequisitions?onlyData=true&finder=findReqs;siteNumber=CX_1,limit=100,offset=0,sortBy=POSTING_DATES_DESC&expand=requisitionList",https://hcut.fa.ap2.oraclecloud.com/hcmUI/CandidateExperience/en/sites/CX_1,200,True,100,4501,"Specialist, Program Management",APL Logistics Ltd,https://hcut.fa.ap2.oraclecloud.com/hcmUI/CandidateExperience/en/sites/CX_1/job/4501,,3.85
3853,hcwp.fa.us2.oraclecloud.com,CX_1,"https://hcwp.fa.us2.oraclecloud.com/hcmRestApi/resources/latest/recruitingCEJobRequisitions?onlyData=true&finder=findReqs;siteNumber=CX_1,limit=100,offset=0,sortBy=POSTING_DATES_DESC&expand=requisitionList",https://hcwp.fa.us2.oraclecloud.com/hcmUI/CandidateExperience/en/sites/CX_1,200,True,253,2013977,Senior Crystal Growth Engineer,Coherent Corp.,https://hcwp.fa.us2.oraclecloud.com/hcmUI/CandidateExperience/en/sites/CX_1/job/2013977,,2.12
3854,hcwt.fa.us2.oraclecloud.com,CX,"https://hcwt.fa.us2.oraclecloud.com/hcmRestApi/resources/latest/recruitingCEJobRequisitions?onlyData=true&finder=findReqs;siteNumber=CX,limit=100,offset=0,sortBy=POSTING_DATES_DESC&expand=requisitionList",https://hcwt.fa.us2.oraclecloud.com/hcmUI/CandidateExperience/en/sites/CX,200,True,83,25038,Payroll Systems Senior Program Manager,DIAM,https://hcwt.fa.us2.oraclecloud.com/hcmUI/CandidateExperience/en/sites/CX/job/25038,,1.24
3855,hcwx.fa.us2.oraclecloud.com,CX_3001,"https://hcwx.fa.us2.oraclecloud.com/hcmRestApi/resources/latest/recruitingCEJobRequisitions?onlyData=true&finder=findReqs;siteNumber=CX_3001,limit=100,offset=0,sortBy=POSTING_DATES_DESC&expand=requisitionList",https://hcwx.fa.us2.oraclecloud.com/hcmUI/CandidateExperience/en/sites/CX_3001,200,True,567,14551,Construction Manager,WTI Division,https://hcwx.fa.us2.oraclecloud.com/hcmUI/CandidateExperience/en/sites/CX_3001/job/14551,,1.73
3856,hcxs.fa.us2.oraclecloud.com,CX_1,"https://hcxs.fa.us2.oraclecloud.com/hcmRestApi/resources/latest/recruitingCEJobRequisitions?onlyData=true&finder=findReqs;siteNumber=CX_1,limit=100,offset=0,sortBy=POSTING_DATES_DESC&expand=requisitionList",https://hcxs.fa.us2.oraclecloud.com/hcmUI/CandidateExperience/en/sites/CX_1,200,True,355,21014026,"Business Intelligence Analyst I, Technology",Kroll,https://hcxs.fa.us2.oraclecloud.com/hcmUI/CandidateExperience/en/sites/CX_1/job/21014026,,1.66
3857,hczw.fa.us2.oraclecloud.com,CX_1001,"https://hczw.fa.us2.oraclecloud.com/hcmRestApi/resources/latest/recruitingCEJobRequisitions?onlyData=true&finder=findReqs;siteNumber=CX_1001,limit=100,offset=0,sortBy=POSTING_DATES_DESC&expand=requisitionList",https://hczw.fa.us2.oraclecloud.com/hcmUI/CandidateExperience/en/sites/CX_1001,200,True,188,15578,Senior Transaction Manager (Legal),CLS - 01,https://hczw.fa.us2.oraclecloud.com/hcmUI/CandidateExperience/en/sites/CX_1001/job/15578,,1.84
3858,hdat.fa.us2.oraclecloud.com,CX,"https://hdat.fa.us2.oraclecloud.com/hcmRestApi/resources/latest/recruitingCEJobRequisitions?onlyData=true&finder=findReqs;siteNumber=CX,limit=100,offset=0,sortBy=POSTING_DATES_DESC&expand=requisitionList",https://hdat.fa.us2.oraclecloud.com/hcmUI/CandidateExperience/en/sites/CX,200,True,102,12082,Cargo Handler I,Final Mile,https://hdat.fa.us2.oraclecloud.com/hcmUI/CandidateExperience/en/sites/CX/job/12082,,1.50
3859,hdbt.fa.us2.oraclecloud.com,CX_1,"https://hdbt.fa.us2.oraclecloud.com/hcmRestApi/resources/latest/recruitingCEJobRequisitions?onlyData=true&finder=findReqs;siteNumber=CX_1,limit=100,offset=0,sortBy=POSTING_DATES_DESC&expand=requisitionList",https://hdbt.fa.us2.oraclecloud.com/hcmUI/CandidateExperience/en/sites/CX_1,200,True,228,16666,Airside Experience Specialist,"Signature Aviation USA, LLC",https://hdbt.fa.us2.oraclecloud.com/hcmUI/CandidateExperience/en/sites/CX_1/job/16666,,1.81
3860,hdde.fa.us2.oraclecloud.com,CX,"https://hdde.fa.us2.oraclecloud.com/hcmRestApi/resources/latest/recruitingCEJobRequisitions?onlyData=true&finder=findReqs;siteNumber=CX,limit=100,offset=0,sortBy=POSTING_DATES_DESC&expand=requisitionList",https://hdde.fa.us2.oraclecloud.com/hcmUI/CandidateExperience/en/sites/CX,200,True,109,4248,Warehouse Associate I,U.S. Water Heating,https://hdde.fa.us2.oraclecloud.com/hcmUI/CandidateExperience/en/sites/CX/job/4248,,1.20
3861,hdep.fa.us2.oraclecloud.com,CX,"https://hdep.fa.us2.oraclecloud.com/hcmRestApi/resources/latest/recruitingCEJobRequisitions?onlyData=true&finder=findReqs;siteNumber=CX,limit=100,offset=0,sortBy=POSTING_DATES_DESC&expand=requisitionList",https://hdep.fa.us2.oraclecloud.com/hcmUI/CandidateExperience/en/sites/CX,200,True,220,8225,Regional Due Diligence Lead,"Digital Realty Trust, L.P.",https://hdep.fa.us2.oraclecloud.com/hcmUI/CandidateExperience/en/sites/CX/job/8225,,1.30
3862,hdhf.fa.us6.oraclecloud.com,CX_2001,"https://hdhf.fa.us6.oraclecloud.com/hcmRestApi/resources/latest/recruitingCEJobRequisitions?onlyData=true&finder=findReqs;siteNumber=CX_2001,limit=100,offset=0,sortBy=POSTING_DATES_DESC&expand=requisitionList",https://hdhf.fa.us6.oraclecloud.com/hcmUI/CandidateExperience/en/sites/CX_2001,200,True,160,21004703,Loader Operator- Rhea County Quarry,"Rogers Group, Inc.",https://hdhf.fa.us6.oraclecloud.com/hcmUI/CandidateExperience/en/sites/CX_2001/job/21004703,,1.86
3863,hdid.fa.us2.oraclecloud.com,CX_1,"https://hdid.fa.us2.oraclecloud.com/hcmRestApi/resources/latest/recruitingCEJobRequisitions?onlyData=true&finder=findReqs;siteNumber=CX_1,limit=100,offset=0,sortBy=POSTING_DATES_DESC&expand=requisitionList",https://hdid.fa.us2.oraclecloud.com/hcmUI/CandidateExperience/en/sites/CX_1,200,True,161,4707,Asset Service - Associate/AVP,Jefferies LLC,https://hdid.fa.us2.oraclecloud.com/hcmUI/CandidateExperience/en/sites/CX_1/job/4707,,2.13
3864,hdiy.fa.us2.oraclecloud.com,CX,"https://hdiy.fa.us2.oraclecloud.com/hcmRestApi/resources/latest/recruitingCEJobRequisitions?onlyData=true&finder=findReqs;siteNumber=CX,limit=100,offset=0,sortBy=POSTING_DATES_DESC&expand=requisitionList",https://hdiy.fa.us2.oraclecloud.com/hcmUI/CandidateExperience/en/sites/CX,200,True,688,22867,Assistant Store Manager - Operations,At Home,https://hdiy.fa.us2.oraclecloud.com/hcmUI/CandidateExperience/en/sites/CX/job/22867,,1.26
3865,hdjm.fa.ca2.oraclecloud.com,CX,"https://hdjm.fa.ca2.oraclecloud.com/hcmRestApi/resources/latest/recruitingCEJobRequisitions?onlyData=true&finder=findReqs;siteNumber=CX,limit=100,offset=0,sortBy=POSTING_DATES_DESC&expand=requisitionList",https://hdjm.fa.ca2.oraclecloud.com/hcmUI/CandidateExperience/en/sites/CX,200,True,13,1985,Trabalhador Agropecuário,Alta Genetics Inc.,https://hdjm.fa.ca2.oraclecloud.com/hcmUI/CandidateExperience/en/sites/CX/job/1985,,1.70
3866,hdjq.fa.us2.oraclecloud.com,CX_1,"https://hdjq.fa.us2.oraclecloud.com/hcmRestApi/resources/latest/recruitingCEJobRequisitions?onlyData=true&finder=findReqs;siteNumber=CX_1,limit=100,offset=0,sortBy=POSTING_DATES_DESC&expand=requisitionList",https://hdjq.fa.us2.oraclecloud.com/hcmUI/CandidateExperience/en/sites/CX_1,200,True,853,25030340,Field Sales Engineer,Emerson,https://hdjq.fa.us2.oraclecloud.com/hcmUI/CandidateExperience/en/sites/CX_1/job/25030340,,2.11
3867,hdkk.fa.us6.oraclecloud.com,CX_2001,"https://hdkk.fa.us6.oraclecloud.com/hcmRestApi/resources/latest/recruitingCEJobRequisitions?onlyData=true&finder=findReqs;siteNumber=CX_2001,limit=100,offset=0,sortBy=POSTING_DATES_DESC&expand=requisitionList",https://hdkk.fa.us6.oraclecloud.com/hcmUI/CandidateExperience/en/sites/CX_2001,200,True,860,19351,OR Administrative Assistant,Cedars-Sinai Medical Center,https://hdkk.fa.us6.oraclecloud.com/hcmUI/CandidateExperience/en/sites/CX_2001/job/19351,,1.92
3868,hdnn.fa.us6.oraclecloud.com,CX,"https://hdnn.fa.us6.oraclecloud.com/hcmRestApi/resources/latest/recruitingCEJobRequisitions?onlyData=true&finder=findReqs;siteNumber=CX,limit=100,offset=0,sortBy=POSTING_DATES_DESC&expand=requisitionList",https://hdnn.fa.us6.oraclecloud.com/hcmUI/CandidateExperience/en/sites/CX,200,True,157,114025,PCS Software Engineer,Arconic Corporation,https://hdnn.fa.us6.oraclecloud.com/hcmUI/CandidateExperience/en/sites/CX/job/114025,,1.30
3869,hdow.fa.us6.oraclecloud.com,CX_1003,"https://hdow.fa.us6.oraclecloud.com/hcmRestApi/resources/latest/recruitingCEJobRequisitions?onlyData=true&finder=findReqs;siteNumber=CX_1003,limit=100,offset=0,sortBy=POSTING_DATES_DESC&expand=requisitionList",https://hdow.fa.us6.oraclecloud.com/hcmUI/CandidateExperience/en/sites/CX_1003,200,True,93,249622,AML Executive,Cantor-Technology,https://hdow.fa.us6.oraclecloud.com/hcmUI/CandidateExperience/en/sites/CX_1003/job/249622,,1.84
3870,hdox.fa.us6.oraclecloud.com,CX_1,"https://hdox.fa.us6.oraclecloud.com/hcmRestApi/resources/latest/recruitingCEJobRequisitions?onlyData=true&finder=findReqs;siteNumber=CX_1,limit=100,offset=0,sortBy=POSTING_DATES_DESC&expand=requisitionList",https://hdox.fa.us6.oraclecloud.com/hcmUI/CandidateExperience/en/sites/CX_1,200,True,2107,63650,Customer Service Representative - Billing II,Quest Diagnostics,https://hdox.fa.us6.oraclecloud.com/hcmUI/CandidateExperience/en/sites/CX_1/job/63650,,1.21
3871,hdpc.fa.us2.oraclecloud.com,CX_3001,"https://hdpc.fa.us2.oraclecloud.com/hcmRestApi/resources/latest/recruitingCEJobRequisitions?onlyData=true&finder=findReqs;siteNumber=CX_3001,limit=100,offset=0,sortBy=POSTING_DATES_DESC&expand=requisitionList",https://hdpc.fa.us2.oraclecloud.com/hcmUI/CandidateExperience/en/sites/CX_3001,200,True,134,151739,2026 | Americas | Sao Paulo | Operations | Seasonal/Off Cycle Internship,Global Banking & Markets,https://hdpc.fa.us2.oraclecloud.com/hcmUI/CandidateExperience/en/sites/CX_3001/job/151739,,2.74
3872,hdpn.fa.us6.oraclecloud.com,CX_1,"https://hdpn.fa.us6.oraclecloud.com/hcmRestApi/resources/latest/recruitingCEJobRequisitions?onlyData=true&finder=findReqs;siteNumber=CX_1,limit=100,offset=0,sortBy=POSTING_DATES_DESC&expand=requisitionList",https://hdpn.fa.us6.oraclecloud.com/hcmUI/CandidateExperience/en/sites/CX_1,200,True,243,5881,RH7446 - Prod Asst I,BWAY Corporation,https://hdpn.fa.us6.oraclecloud.com/hcmUI/CandidateExperience/en/sites/CX_1/job/5881,,2.12
3875,hdsn.fa.us6.oraclecloud.com,CX_1,"https://hdsn.fa.us6.oraclecloud.com/hcmRestApi/resources/latest/recruitingCEJobRequisitions?onlyData=true&finder=findReqs;siteNumber=CX_1,limit=100,offset=0,sortBy=POSTING_DATES_DESC&expand=requisitionList",https://hdsn.fa.us6.oraclecloud.com/hcmUI/CandidateExperience/en/sites/CX_1,200,True,48,2816,Alternant(e) / Stagiaire – Gestion de projet & Data (Construction & Developpement),US,https://hdsn.fa.us6.oraclecloud.com/hcmUI/CandidateExperience/en/sites/CX_1/job/2816,,2.05
4025,hza.fa.us1.oraclecloud.com,CX_2024,"https://hza.fa.us1.oraclecloud.com/hcmRestApi/resources/latest/recruitingCEJobRequisitions?onlyData=true&finder=findReqs;siteNumber=CX_2024,limit=100,offset=0,sortBy=POSTING_DATES_DESC&expand=requisitionList",https://hza.fa.us1.oraclecloud.com/hcmUI/CandidateExperience/en/sites/CX_2024,200,True,11,568,UK ERP Cloud Solution Architect,ERP,https://hza.fa.us1.oraclecloud.com/hcmUI/CandidateExperience/en/sites/CX_2024/job/568,,1.72
4028,iaagiz.fa.ocs.oraclecloud.com,CX_1,"https://iaagiz.fa.ocs.oraclecloud.com/hcmRestApi/resources/latest/recruitingCEJobRequisitions?onlyData=true&finder=findReqs;siteNumber=CX_1,limit=100,offset=0,sortBy=POSTING_DATES_DESC&expand=requisitionList",https://iaagiz.fa.ocs.oraclecloud.com/hcmUI/CandidateExperience/en/sites/CX_1,200,True,172,22267,Senior Consultant - Emerging Platforms,Bristlecone India Limited,https://iaagiz.fa.ocs.oraclecloud.com/hcmUI/CandidateExperience/en/sites/CX_1/job/22267,,3.37
4029,iaaviz.fa.ocs.oraclecloud.com,CX_1,"https://iaaviz.fa.ocs.oraclecloud.com/hcmRestApi/resources/latest/recruitingCEJobRequisitions?onlyData=true&finder=findReqs;siteNumber=CX_1,limit=100,offset=0,sortBy=POSTING_DATES_DESC&expand=requisitionList",https://iaaviz.fa.ocs.oraclecloud.com/hcmUI/CandidateExperience/en/sites/CX_1,200,True,41,7214,Future Sales Opportunities Germany - Expression Of Interest,Icertis,https://iaaviz.fa.ocs.oraclecloud.com/hcmUI/CandidateExperience/en/sites/CX_1/job/7214,,3.20
4030,iabcbn.fa.ocs.oraclecloud.com,CX_1,"https://iabcbn.fa.ocs.oraclecloud.com/hcmRestApi/resources/latest/recruitingCEJobRequisitions?onlyData=true&finder=findReqs;siteNumber=CX_1,limit=100,offset=0,sortBy=POSTING_DATES_DESC&expand=requisitionList",https://iabcbn.fa.ocs.oraclecloud.com/hcmUI/CandidateExperience/en/sites/CX_1,200,True,54,1318,Assistant(e) RH - Alternance (H/F),DLL Group,https://iabcbn.fa.ocs.oraclecloud.com/hcmUI/CandidateExperience/en/sites/CX_1/job/1318,,2.59
4031,iaings.fa.ocs.oraclecloud.com,CX_1,"https://iaings.fa.ocs.oraclecloud.com/hcmRestApi/resources/latest/recruitingCEJobRequisitions?onlyData=true&finder=findReqs;siteNumber=CX_1,limit=100,offset=0,sortBy=POSTING_DATES_DESC&expand=requisitionList",https://iaings.fa.ocs.oraclecloud.com/hcmUI/CandidateExperience/en/sites/CX_1,200,True,71,29,Tech Support Engineer III,Sinch AB (publ),https://iaings.fa.ocs.oraclecloud.com/hcmUI/CandidateExperience/en/sites/CX_1/job/29,,2.01
4032,ialmme.fa.ocs.oraclecloud.com,CX_1001,"https://ialmme.fa.ocs.oraclecloud.com/hcmRestApi/resources/latest/recruitingCEJobRequisitions?onlyData=true&finder=findReqs;siteNumber=CX_1001,limit=100,offset=0,sortBy=POSTING_DATES_DESC&expand=requisitionList",https://ialmme.fa.ocs.oraclecloud.com/hcmUI/CandidateExperience/en/sites/CX_1001,200,True,299,4131,Senior .NET Engineer,.NET Poland,https://ialmme.fa.ocs.oraclecloud.com/hcmUI/CandidateExperience/en/sites/CX_1001/job/4131,,2.09
4033,iaotqy.fa.ocs.oraclecloud.com,CX_1,"https://iaotqy.fa.ocs.oraclecloud.com/hcmRestApi/resources/latest/recruitingCEJobRequisitions?onlyData=true&finder=findReqs;siteNumber=CX_1,limit=100,offset=0,sortBy=POSTING_DATES_DESC&expand=requisitionList",https://iaotqy.fa.ocs.oraclecloud.com/hcmUI/CandidateExperience/en/sites/CX_1,200,True,30,493,Part-Time Assistant Coach - Throws Men's & Women's Track and Field,Ursinus College,https://iaotqy.fa.ocs.oraclecloud.com/hcmUI/CandidateExperience/en/sites/CX_1/job/493,,1.82
4034,iaoxqy.fa.ocs.oraclecloud.com,CX_1001,"https://iaoxqy.fa.ocs.oraclecloud.com/hcmRestApi/resources/latest/recruitingCEJobRequisitions?onlyData=true&finder=findReqs;siteNumber=CX_1001,limit=100,offset=0,sortBy=POSTING_DATES_DESC&expand=requisitionList",https://iaoxqy.fa.ocs.oraclecloud.com/hcmUI/CandidateExperience/en/sites/CX_1001,200,True,77,12036,TECH- STERILE PROC/DISTRIB,RADIOLOGY,https://iaoxqy.fa.ocs.oraclecloud.com/hcmUI/CandidateExperience/en/sites/CX_1001/job/12036,,1.87
4035,iapiqy.fa.ocs.oraclecloud.com,CX_1,"https://iapiqy.fa.ocs.oraclecloud.com/hcmRestApi/resources/latest/recruitingCEJobRequisitions?onlyData=true&finder=findReqs;siteNumber=CX_1,limit=100,offset=0,sortBy=POSTING_DATES_DESC&expand=requisitionList",https://iapiqy.fa.ocs.oraclecloud.com/hcmUI/CandidateExperience/en/sites/CX_1,200,True,15,223,Director of Retirement,Massachusetts Port Authority,https://iapiqy.fa.ocs.oraclecloud.com/hcmUI/CandidateExperience/en/sites/CX_1/job/223,,2.12
4036,iaucqy.fa.ocs.oraclecloud.com,CX_1,"https://iaucqy.fa.ocs.oraclecloud.com/hcmRestApi/resources/latest/recruitingCEJobRequisitions?onlyData=true&finder=findReqs;siteNumber=CX_1,limit=100,offset=0,sortBy=POSTING_DATES_DESC&expand=requisitionList",https://iaucqy.fa.ocs.oraclecloud.com/hcmUI/CandidateExperience/en/sites/CX_1,200,True,114,129717,Nutrition Assistant I : Irvine Patient Nutrition,1000-Hoag Hospital,https://iaucqy.fa.ocs.oraclecloud.com/hcmUI/CandidateExperience/en/sites/CX_1/job/129717,,1.72
4037,iaymqy.fa.ocs.oraclecloud.com,CX_1,"https://iaymqy.fa.ocs.oraclecloud.com/hcmRestApi/resources/latest/recruitingCEJobRequisitions?onlyData=true&finder=findReqs;siteNumber=CX_1,limit=100,offset=0,sortBy=POSTING_DATES_DESC&expand=requisitionList",https://iaymqy.fa.ocs.oraclecloud.com/hcmUI/CandidateExperience/en/sites/CX_1,200,True,61,293,Assistant Superintendent of Transportation,"Pace, the Suburban Bus Division of the Regional Transportation Authority",https://iaymqy.fa.ocs.oraclecloud.com/hcmUI/CandidateExperience/en/sites/CX_1/job/293,,1.68
4038,iazbqy.fa.ocs.oraclecloud.com,CX_1,"https://iazbqy.fa.ocs.oraclecloud.com/hcmRestApi/resources/latest/recruitingCEJobRequisitions?onlyData=true&finder=findReqs;siteNumber=CX_1,limit=100,offset=0,sortBy=POSTING_DATES_DESC&expand=requisitionList",https://iazbqy.fa.ocs.oraclecloud.com/hcmUI/CandidateExperience/en/sites/CX_1,200,True,430,2002288,Assistant Press Operator,International Paper,https://iazbqy.fa.ocs.oraclecloud.com/hcmUI/CandidateExperience/en/sites/CX_1/job/2002288,,1.81
4043,iblyjb.fa.ocs.oraclecloud.com,CX_2001,"https://iblyjb.fa.ocs.oraclecloud.com/hcmRestApi/resources/latest/recruitingCEJobRequisitions?onlyData=true&finder=findReqs;siteNumber=CX_2001,limit=100,offset=0,sortBy=POSTING_DATES_DESC&expand=requisitionList",https://iblyjb.fa.ocs.oraclecloud.com/hcmUI/CandidateExperience/en/sites/CX_2001,200,True,37,1725,Principal Biostatistician FSP,Cytel Inc.,https://iblyjb.fa.ocs.oraclecloud.com/hcmUI/CandidateExperience/en/sites/CX_2001/job/1725,,2.54
4045,ibmqjb.fa.ocs.oraclecloud.com,CX_1,"https://ibmqjb.fa.ocs.oraclecloud.com/hcmRestApi/resources/latest/recruitingCEJobRequisitions?onlyData=true&finder=findReqs;siteNumber=CX_1,limit=100,offset=0,sortBy=POSTING_DATES_DESC&expand=requisitionList",https://ibmqjb.fa.ocs.oraclecloud.com/hcmUI/CandidateExperience/en/sites/CX_1,200,True,212,4873,Escrow Supervisor - US Based Remote,Anywhere Integrated Services,https://ibmqjb.fa.ocs.oraclecloud.com/hcmUI/CandidateExperience/en/sites/CX_1/job/4873,,1.89
4046,ibmwjb.fa.ocs.oraclecloud.com,CX_1,"https://ibmwjb.fa.ocs.oraclecloud.com/hcmRestApi/resources/latest/recruitingCEJobRequisitions?onlyData=true&finder=findReqs;siteNumber=CX_1,limit=100,offset=0,sortBy=POSTING_DATES_DESC&expand=requisitionList",https://ibmwjb.fa.ocs.oraclecloud.com/hcmUI/CandidateExperience/en/sites/CX_1,200,True,1942,25027912,Caregiver,00750-Brookdale Montrose (OH),https://ibmwjb.fa.ocs.oraclecloud.com/hcmUI/CandidateExperience/en/sites/CX_1/job/25027912,,1.26
4047,ibnjjb.fa.ocs.oraclecloud.com,CX_1,"https://ibnjjb.fa.ocs.oraclecloud.com/hcmRestApi/resources/latest/recruitingCEJobRequisitions?onlyData=true&finder=findReqs;siteNumber=CX_1,limit=100,offset=0,sortBy=POSTING_DATES_DESC&expand=requisitionList",https://ibnjjb.fa.ocs.oraclecloud.com/hcmUI/CandidateExperience/en/sites/CX_1,200,True,3890,307878,Physical Therapist (PT),Lifepoint Health,https://ibnjjb.fa.ocs.oraclecloud.com/hcmUI/CandidateExperience/en/sites/CX_1/job/307878,,1.88
4048,ibqbjb.fa.ocs.oraclecloud.com,CX_1,"https://ibqbjb.fa.ocs.oraclecloud.com/hcmRestApi/resources/latest/recruitingCEJobRequisitions?onlyData=true&finder=findReqs;siteNumber=CX_1,limit=100,offset=0,sortBy=POSTING_DATES_DESC&expand=requisitionList",https://ibqbjb.fa.ocs.oraclecloud.com/hcmUI/CandidateExperience/en/sites/CX_1,200,True,1292,146247,"Senior Manager, Treasury Systems",US & Canada,https://ibqbjb.fa.ocs.oraclecloud.com/hcmUI/CandidateExperience/en/sites/CX_1/job/146247,,2.11
4049,ibqhjb.fa.ocs.oraclecloud.com,CX_1001,"https://ibqhjb.fa.ocs.oraclecloud.com/hcmRestApi/resources/latest/recruitingCEJobRequisitions?onlyData=true&finder=findReqs;siteNumber=CX_1001,limit=100,offset=0,sortBy=POSTING_DATES_DESC&expand=requisitionList",https://ibqhjb.fa.ocs.oraclecloud.com/hcmUI/CandidateExperience/en/sites/CX_1001,200,True,402,5520,Teacher Ex Ed Interventionist - Haywood ES (2026-2027) (Interim 11/20/26-3/01/2027),METRO_MNPS,https://ibqhjb.fa.ocs.oraclecloud.com/hcmUI/CandidateExperience/en/sites/CX_1001/job/5520,,2.18
4050,ibtcjb.fa.ocs.oraclecloud.com,CX_2,"https://ibtcjb.fa.ocs.oraclecloud.com/hcmRestApi/resources/latest/recruitingCEJobRequisitions?onlyData=true&finder=findReqs;siteNumber=CX_2,limit=100,offset=0,sortBy=POSTING_DATES_DESC&expand=requisitionList",https://ibtcjb.fa.ocs.oraclecloud.com/hcmUI/CandidateExperience/en/sites/CX_2,200,True,354,42867,Financial Analyst,Cherokee Federal,https://ibtcjb.fa.ocs.oraclecloud.com/hcmUI/CandidateExperience/en/sites/CX_2/job/42867,,1.98
4051,ibwsjb.fa.ocs.oraclecloud.com,CX_1,"https://ibwsjb.fa.ocs.oraclecloud.com/hcmRestApi/resources/latest/recruitingCEJobRequisitions?onlyData=true&finder=findReqs;siteNumber=CX_1,limit=100,offset=0,sortBy=POSTING_DATES_DESC&expand=requisitionList",https://ibwsjb.fa.ocs.oraclecloud.com/hcmUI/CandidateExperience/en/sites/CX_1,200,True,2236,2513618,Registered Nurse,"Rebound, LLC",https://ibwsjb.fa.ocs.oraclecloud.com/hcmUI/CandidateExperience/en/sites/CX_1/job/2513618,,1.66
4052,ibwujb.fa.ocs.oraclecloud.com,CX_1001,"https://ibwujb.fa.ocs.oraclecloud.com/hcmRestApi/resources/latest/recruitingCEJobRequisitions?onlyData=true&finder=findReqs;siteNumber=CX_1001,limit=100,offset=0,sortBy=POSTING_DATES_DESC&expand=requisitionList",https://ibwujb.fa.ocs.oraclecloud.com/hcmUI/CandidateExperience/en/sites/CX_1001,200,True,249,10120,Enterprise Automation Engineer,Qualitrol - Level 3,https://ibwujb.fa.ocs.oraclecloud.com/hcmUI/CandidateExperience/en/sites/CX_1001/job/10120,,1.97
4054,icbajb.fa.ocs.oraclecloud.com,CX_1,"https://icbajb.fa.ocs.oraclecloud.com/hcmRestApi/resources/latest/recruitingCEJobRequisitions?onlyData=true&finder=findReqs;siteNumber=CX_1,limit=100,offset=0,sortBy=POSTING_DATES_DESC&expand=requisitionList",https://icbajb.fa.ocs.oraclecloud.com/hcmUI/CandidateExperience/en/sites/CX_1,200,True,74,588,Ground Sand Operator,"EP Minerals, LLC",https://icbajb.fa.ocs.oraclecloud.com/hcmUI/CandidateExperience/en/sites/CX_1/job/588,,1.73
4765,jpmc.fa.oraclecloud.com,CX_1001,"https://jpmc.fa.oraclecloud.com/hcmRestApi/resources/latest/recruitingCEJobRequisitions?onlyData=true&finder=findReqs;siteNumber=CX_1001,limit=100,offset=0,sortBy=POSTING_DATES_DESC&expand=requisitionList",https://jpmc.fa.oraclecloud.com/hcmUI/CandidateExperience/en/sites/CX_1001,200,True,7370,210616021,Investment Banking - EMEA Real Estate - Analyst / Associate - London,051094-DFW EAST 1,https://jpmc.fa.oraclecloud.com/hcmUI/CandidateExperience/en/sites/CX_1001/job/210616021,,1.32
5282,mnh-ibosjb.fa.ocs.oraclecloud.com,CX_1,"https://mnh-ibosjb.fa.ocs.oraclecloud.com/hcmRestApi/resources/latest/recruitingCEJobRequisitions?onlyData=true&finder=findReqs;siteNumber=CX_1,limit=100,offset=0,sortBy=POSTING_DATES_DESC&expand=requisitionList",https://mnh-ibosjb.fa.ocs.oraclecloud.com/hcmUI/CandidateExperience/en/sites/CX_1,200,True,179,3363,Registered Nurse MNPG Allergy and Immunology,Patient Access,https://mnh-ibosjb.fa.ocs.oraclecloud.com/hcmUI/CandidateExperience/en/sites/CX_1/job/3363,,2.21
5748,osumc-iborjb.fa.ocs.oraclecloud.com,CX_1,"https://osumc-iborjb.fa.ocs.oraclecloud.com/hcmRestApi/resources/latest/recruitingCEJobRequisitions?onlyData=true&finder=findReqs;siteNumber=CX_1,limit=100,offset=0,sortBy=POSTING_DATES_DESC&expand=requisitionList",https://osumc-iborjb.fa.ocs.oraclecloud.com/hcmUI/CandidateExperience/en/sites/CX_1,200,True,159,11041,Nurse Aide (Days Weekend Option) - 6E Ortho,OSUMT,https://osumc-iborjb.fa.ocs.oraclecloud.com/hcmUI/CandidateExperience/en/sites/CX_1/job/11041,,2.01
6521,setonhill-ibtwjb.fa.ocs.oraclecloud.com,CX_2,"https://setonhill-ibtwjb.fa.ocs.oraclecloud.com/hcmRestApi/resources/latest/recruitingCEJobRequisitions?onlyData=true&finder=findReqs;siteNumber=CX_2,limit=100,offset=0,sortBy=POSTING_DATES_DESC&expand=requisitionList",https://setonhill-ibtwjb.fa.ocs.oraclecloud.com/hcmUI/CandidateExperience/en/sites/CX_2,200,True,11,140,Administrative Assistant and Admissions Coordinator,Seton Hill University,https://setonhill-ibtwjb.fa.ocs.oraclecloud.com/hcmUI/CandidateExperience/en/sites/CX_2/job/140,,2.37
7553,wearememorial-ibrkjb.fa.ocs.oraclecloud.com,CX_1,"https://wearememorial-ibrkjb.fa.ocs.oraclecloud.com/hcmRestApi/resources/latest/recruitingCEJobRequisitions?onlyData=true&finder=findReqs;siteNumber=CX_1,limit=100,offset=0,sortBy=POSTING_DATES_DESC&expand=requisitionList",https://wearememorial-ibrkjb.fa.ocs.oraclecloud.com/hcmUI/CandidateExperience/en/sites/CX_1,200,True,325,26332,Registered Nurse - Memorial Surgery Center - Ocean Springs - PRN - Days,Memorial Hospital Enterprise,https://wearememorial-ibrkjb.fa.ocs.oraclecloud.com/hcmUI/CandidateExperience/en/sites/CX_1/job/26332,,1.61
