domain,search_url,pages_fetched,job_links_found,sample_job_url,error,elapsed_seconds
2careers-petsmart.icims.com,https://2careers-petsmart.icims.com/jobs,1,0,,,0.64
americas-cookmedical.icims.com,https://americas-cookmedical.icims.com/jobs/search?ss=1,1,20,https://americas-cookmedical.icims.com/jobs/16474/custodian/job,,0.30
apjcareers-docusign.icims.com,https://apjcareers-docusign.icims.com/jobs,1,0,,,0.53
application-oneblood.icims.com,https://application-oneblood.icims.com/jobs/search?ss=1,1,20,https://application-oneblood.icims.com/jobs/16619/account-representative/job,,0.26
applicationinvite-ketteringhealth.icims.com,https://applicationinvite-ketteringhealth.icims.com/jobs/search?ss=1,1,20,https://applicationinvite-ketteringhealth.icims.com/jobs/60331/buyer-inventory-control-pharmacy/job,,0.26
apply-bwfed.icims.com,https://apply-bwfed.icims.com/jobs/search?ss=1,1,20,https://apply-bwfed.icims.com/jobs/3258/quality-assurance-manager/job,,0.50
apply-cort.icims.com,https://apply-cort.icims.com/jobs/search?ss=1,1,20,https://apply-cort.icims.com/jobs/9518/delivery-driver---furniture-assembler/job,,0.24
apply-intelligentwaves.icims.com,https://apply-intelligentwaves.icims.com/jobs/search?ss=1,1,5,https://apply-intelligentwaves.icims.com/jobs/4404/tech-writer/job,,0.22
apply-yelp.icims.com,https://apply-yelp.icims.com/jobs/search?ss=1,1,50,https://apply-yelp.icims.com/jobs/13987/senior-account-executive%2c-saas-sales-%28remote---us%29/job,,0.32
arc-onesolutions.icims.com,https://arc-onesolutions.icims.com/jobs/search?ss=1,1,2,https://arc-onesolutions.icims.com/jobs/16614/senior-full-stack-eng/job,,0.22
artemisarc-aptiveresources.icims.com,https://artemisarc-aptiveresources.icims.com/jobs/search?ss=1,1,44,https://artemisarc-aptiveresources.icims.com/jobs/4471/senior-stakeholder-engagement-specialist/job,,0.42
associates-brightviewseniorliving.icims.com,https://associates-brightviewseniorliving.icims.com/jobs/search?ss=1,1,50,https://associates-brightviewseniorliving.icims.com/jobs/12602/wellspring-village-director/job,,0.53
bowheadcareers-uicalaska.icims.com,https://bowheadcareers-uicalaska.icims.com/jobs/search?ss=1,1,50,https://bowheadcareers-uicalaska.icims.com/jobs/25623/space-control-trainer-%28ccs%29/job,,0.34
bridgecrestsuites-careers-fundltc.icims.com,https://bridgecrestsuites-careers-fundltc.icims.com/jobs/search?ss=1,1,4,https://bridgecrestsuites-careers-fundltc.icims.com/jobs/6043/licensed-social-worker/job,,0.37
canadacareers-amd.icims.com,https://canadacareers-amd.icims.com/jobs/search?ss=1,1,50,https://canadacareers-amd.icims.com/jobs/87691/serdes-architect/job,,0.54
career-schwab.icims.com,https://career-schwab.icims.com/jobs/search?ss=1,1,50,https://career-schwab.icims.com/jobs/123581/specialist%2c-retirement-distribution-operations/job,,0.41
careeropportunity-sus.icims.com,https://careeropportunity-sus.icims.com/jobs/search?ss=1,1,20,https://careeropportunity-sus.icims.com/jobs/18643/case-manager/job,,0.21
careers-360care.icims.com,https://careers-360care.icims.com/jobs/search?ss=1,1,50,https://careers-360care.icims.com/jobs/4844/mobile-medical-assistant/job,,0.35
careers-aaalife.icims.com,https://careers-aaalife.icims.com/jobs/search?ss=1,1,25,https://careers-aaalife.icims.com/jobs/2170/senior-production-manager/job,,0.26
careers-abacusplumbing.icims.com,https://careers-abacusplumbing.icims.com/jobs/search?ss=1,1,18,https://careers-abacusplumbing.icims.com/jobs/12530/plumber---houston/job,,0.27
careers-abacustech.icims.com,https://careers-abacustech.icims.com/jobs/search?ss=1,1,20,https://careers-abacustech.icims.com/jobs/8766/network-administrator-%28enterprise-services%29/job,,0.22
careers-abilegroup.icims.com,https://careers-abilegroup.icims.com/jobs/search?ss=1,1,20,https://careers-abilegroup.icims.com/jobs/3690/high-speed-guard-engineer/job,,0.26
careers-accoy.icims.com,https://careers-accoy.icims.com/jobs/search?ss=1,1,20,https://careers-accoy.icims.com/jobs/22106/oracle-erp-ppm-support-analyst--remote/job,,0.31
careers-actslife.icims.com,https://careers-actslife.icims.com/jobs/search?ss=1,1,50,https://careers-actslife.icims.com/jobs/20464/life-enrichment-assistant-%28activities---recreation%29/job,,0.35
careers-adastragrp.icims.com,https://careers-adastragrp.icims.com/jobs/search?ss=1,1,7,https://careers-adastragrp.icims.com/jobs/5437/senior-quicksight-developer/job,,0.33
careers-adspipe.icims.com,https://careers-adspipe.icims.com/jobs/search?ss=1,1,20,https://careers-adspipe.icims.com/jobs/21176/manager-freight/job,,0.25
careers-aeieng.icims.com,https://careers-aeieng.icims.com/jobs/search?ss=1,1,20,https://careers-aeieng.icims.com/jobs/5733/electrical-project-engineer/job,,0.23
careers-aerotek.icims.com,https://careers-aerotek.icims.com/jobs/search?ss=1,1,20,https://careers-aerotek.icims.com/jobs/13611/entry-level-admin-hr-%28orlando%2c-fl%29/job,,0.22
careers-affiniuscapital.icims.com,https://careers-affiniuscapital.icims.com/jobs/search?ss=1,1,8,https://careers-affiniuscapital.icims.com/jobs/2286/analyst%2c-investor-relations-and-due-diligence-%28san-antonio%2c-tx%29/job,,0.20
careers-agnc.icims.com,https://careers-agnc.icims.com/jobs/search?ss=1,1,1,https://careers-agnc.icims.com/jobs/1094/analyst---valuations-%26-business-intelligence-reporting/job,,0.23
careers-ahmchealth.icims.com,https://careers-ahmchealth.icims.com/jobs/search?ss=1,1,20,https://careers-ahmchealth.icims.com/jobs/28377/corporate-senior-financial-analyst/job,,0.26
careers-airmethods.icims.com,https://careers-airmethods.icims.com/jobs/search?ss=1,1,50,https://careers-airmethods.icims.com/jobs/10170/helicopter-pilot/job,,0.41
careers-aitworldwide.icims.com,https://careers-aitworldwide.icims.com/jobs/search?ss=1,1,50,https://careers-aitworldwide.icims.com/jobs/7631/forklift-operator-ii/job,,0.40
careers-allegisgroup.icims.com,https://careers-allegisgroup.icims.com/jobs/search?ss=1,1,20,https://careers-allegisgroup.icims.com/jobs/2355/devops-engineer/job,,0.24
careers-alliedconsultants.icims.com,https://careers-alliedconsultants.icims.com/jobs/search?ss=1,1,15,https://careers-alliedconsultants.icims.com/jobs/7978/software-qa-tester/job,,0.21
careers-allison.icims.com,https://careers-allison.icims.com/jobs/search?ss=1,1,20,https://careers-allison.icims.com/jobs/8122/account-coordinator/job,,0.23
careers-allwayscaring.icims.com,https://careers-allwayscaring.icims.com/jobs/search?ss=1,1,50,https://careers-allwayscaring.icims.com/jobs/192684/weekend-caregiver---immediate-openings/job,,0.33
careers-americancareercollege.icims.com,https://careers-americancareercollege.icims.com/jobs/search?ss=1,1,50,https://careers-americancareercollege.icims.com/jobs/5509/campus-associate-director-nursing%2c-academics-%28vn%29/job,,0.32
careers-americanfoodsgroup.icims.com,https://careers-americanfoodsgroup.icims.com/jobs/search?ss=1,1,50,https://careers-americanfoodsgroup.icims.com/jobs/8180/operations-management-trainee-%28acme%29/job,,0.33
careers-americansystems.icims.com,https://careers-americansystems.icims.com/jobs/search?ss=1,1,50,https://careers-americansystems.icims.com/jobs/4616/cisco-voice-and-video-technician-%28ts-sci-clearance-required%29/job,,0.25
careers-ameritfleet.icims.com,https://careers-ameritfleet.icims.com/jobs/search?ss=1,1,20,https://careers-ameritfleet.icims.com/jobs/22131/diesel-technician/job,,0.38
careers-amivero.icims.com,https://careers-amivero.icims.com/jobs/search?ss=1,1,28,https://careers-amivero.icims.com/jobs/1738/program-support-analyst/job,,0.60
careers-ampact.icims.com,https://careers-ampact.icims.com/jobs/search?ss=1,1,13,https://careers-ampact.icims.com/jobs/62523/coaching-specialist/job,,0.26
careers-amtrustgroup.icims.com,https://careers-amtrustgroup.icims.com/jobs/search?ss=1,1,19,https://careers-amtrustgroup.icims.com/jobs/20558/complex-claim-specialist/job,,0.25
careers-amyx.icims.com,https://careers-amyx.icims.com/jobs/search?ss=1,1,20,https://careers-amyx.icims.com/jobs/4442/sr.-window-systems-administrator/job,,0.25
careers-anothersource.icims.com,https://careers-anothersource.icims.com/jobs/search?ss=1,1,19,https://careers-anothersource.icims.com/jobs/102496/bilingual-hr-coordinator---scripps-college/job,,0.21
careers-apexservicepartners.icims.com,https://careers-apexservicepartners.icims.com/jobs/search?ss=1,1,33,https://careers-apexservicepartners.icims.com/jobs/22779/general-manager/job,,0.28
careers-apogeeusa.icims.com,https://careers-apogeeusa.icims.com/jobs/search?ss=1,1,50,https://careers-apogeeusa.icims.com/jobs/1936/hr-assistant/job,,0.26
careers-appliedsystems.icims.com,https://careers-appliedsystems.icims.com/jobs/search?ss=1,1,20,https://careers-appliedsystems.icims.com/jobs/6419/sales-consultant/job,,0.22
careers-aprilaire.icims.com,https://careers-aprilaire.icims.com/jobs,1,0,,,0.54
careers-aptiveresources.icims.com,https://careers-aptiveresources.icims.com/jobs/search?ss=1,1,50,https://careers-aptiveresources.icims.com/jobs/4465/diagnostic-radiologic-technologist/job,,0.29
careers-araglegal.icims.com,https://careers-araglegal.icims.com/jobs/search?ss=1,1,5,https://careers-araglegal.icims.com/jobs/2531/senior-ux-analyst/job,,0.19
careers-arccorp.icims.com,https://careers-arccorp.icims.com/jobs/search?ss=1,1,10,https://careers-arccorp.icims.com/jobs/2509/access-management-platform-engineer-iv/job,,0.23
careers-arcwoodenviro.icims.com,https://careers-arcwoodenviro.icims.com/jobs/search?ss=1,1,50,https://careers-arcwoodenviro.icims.com/jobs/1762/customer-solutions-coordinator/job,,0.97
careers-ardenthealth.icims.com,https://careers-ardenthealth.icims.com/jobs/search?ss=1,1,32,https://careers-ardenthealth.icims.com/jobs/137472/contact-center-trainer/job,,0.32
careers-arh.icims.com,https://careers-arh.icims.com/jobs/search?ss=1,1,20,https://careers-arh.icims.com/jobs/38673/pharmacy-technician/job,,0.20
careers-arizonacollege.icims.com,https://careers-arizonacollege.icims.com/jobs/search?ss=1,1,50,https://careers-arizonacollege.icims.com/jobs/6458/clinical-adjunct-nursing-faculty/job,,0.30
careers-aspireindiana.icims.com,https://careers-aspireindiana.icims.com/jobs/search?ss=1,1,39,https://careers-aspireindiana.icims.com/jobs/3446/associate-medical-director%2c-psychiatry/job,,0.25
careers-atl.icims.com,https://careers-atl.icims.com/jobs/search?ss=1,1,13,https://careers-atl.icims.com/jobs/11718/claims-auditor%2c-reviewer-and-coder/job,,0.25
careers-atlas-aerospace.icims.com,https://careers-atlas-aerospace.icims.com/jobs/search?ss=1,1,50,https://careers-atlas-aerospace.icims.com/jobs/2215/quality-planner/job,,0.24
careers-atlasworldgroupinc.icims.com,https://careers-atlasworldgroupinc.icims.com/jobs/search?ss=1,1,6,https://careers-atlasworldgroupinc.icims.com/jobs/1873/logistics-manager/job,,0.22
careers-attainfinance.icims.com,https://careers-attainfinance.icims.com/jobs/search?ss=1,1,20,https://careers-attainfinance.icims.com/jobs/9940/financial-service-representative/job,,0.68
careers-audacy.icims.com,https://careers-audacy.icims.com/jobs/search?ss=1,1,20,https://careers-audacy.icims.com/jobs/8226/digital-account-executive---sports/job,,0.36
careers-avancecare.icims.com,https://careers-avancecare.icims.com/jobs/search?ss=1,1,20,https://careers-avancecare.icims.com/jobs/3073/medical-assistant---fuquay-varina/job,,0.36
careers-avian.icims.com,https://careers-avian.icims.com/jobs/search?ss=1,1,10,https://careers-avian.icims.com/jobs/2584/senior-strategic-communications-specialist/job,,0.28
careers-axway.icims.com,https://careers-axway.icims.com/jobs/search?ss=1,1,20,https://careers-axway.icims.com/jobs/8811/senior-customer-success-manager/job,,0.71
careers-bancorpbank.icims.com,https://careers-bancorpbank.icims.com/jobs/search?ss=1,1,20,https://careers-bancorpbank.icims.com/jobs/6258/director-ai-strategy-%26-intelligent-automation/job,,0.25
careers-bannerlife.icims.com,https://careers-bannerlife.icims.com/jobs/search?ss=1,1,20,https://careers-bannerlife.icims.com/jobs/3305/vp%2c-enterprise-value-management%2c-capital-%26-strategy/job,,0.25
careers-barrios.icims.com,https://careers-barrios.icims.com/jobs/search?ss=1,1,20,https://careers-barrios.icims.com/jobs/2817/configuration-and-data-management-specialist/job,,0.25
careers-bartwest.icims.com,https://careers-bartwest.icims.com/jobs/search?ss=1,1,20,https://careers-bartwest.icims.com/jobs/2429/project-manager-i---transportation/job,,0.25
careers-baycenter.icims.com,https://careers-baycenter.icims.com/jobs,1,0,,,0.64
careers-bayfronthealth.icims.com,https://careers-bayfronthealth.icims.com/jobs/search?ss=1,1,50,https://careers-bayfronthealth.icims.com/jobs/312670/medical-assistant%2c-certified---dermatology/job,,0.28
careers-bbd.icims.com,https://careers-bbd.icims.com/jobs/search?ss=1,1,9,https://careers-bbd.icims.com/jobs/8554/phlebotomist---donor-collections-technician-i---south-mobile/job,,0.33
careers-bcore.icims.com,https://careers-bcore.icims.com/jobs/search?ss=1,1,20,https://careers-bcore.icims.com/jobs/3118/senior-information-system-security-officer/job,,0.21
careers-benaroyaresearch.icims.com,https://careers-benaroyaresearch.icims.com/jobs/search?ss=1,1,10,https://careers-benaroyaresearch.icims.com/jobs/1968/postdoctoral-research-associate/job,,0.23
careers-benjaminmoore.icims.com,https://careers-benjaminmoore.icims.com/jobs/search?ss=1,1,41,https://careers-benjaminmoore.icims.com/jobs/2424/territory-representative---oklahoma/job,,0.28
careers-bergelectric.icims.com,https://careers-bergelectric.icims.com/jobs/search?ss=1,1,42,https://careers-bergelectric.icims.com/jobs/2088/foreman-backhoe-operator/job,,0.38
careers-berkley.icims.com,https://careers-berkley.icims.com/jobs/search?ss=1,1,20,https://careers-berkley.icims.com/jobs/14168/premium-recovery-analyst/job,,0.33
careers-berrydunn.icims.com,https://careers-berrydunn.icims.com/jobs/search?ss=1,1,20,https://careers-berrydunn.icims.com/jobs/3876/business-analyst/job,,0.27
careers-betterhealthgroup.icims.com,https://careers-betterhealthgroup.icims.com/jobs/search?ss=1,1,50,https://careers-betterhealthgroup.icims.com/jobs/2949/medical-assistant/job,,0.25
careers-beyondsoft.icims.com,https://careers-beyondsoft.icims.com/jobs/search?ss=1,1,20,https://careers-beyondsoft.icims.com/jobs/10915/data-scientist/job,,0.26
careers-blackhawk.icims.com,https://careers-blackhawk.icims.com/jobs/search?ss=1,1,10,https://careers-blackhawk.icims.com/jobs/2222/administrative-assistant---health-sciences/job,,0.20
careers-blackhawknetwork.icims.com,https://careers-blackhawknetwork.icims.com/jobs/search?ss=1,1,20,https://careers-blackhawknetwork.icims.com/jobs/26703/retail-merchandiser---gift-cards---jackson%2c-ms/job,,0.23
careers-bluegracegroup.icims.com,https://careers-bluegracegroup.icims.com/jobs/search?ss=1,1,20,https://careers-bluegracegroup.icims.com/jobs/4139/carrier-sales-representative---august-2026---phoenix%2c-az/job,,0.21
careers-bluehawk.icims.com,https://careers-bluehawk.icims.com/jobs/search?ss=1,1,50,https://careers-bluehawk.icims.com/jobs/2863/intelligence-planner---junior/job,,0.29
careers-bluesprigpediatrics.icims.com,https://careers-bluesprigpediatrics.icims.com/jobs/search?ss=1,1,20,https://careers-bluesprigpediatrics.icims.com/jobs/22760/center-operations-supervisor/job,,0.30
careers-bncollege.icims.com,https://careers-bncollege.icims.com/jobs/search?ss=1,1,50,https://careers-bncollege.icims.com/jobs/23466/uofmemphis-campus-retail-associate---bnc-starbucks-licensee-%28temporary%29/job,,0.24
careers-bncsystems.icims.com,https://careers-bncsystems.icims.com/jobs/search?ss=1,1,5,https://careers-bncsystems.icims.com/jobs/1222/senior-accountant/job,,0.26
careers-bnh.icims.com,https://careers-bnh.icims.com/jobs/search?ss=1,1,20,https://careers-bnh.icims.com/jobs/24313/work-planner-%28planner-scheduler%29/job,,0.36
careers-bocusa.icims.com,https://careers-bocusa.icims.com/jobs/search?ss=1,1,50,https://careers-bocusa.icims.com/jobs/4465/human-resources-department-employee-relations-associate-assistant-vice-president/job,,0.22
careers-bradfordexchange.icims.com,https://careers-bradfordexchange.icims.com/jobs/search?ss=1,1,5,https://careers-bradfordexchange.icims.com/jobs/1624/ecommerce%2c-merchandising-specialist-i/job,,0.25
careers-brandesassociates.icims.com,https://careers-brandesassociates.icims.com/jobs/search?ss=1,1,20,https://careers-brandesassociates.icims.com/jobs/2025/automated-test-engineer/job,,0.27
careers-bridgenext.icims.com,https://careers-bridgenext.icims.com/jobs/search?ss=1,1,20,https://careers-bridgenext.icims.com/jobs/10616/senior-.net-full-stack-software-developer/job,,0.20
careers-brightspring.icims.com,https://careers-brightspring.icims.com/jobs/search?ss=1,1,50,https://careers-brightspring.icims.com/jobs/192704/rn---registered-nurse---private-duty/job,,0.29
careers-brightviewhealth.icims.com,https://careers-brightviewhealth.icims.com/jobs/search?ss=1,1,50,https://careers-brightviewhealth.icims.com/jobs/2775/targeted-case-manager/job,,0.31
careers-brmi.icims.com,https://careers-brmi.icims.com/jobs/search?ss=1,1,20,https://careers-brmi.icims.com/jobs/4316/sr.-technical-risk-analyst-%28vendor-relationship-manager%29/job,,0.20
careers-bwsc.icims.com,https://careers-bwsc.icims.com/jobs/search?ss=1,1,17,https://careers-bwsc.icims.com/jobs/1211/financial-service-representative/job,,0.20
careers-c1.icims.com,https://careers-c1.icims.com/jobs/search?ss=1,1,36,https://careers-c1.icims.com/jobs/7397/field-services-technician/job,,0.22
careers-cacu.icims.com,https://careers-cacu.icims.com/jobs/search?ss=1,1,39,https://careers-cacu.icims.com/jobs/3047/repossession-specialist---irvine%2c-california/job,,3.22
careers-cadence-education.icims.com,https://careers-cadence-education.icims.com/jobs/search?ss=1,1,50,https://careers-cadence-education.icims.com/jobs/66077/teacher--infant/job,,0.30
careers-cadent.icims.com,https://careers-cadent.icims.com/jobs/search?ss=1,1,14,https://careers-cadent.icims.com/jobs/1389/sales-director/job,,0.19
careers-cadmusgroup.icims.com,https://careers-cadmusgroup.icims.com/jobs/search?ss=1,1,20,https://careers-cadmusgroup.icims.com/jobs/3192/analyst---digital-transformation/job,,0.23
careers-calamp.icims.com,https://careers-calamp.icims.com/jobs/search?ss=1,1,14,https://careers-calamp.icims.com/jobs/4361/staff-engineer%2c-obd/job,,0.24
careers-califiafarms.icims.com,https://careers-califiafarms.icims.com/jobs/search?ss=1,1,19,https://careers-califiafarms.icims.com/jobs/1782/qa-technician%2c-1st-shift/job,,0.36
careers-calspan.icims.com,https://careers-calspan.icims.com/jobs/search?ss=1,1,20,https://careers-calspan.icims.com/jobs/2621/shipping-%26-receiving-clerk/job,,0.27
careers-capbluecross.icims.com,https://careers-capbluecross.icims.com/jobs/search?ss=1,1,13,https://careers-capbluecross.icims.com/jobs/4687/hr-strategy-enablement-consultant/job,,0.19
careers-captrust.icims.com,https://careers-captrust.icims.com/jobs/search?ss=1,1,50,https://careers-captrust.icims.com/jobs/2391/wealth-solutions-insurance-manager/job,,0.39
careers-carehospice.icims.com,https://careers-carehospice.icims.com/jobs/search?ss=1,1,5,https://careers-carehospice.icims.com/jobs/27961/area-sales-manager-%28hospice%29/job,,0.22
careers-carenethealthcare.icims.com,https://careers-carenethealthcare.icims.com/jobs/search?ss=1,1,33,https://careers-carenethealthcare.icims.com/jobs/5380/project-manager-%28m%26a%29/job,,0.31
careers-carollo.icims.com,https://careers-carollo.icims.com/jobs/search?ss=1,1,20,https://careers-carollo.icims.com/jobs/4511/learning-and-development-specialist/job,,0.29
careers-carousel.icims.com,https://careers-carousel.icims.com/jobs/search?ss=1,1,20,https://careers-carousel.icims.com/jobs/6967/senior-project-manager-%28austin%2c-tx%29/job,,0.20
careers-cascade-management.icims.com,https://careers-cascade-management.icims.com/jobs/search?ss=1,1,20,https://careers-cascade-management.icims.com/jobs/3723/janitor/job,,0.22
careers-casella.icims.com,https://careers-casella.icims.com/jobs/search?ss=1,1,20,https://careers-casella.icims.com/jobs/9889/commercial-service-representative/job,,0.24
careers-cayuseholdings.icims.com,https://careers-cayuseholdings.icims.com/jobs/search?ss=1,1,50,https://careers-cayuseholdings.icims.com/jobs/4063/sharepoint-migration-specialist/job,,0.24
careers-cbc-nybloodcenter.icims.com,https://careers-cbc-nybloodcenter.icims.com/jobs/search?ss=1,1,7,https://careers-cbc-nybloodcenter.icims.com/jobs/8598/donor-relations-associate/job,,0.34
careers-cecinc.icims.com,https://careers-cecinc.icims.com/jobs/search?ss=1,1,20,https://careers-cecinc.icims.com/jobs/6403/construction-inspector/job,,0.26
careers-cellularsales.icims.com,https://careers-cellularsales.icims.com/jobs/search?ss=1,1,50,https://careers-cellularsales.icims.com/jobs/23721/retail-sales-representative/job,,0.28
careers-centralhealth.icims.com,https://careers-centralhealth.icims.com/jobs/search?ss=1,1,57,https://careers-centralhealth.icims.com/jobs/10951/***medical-assistant-rapid-hiring-event%21***/job,,0.27
careers-centricbrands.icims.com,https://careers-centricbrands.icims.com/jobs/search?ss=1,1,10,https://careers-centricbrands.icims.com/jobs/23372/on-site-fall-2026-internship---chargeback-compliance-%28greensboro%2c-nc%29/job,,0.20
careers-cfins.icims.com,https://careers-cfins.icims.com/jobs/search?ss=1,1,20,https://careers-cfins.icims.com/jobs/5023/manager%2c-claims-litigation-management---morristown%2c-nj-or-remote/job,,0.29
careers-chai.icims.com,https://careers-chai.icims.com/jobs/search?ss=1,1,10,https://careers-chai.icims.com/jobs/15473/analyst%2c-monitoring%2c-evaluation-%26-data-systems%2c-tb/job,,0.27
careers-chemtradelogistics.icims.com,https://careers-chemtradelogistics.icims.com/jobs/search?ss=1,1,20,https://careers-chemtradelogistics.icims.com/jobs/5082/tanker-driver/job,,0.26
careers-chenega.icims.com,https://careers-chenega.icims.com/jobs/search?ss=1,1,20,https://careers-chenega.icims.com/jobs/41242/triage-consultant/job,,0.30
careers-chickfila.icims.com,https://careers-chickfila.icims.com/jobs,1,0,,,0.57
careers-chsli.icims.com,https://careers-chsli.icims.com/jobs/search?ss=1,1,50,https://careers-chsli.icims.com/jobs/72954/cna-pd/job,,0.36
careers-cis.icims.com,https://careers-cis.icims.com/jobs/search?ss=1,1,5,https://careers-cis.icims.com/jobs/2383/accountant/job,,0.26
careers-citynational.icims.com,https://careers-citynational.icims.com/jobs/search?ss=1,1,20,https://careers-citynational.icims.com/jobs/5926/association-banking-relationship-manager/job,,0.35
careers-clarkson.icims.com,https://careers-clarkson.icims.com/jobs/search?ss=1,1,10,https://careers-clarkson.icims.com/jobs/1336/machinist/job,,0.41
careers-clearygottlieb.icims.com,https://careers-clearygottlieb.icims.com/jobs/search?ss=1,1,20,https://careers-clearygottlieb.icims.com/jobs/1835/risk-analyst/job,,0.23
careers-cobank.icims.com,https://careers-cobank.icims.com/jobs,1,0,,,0.62
careers-commitent.icims.com,https://careers-commitent.icims.com/jobs/search?ss=1,1,10,https://careers-commitent.icims.com/jobs/1330/devsecops-engineer/job,,0.25
careers-commtrans.icims.com,https://careers-commtrans.icims.com/jobs/search?ss=1,1,9,https://careers-commtrans.icims.com/jobs/1896/people%2c-empowerment-%26-connections-%28pec%29-manager/job,,0.22
careers-communitymedical.icims.com,https://careers-communitymedical.icims.com/jobs/search?ss=1,1,20,https://careers-communitymedical.icims.com/jobs/51098/respiratory-care-practitioner-1-adult%2c-sub-acute-program/job,,0.32
careers-compsych.icims.com,https://careers-compsych.icims.com/jobs/search?ss=1,1,16,https://careers-compsych.icims.com/jobs/2178/senior-product-manager---behavioral-health/job,,0.28
careers-concoracredit.icims.com,https://careers-concoracredit.icims.com/jobs/search?ss=1,1,20,https://careers-concoracredit.icims.com/jobs/3011/sr.-front-end-engineer/job,,0.20
careers-concord.icims.com,https://careers-concord.icims.com/jobs/search?ss=1,1,5,https://careers-concord.icims.com/jobs/2066/director%2c-a%26r/job,,0.21
careers-concorde.icims.com,https://careers-concorde.icims.com/jobs/search?ss=1,1,20,https://careers-concorde.icims.com/jobs/10837/director-clinical-education-dms/job,,0.30
careers-connection.icims.com,https://careers-connection.icims.com/jobs/search?ss=1,1,20,https://careers-connection.icims.com/jobs/10526/implementation-coordinator/job,,0.27
careers-connectiverx.icims.com,https://careers-connectiverx.icims.com/jobs/search?ss=1,1,20,https://careers-connectiverx.icims.com/jobs/3819/supervisor%2c-patient-support---afford-svcs/job,,0.21
careers-consilio.icims.com,https://careers-consilio.icims.com/jobs/search?ss=1,1,20,https://careers-consilio.icims.com/jobs/4073/project-manager/job,,0.28
careers-consoreng.icims.com,https://careers-consoreng.icims.com/jobs/search?ss=1,1,50,https://careers-consoreng.icims.com/jobs/6527/roadway-cad-technician/job,,0.34
careers-constructconnect.icims.com,https://careers-constructconnect.icims.com/jobs/search?ss=1,1,5,https://careers-constructconnect.icims.com/jobs/2154/sales-development-representative/job,,0.23
careers-controlsystems.icims.com,https://careers-controlsystems.icims.com/jobs/search?ss=1,1,39,https://careers-controlsystems.icims.com/jobs/2545/fire-alarm-foreman/job,,0.35
careers-cooperhealth.icims.com,https://careers-cooperhealth.icims.com/jobs/search?ss=1,1,10,https://careers-cooperhealth.icims.com/jobs/84457/surgical-scheduler/job,,0.23
careers-coraltreehospitality.icims.com,https://careers-coraltreehospitality.icims.com/jobs/search?ss=1,1,50,https://careers-coraltreehospitality.icims.com/jobs/13023/pool-attendant/job,,0.22
careers-cordobacorp.icims.com,https://careers-cordobacorp.icims.com/jobs/search?ss=1,1,50,https://careers-cordobacorp.icims.com/jobs/2800/project-engineer/job,,0.27
careers-cotiviti.icims.com,https://careers-cotiviti.icims.com/jobs/search?ss=1,1,50,https://careers-cotiviti.icims.com/jobs/19620/senior-software-engineer/job,,0.22
careers-councilofindustry.icims.com,https://careers-councilofindustry.icims.com/jobs/search?ss=1,1,20,https://careers-councilofindustry.icims.com/jobs/5131/assistant-team-leader---kiln-dept./job,,0.24
careers-country-fair.icims.com,https://careers-country-fair.icims.com/jobs/search?ss=1,1,20,https://careers-country-fair.icims.com/jobs/1199/assistant-manager---mercer---store-92/job,,0.21
careers-covenanteyes.icims.com,https://careers-covenanteyes.icims.com/jobs/search?ss=1,1,0,,,0.15
careers-cpicardgroup.icims.com,https://careers-cpicardgroup.icims.com/jobs/search?ss=1,1,20,https://careers-cpicardgroup.icims.com/jobs/11232/production-team-level-i/job,,0.26
careers-cravath.icims.com,https://careers-cravath.icims.com/jobs/search?ss=1,1,18,https://careers-cravath.icims.com/jobs/3535/corporate-business-development-manager/job,,0.35
careers-ctisinc.icims.com,https://careers-ctisinc.icims.com/jobs/search?ss=1,1,3,https://careers-ctisinc.icims.com/jobs/1214/business-development-specialist/job,,0.24
careers-ctp-inc.icims.com,https://careers-ctp-inc.icims.com/jobs/search?ss=1,1,3,https://careers-ctp-inc.icims.com/jobs/1097/action-officer-uas-%26-autonomous-systems/job,,0.23
careers-culmen.icims.com,https://careers-culmen.icims.com/jobs/search?ss=1,1,50,https://careers-culmen.icims.com/jobs/4490/mid-level-program-analyst/job,,0.28
careers-cummingselec.icims.com,https://careers-cummingselec.icims.com/jobs/search?ss=1,1,20,https://careers-cummingselec.icims.com/jobs/5988/apprentice-electrician-some-experience---manufacturing/job,,0.21
careers-cvent.icims.com,https://careers-cvent.icims.com/jobs,1,0,,,0.70
careers-cvpcorp.icims.com,https://careers-cvpcorp.icims.com/jobs/search?ss=1,1,20,https://careers-cvpcorp.icims.com/jobs/3229/sterile-processing-technician-%28spt%29/job,,0.22
careers-cvtc.icims.com,https://careers-cvtc.icims.com/jobs/search?ss=1,1,20,https://careers-cvtc.icims.com/jobs/2081/business-management-instructor/job,,0.33
careers-daifuku-america.icims.com,https://careers-daifuku-america.icims.com/jobs/search?ss=1,1,20,https://careers-daifuku-america.icims.com/jobs/21593/ilus---material-handler/job,,0.25
careers-daktronics.icims.com,https://careers-daktronics.icims.com/jobs/search?ss=1,1,26,https://careers-daktronics.icims.com/jobs/7450/metal-fabricator/job,,0.20
careers-danis.icims.com,https://careers-danis.icims.com/jobs/search?ss=1,1,43,https://careers-danis.icims.com/jobs/1514/drywall-framing-hanger-%28commercial-construction%29/job,,0.30
careers-dartmouth-hitchcock.icims.com,https://careers-dartmouth-hitchcock.icims.com/jobs/search?ss=1,1,50,https://careers-dartmouth-hitchcock.icims.com/jobs/40725/privileging-specialist---office-of-clinical-affairs---hybrid/job,,0.27
careers-davidsonhospitality.icims.com,https://careers-davidsonhospitality.icims.com/jobs/search?ss=1,1,50,https://careers-davidsonhospitality.icims.com/jobs/27296/activities-host/job,,0.27
careers-ddn.icims.com,https://careers-ddn.icims.com/jobs/search?ss=1,1,20,https://careers-ddn.icims.com/jobs/5918/staff-engineer---golang/job,,0.22
careers-decisionpointcorp.icims.com,https://careers-decisionpointcorp.icims.com/jobs/search?ss=1,1,20,https://careers-decisionpointcorp.icims.com/jobs/3621/information-assurance-technician/job,,0.26
careers-devereux.icims.com,https://careers-devereux.icims.com/jobs/search?ss=1,1,20,https://careers-devereux.icims.com/jobs/51937/mental-health-therapist%2c-plea/job,,0.38
careers-dewberry.icims.com,https://careers-dewberry.icims.com/jobs/search?ss=1,1,20,https://careers-dewberry.icims.com/jobs/15928/project-manager---healthcare/job,,0.26
careers-dialysisclinic.icims.com,https://careers-dialysisclinic.icims.com/jobs/search?ss=1,1,20,https://careers-dialysisclinic.icims.com/jobs/23707/dialysis-registered-nurse-%28rn%29%3a--%245%2c000-sign-on-bonus/job,,0.25
careers-dminc.icims.com,https://careers-dminc.icims.com/jobs/search?ss=1,1,20,https://careers-dminc.icims.com/jobs/28816/mecm-engineering-lead/job,,0.23
careers-dreeshomes.icims.com,https://careers-dreeshomes.icims.com/jobs/search?ss=1,1,20,https://careers-dreeshomes.icims.com/jobs/2897/title-examiner/job,,0.22
careers-drfirst.icims.com,https://careers-drfirst.icims.com/jobs/search?ss=1,1,10,https://careers-drfirst.icims.com/jobs/2374/associate-product-analyst---eprescribing-platform/job,,0.20
careers-duluthtrading.icims.com,https://careers-duluthtrading.icims.com/jobs/search?ss=1,1,50,https://careers-duluthtrading.icims.com/jobs/8410/retail-associate/job,,0.29
careers-e2.icims.com,https://careers-e2.icims.com/jobs/search?ss=1,1,20,https://careers-e2.icims.com/jobs/6189/engineering-and-design-project-advisory-engineer/job,,0.30
careers-e2optics.icims.com,https://careers-e2optics.icims.com/jobs/search?ss=1,1,50,https://careers-e2optics.icims.com/jobs/3551/assistant-project-manager---dallas/job,,0.32
careers-eaglepicher.icims.com,https://careers-eaglepicher.icims.com/jobs/search?ss=1,1,20,https://careers-eaglepicher.icims.com/jobs/3114/process-associate-3/job,,0.31
careers-eastwestbank.icims.com,https://careers-eastwestbank.icims.com/jobs/search?ss=1,1,20,https://careers-eastwestbank.icims.com/jobs/13297/senior-credit-analyst/job,,0.22
careers-ebscoind.icims.com,https://careers-ebscoind.icims.com/jobs/search?ss=1,1,8,https://careers-ebscoind.icims.com/jobs/2035/sr-cloud-platform-engineer/job,,0.24
careers-edf-re.icims.com,https://careers-edf-re.icims.com/jobs/search?ss=1,1,42,https://careers-edf-re.icims.com/jobs/5033/renewable-energy-technician---multiple-levels--%5bon-site%5d/job,,0.24
careers-edgewaterit.icims.com,https://careers-edgewaterit.icims.com/jobs/search?ss=1,1,20,https://careers-edgewaterit.icims.com/jobs/4698/cross-domain-print-engineer/job,,0.24
careers-efwnow.icims.com,https://careers-efwnow.icims.com/jobs/search?ss=1,1,20,https://careers-efwnow.icims.com/jobs/7355/administrative-assistant%2c-front-desk/job,,0.20
careers-ehhi.icims.com,https://careers-ehhi.icims.com/jobs/search?ss=1,1,20,https://careers-ehhi.icims.com/jobs/153829/rn---clinical-supervisor---home-health/job,,0.36
careers-einstein.icims.com,https://careers-einstein.icims.com/jobs,1,0,,,0.48
careers-emcorgroup.icims.com,https://careers-emcorgroup.icims.com/jobs/search?ss=1,1,50,https://careers-emcorgroup.icims.com/jobs/50921/rigger-%28ral-mysc-nw%29/job,,0.36
careers-emerus.icims.com,https://careers-emerus.icims.com/jobs/search?ss=1,1,20,https://careers-emerus.icims.com/jobs/22688/emergency-room-technician-%28ft-days%29/job,,0.25
careers-empiricalfoods.icims.com,https://careers-empiricalfoods.icims.com/jobs/search?ss=1,1,41,https://careers-empiricalfoods.icims.com/jobs/4041/operations-center-specialist/job,,0.23
careers-empowerai.icims.com,https://careers-empowerai.icims.com/jobs/search?ss=1,1,20,https://careers-empowerai.icims.com/jobs/9115/senior-systems-administrator-%28lead%29/job,,0.22
careers-en-nortal.icims.com,https://careers-en-nortal.icims.com/jobs/search?ss=1,1,20,https://careers-en-nortal.icims.com/jobs/6082/pmo-experte-%28junior-%26-mid-level%29-%28m-w-d%29/job,,0.75
careers-encorefireprotection.icims.com,https://careers-encorefireprotection.icims.com/jobs/search?ss=1,1,50,https://careers-encorefireprotection.icims.com/jobs/3810/fire-alarm-technician/job,,0.27
careers-endeavorair.icims.com,https://careers-endeavorair.icims.com/jobs/search?ss=1,1,19,https://careers-endeavorair.icims.com/jobs/5495/aircraft-dispatcher/job,,0.28
careers-enfra.icims.com,https://careers-enfra.icims.com/jobs/search?ss=1,1,50,https://careers-enfra.icims.com/jobs/10467/bim-vdc-technician-i/job,,0.28
careers-epeconsulting.icims.com,https://careers-epeconsulting.icims.com/jobs/search?ss=1,1,50,https://careers-epeconsulting.icims.com/jobs/2208/senior-power-systems-engineer/job,,0.23
careers-ermcoeci.icims.com,https://careers-ermcoeci.icims.com/jobs/search?ss=1,1,50,https://careers-ermcoeci.icims.com/jobs/6600/benefits-specialist/job,,0.33
careers-esinc.icims.com,https://careers-esinc.icims.com/jobs/search?ss=1,1,7,https://careers-esinc.icims.com/jobs/2569/help-desk-technician-%28part-time%29/job,,0.27
careers-evms.icims.com,https://careers-evms.icims.com/jobs/search?ss=1,1,20,https://careers-evms.icims.com/jobs/5832/assistant-professor--internal-medicine/job,,0.21
careers-exagen.icims.com,https://careers-exagen.icims.com/jobs/search?ss=1,1,4,https://careers-exagen.icims.com/jobs/1504/medical-biller/job,,0.23
careers-exponent.icims.com,https://careers-exponent.icims.com/jobs/search?ss=1,1,50,https://careers-exponent.icims.com/jobs/2494/senior-architect-architectural-engineer-%28m.s.-ph.d.%29/job,,0.35
careers-express.icims.com,https://careers-express.icims.com/jobs/search?ss=1,1,20,https://careers-express.icims.com/jobs/47782/digital-content-specialist/job,,0.25
careers-extensishr.icims.com,https://careers-extensishr.icims.com/jobs/search?ss=1,1,13,https://careers-extensishr.icims.com/jobs/6568/implementation-manager/job,,0.22
careers-fairrite.icims.com,https://careers-fairrite.icims.com/jobs/search?ss=1,1,2,https://careers-fairrite.icims.com/jobs/5131/assistant-team-leader---kiln-dept./job,,0.27
careers-falconwood.icims.com,https://careers-falconwood.icims.com/jobs/search?ss=1,1,3,https://careers-falconwood.icims.com/jobs/1707/cybersecurity-analyst%2c-mid/job,,0.20
careers-fdcorp.icims.com,https://careers-fdcorp.icims.com/jobs/search?ss=1,1,50,https://careers-fdcorp.icims.com/jobs/8903/engineering-technician/job,,0.27
careers-fecrwy.icims.com,https://careers-fecrwy.icims.com/jobs/search?ss=1,1,20,https://careers-fecrwy.icims.com/jobs/2601/administrative-%26-billing-specialist/job,,0.31
careers-federatedinsurance.icims.com,https://careers-federatedinsurance.icims.com/jobs/search?ss=1,1,20,https://careers-federatedinsurance.icims.com/jobs/5512/2027-claims-college-internship---atlanta%2c-ga/job,,0.28
careers-fedwriters.icims.com,https://careers-fedwriters.icims.com/jobs/search?ss=1,1,22,https://careers-fedwriters.icims.com/jobs/2367/project-coordinator-%28shared-services%29/job,,0.25
careers-fhcrc.icims.com,https://careers-fhcrc.icims.com/jobs/search?ss=1,1,100,https://careers-fhcrc.icims.com/jobs/31430/intern%2c-research/job,,0.36
careers-fhfurr.icims.com,https://careers-fhfurr.icims.com/jobs/search?ss=1,1,50,https://careers-fhfurr.icims.com/jobs/22695/drain-technician/job,,0.40
careers-floridamedclinic.icims.com,https://careers-floridamedclinic.icims.com/jobs/search?ss=1,1,50,https://careers-floridamedclinic.icims.com/jobs/312670/medical-assistant%2c-certified---dermatology/job,,0.34
careers-fnf.icims.com,https://careers-fnf.icims.com/jobs/search?ss=1,1,0,,,0.19
careers-foley.icims.com,https://careers-foley.icims.com/jobs/search?ss=1,1,20,https://careers-foley.icims.com/jobs/3525/leave-%26-benefits-specialist/job,,0.23
careers-fontainebleau.icims.com,https://careers-fontainebleau.icims.com/jobs/search?ss=1,1,20,https://careers-fontainebleau.icims.com/jobs/5688/spa-|-massage-therapist-%28on-call%29/job,,0.22
careers-framatome.icims.com,https://careers-framatome.icims.com/jobs/search?ss=1,1,50,https://careers-framatome.icims.com/jobs/3166/early-career-mechanical-design-engineer/job,,0.30
careers-frontwavecu.icims.com,https://careers-frontwavecu.icims.com/jobs/search?ss=1,1,14,https://careers-frontwavecu.icims.com/jobs/1977/military-relations-manager/job,,0.22
careers-fsg.icims.com,https://careers-fsg.icims.com/jobs/search?ss=1,1,50,https://careers-fsg.icims.com/jobs/2473/cad-designer/job,,0.26
careers-fsse-srmc.icims.com,https://careers-fsse-srmc.icims.com/jobs/search?ss=1,1,10,https://careers-fsse-srmc.icims.com/jobs/1992/end-stream-delivery-%28esd%29-administrative-assistant-coordinator/job,,0.19
careers-ftidefense.icims.com,https://careers-ftidefense.icims.com/jobs/search?ss=1,1,20,https://careers-ftidefense.icims.com/jobs/7063/software-developer/job,,0.28
careers-fult.icims.com,https://careers-fult.icims.com/jobs/search?ss=1,1,20,https://careers-fult.icims.com/jobs/23948/sales-and-service-specialist/job,,0.28
careers-fundltc.icims.com,https://careers-fundltc.icims.com/jobs/search?ss=1,1,8,https://careers-fundltc.icims.com/jobs/6090/mobile-nurse-assessment-coordinator-%28nac%29/job,,0.21
careers-galapagos.icims.com,https://careers-galapagos.icims.com/jobs/search?ss=1,1,38,https://careers-galapagos.icims.com/jobs/3300/program-manager-%26-lead-instructor/job,,0.27
careers-gannettfleming.icims.com,https://careers-gannettfleming.icims.com/jobs/search?ss=1,1,20,https://careers-gannettfleming.icims.com/jobs/14361/staff-engineer%2c-geotechnical-dams-%26-hydraulics/job,,0.24
careers-gd-ots.icims.com,https://careers-gd-ots.icims.com/jobs/search?ss=1,1,20,https://careers-gd-ots.icims.com/jobs/36563/assembler-%231/job,,0.34
careers-gdbiw.icims.com,https://careers-gdbiw.icims.com/jobs/search?ss=1,1,20,https://careers-gdbiw.icims.com/jobs/5248/supervisor%2c-engineering/job,,0.26
careers-gdeb.icims.com,https://careers-gdeb.icims.com/jobs/search?ss=1,1,50,https://careers-gdeb.icims.com/jobs/19740/hull-insert-fitter/job,,0.29
careers-gdifamilyofbrands.icims.com,https://careers-gdifamilyofbrands.icims.com/jobs/search?ss=1,1,20,https://careers-gdifamilyofbrands.icims.com/jobs/24446/uwd---retail-field-marketer/job,,0.20
careers-gdms.icims.com,https://careers-gdms.icims.com/jobs/search?ss=1,1,20,https://careers-gdms.icims.com/jobs/72983/finisher-a/job,,0.37
careers-gentivahs.icims.com,https://careers-gentivahs.icims.com/jobs/search?ss=1,1,20,https://careers-gentivahs.icims.com/jobs/140336/aide/job,,0.25
careers-genusplc.icims.com,https://careers-genusplc.icims.com/jobs/search?ss=1,1,50,https://careers-genusplc.icims.com/jobs/14034/business-development-manager/job,,0.81
careers-geosyntec.icims.com,https://careers-geosyntec.icims.com/jobs/search?ss=1,1,50,https://careers-geosyntec.icims.com/jobs/4659/electrical-engineer-iii/job,,0.27
careers-geoyeti.icims.com,https://careers-geoyeti.icims.com/jobs/search?ss=1,1,3,https://careers-geoyeti.icims.com/jobs/3105/data-scientist/job,,0.21
careers-girlscouts.icims.com,https://careers-girlscouts.icims.com/jobs/search?ss=1,1,6,https://careers-girlscouts.icims.com/jobs/2223/representative%2c-museum-lead-guide/job,,0.24
careers-globalcu.icims.com,https://careers-globalcu.icims.com/jobs/search?ss=1,1,20,https://careers-globalcu.icims.com/jobs/9132/assistant-branch-manager-ii/job,,0.28
careers-gmr.icims.com,https://careers-gmr.icims.com/jobs/search?ss=1,1,20,https://careers-gmr.icims.com/jobs/58880/membership-sales-specialist-–-hilo%2c-hi/job,,0.23
careers-goldbeltciops.icims.com,https://careers-goldbeltciops.icims.com/jobs/search?ss=1,1,20,https://careers-goldbeltciops.icims.com/jobs/19943/medical-instructor-training-developer-sof-p/job,,0.39
careers-goldbeltcpmarine.icims.com,https://careers-goldbeltcpmarine.icims.com/jobs/search?ss=1,1,42,https://careers-goldbeltcpmarine.icims.com/jobs/19907/management-analyst-ii/job,,0.57
careers-goldbeltnighthawk.icims.com,https://careers-goldbeltnighthawk.icims.com/jobs/search?ss=1,1,6,https://careers-goldbeltnighthawk.icims.com/jobs/19900/it-project-manager/job,,0.20
careers-goldbelttakuhealthservices.icims.com,https://careers-goldbelttakuhealthservices.icims.com/jobs/search?ss=1,1,20,https://careers-goldbelttakuhealthservices.icims.com/jobs/19888/army-reserve-employment-specialist/job,,0.35
careers-goldenkeygroup.icims.com,https://careers-goldenkeygroup.icims.com/jobs/search?ss=1,1,20,https://careers-goldenkeygroup.icims.com/jobs/3392/senior-human-resources-specialist/job,,0.28
careers-gotyto.icims.com,https://careers-gotyto.icims.com/jobs/search?ss=1,1,45,https://careers-gotyto.icims.com/jobs/1978/oracle-ebs-developer/job,,0.29
careers-grahampackaging.icims.com,https://careers-grahampackaging.icims.com/jobs/search?ss=1,1,20,https://careers-grahampackaging.icims.com/jobs/14478/maintenance-technician-ii-%28-day-shift%29-pay-starting-at-%2433.60hr./job,,0.22
careers-granicus.icims.com,https://careers-granicus.icims.com/jobs/search?ss=1,1,50,https://careers-granicus.icims.com/jobs/10338/director---presales-operations/job,,0.24
careers-greatdane.icims.com,https://careers-greatdane.icims.com/jobs/search?ss=1,1,34,https://careers-greatdane.icims.com/jobs/4342/lean-operational-excellence-process-manager-i/job,,0.22
careers-greenbrickpartners.icims.com,https://careers-greenbrickpartners.icims.com/jobs/search?ss=1,1,20,https://careers-greenbrickpartners.icims.com/jobs/1626/special-projects-manager--cb-jeni%2c-normandy-%26-southgate-homes/job,,0.36
careers-greenstate.icims.com,https://careers-greenstate.icims.com/jobs/search?ss=1,1,20,https://careers-greenstate.icims.com/jobs/4700/member-service-representative/job,,0.25
careers-greenstreet.icims.com,https://careers-greenstreet.icims.com/jobs/search?ss=1,1,26,https://careers-greenstreet.icims.com/jobs/1538/senior-account-executive/job,,0.38
careers-growfinancial.icims.com,https://careers-growfinancial.icims.com/jobs/search?ss=1,1,16,https://careers-growfinancial.icims.com/jobs/2702/relationship-specialist---sheldon-road---bilingual-required/job,,0.22
careers-guard.icims.com,https://careers-guard.icims.com/jobs/search?ss=1,1,20,https://careers-guard.icims.com/jobs/5928/senior-liability-claims-adjuster---major-case-unit/job,,0.24
careers-hamiltoncompany.icims.com,https://careers-hamiltoncompany.icims.com/jobs/search?ss=1,1,50,https://careers-hamiltoncompany.icims.com/jobs/3387/field-service-engineer---boston/job,,0.38
careers-harmonycares.icims.com,https://careers-harmonycares.icims.com/jobs/search?ss=1,1,50,https://careers-harmonycares.icims.com/jobs/10007/advance-practice-provider-%28np-pa%29-primary-care/job,,0.27
careers-harpercollins.icims.com,https://careers-harpercollins.icims.com/jobs/search?ss=1,1,20,https://careers-harpercollins.icims.com/jobs/5367/production-assistant-%28princeton%2c-nj-hybrid%29/job,,0.23
careers-hayward.icims.com,https://careers-hayward.icims.com/jobs/search?ss=1,1,0,,,0.29
careers-hcisystems.icims.com,https://careers-hcisystems.icims.com/jobs/search?ss=1,1,34,https://careers-hcisystems.icims.com/jobs/2532/accounts-receivable-%28ar%29-collector/job,,0.41
careers-healthedge.icims.com,https://careers-healthedge.icims.com/jobs/search?ss=1,1,50,https://careers-healthedge.icims.com/jobs/8130/senior-release-engineer/job,,0.24
careers-healthequity.icims.com,https://careers-healthequity.icims.com/jobs/search?ss=1,1,19,https://careers-healthequity.icims.com/jobs/8217/ai-enablement-coe-dir/job,,0.63
careers-healthmanagement.icims.com,https://careers-healthmanagement.icims.com/jobs/search?ss=1,1,6,https://careers-healthmanagement.icims.com/jobs/1968/senior-consultant---finance-and-operations---revenue-cycle/job,,0.28
careers-heart.icims.com,https://careers-heart.icims.com/jobs/search?ss=1,1,20,https://careers-heart.icims.com/jobs/17846/operations-manager%2c-clinical-studies/job,,0.36
careers-hepburnandsons.icims.com,https://careers-hepburnandsons.icims.com/jobs/search?ss=1,1,7,https://careers-hepburnandsons.icims.com/jobs/1622/director-of-business-development/job,,0.20
careers-herbalife.icims.com,https://careers-herbalife.icims.com/jobs/search?ss=1,1,44,https://careers-herbalife.icims.com/jobs/20120/distinguished-engineer%2c-core-engineering-services/job,,0.40
careers-here.icims.com,https://careers-here.icims.com/jobs/search?ss=1,1,20,https://careers-here.icims.com/jobs/81744/intern--test-vehicle-driver-%28tampere%29/job,,0.31
careers-hexagonpositioning.icims.com,https://careers-hexagonpositioning.icims.com/jobs/search?ss=1,1,20,https://careers-hexagonpositioning.icims.com/jobs/3018/applications-engineer/job,,0.27
careers-heywood.icims.com,https://careers-heywood.icims.com/jobs/search?ss=1,1,50,https://careers-heywood.icims.com/jobs/3867/lead-medical-laboratory-technologist%2c-per-diem%2c-days/job,,0.26
careers-hhmlp.icims.com,https://careers-hhmlp.icims.com/jobs/search?ss=1,1,20,https://careers-hhmlp.icims.com/jobs/73125/guest-service-agent--driver/job,,0.54
careers-hhsys.icims.com,https://careers-hhsys.icims.com/jobs/search?ss=1,1,20,https://careers-hhsys.icims.com/jobs/68217/non-medicare-biller--patient-accounting/job,,0.20
careers-highpriority.icims.com,https://careers-highpriority.icims.com/jobs/search?ss=1,1,20,https://careers-highpriority.icims.com/jobs/7447/sr.-field-technician/job,,0.21
careers-hines.icims.com,https://careers-hines.icims.com/jobs/search?ss=1,1,20,https://careers-hines.icims.com/jobs/14247/multisite-leasing-professional---emerson-goose-creek/job,,0.28
careers-ho-chunk.icims.com,https://careers-ho-chunk.icims.com/jobs/search?ss=1,1,50,https://careers-ho-chunk.icims.com/jobs/10387/ale-haus---host/job,,0.33
careers-hooveralabama.icims.com,https://careers-hooveralabama.icims.com/jobs/search?ss=1,1,9,https://careers-hooveralabama.icims.com/jobs/1960/behavioral-health-coordinator/job,,0.20
careers-hrblock.icims.com,https://careers-hrblock.icims.com/jobs/search?ss=1,1,50,https://careers-hrblock.icims.com/jobs/45904/expat-tax-advisor---pt/job,,0.27
careers-hwkaufman.icims.com,https://careers-hwkaufman.icims.com/jobs/search?ss=1,1,20,https://careers-hwkaufman.icims.com/jobs/9190/personal-lines-underwriter/job,,0.25
careers-hyland.icims.com,https://careers-hyland.icims.com/jobs/search?ss=1,1,20,https://careers-hyland.icims.com/jobs/14190/manufacturing-technician---pacsgear-1/job,,0.32
careers-i2xisys.icims.com,https://careers-i2xisys.icims.com/jobs/search?ss=1,1,20,https://careers-i2xisys.icims.com/jobs/15009/devops-engineer/job,,0.28
careers-i3-corps.icims.com,https://careers-i3-corps.icims.com/jobs/search?ss=1,1,20,https://careers-i3-corps.icims.com/jobs/5180/senior-rf-engineer/job,,0.29
careers-ibr.icims.com,https://careers-ibr.icims.com/jobs/search?ss=1,1,12,https://careers-ibr.icims.com/jobs/8573/mobile-blood-bus-drivers-needed---cdl/job,,0.21
careers-ibts.icims.com,https://careers-ibts.icims.com/jobs/search?ss=1,1,19,https://careers-ibts.icims.com/jobs/2852/heavy-equipment-operator/job,,0.28
careers-ice.icims.com,https://careers-ice.icims.com/jobs/search?ss=1,1,50,https://careers-ice.icims.com/jobs/13315/quantitative--analyst%2c-quantitative-research/job,,0.34
careers-ideagenus.icims.com,https://careers-ideagenus.icims.com/jobs/search?ss=1,1,6,https://careers-ideagenus.icims.com/jobs/3017/implementation-and-support-specialist/job,,0.76
careers-idirect.icims.com,https://careers-idirect.icims.com/jobs/search?ss=1,1,16,https://careers-idirect.icims.com/jobs/2877/senior-manager%2c-ai-%26-enterprise-architecture/job,,0.66
careers-imaginecommunications.icims.com,https://careers-imaginecommunications.icims.com/jobs/search?ss=1,1,10,https://careers-imaginecommunications.icims.com/jobs/2948/senior-web-developer/job,,0.33
careers-imgva.icims.com,https://careers-imgva.icims.com/jobs/search?ss=1,1,14,https://careers-imgva.icims.com/jobs/5915/help-desk-analyst--top-secret-clearance-required/job,,0.25
careers-industechnology.icims.com,https://careers-industechnology.icims.com/jobs/search?ss=1,1,34,https://careers-industechnology.icims.com/jobs/2305/power-platform-data-analyst/job,,0.25
careers-indyneinc.icims.com,https://careers-indyneinc.icims.com/jobs/search?ss=1,1,5,https://careers-indyneinc.icims.com/jobs/5666/cmoc-lead/job,,0.33
careers-innovage.icims.com,https://careers-innovage.icims.com/jobs/search?ss=1,1,50,https://careers-innovage.icims.com/jobs/6789/day-center-cna/job,,0.40
careers-innovmetric.icims.com,https://careers-innovmetric.icims.com/jobs/search?ss=1,1,16,https://careers-innovmetric.icims.com/jobs/1561/corporate-account-manager---usa/job,,0.21
careers-insight2profit.icims.com,https://careers-insight2profit.icims.com/jobs/search?ss=1,1,4,https://careers-insight2profit.icims.com/jobs/1794/director-of-data-engineering/job,,0.38
careers-integralfed.icims.com,https://careers-integralfed.icims.com/jobs/search?ss=1,1,20,https://careers-integralfed.icims.com/jobs/5373/software-developer/job,,0.41
careers-internova.icims.com,https://careers-internova.icims.com/jobs/search?ss=1,1,20,https://careers-internova.icims.com/jobs/3989/ic-support-specialist/job,,0.36
careers-interstatewaste.icims.com,https://careers-interstatewaste.icims.com/jobs/search?ss=1,1,50,https://careers-interstatewaste.icims.com/jobs/5352/container%2c-compactor-%26-roll-off-container-painter---nnj/job,,0.33
careers-intllogic.icims.com,https://careers-intllogic.icims.com/jobs/search?ss=1,1,5,https://careers-intllogic.icims.com/jobs/1312/senior-middleware-%28websphere-liberty%29-specialist/job,,0.24
careers-intrepidsolutions.icims.com,https://careers-intrepidsolutions.icims.com/jobs/search?ss=1,1,12,https://careers-intrepidsolutions.icims.com/jobs/2389/executive-assistant/job,,0.26
careers-ipipeline.icims.com,https://careers-ipipeline.icims.com/jobs/search?ss=1,1,8,https://careers-ipipeline.icims.com/jobs/1685/expert-strategic-partnership-manager/job,,0.23
careers-iridium.icims.com,https://careers-iridium.icims.com/jobs/search?ss=1,1,20,https://careers-iridium.icims.com/jobs/5035/senior-cloud-devsecops-engineer/job,,0.21
careers-isc2.icims.com,https://careers-isc2.icims.com/jobs/search?ss=1,1,14,https://careers-isc2.icims.com/jobs/2488/sr.-sales-enablement-specialist/job,,0.32
careers-ishpi.icims.com,https://careers-ishpi.icims.com/jobs/search?ss=1,1,12,https://careers-ishpi.icims.com/jobs/1901/systems-hardware-engineer-%28on-site%29/job,,0.31
careers-istmanagement.icims.com,https://careers-istmanagement.icims.com/jobs/search?ss=1,1,20,https://careers-istmanagement.icims.com/jobs/5852/seasonal-support-associate/job,,0.25
careers-itcfederal.icims.com,https://careers-itcfederal.icims.com/jobs/search?ss=1,1,48,https://careers-itcfederal.icims.com/jobs/1578/senior-network-engineer-%28cisco-juniper%29/job,,0.26
careers-jaggaer.icims.com,https://careers-jaggaer.icims.com/jobs/search?ss=1,1,7,https://careers-jaggaer.icims.com/jobs/4116/strategic-account-manager-%28remote%29/job,,0.23
careers-jamsadr.icims.com,https://careers-jamsadr.icims.com/jobs/search?ss=1,1,20,https://careers-jamsadr.icims.com/jobs/1716/arbitration-practice-coordinator/job,,0.22
careers-jkmoving.icims.com,https://careers-jkmoving.icims.com/jobs/search?ss=1,1,4,https://careers-jkmoving.icims.com/jobs/3741/inside-sales-moving-consultant/job,,0.23
careers-jobyaviation.icims.com,https://careers-jobyaviation.icims.com/jobs/search?ss=1,1,20,https://careers-jobyaviation.icims.com/jobs/5108/actuators-design-engineer-%28open-to-senior-staff%29/job,,0.25
careers-jocogov.icims.com,https://careers-jocogov.icims.com/jobs/search?ss=1,1,50,https://careers-jocogov.icims.com/jobs/3850/full-time-behavioral-health-specialist-%28support-provider-ii%29/job,,0.28
careers-jointcommission.icims.com,https://careers-jointcommission.icims.com/jobs/search?ss=1,1,20,https://careers-jointcommission.icims.com/jobs/7318/ad-cms-%26-state-prog-mgmt/job,,0.22
careers-joybakinggroup.icims.com,https://careers-joybakinggroup.icims.com/jobs/search?ss=1,1,15,https://careers-joybakinggroup.icims.com/jobs/1423/cone-packer-%28third-shift%29/job,,0.26
careers-jpcullen.icims.com,https://careers-jpcullen.icims.com/jobs/search?ss=1,1,47,https://careers-jpcullen.icims.com/jobs/1598/apprentice---mason-tender/job,,0.38
careers-judge.icims.com,https://careers-judge.icims.com/jobs/search?ss=1,1,27,https://careers-judge.icims.com/jobs/2969/implementation-consult./job,,0.21
careers-kahlerhospitalitygroup.icims.com,https://careers-kahlerhospitalitygroup.icims.com/jobs/search?ss=1,1,20,https://careers-kahlerhospitalitygroup.icims.com/jobs/2218/breakfast-lounge-attendant---kahler-inn-%26-suites/job,,0.19
careers-karyopharm.icims.com,https://careers-karyopharm.icims.com/jobs/search?ss=1,1,20,https://careers-karyopharm.icims.com/jobs/2446/senior-director%2c-regulatory-science-lead/job,,0.21
careers-kci.icims.com,https://careers-kci.icims.com/jobs/search?ss=1,1,20,https://careers-kci.icims.com/jobs/7892/senior-roadway-project-engineer/job,,0.21
careers-kdsda.icims.com,https://careers-kdsda.icims.com/jobs/search?ss=1,1,1,https://careers-kdsda.icims.com/jobs/3174/senior-software-engineer--backend/job,,0.19
careers-kearnybank.icims.com,https://careers-kearnybank.icims.com/jobs/search?ss=1,1,20,https://careers-kearnybank.icims.com/jobs/3157/personal-banker/job,,0.31
careers-kehe.icims.com,https://careers-kehe.icims.com/jobs/search?ss=1,1,20,https://careers-kehe.icims.com/jobs/29567/supervisor%2c-finance/job,,0.44
careers-kemin.icims.com,https://careers-kemin.icims.com/jobs/search?ss=1,1,20,https://careers-kemin.icims.com/jobs/11981/production-operator/job,,0.24
careers-ketteringhealth.icims.com,https://careers-ketteringhealth.icims.com/jobs/search?ss=1,1,20,https://careers-ketteringhealth.icims.com/jobs/60319/rn---emergency-room/job,,0.21
careers-kimley-horn.icims.com,https://careers-kimley-horn.icims.com/jobs/search?ss=1,1,50,https://careers-kimley-horn.icims.com/jobs/24738/experienced-electrical-eit---mep/job,,0.28
careers-kinaxis.icims.com,https://careers-kinaxis.icims.com/jobs/search?ss=1,1,50,https://careers-kinaxis.icims.com/jobs/35001/business-development-representative/job,,0.26
careers-kleinfelder.icims.com,https://careers-kleinfelder.icims.com/jobs/search?ss=1,1,50,https://careers-kleinfelder.icims.com/jobs/9956/staff-geotechnical-engineer/job,,0.43
careers-kloveair1.icims.com,https://careers-kloveair1.icims.com/jobs/search?ss=1,1,20,https://careers-kloveair1.icims.com/jobs/2419/prospect-development-%26-research-specialist/job,,0.20
careers-knipper.icims.com,https://careers-knipper.icims.com/jobs/search?ss=1,1,20,https://careers-knipper.icims.com/jobs/7274/patient-support-services-representative/job,,0.30
careers-kvh.icims.com,https://careers-kvh.icims.com/jobs/search?ss=1,1,1,https://careers-kvh.icims.com/jobs/1444/staff-accountant---bristol%2c-rhode-island/job,,0.22
careers-l2tllc.icims.com,https://careers-l2tllc.icims.com/jobs/search?ss=1,1,4,https://careers-l2tllc.icims.com/jobs/1692/federal-law-enforcement-program-manager/job,,0.25
careers-leftfieldlabs.icims.com,https://careers-leftfieldlabs.icims.com/jobs/search?ss=1,1,4,https://careers-leftfieldlabs.icims.com/jobs/8101/senior-frontend-software-engineer/job,,0.24
careers-lewisbrisbois.icims.com,https://careers-lewisbrisbois.icims.com/jobs/search?ss=1,1,50,https://careers-lewisbrisbois.icims.com/jobs/14919/general-liability-associate-attorney/job,,0.25
careers-lhs.icims.com,https://careers-lhs.icims.com/jobs/search?ss=1,1,20,https://careers-lhs.icims.com/jobs/48214/cntrl-strle-tech-i-gs/job,,0.53
careers-libertymutual.icims.com,https://careers-libertymutual.icims.com/jobs/search?ss=1,1,50,https://careers-libertymutual.icims.com/jobs/76724/senior-casualty-claims-specialist---remote/job,,0.32
careers-linesight.icims.com,https://careers-linesight.icims.com/jobs/search?ss=1,1,20,https://careers-linesight.icims.com/jobs/5952/project-director/job,,0.70
careers-liveonny.icims.com,https://careers-liveonny.icims.com/jobs/search?ss=1,1,17,https://careers-liveonny.icims.com/jobs/2084/manager%2c-human-resources/job,,0.20
careers-lmi.icims.com,https://careers-lmi.icims.com/jobs/search?ss=1,1,20,https://careers-lmi.icims.com/jobs/14211/business-process-analyst-%28dbo-front-office%29---clearance-required/job,,10.32
careers-loancareservicing.icims.com,https://careers-loancareservicing.icims.com/jobs/search?ss=1,1,20,https://careers-loancareservicing.icims.com/jobs/3256/customer-response-quality-%26-oversight-manager--remote/job,,0.27
careers-logixbanking.icims.com,https://careers-logixbanking.icims.com/jobs/search?ss=1,1,33,https://careers-logixbanking.icims.com/jobs/1699/real-estate-loan-servicer-hybrid/job,,0.29
careers-loretto2.icims.com,https://careers-loretto2.icims.com/jobs/search?ss=1,1,20,https://careers-loretto2.icims.com/jobs/52021/staffing-scheduler/job,,0.19
careers-lsac.icims.com,https://careers-lsac.icims.com/jobs/search?ss=1,1,8,https://careers-lsac.icims.com/jobs/1730/corporate-paralegal-contract-administrator/job,,0.23
careers-lspower.icims.com,https://careers-lspower.icims.com/jobs/search?ss=1,1,20,https://careers-lspower.icims.com/jobs/1910/accounting-intern%2c-pe-accounting/job,,0.55
careers-lvccld.icims.com,https://careers-lvccld.icims.com/jobs/search?ss=1,1,2,https://careers-lvccld.icims.com/jobs/1646/library-operations-director/job,,0.28
careers-lw.icims.com,https://careers-lw.icims.com/jobs/search?ss=1,1,50,https://careers-lw.icims.com/jobs/6970/attorney-support-pros-specialist/job,,0.40
careers-lynker.icims.com,https://careers-lynker.icims.com/jobs/search?ss=1,1,50,https://careers-lynker.icims.com/jobs/1589/knowledge-management-specialist/job,,0.25
careers-macny.icims.com,https://careers-macny.icims.com/jobs/search?ss=1,1,36,https://careers-macny.icims.com/jobs/4120/macny---manager-of-pre-apprenticeship-programs/job,,0.24
careers-magaero.icims.com,https://careers-magaero.icims.com/jobs/search?ss=1,1,20,https://careers-magaero.icims.com/jobs/8272/hardware-integration-test-technician/job,,0.26
careers-magnera.icims.com,https://careers-magnera.icims.com/jobs/search?ss=1,1,50,https://careers-magnera.icims.com/jobs/27326/shipping-receiving-clerk/job,,0.81
careers-mana.icims.com,https://careers-mana.icims.com/jobs/search?ss=1,1,47,https://careers-mana.icims.com/jobs/2472/rehab-assistant-i/job,,0.26
careers-markon.icims.com,https://careers-markon.icims.com/jobs/search?ss=1,1,50,https://careers-markon.icims.com/jobs/8462/financial-resources-specialist/job,,0.27
careers-maxor.icims.com,https://careers-maxor.icims.com/jobs/search?ss=1,1,20,https://careers-maxor.icims.com/jobs/4006/regional-operations-manager-health-systems-%28southeast-based%29/job,,0.23
careers-mb2dental.icims.com,https://careers-mb2dental.icims.com/jobs/search?ss=1,1,20,https://careers-mb2dental.icims.com/jobs/24991/director-of-operations/job,,0.24
careers-mci2.icims.com,https://careers-mci2.icims.com/jobs/search?ss=1,1,20,https://careers-mci2.icims.com/jobs/50330/gerente-de-operaciones-de-centro-de-llamadas/job,,0.29
careers-mcics.icims.com,https://careers-mcics.icims.com/jobs/search?ss=1,1,7,https://careers-mcics.icims.com/jobs/4088/director%2c-national-underwriter/job,,0.23
careers-mdch.icims.com,https://careers-mdch.icims.com/jobs/search?ss=1,1,20,https://careers-mdch.icims.com/jobs/8143/director-of-purchasing/job,,0.20
careers-medicalsolutions.icims.com,https://careers-medicalsolutions.icims.com/jobs/search?ss=1,1,13,https://careers-medicalsolutions.icims.com/jobs/4367/associate-account-manager/job,,0.21
careers-melaleuca.icims.com,https://careers-melaleuca.icims.com/jobs/search?ss=1,1,20,https://careers-melaleuca.icims.com/jobs/9430/af-staff-accountant-i/job,,0.22
careers-mercuryinsurance.icims.com,https://careers-mercuryinsurance.icims.com/jobs/search?ss=1,1,50,https://careers-mercuryinsurance.icims.com/jobs/6589/property-adj-mid-loss/job,,0.29
careers-methodisthospitals.icims.com,https://careers-methodisthospitals.icims.com/jobs/search?ss=1,1,50,https://careers-methodisthospitals.icims.com/jobs/13694/rn-oncology-med-surg/job,,0.26
careers-mgocpa.icims.com,https://careers-mgocpa.icims.com/jobs/search?ss=1,1,18,https://careers-mgocpa.icims.com/jobs/3986/tax-manager/job,,0.26
careers-michfb.icims.com,https://careers-michfb.icims.com/jobs/search?ss=1,1,20,https://careers-michfb.icims.com/jobs/8715/executive-assistant-%28it%29/job,,0.27
careers-microtechnologies.icims.com,https://careers-microtechnologies.icims.com/jobs/search?ss=1,1,17,https://careers-microtechnologies.icims.com/jobs/2104/information-assurance-support/job,,0.28
careers-millgroupinc.icims.com,https://careers-millgroupinc.icims.com/jobs/search?ss=1,1,14,https://careers-millgroupinc.icims.com/jobs/3089/financial-audit-sme/job,,0.24
careers-miltoncat.icims.com,https://careers-miltoncat.icims.com/jobs/search?ss=1,1,20,https://careers-miltoncat.icims.com/jobs/6532/new-prep-shop-supervisor/job,,0.24
careers-mitchell1-snapon.icims.com,https://careers-mitchell1-snapon.icims.com/jobs/search?ss=1,1,5,https://careers-mitchell1-snapon.icims.com/jobs/20088/director%2c-information-technology-3754/job,,0.30
careers-mjengineers.icims.com,https://careers-mjengineers.icims.com/jobs/search?ss=1,1,20,https://careers-mjengineers.icims.com/jobs/1556/gis-specialist-–-transportation-%26-aviation/job,,0.23
careers-mjhs.icims.com,https://careers-mjhs.icims.com/jobs/search?ss=1,1,20,https://careers-mjhs.icims.com/jobs/15739/physical-therapist-%28per-diem%29/job,,0.33
careers-mlssoccer.icims.com,https://careers-mlssoccer.icims.com/jobs/search?ss=1,1,20,https://careers-mlssoccer.icims.com/jobs/2299/senior-manager%2c-production-technology/job,,0.17
careers-mmc.icims.com,https://careers-mmc.icims.com/jobs/search?ss=1,1,50,https://careers-mmc.icims.com/jobs/31983/e-prep/job,,0.37
careers-morainepark.icims.com,https://careers-morainepark.icims.com/jobs/search?ss=1,1,16,https://careers-morainepark.icims.com/jobs/2294/field-training-and-equipment-support-specialist/job,,0.24
careers-morganplc.icims.com,https://careers-morganplc.icims.com/jobs/search?ss=1,1,50,https://careers-morganplc.icims.com/jobs/6884/key-account-manager/job,,0.25
careers-morrisjenkins.icims.com,https://careers-morrisjenkins.icims.com/jobs/search?ss=1,1,18,https://careers-morrisjenkins.icims.com/jobs/12563/residential-plumber/job,,0.19
careers-moseleytechnical.icims.com,https://careers-moseleytechnical.icims.com/jobs/search?ss=1,1,20,https://careers-moseleytechnical.icims.com/jobs/22504/production-inventory-coordinator-b/job,,0.26
careers-mpowerpractice.icims.com,https://careers-mpowerpractice.icims.com/jobs/search?ss=1,1,20,https://careers-mpowerpractice.icims.com/jobs/2865/associate-technician-mpowerhealth-cnim-academy-pensacola%2c-fl/job,,0.22
careers-msa-ps.icims.com,https://careers-msa-ps.icims.com/jobs/search?ss=1,1,20,https://careers-msa-ps.icims.com/jobs/3159/payroll-specialist/job,,0.25
careers-muckleshootgov.icims.com,https://careers-muckleshootgov.icims.com/jobs/search?ss=1,1,20,https://careers-muckleshootgov.icims.com/jobs/6290/medical-billing-specialist/job,,0.38
careers-mwdh2o.icims.com,https://careers-mwdh2o.icims.com/jobs/search?ss=1,1,15,https://careers-mwdh2o.icims.com/jobs/3359/operations-%26-maintenance-technician-iv---electrical-%28desert-region%29/job,,0.20
careers-na-merlinentertainments.icims.com,https://careers-na-merlinentertainments.icims.com/jobs/search?ss=1,1,50,https://careers-na-merlinentertainments.icims.com/jobs/13146/guest-experience-host---peppa-pig-world-of-play-michigan/job,,0.70
careers-nafinc.icims.com,https://careers-nafinc.icims.com/jobs/search?ss=1,1,20,https://careers-nafinc.icims.com/jobs/8010/customer-service-representative/job,,0.26
careers-nakupuna.icims.com,https://careers-nakupuna.icims.com/jobs/search?ss=1,1,20,https://careers-nakupuna.icims.com/jobs/6472/acquisition-analyst/job,,0.30
careers-nasco.icims.com,https://careers-nasco.icims.com/jobs/search?ss=1,1,8,https://careers-nasco.icims.com/jobs/4353/sr.-cloud-architect/job,,0.21
careers-nationaldebtrelief.icims.com,https://careers-nationaldebtrelief.icims.com/jobs/search?ss=1,1,50,https://careers-nationaldebtrelief.icims.com/jobs/6576/client-success-agent-ii/job,,0.27
careers-navanta.icims.com,https://careers-navanta.icims.com/jobs/search?ss=1,1,8,https://careers-navanta.icims.com/jobs/1424/purchasing-coordinator/job,,0.23
careers-navitus.icims.com,https://careers-navitus.icims.com/jobs/search?ss=1,1,50,https://careers-navitus.icims.com/jobs/6292/rn%2c-utilization-case-manager---archimedes/job,,0.29
careers-nelsonmullins.icims.com,https://careers-nelsonmullins.icims.com/jobs/search?ss=1,1,20,https://careers-nelsonmullins.icims.com/jobs/4588/senior-marketing-coordinator---proposals/job,,0.19
careers-netimpactstrategies.icims.com,https://careers-netimpactstrategies.icims.com/jobs/search?ss=1,1,20,https://careers-netimpactstrategies.icims.com/jobs/3724/mid-level-communications-specialist/job,,0.27
careers-nikkiso.icims.com,https://careers-nikkiso.icims.com/jobs/search?ss=1,1,50,https://careers-nikkiso.icims.com/jobs/4099/program-financial-analyst-ii/job,,0.23
careers-nisa.icims.com,https://careers-nisa.icims.com/jobs/search?ss=1,1,9,https://careers-nisa.icims.com/jobs/2184/analyst%2c-operations/job,,0.34
careers-nl.icims.com,https://careers-nl.icims.com/jobs/search?ss=1,1,50,https://careers-nl.icims.com/jobs/1806/director-of-communications/job,,0.47
careers-northside.icims.com,https://careers-northside.icims.com/jobs/search?ss=1,1,50,https://careers-northside.icims.com/jobs/114819/experienced-neonate-anesthetist---atlanta%2c-ga/job,,0.43
careers-novelis.icims.com,https://careers-novelis.icims.com/jobs/search?ss=1,1,50,https://careers-novelis.icims.com/jobs/52676/plant-controller/job,,0.29
careers-novolex.icims.com,https://careers-novolex.icims.com/jobs/search?ss=1,1,50,https://careers-novolex.icims.com/jobs/34731/talent-acquisition-business-unit-lead/job,,0.38
careers-nrgmr.icims.com,https://careers-nrgmr.icims.com/jobs/search?ss=1,1,8,https://careers-nrgmr.icims.com/jobs/8022/market-research-director%2c-technology-clients/job,,0.24
careers-nscglobal.icims.com,https://careers-nscglobal.icims.com/jobs/search?ss=1,1,20,https://careers-nscglobal.icims.com/jobs/14758/onsite-support-engineer-level-1/job,,0.27
careers-nv5.icims.com,https://careers-nv5.icims.com/jobs/search?ss=1,1,100,https://careers-nv5.icims.com/jobs/12312/transportation-assistant-engineer/job,,0.54
careers-nybg.icims.com,https://careers-nybg.icims.com/jobs/search?ss=1,1,8,https://careers-nybg.icims.com/jobs/1590/medical-receptionist---bilingual/job,,0.31
careers-nybloodcenter.icims.com,https://careers-nybloodcenter.icims.com/jobs/search?ss=1,1,20,https://careers-nybloodcenter.icims.com/jobs/8608/director-of-engineering/job,,0.22
careers-nyit.icims.com,https://careers-nyit.icims.com/jobs/search?ss=1,1,20,https://careers-nyit.icims.com/jobs/4258/payroll-specialist/job,,0.20
careers-obxtek.icims.com,https://careers-obxtek.icims.com/jobs/search?ss=1,1,20,https://careers-obxtek.icims.com/jobs/6318/information-systems-staff-officer-2/job,,0.23
careers-oceanbank.icims.com,https://careers-oceanbank.icims.com/jobs/search?ss=1,1,11,https://careers-oceanbank.icims.com/jobs/2485/avp--relationship-manager---ibc/job,,0.19
careers-odysseyconsult.icims.com,https://careers-odysseyconsult.icims.com/jobs/search?ss=1,1,20,https://careers-odysseyconsult.icims.com/jobs/8144/senior-acquisition-program-specialist/job,,0.24
careers-oldnational.icims.com,https://careers-oldnational.icims.com/jobs/search?ss=1,1,50,https://careers-oldnational.icims.com/jobs/20263/data-governance-program-alst/job,,0.30
careers-omegatechserv.icims.com,https://careers-omegatechserv.icims.com/jobs/search?ss=1,1,20,https://careers-omegatechserv.icims.com/jobs/1287/advisory-project-engineer/job,,0.49
careers-omnisource.icims.com,https://careers-omnisource.icims.com/jobs/search?ss=1,1,50,https://careers-omnisource.icims.com/jobs/7694/3rd-shift-production-employee/job,,0.29
careers-onbrand24.icims.com,https://careers-onbrand24.icims.com/jobs/search?ss=1,1,3,https://careers-onbrand24.icims.com/jobs/14838/desktop-support-technician-iii/job,,0.30
careers-oneidentity.icims.com,https://careers-oneidentity.icims.com/jobs/search?ss=1,1,20,https://careers-oneidentity.icims.com/jobs/13544/it-support-analyst---cork-based/job,,0.28
careers-orange.icims.com,https://careers-orange.icims.com/jobs/search?ss=1,1,50,https://careers-orange.icims.com/jobs/28066/sr-analyst-relations-business-partner---strategic-marketing/job,,0.23
careers-origamirisk.icims.com,https://careers-origamirisk.icims.com/jobs/search?ss=1,1,20,https://careers-origamirisk.icims.com/jobs/4516/data-engineer/job,,0.18
careers-osagecasino.icims.com,https://careers-osagecasino.icims.com/jobs/search?ss=1,1,20,https://careers-osagecasino.icims.com/jobs/7244/table-games-shift-supervisor---ponca-city/job,,0.20
careers-osuphysicians.icims.com,https://careers-osuphysicians.icims.com/jobs/search?ss=1,1,50,https://careers-osuphysicians.icims.com/jobs/6183/medical-assistant-%28ma%29---gastroenterology/job,,0.31
careers-otterproducts.icims.com,https://careers-otterproducts.icims.com/jobs/search?ss=1,1,1,https://careers-otterproducts.icims.com/jobs/6911/manager%2c-ai-program-management/job,,0.18
careers-ovg.icims.com,https://careers-ovg.icims.com/jobs/search?ss=1,1,20,https://careers-ovg.icims.com/jobs/32862/prep-cook-|-part-time-|-palm-spring-convention-center/job,,2.38
careers-palmettocitizens.icims.com,https://careers-palmettocitizens.icims.com/jobs/search?ss=1,1,11,https://careers-palmettocitizens.icims.com/jobs/2042/personal-banker/job,,0.22
careers-pamhealth.icims.com,https://careers-pamhealth.icims.com/jobs/search?ss=1,1,50,https://careers-pamhealth.icims.com/jobs/89777/licensed-practical-nurse-%28lpn-lvn%29-ft-days-|-greeley-rehab/job,,0.26
careers-paperworksindustries.icims.com,https://careers-paperworksindustries.icims.com/jobs/search?ss=1,1,20,https://careers-paperworksindustries.icims.com/jobs/2772/maintenance-supervisor/job,,0.21
careers-parkhill.icims.com,https://careers-parkhill.icims.com/jobs/search?ss=1,1,50,https://careers-parkhill.icims.com/jobs/2308/civil-engineer/job,,0.36
careers-partnershiphp.icims.com,https://careers-partnershiphp.icims.com/jobs/search?ss=1,1,20,https://careers-partnershiphp.icims.com/jobs/4196/maintenance-technician-i/job,,0.21
careers-partsauthority.icims.com,https://careers-partsauthority.icims.com/jobs/search?ss=1,1,20,https://careers-partsauthority.icims.com/jobs/30540/stock-manager/job,,0.26
careers-patternenergy.icims.com,https://careers-patternenergy.icims.com/jobs/search?ss=1,1,20,https://careers-patternenergy.icims.com/jobs/3283/manager%2c-esg-reporting/job,,0.30
careers-pctedu.icims.com,https://careers-pctedu.icims.com/jobs/search?ss=1,1,21,https://careers-pctedu.icims.com/jobs/2618/non-credit-instructor%2c-industrial-manufacturing-mechatronics/job,,0.24
careers-pennex.icims.com,https://careers-pennex.icims.com/jobs/search?ss=1,1,41,https://careers-pennex.icims.com/jobs/2803/press-foreman/job,,0.27
careers-peopletec.icims.com,https://careers-peopletec.icims.com/jobs/search?ss=1,1,50,https://careers-peopletec.icims.com/jobs/5169/systems-evaluation-engineer/job,,0.27
careers-peraton.icims.com,https://careers-peraton.icims.com/jobs/search?ss=1,1,50,https://careers-peraton.icims.com/jobs/168301/mid-level-watch-officer-%28shift-work%29/job,,0.30
careers-persistentsystems.icims.com,https://careers-persistentsystems.icims.com/jobs/search?ss=1,1,20,https://careers-persistentsystems.icims.com/jobs/2232/technical-trainer/job,,0.21
careers-personifyhealth.icims.com,https://careers-personifyhealth.icims.com/jobs/search?ss=1,1,20,https://careers-personifyhealth.icims.com/jobs/4726/senior-communications-manager/job,,0.23
careers-pgworks.icims.com,https://careers-pgworks.icims.com/jobs/search?ss=1,1,20,https://careers-pgworks.icims.com/jobs/1978/drexel-co-op---field-operations-planning---fall-winter-2026/job?in_iframe=1,,0.23
careers-pistongroup.icims.com,https://careers-pistongroup.icims.com/jobs/search?ss=1,1,44,https://careers-pistongroup.icims.com/jobs/2262/it-analyst/job,,0.31
careers-pittohio.icims.com,https://careers-pittohio.icims.com/jobs/search?ss=1,1,50,https://careers-pittohio.icims.com/jobs/3995/diesel-technician--2nd-shift/job,,0.27
careers-plansys.icims.com,https://careers-plansys.icims.com/jobs/search?ss=1,1,20,https://careers-plansys.icims.com/jobs/11718/claims-auditor%2c-reviewer-and-coder/job,,0.21
careers-polkcountysheriffsoffice.icims.com,https://careers-polkcountysheriffsoffice.icims.com/jobs/search?ss=1,1,9,https://careers-polkcountysheriffsoffice.icims.com/jobs/1216/deputy-associate-staff-attorney/job,,0.25
careers-powerplan.icims.com,https://careers-powerplan.icims.com/jobs/search?ss=1,1,14,https://careers-powerplan.icims.com/jobs/1944/support-architect/job,,0.23
careers-powerschool.icims.com,https://careers-powerschool.icims.com/jobs/search?ss=1,1,20,https://careers-powerschool.icims.com/jobs/52976/ux-designer---ic2-%28uxdsgn---ux-designer%29/job,,0.20
careers-pragermetis.icims.com,https://careers-pragermetis.icims.com/jobs/search?ss=1,1,4,https://careers-pragermetis.icims.com/jobs/1487/associate-accountant---tax/job,,0.22
careers-praxispackaging.icims.com,https://careers-praxispackaging.icims.com/jobs/search?ss=1,1,7,https://careers-praxispackaging.icims.com/jobs/1286/production-specialist/job,,0.27
careers-preshomes.icims.com,https://careers-preshomes.icims.com/jobs/search?ss=1,1,20,https://careers-preshomes.icims.com/jobs/28438/assisted-living--rcf-certified-medication-aide/job,,0.30
careers-prideindustries.icims.com,https://careers-prideindustries.icims.com/jobs/search?ss=1,1,20,https://careers-prideindustries.icims.com/jobs/20366/environmental-services-utility-tech/job,,0.25
careers-primecontrols.icims.com,https://careers-primecontrols.icims.com/jobs/search?ss=1,1,50,https://careers-primecontrols.icims.com/jobs/2013/assistant-project-manager/job,,0.47
careers-primehealthcare.icims.com,https://careers-primehealthcare.icims.com/jobs/search?ss=1,1,50,https://careers-primehealthcare.icims.com/jobs/269603/certified-medical-assistant/job,,0.66
careers-prodrivenbrands.icims.com,https://careers-prodrivenbrands.icims.com/jobs/search?ss=1,1,24,https://careers-prodrivenbrands.icims.com/jobs/2627/sr.-manager%2c-finance-systems/job,,0.29
careers-psaairlines.icims.com,https://careers-psaairlines.icims.com/jobs/search?ss=1,1,50,https://careers-psaairlines.icims.com/jobs/6656/aircraft-mechanic/job,,0.35
careers-pyramidsystems.icims.com,https://careers-pyramidsystems.icims.com/jobs/search?ss=1,1,7,https://careers-pyramidsystems.icims.com/jobs/2201/principal-solutions-architect/job,,0.31
careers-qinetiqus.icims.com,https://careers-qinetiqus.icims.com/jobs/search?ss=1,1,20,https://careers-qinetiqus.icims.com/jobs/12183/mechanical-engineer-i/job,,0.21
careers-qualus.icims.com,https://careers-qualus.icims.com/jobs/search?ss=1,1,50,https://careers-qualus.icims.com/jobs/5215/engineer-iii---electrical/job,,0.30
careers-quanta.icims.com,https://careers-quanta.icims.com/jobs/search?ss=1,1,20,https://careers-quanta.icims.com/jobs/16677/truanchor-employee_non-driver/job,,0.22
careers-quinngroup.icims.com,https://careers-quinngroup.icims.com/jobs/search?ss=1,1,20,https://careers-quinngroup.icims.com/jobs/4131/rental-sales-representative/job,,0.30
careers-rambus.icims.com,https://careers-rambus.icims.com/jobs/search?ss=1,1,20,https://careers-rambus.icims.com/jobs/22975/supply-planner/job,,0.26
careers-randgroup.icims.com,https://careers-randgroup.icims.com/jobs/search?ss=1,1,6,https://careers-randgroup.icims.com/jobs/1205/d365-business-central-functional-consultant/job,,0.41
careers-rare.icims.com,https://careers-rare.icims.com/jobs/search?ss=1,1,15,https://careers-rare.icims.com/jobs/1768/manager%2c-program-implementation/job,,0.19
careers-rcm.icims.com,https://careers-rcm.icims.com/jobs/search?ss=1,1,20,https://careers-rcm.icims.com/jobs/5328/product-management-associate/job,,0.33
careers-rdi.icims.com,https://careers-rdi.icims.com/jobs/search?ss=1,1,2,https://careers-rdi.icims.com/jobs/8113/icims-applicant-tracking-system-%28ats%29-administrator/job,,0.22
careers-realpagepms.icims.com,https://careers-realpagepms.icims.com/jobs/search?ss=1,1,50,https://careers-realpagepms.icims.com/jobs/14084/account-mgr-i%2c-hoa-real-estate/job,,0.35
careers-reisystems.icims.com,https://careers-reisystems.icims.com/jobs/search?ss=1,1,15,https://careers-reisystems.icims.com/jobs/3475/account-director-department-of-war-department-of-defense/job,,0.25
careers-reliant-rehab.icims.com,https://careers-reliant-rehab.icims.com/jobs/search?ss=1,1,20,https://careers-reliant-rehab.icims.com/jobs/72311/speech-language-pathologist-senior-living/job,,0.25
careers-reynoldsconsumerproducts.icims.com,https://careers-reynoldsconsumerproducts.icims.com/jobs/search?ss=1,1,50,https://careers-reynoldsconsumerproducts.icims.com/jobs/3950/reliability-manager/job,,0.31
careers-ribc.icims.com,https://careers-ribc.icims.com/jobs/search?ss=1,1,14,https://careers-ribc.icims.com/jobs/8607/*account-manager---connecticut-territory/job,,0.24
careers-ringpower.icims.com,https://careers-ringpower.icims.com/jobs/search?ss=1,1,20,https://careers-ringpower.icims.com/jobs/15002/field-foreman---air-compressor/job,,0.28
careers-riverbed.icims.com,https://careers-riverbed.icims.com/jobs/search?ss=1,1,12,https://careers-riverbed.icims.com/jobs/8014/senior-product-marketing-manager%2c-acceleration-business/job,,0.28
careers-riversideresearch.icims.com,https://careers-riversideresearch.icims.com/jobs/search?ss=1,1,35,https://careers-riversideresearch.icims.com/jobs/4282/senior-space-isr-subject-matter-expert--part-time/job,,0.27
careers-rmrgroup.icims.com,https://careers-rmrgroup.icims.com/jobs/search?ss=1,1,27,https://careers-rmrgroup.icims.com/jobs/3274/analyst%2c-acquisitions/job,,0.28
careers-ropesgray.icims.com,https://careers-ropesgray.icims.com/jobs/search?ss=1,1,50,https://careers-ropesgray.icims.com/jobs/9218/manager-of-legal-recruiting/job,,0.28
careers-rp-techologies.icims.com,https://careers-rp-techologies.icims.com/jobs/search?ss=1,1,20,https://careers-rp-techologies.icims.com/jobs/2308/systems-engineer---hypersonic-missile-program/job,,0.23
careers-rpmliving.icims.com,https://careers-rpmliving.icims.com/jobs/search?ss=1,1,20,https://careers-rpmliving.icims.com/jobs/39213/leasing-associate/job,,0.36
careers-rsandh.icims.com,https://careers-rsandh.icims.com/jobs/search?ss=1,1,20,https://careers-rsandh.icims.com/jobs/7945/dowskillbridge---cei-inspector/job,,0.42
careers-rtt.icims.com,https://careers-rtt.icims.com/jobs/search?ss=1,1,8,https://careers-rtt.icims.com/jobs/5668/logistics-management-analyst%2c-junior-%28826%29/job,,0.32
careers-ruralking.icims.com,https://careers-ruralking.icims.com/jobs/search?ss=1,1,20,https://careers-ruralking.icims.com/jobs/39039/dc-puller/job,,0.45
careers-sagehospitality.icims.com,https://careers-sagehospitality.icims.com/jobs/search?ss=1,1,50,https://careers-sagehospitality.icims.com/jobs/32358/line-cook/job,,0.25
careers-sargentlundy.icims.com,https://careers-sargentlundy.icims.com/jobs/search?ss=1,1,20,https://careers-sargentlundy.icims.com/jobs/25252/senior-mechanical-designer-1-%28plant-3d---revit-projects%29---nuclear/job,,0.33
careers-sas.icims.com,https://careers-sas.icims.com/jobs/search?ss=1,1,20,https://careers-sas.icims.com/jobs/42217/managed-cloud-services-senior-offering-manager%2c-hyperscaler/job,,0.70
careers-sazerac.icims.com,https://careers-sazerac.icims.com/jobs/search?ss=1,1,50,https://careers-sazerac.icims.com/jobs/15431/assistant-general-counsel-–-global-labor-and-employment/job,,0.38
careers-sciolex.icims.com,https://careers-sciolex.icims.com/jobs/search?ss=1,1,50,https://careers-sciolex.icims.com/jobs/2463/foss-quality-control-inspector/job,,0.33
careers-scires.icims.com,https://careers-scires.icims.com/jobs/search?ss=1,1,50,https://careers-scires.icims.com/jobs/11319/cyber-security-analyst-iii-%28isse%29/job,,0.27
careers-scsengineers.icims.com,https://careers-scsengineers.icims.com/jobs/search?ss=1,1,40,https://careers-scsengineers.icims.com/jobs/3832/senior-geotechnical-engineer/job,,0.26
careers-seismic.icims.com,https://careers-seismic.icims.com/jobs/search?ss=1,1,12,https://careers-seismic.icims.com/jobs/2249/senior-enterprise-sales-director/job,,0.18
careers-sentinel.icims.com,https://careers-sentinel.icims.com/jobs/search?ss=1,1,20,https://careers-sentinel.icims.com/jobs/5067/automation-engineer/job,,0.24
careers-sev1tech.icims.com,https://careers-sev1tech.icims.com/jobs/search?ss=1,1,20,https://careers-sev1tech.icims.com/jobs/9595/security-operations-center-%28soc%29-manager/job,,0.25
careers-sevenhills.icims.com,https://careers-sevenhills.icims.com/jobs/search?ss=1,1,20,https://careers-sevenhills.icims.com/jobs/36486/direct-support-professional-ii/job,,0.23
careers-shawmut.icims.com,https://careers-shawmut.icims.com/jobs/search?ss=1,1,20,https://careers-shawmut.icims.com/jobs/6772/project-manager/job,,0.26
careers-shimmick.icims.com,https://careers-shimmick.icims.com/jobs/search?ss=1,1,20,https://careers-shimmick.icims.com/jobs/3034/construction-engineer/job,,0.23
careers-shionogi.icims.com,https://careers-shionogi.icims.com/jobs/search?ss=1,1,36,https://careers-shionogi.icims.com/jobs/2877/key-account-manager-%28kam%29---hospitals--anti-infectives---long-island%2c-ny/job,,0.33
careers-shriners.icims.com,https://careers-shriners.icims.com/jobs/search?ss=1,1,1,https://careers-shriners.icims.com/jobs/9124/patient-care-contact-center-representative/job,,0.24
careers-sig.icims.com,https://careers-sig.icims.com/jobs/search?ss=1,1,20,https://careers-sig.icims.com/jobs/10966/accounting-internship%3a-summer-2027/job,,0.28
careers-simventions.icims.com,https://careers-simventions.icims.com/jobs/search?ss=1,1,16,https://careers-simventions.icims.com/jobs/1600/computer-engineer/job,,0.24
careers-sixflags.icims.com,https://careers-sixflags.icims.com/jobs,1,0,,,0.52
careers-skanska.icims.com,https://careers-skanska.icims.com/jobs/search?ss=1,1,50,https://careers-skanska.icims.com/jobs/9000/lead-estimator-%28geotechnical-construction%29/job,,0.53
careers-slco.icims.com,https://careers-slco.icims.com/jobs/search?ss=1,1,50,https://careers-slco.icims.com/jobs/41102/legal-secretary/job,,0.25
careers-sms.icims.com,https://careers-sms.icims.com/jobs/search?ss=1,1,0,,,0.28
careers-snapon.icims.com,https://careers-snapon.icims.com/jobs/search?ss=1,1,20,https://careers-snapon.icims.com/jobs/19576/1st-shift-heavy-duty-assembly/job,,0.22
careers-softtechconsulting.icims.com,https://careers-softtechconsulting.icims.com/jobs/search?ss=1,1,17,https://careers-softtechconsulting.icims.com/jobs/3424/servicenow-engineer/job,,0.24
careers-sonalysts.icims.com,https://careers-sonalysts.icims.com/jobs/search?ss=1,1,13,https://careers-sonalysts.icims.com/jobs/2437/submarine-capability-development-analyst/job,,0.19
careers-sonnysdirect.icims.com,https://careers-sonnysdirect.icims.com/jobs/search?ss=1,1,20,https://careers-sonnysdirect.icims.com/jobs/8160/driver---hazmat-%26-cdl/job,,0.28
careers-sos-kd.icims.com,https://careers-sos-kd.icims.com/jobs/search?ss=1,1,8,https://careers-sos-kd.icims.com/jobs/2560/terms-of-reference-for-acquisition-and-deployment-of-a-procurement-system/job,,0.73
careers-southland.icims.com,https://careers-southland.icims.com/jobs/search?ss=1,1,9,https://careers-southland.icims.com/jobs/1648/financial-center-supervisor/job,,0.23
careers-spencersandspirit.icims.com,https://careers-spencersandspirit.icims.com/jobs/search?ss=1,1,20,https://careers-spencersandspirit.icims.com/jobs/4123/merchandise-analyst/job,,0.26
careers-springswindowfashions.icims.com,https://careers-springswindowfashions.icims.com/jobs/search?ss=1,1,20,https://careers-springswindowfashions.icims.com/jobs/12741/senior-software-engineer/job,,1.25
careers-squiresgroup.icims.com,https://careers-squiresgroup.icims.com/jobs/search?ss=1,1,20,https://careers-squiresgroup.icims.com/jobs/13092/corporate-security-policy-%26-program-development-specialist/job,,0.22
careers-sri.icims.com,https://careers-sri.icims.com/jobs/search?ss=1,1,33,https://careers-sri.icims.com/jobs/6424/sr-database-administrator---oracle/job,,0.24
careers-ssoe.icims.com,https://careers-ssoe.icims.com/jobs/search?ss=1,1,20,https://careers-ssoe.icims.com/jobs/3649/senior-electrical-engineer---semiconductor-facilities/job,,0.26
careers-sss-steel.icims.com,https://careers-sss-steel.icims.com/jobs/search?ss=1,1,20,https://careers-sss-steel.icims.com/jobs/6224/purchasing-assistant/job,,0.38
careers-stagwellglobal.icims.com,https://careers-stagwellglobal.icims.com/jobs/search?ss=1,1,17,https://careers-stagwellglobal.icims.com/jobs/8106/smp-programme-director/job,,0.34
careers-steampunk.icims.com,https://careers-steampunk.icims.com/jobs/search?ss=1,1,20,https://careers-steampunk.icims.com/jobs/7900/cloud-architect/job,,0.26
careers-steeldynamics.icims.com,https://careers-steeldynamics.icims.com/jobs/search?ss=1,1,50,https://careers-steeldynamics.icims.com/jobs/7685/customer-service-representative/job,,0.32
careers-steely.icims.com,https://careers-steely.icims.com/jobs/search?ss=1,1,3,https://careers-steely.icims.com/jobs/1688/jr-system-engineer/job,,0.19
careers-stellantsystems.icims.com,https://careers-stellantsystems.icims.com/jobs/search?ss=1,1,49,https://careers-stellantsystems.icims.com/jobs/2166/rf-test-technician/job,,0.29
careers-stellarsolutions.icims.com,https://careers-stellarsolutions.icims.com/jobs/search?ss=1,1,20,https://careers-stellarsolutions.icims.com/jobs/1985/mid-level-systems-engineer-acquisition-manager/job,,0.24
careers-stifel.icims.com,https://careers-stifel.icims.com/jobs/search?ss=1,1,50,https://careers-stifel.icims.com/jobs/9529/ib-associate---clean-energy-%26-power/job,,0.27
careers-stonex.icims.com,https://careers-stonex.icims.com/jobs/search?ss=1,1,44,https://careers-stonex.icims.com/jobs/15461/repo-sales-trading-assistant/job,,0.39
careers-stratus.icims.com,https://careers-stratus.icims.com/jobs/search?ss=1,1,19,https://careers-stratus.icims.com/jobs/3935/construction-estimator/job,,0.25
careers-suffolkconstruction.icims.com,https://careers-suffolkconstruction.icims.com/jobs/search?ss=1,1,20,https://careers-suffolkconstruction.icims.com/jobs/9597/general-superintendent/job,,0.28
careers-sunauto.icims.com,https://careers-sunauto.icims.com/jobs/search?ss=1,1,50,https://careers-sunauto.icims.com/jobs/21797/senior-automotive-technician/job,,0.26
careers-supportuw.icims.com,https://careers-supportuw.icims.com/jobs/search?ss=1,1,11,https://careers-supportuw.icims.com/jobs/1616/assistant-director-of-annual-giving/job,,0.23
careers-sus.icims.com,https://careers-sus.icims.com/jobs/search?ss=1,1,20,https://careers-sus.icims.com/jobs/18652/service-coordinator/job,,0.22
careers-svclnk.icims.com,https://careers-svclnk.icims.com/jobs/search?ss=1,1,20,https://careers-svclnk.icims.com/jobs/3564/doc-auditor%2c-first-mortgage/job,,0.27
careers-symmons.icims.com,https://careers-symmons.icims.com/jobs/search?ss=1,1,10,https://careers-symmons.icims.com/jobs/1627/customer-success-associate/job,,0.19
careers-sysmex.icims.com,https://careers-sysmex.icims.com/jobs/search?ss=1,1,20,https://careers-sysmex.icims.com/jobs/4749/asst.-director%2c-architecture/job,,0.27
careers-tatitlek.icims.com,https://careers-tatitlek.icims.com/jobs/search?ss=1,1,50,https://careers-tatitlek.icims.com/jobs/2672/geospatial-analyst/job,,0.22
careers-teknoluxion.icims.com,https://careers-teknoluxion.icims.com/jobs/search?ss=1,1,14,https://careers-teknoluxion.icims.com/jobs/3120/linux-system-adminstrator/job,,0.31
careers-teksynap.icims.com,https://careers-teksynap.icims.com/jobs/search?ss=1,1,21,https://careers-teksynap.icims.com/jobs/9016/veterans-affairs-%28va%29/job,,0.21
careers-teksystems.icims.com,https://careers-teksystems.icims.com/jobs/search?ss=1,1,20,https://careers-teksystems.icims.com/jobs/13693/sales-development-representative-2---knoxville/job,,0.21
careers-teleworldsolutions.icims.com,https://careers-teleworldsolutions.icims.com/jobs/search?ss=1,1,9,https://careers-teleworldsolutions.icims.com/jobs/3805/rf-design-%26-test-engineer/job,,0.34
careers-thepiadagroup.icims.com,https://careers-thepiadagroup.icims.com/jobs/search?ss=1,1,20,https://careers-thepiadagroup.icims.com/jobs/10940/back-of-house-team-member---must-be-18-years-of-age-or-older/job,,0.30
careers-thesilverlining.icims.com,https://careers-thesilverlining.icims.com/jobs/search?ss=1,1,22,https://careers-thesilverlining.icims.com/jobs/3658/business-process-specialist---surety/job,,0.28
careers-tier1.icims.com,https://careers-tier1.icims.com/jobs/search?ss=1,1,20,https://careers-tier1.icims.com/jobs/22115/service-desk-engineer-%28remote%29/job,,0.21
careers-tierpoint.icims.com,https://careers-tierpoint.icims.com/jobs/search?ss=1,1,20,https://careers-tierpoint.icims.com/jobs/3010/manager%2c-accounting/job,,0.20
careers-tivityhealth.icims.com,https://careers-tivityhealth.icims.com/jobs/search?ss=1,1,11,https://careers-tivityhealth.icims.com/jobs/4545/sr-product-manager---remote-opportunity/job,,0.21
careers-tmh.icims.com,https://careers-tmh.icims.com/jobs/search?ss=1,1,50,https://careers-tmh.icims.com/jobs/21126/child-care-specialist-child-care-center/job,,0.32
careers-tmo.icims.com,https://careers-tmo.icims.com/jobs/search?ss=1,1,20,https://careers-tmo.icims.com/jobs/10746/maintenance-superintendent/job,,0.27
careers-transcat.icims.com,https://careers-transcat.icims.com/jobs/search?ss=1,1,20,https://careers-transcat.icims.com/jobs/5574/cmms-engineer/job,,0.31
careers-tsne.icims.com,https://careers-tsne.icims.com/jobs/search?ss=1,1,7,https://careers-tsne.icims.com/jobs/2660/community-engagement-manager---fairmount-indigo-cdc-collaborative/job,,0.25
careers-tsoln-inc.icims.com,https://careers-tsoln-inc.icims.com/jobs/search?ss=1,1,14,https://careers-tsoln-inc.icims.com/jobs/3306/port-engineer/job,,0.25
careers-turn5.icims.com,https://careers-turn5.icims.com/jobs/search?ss=1,1,13,https://careers-turn5.icims.com/jobs/1517/general-application/job,,0.21
careers-tyndaleusa.icims.com,https://careers-tyndaleusa.icims.com/jobs/search?ss=1,1,17,https://careers-tyndaleusa.icims.com/jobs/2536/account-specialist/job,,0.20
careers-ucbi.icims.com,https://careers-ucbi.icims.com/jobs/search?ss=1,1,50,https://careers-ucbi.icims.com/jobs/2085/universal-banker-i/job,,0.26
careers-umms.icims.com,https://careers-umms.icims.com/jobs/search?ss=1,1,20,https://careers-umms.icims.com/jobs/50265/recovery-support-specialist-ii/job,,0.32
careers-undergroundconstruction.icims.com,https://careers-undergroundconstruction.icims.com/jobs/search?ss=1,1,3,https://careers-undergroundconstruction.icims.com/jobs/1777/project-engineer/job,,0.20
careers-unfcu.icims.com,https://careers-unfcu.icims.com/jobs/search?ss=1,1,20,https://careers-unfcu.icims.com/jobs/2101/business-process-analyst/job,,0.18
careers-univrad.icims.com,https://careers-univrad.icims.com/jobs/search?ss=1,1,50,https://careers-univrad.icims.com/jobs/2720/tech-assistant---part-time/job,,0.21
careers-urbanscience.icims.com,https://careers-urbanscience.icims.com/jobs/search?ss=1,1,9,https://careers-urbanscience.icims.com/jobs/5196/analyst/job,,0.26
careers-us-corgan.icims.com,https://careers-us-corgan.icims.com/jobs/search?ss=1,1,20,https://careers-us-corgan.icims.com/jobs/3960/human-resources-generalist/job,,0.26
careers-us-vistaglobal.icims.com,https://careers-us-vistaglobal.icims.com/jobs/search?ss=1,1,16,https://careers-us-vistaglobal.icims.com/jobs/5941/executive---client-services/job,,0.74
careers-usa-cecoenviro.icims.com,https://careers-usa-cecoenviro.icims.com/jobs/search?ss=1,1,42,https://careers-usa-cecoenviro.icims.com/jobs/3620/drafter-ii/job,,0.29
careers-usclaro.icims.com,https://careers-usclaro.icims.com/jobs/search?ss=1,1,2,https://careers-usclaro.icims.com/jobs/2410/sr-accountant/job,,0.32
careers-usesalvationarmy.icims.com,https://careers-usesalvationarmy.icims.com/jobs/search?ss=1,1,20,https://careers-usesalvationarmy.icims.com/jobs/15457/program-assistant---corrections-program/job,,0.20
careers-uset.icims.com,https://careers-uset.icims.com/jobs/search?ss=1,1,43,https://careers-uset.icims.com/jobs/31999/commissioning-engineering-leader/job,,0.31
careers-usfintech.icims.com,https://careers-usfintech.icims.com/jobs/search?ss=1,1,9,https://careers-usfintech.icims.com/jobs/2412/devops-engineer/job,,0.19
careers-usu.icims.com,https://careers-usu.icims.com/jobs/search?ss=1,1,20,https://careers-usu.icims.com/jobs/10484/testing-center-proctor/job,,0.25
careers-uti.icims.com,https://careers-uti.icims.com/jobs/search?ss=1,1,20,https://careers-uti.icims.com/jobs/10828/auto-diesel-instructor/job,,0.26
careers-uuhc.icims.com,https://careers-uuhc.icims.com/jobs/search?ss=1,1,10,https://careers-uuhc.icims.com/jobs/84342/patient-relations-specialist/job,,0.24
careers-uwmcareers.icims.com,https://careers-uwmcareers.icims.com/jobs/search?ss=1,1,20,https://careers-uwmcareers.icims.com/jobs/15433/product-owner-iii---servicing/job,,0.62
careers-valiantsolutions.icims.com,https://careers-valiantsolutions.icims.com/jobs/search?ss=1,1,20,https://careers-valiantsolutions.icims.com/jobs/4754/security-architect/job,,0.18
careers-validatek.icims.com,https://careers-validatek.icims.com/jobs/search?ss=1,1,50,https://careers-validatek.icims.com/jobs/2578/pmo-analyst---journeyman/job,,0.29
careers-vanir.icims.com,https://careers-vanir.icims.com/jobs/search?ss=1,1,20,https://careers-vanir.icims.com/jobs/5263/field-supervisor---hvac/job,,0.19
careers-velocityclinical.icims.com,https://careers-velocityclinical.icims.com/jobs/search?ss=1,1,24,https://careers-velocityclinical.icims.com/jobs/3524/principal-investigator/job,,0.27
careers-veroscredit.icims.com,https://careers-veroscredit.icims.com/jobs/search?ss=1,1,15,https://careers-veroscredit.icims.com/jobs/2750/*senior-credit-analyst-buyer-underwriter/job,,0.19
careers-versiti.icims.com,https://careers-versiti.icims.com/jobs/search?ss=1,1,50,https://careers-versiti.icims.com/jobs/13380/driver-transportation--2nd-shift%2c-2pm---10pm-monday---friday/job,,0.24
careers-verticalscreen.icims.com,https://careers-verticalscreen.icims.com/jobs/search?ss=1,1,19,https://careers-verticalscreen.icims.com/jobs/2639/international-background-check-specialist/job,,0.26
careers-vhb.icims.com,https://careers-vhb.icims.com/jobs/search?ss=1,1,20,https://careers-vhb.icims.com/jobs/6137/senior-project-accountant/job,,0.21
careers-viapath.icims.com,https://careers-viapath.icims.com/jobs/search?ss=1,1,32,https://careers-viapath.icims.com/jobs/3902/part-time-telecom-site-technician/job,,0.22
careers-viking.icims.com,https://careers-viking.icims.com/jobs/search?ss=1,1,5,https://careers-viking.icims.com/jobs/5098/class-b-truck-driver/job,,0.24
careers-visiontechnologies.icims.com,https://careers-visiontechnologies.icims.com/jobs/search?ss=1,1,0,,,0.19
careers-voancnn.icims.com,https://careers-voancnn.icims.com/jobs/search?ss=1,1,14,https://careers-voancnn.icims.com/jobs/1550/administration---technology-support-specialist-%28reno%29/job,,0.19
careers-walbridge.icims.com,https://careers-walbridge.icims.com/jobs/search?ss=1,1,20,https://careers-walbridge.icims.com/jobs/2445/technical-superintendent/job,,0.21
careers-walterpmoore.icims.com,https://careers-walterpmoore.icims.com/jobs/search?ss=1,1,20,https://careers-walterpmoore.icims.com/jobs/4167/structural-technical-modeler/job,,0.22
careers-warhorsecasino.icims.com,https://careers-warhorsecasino.icims.com/jobs/search?ss=1,1,39,https://careers-warhorsecasino.icims.com/jobs/10387/ale-haus---host/job,,0.28
careers-wcpss.icims.com,https://careers-wcpss.icims.com/jobs/search?ss=1,1,50,https://careers-wcpss.icims.com/jobs/17221/elementary-school-teacher-k-5/job,,0.40
careers-weareteam.icims.com,https://careers-weareteam.icims.com/jobs/search?ss=1,1,50,https://careers-weareteam.icims.com/jobs/8128/premium-rum-portfolio-advocacy-manager/job,,0.29
careers-wellbeseniormedical.icims.com,https://careers-wellbeseniormedical.icims.com/jobs/search?ss=1,1,20,https://careers-wellbeseniormedical.icims.com/jobs/7468/nurse-practitioner---hiram-ga/job,,0.29
careers-wellpath.icims.com,https://careers-wellpath.icims.com/jobs/search?ss=1,1,50,https://careers-wellpath.icims.com/jobs/187915/certified-medication-technician-%28certification-required%29/job,,0.32
careers-werfen.icims.com,https://careers-werfen.icims.com/jobs/search?ss=1,1,20,https://careers-werfen.icims.com/jobs/10621/manager%2c--digital-marketing-and-platforms/job,,0.21
careers-westcoastuniversity.icims.com,https://careers-westcoastuniversity.icims.com/jobs/search?ss=1,1,50,https://careers-westcoastuniversity.icims.com/jobs/5518/proctor---part-time/job,,0.30
careers-westernsouthern.icims.com,https://careers-westernsouthern.icims.com/jobs/search?ss=1,1,20,https://careers-westernsouthern.icims.com/jobs/25135/project-management-office-project-manager-ii/job,,0.28
careers-wforce.icims.com,https://careers-wforce.icims.com/jobs/search?ss=1,1,2,https://careers-wforce.icims.com/jobs/2089/tier-3-it-support-specialist-%28euc%29/job,,0.24
careers-wheelsup.icims.com,https://careers-wheelsup.icims.com/jobs/search?ss=1,1,15,https://careers-wheelsup.icims.com/jobs/3607/flight-safety-program-manager/job,,0.22
careers-willowvalleycommunities.icims.com,https://careers-willowvalleycommunities.icims.com/jobs/search?ss=1,1,29,https://careers-willowvalleycommunities.icims.com/jobs/13695/landscape-gardener/job,,0.26
careers-wilson.icims.com,https://careers-wilson.icims.com/jobs/search?ss=1,1,20,https://careers-wilson.icims.com/jobs/4996/assistant-designer%2c-men%27s-sportswear/job,,0.22
careers-winco.icims.com,https://careers-winco.icims.com/jobs/search?ss=1,1,20,https://careers-winco.icims.com/jobs/153008/lead-clerk/job,,0.28
careers-winshape.icims.com,https://careers-winshape.icims.com/jobs/search?ss=1,1,10,https://careers-winshape.icims.com/jobs/2572/team-leader%2c-summer-staff-recruiting---camps/job,,0.22
careers-wipfli.icims.com,https://careers-wipfli.icims.com/jobs/search?ss=1,1,20,https://careers-wipfli.icims.com/jobs/8118/senior-it-solution-consultant/job,,0.31
careers-wiscenterprises.icims.com,https://careers-wiscenterprises.icims.com/jobs/search?ss=1,1,20,https://careers-wiscenterprises.icims.com/jobs/1686/cio-team-lead/job,,0.29
careers-wisintl.icims.com,https://careers-wisintl.icims.com/jobs/search?ss=1,1,18,https://careers-wisintl.icims.com/jobs/30192/principal-engineer-data/job,,0.32
careers-wleeflowers.icims.com,https://careers-wleeflowers.icims.com/jobs/search?ss=1,1,20,https://careers-wleeflowers.icims.com/jobs/138275/cashier-pt/job,,0.26
careers-wrenchgroup.icims.com,https://careers-wrenchgroup.icims.com/jobs/search?ss=1,1,2,https://careers-wrenchgroup.icims.com/jobs/12335/modern-workplace-engineer-%28remote%29/job,,0.29
careers-wuxiapptec.icims.com,https://careers-wuxiapptec.icims.com/jobs/search?ss=1,1,20,https://careers-wuxiapptec.icims.com/jobs/14123/administration-support-specialist/job,,0.52
careers-wwfus.icims.com,https://careers-wwfus.icims.com/jobs/search?ss=1,1,0,,,0.40
careers-ymcasd.icims.com,https://careers-ymcasd.icims.com/jobs/search?ss=1,1,50,https://careers-ymcasd.icims.com/jobs/2126/assistant-site-supervisor---expanded-learning-programs-%28central-san-diego%29/job,,0.40
careers-yusen-logistics.icims.com,https://careers-yusen-logistics.icims.com/jobs/search?ss=1,1,20,https://careers-yusen-logistics.icims.com/jobs/6396/hub-specialist/job,,0.54
careers2-anothersource.icims.com,https://careers2-anothersource.icims.com/jobs/search?ss=1,1,13,https://careers2-anothersource.icims.com/jobs/102485/technical-accounting-manager-sabey-corporation/job,,0.30
careers2-chemtradelogistics.icims.com,https://careers2-chemtradelogistics.icims.com/jobs/search?ss=1,1,16,https://careers2-chemtradelogistics.icims.com/jobs/5079/corporate-account-manager/job,,0.42
careers2-extensishr.icims.com,https://careers2-extensishr.icims.com/jobs/search?ss=1,1,20,https://careers2-extensishr.icims.com/jobs/6572/shipping-clerk/job,,0.25
careers2-knipper.icims.com,https://careers2-knipper.icims.com/jobs/search?ss=1,1,20,https://careers2-knipper.icims.com/jobs/7274/patient-support-services-representative/job,,0.40
careers2-quanta.icims.com,https://careers2-quanta.icims.com/jobs/search?ss=1,1,20,https://careers2-quanta.icims.com/jobs/16674/project-engineer--substation/job,,0.43
careersapply-pennentertainment.icims.com,https://careersapply-pennentertainment.icims.com/jobs/search?ss=1,1,20,https://careersapply-pennentertainment.icims.com/jobs/142615/7p-11p-blackjack-table-games-training-m-f-7-6---9-11/job,,0.43
careersenus-itt-inc.icims.com,https://careersenus-itt-inc.icims.com/jobs/search?ss=1,1,50,https://careersenus-itt-inc.icims.com/jobs/17105/quality-control-specialist-ii/job,,0.32
careerslongform-silvi.icims.com,https://careerslongform-silvi.icims.com/jobs/search?ss=1,1,45,https://careerslongform-silvi.icims.com/jobs/3441/business-analyst%2c-enterprise-applications/job,,0.37
careersus-maxlinear.icims.com,https://careersus-maxlinear.icims.com/jobs/search?ss=1,1,20,https://careersus-maxlinear.icims.com/jobs/3049/ai-intern/job,,0.25
careersus-shure.icims.com,https://careersus-shure.icims.com/jobs/search?ss=1,1,20,https://careersus-shure.icims.com/jobs/4816/managers%2c-it-business-applications/job,,0.91
careersus-teleperformance.icims.com,https://careersus-teleperformance.icims.com/jobs/search?ss=1,1,50,https://careersus-teleperformance.icims.com/jobs/84646/quality-assurance-analyst-%28supporting-travel-agents-using-native-sabre%29/job,,0.46
ceisvcareers-mastec.icims.com,https://ceisvcareers-mastec.icims.com/jobs/search?ss=1,1,50,https://ceisvcareers-mastec.icims.com/jobs/65647/licensed-journeyman-electrician-%28idaho%29/job,,0.25
circetusa-kgpco.icims.com,https://circetusa-kgpco.icims.com/jobs/search?ss=1,1,31,https://circetusa-kgpco.icims.com/jobs/3932/process-engineer-i/job,,0.34
classified-ocps.icims.com,https://classified-ocps.icims.com/jobs/search?ss=1,1,20,https://classified-ocps.icims.com/jobs/154548/school-clk---50351205/job,,0.28
communities-tutera.icims.com,https://communities-tutera.icims.com/jobs/search?ss=1,1,50,https://communities-tutera.icims.com/jobs/18908/housekeeper/job,,0.32
communitycare-centralhealth.icims.com,https://communitycare-centralhealth.icims.com/jobs/search?ss=1,1,85,https://communitycare-centralhealth.icims.com/jobs/10951/***medical-assistant-rapid-hiring-event%21***/job,,0.33
corporate-crashchampions.icims.com,https://corporate-crashchampions.icims.com/jobs/search?ss=1,1,16,https://corporate-crashchampions.icims.com/jobs/21312/accounts-payable-associate/job,,0.37
corporatecareers-luckystrikeentertainment.icims.com,https://corporatecareers-luckystrikeentertainment.icims.com/jobs/search?ss=1,1,8,https://corporatecareers-luckystrikeentertainment.icims.com/jobs/58616/regional-league-development-manager/job,,0.25
corporatecareers-planetfitness.icims.com,https://corporatecareers-planetfitness.icims.com/jobs/search?ss=1,1,18,https://corporatecareers-planetfitness.icims.com/jobs/20019/sr.-desktop-engineer/job,,0.68
corporatejobs-alaskaair.icims.com,https://corporatejobs-alaskaair.icims.com/jobs/search?ss=1,1,32,https://corporatejobs-alaskaair.icims.com/jobs/19100/ramp-%26-customer-service-agent---part-time/job,,0.25
cretexmedicalcdt-cretex.icims.com,https://cretexmedicalcdt-cretex.icims.com/jobs/search?ss=1,1,46,https://cretexmedicalcdt-cretex.icims.com/jobs/6290/cnc-programmer/job,,0.40
daymon-uscareers.icims.com,https://daymon-uscareers.icims.com/jobs/search?ss=1,1,17,https://daymon-uscareers.icims.com/jobs/440325/associate-business-manager%2c-own-brands/job,,0.38
ecscareers-mastec.icims.com,https://ecscareers-mastec.icims.com/jobs/search?ss=1,1,29,https://ecscareers-mastec.icims.com/jobs/65596/project-manager/job,,0.37
element-ext-us.icims.com,https://element-ext-us.icims.com/jobs/search?ss=1,1,50,https://element-ext-us.icims.com/jobs/19585/business-development-manager/job,,0.79
emea-aptean.icims.com,https://emea-aptean.icims.com/jobs/search?ss=1,1,20,https://emea-aptean.icims.com/jobs/6838/account-development-representative/job,,0.21
employeecareers-bruker.icims.com,https://employeecareers-bruker.icims.com/jobs/search?ss=1,1,20,https://internalcareers-bruker.icims.com/jobs/19584/machine-operator-2nd-shift/job,,0.41
employees-firsthealth.icims.com,https://employees-firsthealth.icims.com/jobs/search?ss=1,1,50,https://employees-firsthealth.icims.com/jobs/20269/oncology-financial-navigator-associate/job,,0.35
employees-naphcare.icims.com,https://employees-naphcare.icims.com/jobs/search?ss=1,1,50,https://employees-naphcare.icims.com/jobs/29715/account-contract-specialist-data-entry-specialist/job,,0.59
employees-shermco.icims.com,https://employees-shermco.icims.com/jobs/search?ss=1,1,50,https://employees-shermco.icims.com/jobs/2382/project-manager/job,,0.23
englishcareers-bartlett.icims.com,https://englishcareers-bartlett.icims.com/jobs/search?ss=1,1,20,https://englishcareers-bartlett.icims.com/jobs/33971/arborist-sales-representative/job,,0.22
englishcareers-bruker.icims.com,https://englishcareers-bruker.icims.com/jobs/search?ss=1,1,20,https://englishcareers-bruker.icims.com/jobs/19529/event-communications-specialist-sciy-%28m-f-d%29/job,,0.30
enusapply-danone.icims.com,https://enusapply-danone.icims.com/jobs/search?ss=1,1,20,https://enusapply-danone.icims.com/jobs/26426/sr-manager-customer-category-leadership-–-shelf-excellence/job,,0.94
eps-careers-epsii.icims.com,https://eps-careers-epsii.icims.com/jobs/search?ss=1,1,20,https://eps-careers-epsii.icims.com/jobs/7457/sr.-field-technician/job,,0.25
erp-sas.icims.com,https://erp-sas.icims.com/jobs/search?ss=1,1,20,https://erp-sas.icims.com/jobs/42235/senior-account-executive---life-sciences-enterprise-accounts/job,,0.62
erp-uwmcareers.icims.com,https://erp-uwmcareers.icims.com/jobs/search?ss=1,1,20,https://erp-uwmcareers.icims.com/jobs/14103/account-executive/job,,0.50
everwatch-everwatchsolutions.icims.com,https://everwatch-everwatchsolutions.icims.com/jobs/search?ss=1,1,20,https://everwatch-everwatchsolutions.icims.com/jobs/3531/sigint-development-analyst/job,,0.25
external-92y.icims.com,https://external-92y.icims.com/jobs/search?ss=1,1,20,https://external-92y.icims.com/jobs/2124/head-teacher%2c-92ny-nursery-school/job,,0.25
external-canoncareers.icims.com,https://external-canoncareers.icims.com/jobs/search?ss=1,1,20,https://external-canoncareers.icims.com/jobs/34587/field-service-engineer-ii---pvd-semiconductor/job,,0.29
external-careers-sodexo.icims.com,https://external-careers-sodexo.icims.com/jobs/search?ss=1,1,10,https://external-careers-sodexo.icims.com/jobs/986448/accountant/job,,0.30
external-corp-teldta.icims.com,https://external-corp-teldta.icims.com/jobs/search?ss=1,1,2,https://external-corp-teldta.icims.com/jobs/29398/experienced-bindery-folder-operator--1st-shift/job,,0.39
external-emergent-mythics.icims.com,https://external-emergent-mythics.icims.com/jobs/search?ss=1,1,17,https://external-emergent-mythics.icims.com/jobs/4422/senior-account-manager---consulting-services/job,,0.26
external-fladarchitects.icims.com,https://external-fladarchitects.icims.com/jobs/search?ss=1,1,18,https://external-fladarchitects.icims.com/jobs/2063/administrative-assistant/job,,0.23
external-motrexllc.icims.com,https://external-motrexllc.icims.com/jobs/search?ss=1,1,7,https://external-motrexllc.icims.com/jobs/5689/payroll-specialist/job,,0.29
external-mythics.icims.com,https://external-mythics.icims.com/jobs/search?ss=1,1,20,https://external-mythics.icims.com/jobs/4425/senior-project-specialist/job,,0.26
external-novanthealth.icims.com,https://external-novanthealth.icims.com/jobs,1,0,,,0.66
external-saintmarysuniversity.icims.com,https://external-saintmarysuniversity.icims.com/jobs/search?ss=1,1,12,https://external-saintmarysuniversity.icims.com/jobs/1681/content-specialist/job,,0.20
external-suttle-straus.icims.com,https://external-suttle-straus.icims.com/jobs/search?ss=1,1,2,https://external-suttle-straus.icims.com/jobs/29398/experienced-bindery-folder-operator--1st-shift/job,,0.40
external-telecom-teldta.icims.com,https://external-telecom-teldta.icims.com/jobs/search?ss=1,1,20,https://external-telecom-teldta.icims.com/jobs/29404/account-executive/job,,0.21
external-tintri.icims.com,https://external-tintri.icims.com/jobs/search?ss=1,1,7,https://external-tintri.icims.com/jobs/5873/senior-sales-engineer/job,,0.24
externalcareers-ohsu.icims.com,https://externalcareers-ohsu.icims.com/jobs/search?ss=1,1,20,https://externalcareers-ohsu.icims.com/jobs/40134/rn%2c-chh-oncology-clinic/job,,0.26
externalhourly-highgate.icims.com,https://externalhourly-highgate.icims.com/jobs/search?ss=1,1,20,https://externalhourly-highgate.icims.com/jobs/79673/guest-services-agent/job,,0.31
externalmanagement-highgate.icims.com,https://externalmanagement-highgate.icims.com/jobs/search?ss=1,1,20,https://externalmanagement-highgate.icims.com/jobs/79675/assistant-controller---corporate-ownership/job,,0.22
externalsp-spplus.icims.com,https://externalsp-spplus.icims.com/jobs/search?ss=1,1,20,https://externalsp-spplus.icims.com/jobs/58730/valet-supervisor---sheraton-miami-airport/job,,0.29
faculty-csuglobal.icims.com,https://faculty-csuglobal.icims.com/jobs/search?ss=1,1,0,,,0.25
faculty-emory.icims.com,https://faculty-emory.icims.com/jobs/search?ss=1,1,20,https://faculty-emory.icims.com/jobs/169383/adolescent-and-family-addiction-psychologist/job,,3.24
field-english-danos.icims.com,https://field-english-danos.icims.com/jobs/search?ss=1,1,50,https://field-english-danos.icims.com/jobs/5134/compressor-mechanic/job,,0.31
field-mvtransit.icims.com,https://field-mvtransit.icims.com/jobs/search?ss=1,1,50,https://field-mvtransit.icims.com/jobs/11903/bus-driver/job,,0.32
fieldhourly-thefreshmarket.icims.com,https://fieldhourly-thefreshmarket.icims.com/jobs/search?ss=1,1,20,https://fieldhourly-thefreshmarket.icims.com/jobs/142178/produce-team-member/job,,0.32
fieldmanagement-thefreshmarket.icims.com,https://fieldmanagement-thefreshmarket.icims.com/jobs/search?ss=1,1,20,https://fieldmanagement-thefreshmarket.icims.com/jobs/142172/produce-and-floral-manager/job,,0.34
fox-rollins.icims.com,https://fox-rollins.icims.com/jobs/search?ss=1,1,50,https://fox-rollins.icims.com/jobs/51820/commercial-account-mgr/job,,0.36
fpg-smh.icims.com,https://fpg-smh.icims.com/jobs/search?ss=1,1,20,https://fpg-smh.icims.com/jobs/47811/lpn---clinical-care-coordinator-ii---fpg-family-practice-%40-gulfgate%2c-saraosta/job,,0.34
futurecareers-peopletec.icims.com,https://futurecareers-peopletec.icims.com/jobs/search?ss=1,1,22,https://futurecareers-peopletec.icims.com/jobs/5164/senior-systems-analyst-–-architecture-and-assessment/job,,0.24
general-careers-curanahealth.icims.com,https://general-careers-curanahealth.icims.com/jobs/search?ss=1,1,50,https://general-careers-curanahealth.icims.com/jobs/3976/psychotherapist-counselor---%247%2c500-sign-on-bonus/job,,0.24
global-sas.icims.com,https://global-sas.icims.com/jobs/search?ss=1,1,20,https://global-sas.icims.com/jobs/42231/manager%2c-software-development---customer-intelligence/job,,0.40
grayconstruction-gray.icims.com,https://grayconstruction-gray.icims.com/jobs/search?ss=1,1,50,https://grayconstruction-gray.icims.com/jobs/5360/site-safety-engineer/job,,0.32
hmi-harvard.icims.com,https://hmi-harvard.icims.com/jobs/search?ss=1,1,20,https://hmi-harvard.icims.com/jobs/38354/pt-janitorial-cleaner---empleado-de-limpieza-i-10-n-eldridge-parkway--38354/job,,0.28
homeoffice-na-urbn.icims.com,https://homeoffice-na-urbn.icims.com/jobs/search?ss=1,1,50,https://homeoffice-na-urbn.icims.com/jobs/28999/anthropologie-associate-buyer/job,,0.33
hotjobs-teksynap.icims.com,https://hotjobs-teksynap.icims.com/jobs/search?ss=1,1,20,https://careers-teksynap.icims.com/jobs/9016/veterans-affairs-%28va%29/job,,0.30
hsg-harvard.icims.com,https://hsg-harvard.icims.com/jobs/search?ss=1,1,20,https://hsg-harvard.icims.com/jobs/38327/janitorial-cleaner---empleado-de-limpieza-38327/job,,0.28
idccareers-idg.icims.com,https://idccareers-idg.icims.com/jobs/search?ss=1,1,20,https://idccareers-idg.icims.com/jobs/6943/marketing-development-representative​/job,,0.21
ideas-sas.icims.com,https://ideas-sas.icims.com/jobs/search?ss=1,1,10,https://ideas-sas.icims.com/jobs/42181/business-analyst%2c-commercial-operations/job,,0.31
infinity-jobs-marvin.icims.com,https://infinity-jobs-marvin.icims.com/jobs/search?ss=1,1,50,https://infinity-jobs-marvin.icims.com/jobs/10146/in-home-sales-consultant/job,,0.67
interns-brookings.icims.com,https://interns-brookings.icims.com/jobs/search?ss=1,1,0,,,0.19
invitation-charter.icims.com,https://invitation-charter.icims.com/jobs/search?ss=1,1,50,https://invitation-charter.icims.com/jobs/76866/sales-representative/job,,0.33
invitation-teksystems.icims.com,https://invitation-teksystems.icims.com/jobs/search?ss=1,1,20,https://invitation-teksystems.icims.com/jobs/13693/sales-development-representative-2---knoxville/job,,0.36
jmp-sas.icims.com,https://jmp-sas.icims.com/jobs/search?ss=1,1,0,,,0.32
jobs-b3h.icims.com,https://jobs-b3h.icims.com/jobs/search?ss=1,1,20,https://jobs-b3h.icims.com/jobs/3372/weather-forecaster/job,,0.22
jobs-bylight.icims.com,https://jobs-bylight.icims.com/jobs/search?ss=1,1,20,https://jobs-bylight.icims.com/jobs/11126/client-systems-technician-jmn-%28eastern-range%29/job,,0.25
jobs-centerlinelogistics.icims.com,https://jobs-centerlinelogistics.icims.com/jobs/search?ss=1,1,20,https://jobs-centerlinelogistics.icims.com/jobs/2294/second-mate-%28atb%29/job,,0.26
jobs-cesi.icims.com,https://jobs-cesi.icims.com/jobs/search?ss=1,1,20,https://jobs-cesi.icims.com/jobs/11124/senior-human-resources-manager/job,,0.25
jobs-childrensmercykc.icims.com,https://jobs-childrensmercykc.icims.com/jobs/search?ss=1,1,50,https://jobs-childrensmercykc.icims.com/jobs/38740/pacu-staff-nurse/job,,0.55
jobs-choosememorial.icims.com,https://jobs-choosememorial.icims.com/jobs/search?ss=1,1,50,https://jobs-choosememorial.icims.com/jobs/34228/patient-registration-spec-i-%28multiple-shifts-available%29/job,,0.28
jobs-fishercareers.icims.com,https://jobs-fishercareers.icims.com/jobs/search?ss=1,1,100,https://jobs-fishercareers.icims.com/jobs/16546/account-executive---international-%28inside-sales%29/job,,0.30
jobs-getty.icims.com,https://jobs-getty.icims.com/jobs/search?ss=1,1,10,https://jobs-getty.icims.com/jobs/4811/senior-change-management-analyst/job,,0.21
jobs-iamempowered.icims.com,https://jobs-iamempowered.icims.com/jobs/search?ss=1,1,1,https://jobs-iamempowered.icims.com/jobs/1231/administrative-assistant-temp%2c-talent-management-%233/job,,0.17
jobs-joslin.icims.com,https://jobs-joslin.icims.com/jobs/search?ss=1,1,10,https://jobs-joslin.icims.com/jobs/3913/animal-technician-%28animal-facility%29/job,,0.24
jobs-kennedykrieger.icims.com,https://jobs-kennedykrieger.icims.com/jobs/search?ss=1,1,10,https://jobs-kennedykrieger.icims.com/jobs/22768/administrative-services-coordinator----social-work/job,,0.39
jobs-legrand.icims.com,https://jobs-legrand.icims.com/jobs/search?ss=1,1,10,https://jobs-legrand.icims.com/jobs/10133/manufacturing-engineer/job,,0.27
jobs-mb2dental.icims.com,https://jobs-mb2dental.icims.com/jobs/search?ss=1,1,20,https://jobs-mb2dental.icims.com/jobs/25015/front-office-assistant/job,,0.24
jobs-middlesexsavings.icims.com,https://jobs-middlesexsavings.icims.com/jobs/search?ss=1,1,10,https://jobs-middlesexsavings.icims.com/jobs/5736/teller/job,,0.27
jobs-mutualofenumclaw.icims.com,https://jobs-mutualofenumclaw.icims.com/jobs/search?ss=1,1,5,https://jobs-mutualofenumclaw.icims.com/jobs/2408/regional-sales-manager/job,,0.27
jobs-nffinc.icims.com,https://jobs-nffinc.icims.com/jobs/search?ss=1,1,6,https://jobs-nffinc.icims.com/jobs/3456/senior-program-manager/job,,0.28
jobs-precisionsolutions.icims.com,https://jobs-precisionsolutions.icims.com/jobs/search?ss=1,1,18,https://jobs-precisionsolutions.icims.com/jobs/4900/senior-reverse-engineer/job,,0.21
jobs-rainbird.icims.com,https://jobs-rainbird.icims.com/jobs/search?ss=1,1,5,https://jobs-rainbird.icims.com/jobs/5526/accounts-receivable-representative-i/job,,0.29
jobs-roomandboard.icims.com,https://jobs-roomandboard.icims.com/jobs/search?ss=1,1,20,https://jobs-roomandboard.icims.com/jobs/5002/outlet-associate---product-handler-%28mn%29/job,,0.23
jobs-sierralobo.icims.com,https://jobs-sierralobo.icims.com/jobs/search?ss=1,1,10,https://jobs-sierralobo.icims.com/jobs/3432/financial-operations-analyst/job,,0.21
jobs-trustmark.icims.com,https://jobs-trustmark.icims.com/jobs/search?ss=1,1,10,https://jobs-trustmark.icims.com/jobs/19679/correspondent-staff-underwriter-ii/job,,0.29
jobs-valeris.icims.com,https://jobs-valeris.icims.com/jobs/search?ss=1,1,20,https://jobs-valeris.icims.com/jobs/6821/legal-administrative-assistant/job,,0.28
jobs-velocitystaff.icims.com,https://jobs-velocitystaff.icims.com/jobs/search?ss=1,1,10,https://jobs-velocitystaff.icims.com/jobs/3059/jr-mid-sql-dba/job,,0.28
jobs-veteransprime.icims.com,https://jobs-veteransprime.icims.com/jobs/search?ss=1,1,20,https://jobs-veteransprime.icims.com/jobs/4341/field-service-technician/job,,0.20
jobs-woodcons.icims.com,https://jobs-woodcons.icims.com/jobs/search?ss=1,1,31,https://jobs-woodcons.icims.com/jobs/14889/technical-writer-level-3/job,,0.60
kgpco-kgpco.icims.com,https://kgpco-kgpco.icims.com/jobs/search?ss=1,1,7,https://kgpco-kgpco.icims.com/jobs/3938/supervisor-distribution-center/job,,0.31
kphcareers-kphhealthcareservices.icims.com,https://kphcareers-kphhealthcareservices.icims.com/jobs/search?ss=1,1,20,https://kphcareers-kphhealthcareservices.icims.com/jobs/15904/filling-pharmacy-technician/job,,0.30
latamcareers-docusign.icims.com,https://latamcareers-docusign.icims.com/jobs,1,0,,,0.63
main-princeton.icims.com,https://main-princeton.icims.com/jobs/search?ss=1,1,20,https://main-princeton.icims.com/jobs/22002/senior-research-software-engineer/job,,0.23
mdcareers-livech.icims.com,https://mdcareers-livech.icims.com/jobs/search?ss=1,1,50,https://mdcareers-livech.icims.com/jobs/12125/vietnamese-restaurant-lead-cook---full-time---truong-tien---maryland/job,,0.35
namcareers-trinseo.icims.com,https://namcareers-trinseo.icims.com/jobs/search?ss=1,1,24,https://namcareers-trinseo.icims.com/jobs/4083/category-procurement-specialist/job,,0.34
nanaworley-nana.icims.com,https://nanaworley-nana.icims.com/jobs/search?ss=1,1,12,https://nanaworley-nana.icims.com/jobs/24080/procurement-specialist-–-buyer---anchorage%2c-ak/job,,0.33
non-clinical-emory.icims.com,https://non-clinical-emory.icims.com/jobs/search?ss=1,1,20,https://non-clinical-emory.icims.com/jobs/169290/bus-intelligence-developer-iii/job,,0.67
nonprovider-unitedhealthcenters.icims.com,https://nonprovider-unitedhealthcenters.icims.com/jobs/search?ss=1,1,20,https://nonprovider-unitedhealthcenters.icims.com/jobs/4926/registered-dental-assistant-%28rda%29%2c-level-2/job,,0.51
pillarcareers-beitzelpillar.icims.com,https://pillarcareers-beitzelpillar.icims.com/jobs/search?ss=1,1,20,https://pillarcareers-beitzelpillar.icims.com/jobs/3808/aerial-fiber-technician-ii---grantsville%2c-md/job,,0.41
pilot-careers-gmr.icims.com,https://pilot-careers-gmr.icims.com/jobs/search?ss=1,1,20,https://pilot-careers-gmr.icims.com/jobs/58840/helicopter-pilot---haa/job,,0.27
porter-oneworkplace.icims.com,https://porter-oneworkplace.icims.com/jobs/search?ss=1,1,7,https://porter-oneworkplace.icims.com/jobs/4472/line-cook/job,,0.24
professionalcareers-analysisgroup.icims.com,https://professionalcareers-analysisgroup.icims.com/jobs/search?ss=1,1,18,https://professionalcareers-analysisgroup.icims.com/jobs/2833/economic-modeling-specialist---beijing-%282026-start-date%29/job,,0.24
referral-ellucian.icims.com,https://referral-ellucian.icims.com/jobs/search?ss=1,1,50,https://referral-ellucian.icims.com/jobs/7614/director%2c-enterprise-systems-%26-digital-solutions---rider-university%2c-nj./job,,0.40
referral-publicisgroupe.icims.com,https://referral-publicisgroupe.icims.com/jobs/search?ss=1,1,50,https://referral-publicisgroupe.icims.com/jobs/164195/directeur-de-clientèle-%28h-f%29/job,,0.98
resume-chesterton.icims.com,https://resume-chesterton.icims.com/jobs/search?ss=1,1,13,https://resume-chesterton.icims.com/jobs/4482/quality-inspector-ii---1st-shift-%287%3a00am-3%3a30pm%29/job,,0.30
saspro-uscareers.icims.com,https://saspro-uscareers.icims.com/jobs/search?ss=1,1,20,https://saspro-uscareers.icims.com/jobs/440353/sas-coordinator-space-and-assortment/job,,0.42
savannahexternal-mobisalabamallc.icims.com,https://savannahexternal-mobisalabamallc.icims.com/jobs/search?ss=1,1,35,https://savannahexternal-mobisalabamallc.icims.com/jobs/1958/mua-supplier-quality-engineer-specialist/job,,0.29
securitycareers-aus.icims.com,https://securitycareers-aus.icims.com/jobs/search?ss=1,1,21,https://securitycareers-alliedbarton.icims.com/jobs/1046/guardian-%28evergreen%29/job,,1.08
sourcing-libertymutual.icims.com,https://sourcing-libertymutual.icims.com/jobs/search?ss=1,1,50,https://sourcing-libertymutual.icims.com/jobs/76707/tax-credit-mandate-associate---liberty-mutual-investments/job,,0.46
spcareers-mastec.icims.com,https://spcareers-mastec.icims.com/jobs/search?ss=1,1,50,https://spcareers-mastec.icims.com/jobs/65592/outside-plant-engineer/job,,0.46
staff-csuglobal.icims.com,https://staff-csuglobal.icims.com/jobs/search?ss=1,1,0,,,0.28
staff-emory.icims.com,https://staff-emory.icims.com/jobs/search?ss=1,1,20,https://staff-emory.icims.com/jobs/169423/assistant-director%2c-research-compliance-program-effectiveness/job,,0.59
staffcareers-mcguirewoods.icims.com,https://staffcareers-mcguirewoods.icims.com/jobs/search?ss=1,1,20,https://staffcareers-mcguirewoods.icims.com/jobs/6890/legal-support-manager/job,,0.25
staffemployment-stthomas.icims.com,https://staffemployment-stthomas.icims.com/jobs/search?ss=1,1,19,https://staffemployment-stthomas.icims.com/jobs/9427/cook-ii---receiving-clerk/job,,0.26
streamline-tech.icims.com,https://streamline-tech.icims.com/jobs/search?ss=1,1,2,https://streamline-tech.icims.com/jobs/3684/senior-software-engineer-c%23-.net/job,,0.24
studentopportunities-lutron.icims.com,https://studentopportunities-lutron.icims.com/jobs/search?ss=1,1,34,https://studentopportunities-lutron.icims.com/jobs/4763/o4u---fall-2025-resume-book/job,,0.64
talent-marvin.icims.com,https://talent-marvin.icims.com/jobs/search?ss=1,1,50,https://talent-marvin.icims.com/jobs/10163/finance-manager%2c-product-development/job,,0.88
tcnycareers-touro.icims.com,https://tcnycareers-touro.icims.com/jobs/search?ss=1,1,50,https://tcnycareers-touro.icims.com/jobs/13305/interactive-and-digital-design-adjunct-faculty/job,,0.29
trissential-jobs.icims.com,https://trissential-jobs.icims.com/jobs/search?ss=1,1,9,https://trissential-jobs.icims.com/jobs/54281/senior-program-manager-%28data-%26-technology-transformation%29/job,,0.85
truhomesolutions-cacu.icims.com,https://truhomesolutions-cacu.icims.com/jobs/search?ss=1,1,3,https://truhomesolutions-cacu.icims.com/jobs/2971/manager---data-platforms/job,,0.32
uiccareers-uicalaska.icims.com,https://uiccareers-uicalaska.icims.com/jobs/search?ss=1,1,46,https://uiccareers-uicalaska.icims.com/jobs/25619/truck-driver/job,,0.47
unitedcareers-kirbycorp.icims.com,https://unitedcareers-kirbycorp.icims.com/jobs/search?ss=1,1,20,https://unitedcareers-kirbycorp.icims.com/jobs/4199/industrial-painter-ii/job,,0.30
us-avisonyoung.icims.com,https://us-avisonyoung.icims.com/jobs/search?ss=1,1,35,https://us-avisonyoung.icims.com/jobs/5817/broker/job,,0.25
us-corp-footlocker.icims.com,https://us-corp-footlocker.icims.com/jobs,1,0,,,0.70
us-dc-footlocker.icims.com,https://us-dc-footlocker.icims.com/jobs,1,0,,,0.72
us-erac.icims.com,https://us-erac.icims.com/jobs/search?ss=1,1,30,https://us-erac.icims.com/jobs/539745/management-trainee/job,,0.21
us-iconixww.icims.com,https://us-iconixww.icims.com/jobs/search?ss=1,1,10,https://us-iconixww.icims.com/jobs/5239/outside-sales-representative/job,,0.23
us-qualfon.icims.com,https://us-qualfon.icims.com/jobs/search?ss=1,1,32,https://us-qualfon.icims.com/jobs/90523/onsite-customer-service-representative-%28healthcare%29/job,,0.42
uscareeropenings-alliancelaundry.icims.com,https://uscareeropenings-alliancelaundry.icims.com/jobs/search?ss=1,1,20,https://uscareeropenings-alliancelaundry.icims.com/jobs/12533/production-team-member/job,,0.24
uscareers-acuren.icims.com,https://uscareers-acuren.icims.com/jobs/search?ss=1,1,50,https://uscareers-acuren.icims.com/jobs/20539/sr.-contracts-manager/job,,0.33
uscareers-bruker.icims.com,https://uscareers-bruker.icims.com/jobs/search?ss=1,1,20,https://uscareers-bruker.icims.com/jobs/19584/machine-operator-2nd-shift/job,,0.36
uscareers-cvent.icims.com,https://uscareers-cvent.icims.com/jobs,1,0,,,0.90
uscareers-docusign.icims.com,https://uscareers-docusign.icims.com/jobs,1,0,,,0.74
uscareers-fujifilm.icims.com,https://uscareers-fujifilm.icims.com/jobs/search?ss=1,1,20,https://uscareers-fujifilm.icims.com/jobs/38175/automation-engineer-2%2c-bms-vds/job,,0.26
uscareers-ibex.icims.com,https://uscareers-ibex.icims.com/jobs/search?ss=1,1,17,https://uscareers-ibex.icims.com/jobs/26589/customer-service-representative---work-at-home/job,,0.23
uscareers-idemia.icims.com,https://uscareers-idemia.icims.com/jobs/search?ss=1,1,16,https://uscareers-idemia.icims.com/jobs/8569/human-resources-business-partner-ii/job,,0.23
uscareers-lennox.icims.com,https://uscareers-lennox.icims.com/jobs/search?ss=1,1,20,https://uscareers-lennox.icims.com/jobs/53813/material-handler-i/job,,0.22
uscareers-lewisenergy.icims.com,https://uscareers-lewisenergy.icims.com/jobs/search?ss=1,1,20,https://uscareers-lewisenergy.icims.com/jobs/12156/accountant%2c-pra/job,,0.22
uscareers-lumanity.icims.com,https://uscareers-lumanity.icims.com/jobs/search?ss=1,1,9,https://uscareers-lumanity.icims.com/jobs/2174/client-services-director/job,,0.27
uscareers-medpace.icims.com,https://uscareers-medpace.icims.com/jobs,1,0,,,0.56
uscareers-nyu.icims.com,https://uscareers-nyu.icims.com/jobs/search?ss=1,1,10,https://uscareers-nyu.icims.com/jobs/14477/senior-project-manager/job,,0.27
uscareers-pepsico.icims.com,https://uscareers-pepsico.icims.com/jobs/search?ss=1,1,50,https://uscareers-pepsico.icims.com/jobs/461673/sales-district-leader/job,,0.28
uscareers-rws.icims.com,https://uscareers-rws.icims.com/jobs/search?ss=1,1,7,https://uscareers-rws.icims.com/jobs/6428/senior-program-manager/job,,0.73
uscareers-sunriseseniorliving.icims.com,https://uscareers-sunriseseniorliving.icims.com/jobs/search?ss=1,1,0,,,0.38
uscareers-theradex.icims.com,https://uscareers-theradex.icims.com/jobs/search?ss=1,1,7,https://uscareers-theradex.icims.com/jobs/1438/study-start-up-associate-i-or-ii-%28remote%29/job,,0.24
uscareers-waters.icims.com,https://uscareers-waters.icims.com/jobs/search?ss=1,1,20,https://uscareers-waters.icims.com/jobs/23514/senior-principal-software-developer/job,,0.26
uscareers-willkie.icims.com,https://uscareers-willkie.icims.com/jobs/search?ss=1,1,10,https://uscareers-willkie.icims.com/jobs/2173/communications-%26-public-relations-intern---new-york/job,,0.31
uscareers-yelp.icims.com,https://uscareers-yelp.icims.com/jobs/search?ss=1,1,38,https://uscareers-yelp.icims.com/jobs/13987/senior-account-executive%2c-saas-sales-%28remote---us%29/job,,0.30
uscareers2-asm.icims.com,https://uscareers2-asm.icims.com/jobs/search?ss=1,1,20,https://uscareers2-asm.icims.com/jobs/440377/security-engineer-ii/job,,0.28
usjobs-mayerbrown.icims.com,https://usjobs-mayerbrown.icims.com/jobs/search?ss=1,1,0,,,0.22
vertexcareers-atriumworks.icims.com,https://vertexcareers-atriumworks.icims.com/jobs/search?ss=1,1,20,https://vertexcareers-atriumworks.icims.com/jobs/10442/process-dev-engineering-scientific-associate---weekend-shift-%28contract%29/job,,0.35
vitrekcorp-puzzlehr.icims.com,https://vitrekcorp-puzzlehr.icims.com/jobs/search?ss=1,1,9,https://vitrekcorp-puzzlehr.icims.com/jobs/11497/precision-electronics-engineering-technician-–-test%2c-repair-%26-calibration-specialist/job,,0.29
volunteers-jerseystem.icims.com,https://volunteers-jerseystem.icims.com/jobs/search?ss=1,1,20,https://volunteers-jerseystem.icims.com/jobs/2565/huca300%3a-icims-team-lead/job,,0.20
