"state","city_key","city"
"AK","adak","Adak"
"AK","akhiok","Akhiok"
"AK","akiachak","Akiachak"
"AK","akiak","Akiak"
"AK","akutan","Akutan"
"AK","alakanuk","Alakanuk"
"AK","alatna","Alatna"
"AK","alcan border","Alcan Border"
"AK","aleknagik","Aleknagik"
"AK","aleneva","Aleneva"
"AK","allakaket","Allakaket"
"AK","ambler","Ambler"
"AK","anaktuvuk pass","Anaktuvuk Pass"
"AK","anchor point","Anchor Point"
"AK","anchorage","Anchorage"
"AK","anderson","Anderson"
"AK","angoon","Angoon"
"AK","aniak","Aniak"
"AK","anvik","Anvik"
"AK","arctic village","Arctic Village"
"AK","atka","Atka"
"AK","atmautluak","Atmautluak"
"AK","atqasuk","Atqasuk"
"AK","attu station","Attu Station"
"AK","badger","Badger"
"AK","bear creek","Bear Creek"
"AK","beaver","Beaver"
"AK","beluga","Beluga"
"AK","bethel","Bethel"
"AK","bettles","Bettles"
"AK","big delta","Big Delta"
"AK","big lake","Big Lake"
"AK","birch creek","Birch Creek"
"AK","brevig mission","Brevig Mission"
"AK","buckland","Buckland"
"AK","buffalo soapstone","Buffalo Soapstone"
"AK","butte","Butte"
"AK","cantwell","Cantwell"
"AK","central","Central"
"AK","chalkyitsik","Chalkyitsik"
"AK","chase","Chase"
"AK","chefornak","Chefornak"
"AK","chena ridge","Chena Ridge"
"AK","chenega","Chenega"
"AK","chevak","Chevak"
"AK","chickaloon","Chickaloon"
"AK","chicken","Chicken"
"AK","chignik","Chignik"
"AK","chignik lagoon","Chignik Lagoon"
"AK","chignik lake","Chignik Lake"
"AK","chiniak","Chiniak"
"AK","chisana","Chisana"
"AK","chistochina","Chistochina"
"AK","chitina","Chitina"
"AK","chuathbaluk","Chuathbaluk"
"AK","circle","Circle"
"AK","clam gulch","Clam Gulch"
"AK","clark's point","Clark's Point"
"AK","coffman cove","Coffman Cove"
"AK","cohoe","Cohoe"
"AK","cold bay","Cold Bay"
"AK","coldfoot","Coldfoot"
"AK","college","College"
"AK","cooper landing","Cooper Landing"
"AK","copper center","Copper Center"
"AK","cordova","Cordova"
"AK","covenant life","Covenant Life"
"AK","craig","Craig"
"AK","crooked creek","Crooked Creek"
"AK","crown point","Crown Point"
"AK","deering","Deering"
"AK","delta junction","Delta Junction"
"AK","deltana","Deltana"
"AK","denali park","Denali Park"
"AK","diamond ridge","Diamond Ridge"
"AK","dillingham","Dillingham"
"AK","diomede","Diomede"
"AK","dot lake","Dot Lake"
"AK","dot lake village","Dot Lake Village"
"AK","dry creek","Dry Creek"
"AK","eagle","Eagle"
"AK","eagle village","Eagle Village"
"AK","eareckson station","Eareckson Station"
"AK","edna bay","Edna Bay"
"AK","eek","Eek"
"AK","egegik","Egegik"
"AK","eielson afb","Eielson AFB"
"AK","ekwok","Ekwok"
"AK","elfin cove","Elfin Cove"
"AK","elim","Elim"
"AK","emmonak","Emmonak"
"AK","ester","Ester"
"AK","eureka roadhouse","Eureka Roadhouse"
"AK","evansville","Evansville"
"AK","excursion inlet","Excursion Inlet"
"AK","fairbanks","Fairbanks"
"AK","false pass","False Pass"
"AK","farm loop","Farm Loop"
"AK","farmers loop","Farmers Loop"
"AK","ferry","Ferry"
"AK","fishhook","Fishhook"
"AK","flat","Flat"
"AK","fort greely","Fort Greely"
"AK","fort yukon","Fort Yukon"
"AK","four mile road","Four Mile Road"
"AK","fox","Fox"
"AK","fox river","Fox River"
"AK","fritz creek","Fritz Creek"
"AK","funny river","Funny River"
"AK","gakona","Gakona"
"AK","galena","Galena"
"AK","gambell","Gambell"
"AK","game creek","Game Creek"
"AK","gateway","Gateway"
"AK","glacier view","Glacier View"
"AK","glennallen","Glennallen"
"AK","goldstream","Goldstream"
"AK","golovin","Golovin"
"AK","goodnews bay","Goodnews Bay"
"AK","grayling","Grayling"
"AK","gulkana","Gulkana"
"AK","gustavus","Gustavus"
"AK","haines","Haines"
"AK","halibut cove","Halibut Cove"
"AK","happy valley","Happy Valley"
"AK","harding-birch lakes","Harding-Birch Lakes"
"AK","healy","Healy"
"AK","healy lake","Healy Lake"
"AK","hobart bay","Hobart Bay"
"AK","hollis","Hollis"
"AK","holy cross","Holy Cross"
"AK","homer","Homer"
"AK","hoonah","Hoonah"
"AK","hooper bay","Hooper Bay"
"AK","hope","Hope"
"AK","houston","Houston"
"AK","hughes","Hughes"
"AK","huslia","Huslia"
"AK","hydaburg","Hydaburg"
"AK","hyder","Hyder"
"AK","igiugig","Igiugig"
"AK","iliamna","Iliamna"
"AK","ivanof bay","Ivanof Bay"
"AK","juneau","Juneau"
"AK","kachemak","Kachemak"
"AK","kake","Kake"
"AK","kaktovik","Kaktovik"
"AK","kalifornsky","Kalifornsky"
"AK","kaltag","Kaltag"
"AK","karluk","Karluk"
"AK","kasaan","Kasaan"
"AK","kasigluk","Kasigluk"
"AK","kasilof","Kasilof"
"AK","kenai","Kenai"
"AK","kenny lake","Kenny Lake"
"AK","ketchikan","Ketchikan"
"AK","kiana","Kiana"
"AK","king cove","King Cove"
"AK","king salmon","King Salmon"
"AK","kipnuk","Kipnuk"
"AK","kivalina","Kivalina"
"AK","klawock","Klawock"
"AK","klukwan","Klukwan"
"AK","knik river","Knik River"
"AK","knik-fairview","Knik-Fairview"
"AK","kobuk","Kobuk"
"AK","kodiak","Kodiak"
"AK","kodiak station","Kodiak Station"
"AK","kokhanok","Kokhanok"
"AK","koliganek","Koliganek"
"AK","kongiganak","Kongiganak"
"AK","kotlik","Kotlik"
"AK","kotzebue","Kotzebue"
"AK","koyuk","Koyuk"
"AK","koyukuk","Koyukuk"
"AK","kupreanof","Kupreanof"
"AK","kwethluk","Kwethluk"
"AK","kwigillingok","Kwigillingok"
"AK","lake louise","Lake Louise"
"AK","lake minchumina","Lake Minchumina"
"AK","larsen bay","Larsen Bay"
"AK","lazy mountain","Lazy Mountain"
"AK","levelock","Levelock"
"AK","lime village","Lime Village"
"AK","livengood","Livengood"
"AK","loring","Loring"
"AK","lowell point","Lowell Point"
"AK","lower kalskag","Lower Kalskag"
"AK","lutak","Lutak"
"AK","manley hot springs","Manley Hot Springs"
"AK","manokotak","Manokotak"
"AK","marshall","Marshall"
"AK","mccarthy","McCarthy"
"AK","mcgrath","McGrath"
"AK","meadow lakes","Meadow Lakes"
"AK","mekoryuk","Mekoryuk"
"AK","mendeltna","Mendeltna"
"AK","mentasta lake","Mentasta Lake"
"AK","mertarvik","Mertarvik"
"AK","metlakatla","Metlakatla"
"AK","mill bay","Mill Bay"
"AK","minto","Minto"
"AK","moose creek","Moose Creek"
"AK","moose pass","Moose Pass"
"AK","mosquito lake","Mosquito Lake"
"AK","mountain village","Mountain Village"
"AK","mud bay","Mud Bay"
"AK","nabesna","Nabesna"
"AK","naknek","Naknek"
"AK","nanwalek","Nanwalek"
"AK","napakiak","Napakiak"
"AK","napaskiak","Napaskiak"
"AK","naukati bay","Naukati Bay"
"AK","nelchina","Nelchina"
"AK","nelson lagoon","Nelson Lagoon"
"AK","nenana","Nenana"
"AK","new stuyahok","New Stuyahok"
"AK","newhalen","Newhalen"
"AK","newtok","Newtok"
"AK","nightmute","Nightmute"
"AK","nikiski","Nikiski"
"AK","nikolaevsk","Nikolaevsk"
"AK","nikolai","Nikolai"
"AK","nikolski","Nikolski"
"AK","ninilchik","Ninilchik"
"AK","noatak","Noatak"
"AK","nome","Nome"
"AK","nondalton","Nondalton"
"AK","noorvik","Noorvik"
"AK","north lakes","North Lakes"
"AK","north pole","North Pole"
"AK","northway","Northway"
"AK","nuiqsut","Nuiqsut"
"AK","nulato","Nulato"
"AK","nunam iqua","Nunam Iqua"
"AK","nunapitchuk","Nunapitchuk"
"AK","old harbor","Old Harbor"
"AK","oscarville","Oscarville"
"AK","ouzinkie","Ouzinkie"
"AK","palmer","Palmer"
"AK","paxson","Paxson"
"AK","pedro bay","Pedro Bay"
"AK","pelican","Pelican"
"AK","perryville","Perryville"
"AK","petersburg","Petersburg"
"AK","petersville","Petersville"
"AK","pilot point","Pilot Point"
"AK","pilot station","Pilot Station"
"AK","pitkas point","Pitkas Point"
"AK","platinum","Platinum"
"AK","pleasant valley","Pleasant Valley"
"AK","point baker","Point Baker"
"AK","point hope","Point Hope"
"AK","point lay","Point Lay"
"AK","point mackenzie","Point MacKenzie"
"AK","point possession","Point Possession"
"AK","pope-vannoy landing","Pope-Vannoy Landing"
"AK","port alexander","Port Alexander"
"AK","port alsworth","Port Alsworth"
"AK","port clarence","Port Clarence"
"AK","port graham","Port Graham"
"AK","port heiden","Port Heiden"
"AK","port lions","Port Lions"
"AK","port protection","Port Protection"
"AK","portage creek","Portage Creek"
"AK","primrose","Primrose"
"AK","prudhoe bay","Prudhoe Bay"
"AK","quinhagak","Quinhagak"
"AK","rampart","Rampart"
"AK","red devil","Red Devil"
"AK","red dog mine","Red Dog Mine"
"AK","ridgeway","Ridgeway"
"AK","ruby","Ruby"
"AK","russian mission","Russian Mission"
"AK","salamatof","Salamatof"
"AK","salcha","Salcha"
"AK","sand point","Sand Point"
"AK","savoonga","Savoonga"
"AK","saxman","Saxman"
"AK","scammon bay","Scammon Bay"
"AK","selawik","Selawik"
"AK","seldovia","Seldovia"
"AK","seldovia village","Seldovia Village"
"AK","seward","Seward"
"AK","shageluk","Shageluk"
"AK","shaktoolik","Shaktoolik"
"AK","shishmaref","Shishmaref"
"AK","shungnak","Shungnak"
"AK","silver springs","Silver Springs"
"AK","sitka","Sitka"
"AK","skagway","Skagway"
"AK","skwentna","Skwentna"
"AK","slana","Slana"
"AK","sleetmute","Sleetmute"
"AK","soldotna","Soldotna"
"AK","south lakes","South Lakes"
"AK","south naknek","South Naknek"
"AK","south van horn","South Van Horn"
"AK","st. george","St. George"
"AK","st. mary's","St. Mary's"
"AK","st. michael","St. Michael"
"AK","st. paul","St. Paul"
"AK","stebbins","Stebbins"
"AK","steele creek","Steele Creek"
"AK","sterling","Sterling"
"AK","stevens village","Stevens Village"
"AK","stony river","Stony River"
"AK","sunrise","Sunrise"
"AK","susitna","Susitna"
"AK","susitna north","Susitna North"
"AK","sutton-alpine","Sutton-Alpine"
"AK","takotna","Takotna"
"AK","talkeetna","Talkeetna"
"AK","tanacross","Tanacross"
"AK","tanaina","Tanaina"
"AK","tanana","Tanana"
"AK","tatitlek","Tatitlek"
"AK","tazlina","Tazlina"
"AK","teller","Teller"
"AK","tenakee springs","Tenakee Springs"
"AK","tetlin","Tetlin"
"AK","thorne bay","Thorne Bay"
"AK","togiak","Togiak"
"AK","tok","Tok"
"AK","toksook bay","Toksook Bay"
"AK","tolsona","Tolsona"
"AK","tonsina","Tonsina"
"AK","trapper creek","Trapper Creek"
"AK","tuluksak","Tuluksak"
"AK","tuntutuliak","Tuntutuliak"
"AK","tununak","Tununak"
"AK","twin hills","Twin Hills"
"AK","two rivers","Two Rivers"
"AK","tyonek","Tyonek"
"AK","ugashik","Ugashik"
"AK","unalakleet","Unalakleet"
"AK","unalaska","Unalaska"
"AK","upper kalskag","Upper Kalskag"
"AK","utqiagì‡vik","UtqiagÌ‡vik"
"AK","valdez","Valdez"
"AK","venetie","Venetie"
"AK","wainwright","Wainwright"
"AK","wales","Wales"
"AK","wasilla","Wasilla"
"AK","whale pass","Whale Pass"
"AK","white mountain","White Mountain"
"AK","whitestone","Whitestone"
"AK","whitestone logging camp","Whitestone Logging Camp"
"AK","whittier","Whittier"
"AK","willow","Willow"
"AK","willow creek","Willow Creek"
"AK","wiseman","Wiseman"
"AK","womens bay","Womens Bay"
"AK","wrangell","Wrangell"
"AK","yakutat","Yakutat"
"AL","abanda","Abanda"
"AL","abbeville","Abbeville"
"AL","adamsville","Adamsville"
"AL","addison","Addison"
"AL","akron","Akron"
"AL","alabaster","Alabaster"
"AL","albertville","Albertville"
"AL","alexander city","Alexander City"
"AL","alexandria","Alexandria"
"AL","aliceville","Aliceville"
"AL","allgood","Allgood"
"AL","altoona","Altoona"
"AL","andalusia","Andalusia"
"AL","anderson","Anderson"
"AL","anniston","Anniston"
"AL","arab","Arab"
"AL","ardmore","Ardmore"
"AL","argo","Argo"
"AL","ariton","Ariton"
"AL","arley","Arley"
"AL","ashford","Ashford"
"AL","ashland","Ashland"
"AL","ashville","Ashville"
"AL","athens","Athens"
"AL","atmore","Atmore"
"AL","attalla","Attalla"
"AL","auburn","Auburn"
"AL","autaugaville","Autaugaville"
"AL","avon","Avon"
"AL","axis","Axis"
"AL","babbie","Babbie"
"AL","baileyton","Baileyton"
"AL","bakerhill","Bakerhill"
"AL","ballplay","Ballplay"
"AL","banks","Banks"
"AL","bay minette","Bay Minette"
"AL","bayou la batre","Bayou La Batre"
"AL","bear creek","Bear Creek"
"AL","beatrice","Beatrice"
"AL","beaverton","Beaverton"
"AL","belgreen","Belgreen"
"AL","belk","Belk"
"AL","bellamy","Bellamy"
"AL","belle fontaine","Belle Fontaine"
"AL","benton","Benton"
"AL","berlin","Berlin"
"AL","berry","Berry"
"AL","bessemer","Bessemer"
"AL","billingsley","Billingsley"
"AL","birmingham","Birmingham"
"AL","black","Black"
"AL","blountsville","Blountsville"
"AL","blue ridge","Blue Ridge"
"AL","blue springs","Blue Springs"
"AL","boaz","Boaz"
"AL","boligee","Boligee"
"AL","bon air","Bon Air"
"AL","bon secour","Bon Secour"
"AL","boykin","Boykin"
"AL","brantley","Brantley"
"AL","brantleyville","Brantleyville"
"AL","brent","Brent"
"AL","brewton","Brewton"
"AL","bridgeport","Bridgeport"
"AL","brighton","Brighton"
"AL","brilliant","Brilliant"
"AL","bristow cove","Bristow Cove"
"AL","brook highland","Brook Highland"
"AL","brookside","Brookside"
"AL","brookwood","Brookwood"
"AL","broomtown","Broomtown"
"AL","brundidge","Brundidge"
"AL","bucks","Bucks"
"AL","butler","Butler"
"AL","calera","Calera"
"AL","calvert","Calvert"
"AL","camden","Camden"
"AL","camp hill","Camp Hill"
"AL","carbon hill","Carbon Hill"
"AL","cardiff","Cardiff"
"AL","carlisle-rockledge","Carlisle-Rockledge"
"AL","carlton","Carlton"
"AL","carolina","Carolina"
"AL","carrollton","Carrollton"
"AL","castleberry","Castleberry"
"AL","catherine","Catherine"
"AL","cedar bluff","Cedar Bluff"
"AL","center point","Center Point"
"AL","centre","Centre"
"AL","centreville","Centreville"
"AL","chatom","Chatom"
"AL","chelsea","Chelsea"
"AL","cherokee","Cherokee"
"AL","cherokee ridge","Cherokee Ridge"
"AL","chickasaw","Chickasaw"
"AL","childersburg","Childersburg"
"AL","choccolocco","Choccolocco"
"AL","chunchula","Chunchula"
"AL","citronelle","Citronelle"
"AL","clanton","Clanton"
"AL","clay","Clay"
"AL","clayhatchee","Clayhatchee"
"AL","clayton","Clayton"
"AL","cleveland","Cleveland"
"AL","clio","Clio"
"AL","coaling","Coaling"
"AL","coats bend","Coats Bend"
"AL","coffee springs","Coffee Springs"
"AL","coffeeville","Coffeeville"
"AL","coker","Coker"
"AL","collinsville","Collinsville"
"AL","colony","Colony"
"AL","columbia","Columbia"
"AL","columbiana","Columbiana"
"AL","concord","Concord"
"AL","coosada","Coosada"
"AL","cordova","Cordova"
"AL","cottondale","Cottondale"
"AL","cottonwood","Cottonwood"
"AL","county line","County Line"
"AL","courtland","Courtland"
"AL","cowarts","Cowarts"
"AL","creola","Creola"
"AL","crossville","Crossville"
"AL","cuba","Cuba"
"AL","cullman","Cullman"
"AL","cullomburg","Cullomburg"
"AL","cusseta","Cusseta"
"AL","dadeville","Dadeville"
"AL","daleville","Daleville"
"AL","daphne","Daphne"
"AL","dauphin island","Dauphin Island"
"AL","daviston","Daviston"
"AL","dayton","Dayton"
"AL","deatsville","Deatsville"
"AL","decatur","Decatur"
"AL","deer park","Deer Park"
"AL","delta","Delta"
"AL","demopolis","Demopolis"
"AL","detroit","Detroit"
"AL","dodge city","Dodge City"
"AL","dora","Dora"
"AL","dothan","Dothan"
"AL","double springs","Double Springs"
"AL","douglas","Douglas"
"AL","dozier","Dozier"
"AL","dunnavant","Dunnavant"
"AL","dutton","Dutton"
"AL","eagle point","Eagle Point"
"AL","east brewton","East Brewton"
"AL","east point","East Point"
"AL","eclectic","Eclectic"
"AL","edgewater","Edgewater"
"AL","edwardsville","Edwardsville"
"AL","egypt","Egypt"
"AL","elba","Elba"
"AL","elberta","Elberta"
"AL","eldridge","Eldridge"
"AL","elkmont","Elkmont"
"AL","elmore","Elmore"
"AL","emelle","Emelle"
"AL","emerald mountain","Emerald Mountain"
"AL","enterprise","Enterprise"
"AL","epes","Epes"
"AL","equality","Equality"
"AL","ethelsville","Ethelsville"
"AL","eufaula","Eufaula"
"AL","eunola","Eunola"
"AL","eutaw","Eutaw"
"AL","eva","Eva"
"AL","evergreen","Evergreen"
"AL","excel","Excel"
"AL","fairfield","Fairfield"
"AL","fairford","Fairford"
"AL","fairhope","Fairhope"
"AL","fairview","Fairview"
"AL","falkville","Falkville"
"AL","faunsdale","Faunsdale"
"AL","fayette","Fayette"
"AL","fayetteville","Fayetteville"
"AL","fitzpatrick","Fitzpatrick"
"AL","five points","Five Points"
"AL","flomaton","Flomaton"
"AL","florala","Florala"
"AL","florence","Florence"
"AL","foley","Foley"
"AL","forestdale","Forestdale"
"AL","forkland","Forkland"
"AL","fort deposit","Fort Deposit"
"AL","fort novosel","Fort Novosel"
"AL","fort payne","Fort Payne"
"AL","franklin","Franklin"
"AL","fredonia","Fredonia"
"AL","frisco city","Frisco City"
"AL","fruitdale","Fruitdale"
"AL","fruithurst","Fruithurst"
"AL","fulton","Fulton"
"AL","fultondale","Fultondale"
"AL","fyffe","Fyffe"
"AL","gadsden","Gadsden"
"AL","gainesville","Gainesville"
"AL","gallant","Gallant"
"AL","gantt","Gantt"
"AL","garden city","Garden City"
"AL","gardendale","Gardendale"
"AL","gaylesville","Gaylesville"
"AL","geiger","Geiger"
"AL","geneva","Geneva"
"AL","georgiana","Georgiana"
"AL","geraldine","Geraldine"
"AL","gilbertown","Gilbertown"
"AL","glen allen","Glen Allen"
"AL","glencoe","Glencoe"
"AL","glenwood","Glenwood"
"AL","goldville","Goldville"
"AL","good hope","Good Hope"
"AL","goodwater","Goodwater"
"AL","gordo","Gordo"
"AL","gordon","Gordon"
"AL","gordonville","Gordonville"
"AL","goshen","Goshen"
"AL","graham","Graham"
"AL","grand bay","Grand Bay"
"AL","grant","Grant"
"AL","grayson valley","Grayson Valley"
"AL","graysville","Graysville"
"AL","greensboro","Greensboro"
"AL","greenville","Greenville"
"AL","grimes","Grimes"
"AL","grove hill","Grove Hill"
"AL","guin","Guin"
"AL","gulf shores","Gulf Shores"
"AL","gulfcrest","Gulfcrest"
"AL","guntersville","Guntersville"
"AL","gurley","Gurley"
"AL","gu-win","Gu-Win"
"AL","hackleburg","Hackleburg"
"AL","hackneyville","Hackneyville"
"AL","haleburg","Haleburg"
"AL","haleyville","Haleyville"
"AL","hamilton","Hamilton"
"AL","hammondville","Hammondville"
"AL","hanceville","Hanceville"
"AL","hanover","Hanover"
"AL","harpersville","Harpersville"
"AL","hartford","Hartford"
"AL","hartselle","Hartselle"
"AL","harvest","Harvest"
"AL","hatton","Hatton"
"AL","hayden","Hayden"
"AL","hayneville","Hayneville"
"AL","hazel green","Hazel Green"
"AL","headland","Headland"
"AL","heath","Heath"
"AL","heflin","Heflin"
"AL","helena","Helena"
"AL","henagar","Henagar"
"AL","highland lake","Highland Lake"
"AL","highland lakes","Highland Lakes"
"AL","hillsboro","Hillsboro"
"AL","hissop","Hissop"
"AL","hobson","Hobson"
"AL","hobson city","Hobson City"
"AL","hodges","Hodges"
"AL","hokes bluff","Hokes Bluff"
"AL","hollins","Hollins"
"AL","hollis crossroads","Hollis Crossroads"
"AL","holly pond","Holly Pond"
"AL","hollywood","Hollywood"
"AL","holt","Holt"
"AL","holtville","Holtville"
"AL","homewood","Homewood"
"AL","hoover","Hoover"
"AL","horn hill","Horn Hill"
"AL","hueytown","Hueytown"
"AL","huguley","Huguley"
"AL","huntsville","Huntsville"
"AL","hurtsboro","Hurtsboro"
"AL","hytop","Hytop"
"AL","ider","Ider"
"AL","indian springs village","Indian Springs Village"
"AL","irondale","Irondale"
"AL","ivalee","Ivalee"
"AL","jackson","Jackson"
"AL","jacksons' gap","Jacksons' Gap"
"AL","jacksonville","Jacksonville"
"AL","jasper","Jasper"
"AL","jemison","Jemison"
"AL","joppa","Joppa"
"AL","kansas","Kansas"
"AL","kellyton","Kellyton"
"AL","kennedy","Kennedy"
"AL","killen","Killen"
"AL","kimberly","Kimberly"
"AL","kinsey","Kinsey"
"AL","kinston","Kinston"
"AL","la fayette","La Fayette"
"AL","ladonia","Ladonia"
"AL","lake view","Lake View"
"AL","lakeview","Lakeview"
"AL","lanett","Lanett"
"AL","langston","Langston"
"AL","leeds","Leeds"
"AL","leesburg","Leesburg"
"AL","leighton","Leighton"
"AL","leroy","Leroy"
"AL","lester","Lester"
"AL","level plains","Level Plains"
"AL","lexington","Lexington"
"AL","libertyville","Libertyville"
"AL","lillian","Lillian"
"AL","lincoln","Lincoln"
"AL","linden","Linden"
"AL","lineville","Lineville"
"AL","lipscomb","Lipscomb"
"AL","lisman","Lisman"
"AL","littleville","Littleville"
"AL","livingston","Livingston"
"AL","loachapoka","Loachapoka"
"AL","lockhart","Lockhart"
"AL","locust fork","Locust Fork"
"AL","lookout mountain","Lookout Mountain"
"AL","louisville","Louisville"
"AL","lowndesboro","Lowndesboro"
"AL","loxley","Loxley"
"AL","luverne","Luverne"
"AL","lynn","Lynn"
"AL","macedonia","Macedonia"
"AL","madison","Madison"
"AL","madrid","Madrid"
"AL","magnolia springs","Magnolia Springs"
"AL","malcolm","Malcolm"
"AL","malvern","Malvern"
"AL","maplesville","Maplesville"
"AL","marbury","Marbury"
"AL","margaret","Margaret"
"AL","marion","Marion"
"AL","maytown","Maytown"
"AL","mccalla","McCalla"
"AL","mcdonald chapel","McDonald Chapel"
"AL","mcintosh","McIntosh"
"AL","mckenzie","McKenzie"
"AL","mcmullen","McMullen"
"AL","meadowbrook","Meadowbrook"
"AL","megargel","Megargel"
"AL","memphis","Memphis"
"AL","mentone","Mentone"
"AL","meridianville","Meridianville"
"AL","midfield","Midfield"
"AL","midland city","Midland City"
"AL","midway","Midway"
"AL","mignon","Mignon"
"AL","millbrook","Millbrook"
"AL","millerville","Millerville"
"AL","millport","Millport"
"AL","millry","Millry"
"AL","minor","Minor"
"AL","mobile","Mobile"
"AL","monroeville","Monroeville"
"AL","montevallo","Montevallo"
"AL","montgomery","Montgomery"
"AL","moody","Moody"
"AL","moores mill","Moores Mill"
"AL","mooresville","Mooresville"
"AL","morris","Morris"
"AL","morrison crossroads","Morrison Crossroads"
"AL","mosses","Mosses"
"AL","moulton","Moulton"
"AL","moundville","Moundville"
"AL","mount olive","Mount Olive"
"AL","mount vernon","Mount Vernon"
"AL","mountain brook","Mountain Brook"
"AL","movico","Movico"
"AL","mulga","Mulga"
"AL","munford","Munford"
"AL","muscle shoals","Muscle Shoals"
"AL","myrtlewood","Myrtlewood"
"AL","nanafalia","Nanafalia"
"AL","nances creek","Nances Creek"
"AL","napier field","Napier Field"
"AL","natural bridge","Natural Bridge"
"AL","nauvoo","Nauvoo"
"AL","nectar","Nectar"
"AL","needham","Needham"
"AL","new brockton","New Brockton"
"AL","new hope","New Hope"
"AL","new market","New Market"
"AL","new site","New Site"
"AL","new union","New Union"
"AL","newbern","Newbern"
"AL","newton","Newton"
"AL","newville","Newville"
"AL","nixburg","Nixburg"
"AL","north courtland","North Courtland"
"AL","north johns","North Johns"
"AL","northport","Northport"
"AL","notasulga","Notasulga"
"AL","oak grove","Oak Grove"
"AL","oak hill","Oak Hill"
"AL","oakman","Oakman"
"AL","odenville","Odenville"
"AL","ohatchee","Ohatchee"
"AL","oneonta","Oneonta"
"AL","onycha","Onycha"
"AL","opelika","Opelika"
"AL","opp","Opp"
"AL","orange beach","Orange Beach"
"AL","orrville","Orrville"
"AL","our town","Our Town"
"AL","owens cross roads","Owens Cross Roads"
"AL","oxford","Oxford"
"AL","ozark","Ozark"
"AL","paint rock","Paint Rock"
"AL","panola","Panola"
"AL","parrish","Parrish"
"AL","pea ridge","Pea Ridge"
"AL","pelham","Pelham"
"AL","pell city","Pell City"
"AL","pennington","Pennington"
"AL","penton","Penton"
"AL","perdido","Perdido"
"AL","perdido beach","Perdido Beach"
"AL","peterman","Peterman"
"AL","petrey","Petrey"
"AL","phenix city","Phenix City"
"AL","phil campbell","Phil Campbell"
"AL","pickensville","Pickensville"
"AL","piedmont","Piedmont"
"AL","pike road","Pike Road"
"AL","pinckard","Pinckard"
"AL","pine apple","Pine Apple"
"AL","pine hill","Pine Hill"
"AL","pine level","Pine Level"
"AL","pine ridge","Pine Ridge"
"AL","pinson","Pinson"
"AL","pisgah","Pisgah"
"AL","pleasant grove","Pleasant Grove"
"AL","pleasant groves","Pleasant Groves"
"AL","point clear","Point Clear"
"AL","pollard","Pollard"
"AL","powell","Powell"
"AL","prattville","Prattville"
"AL","priceville","Priceville"
"AL","prichard","Prichard"
"AL","providence","Providence"
"AL","putnam","Putnam"
"AL","ragland","Ragland"
"AL","rainbow city","Rainbow City"
"AL","rainsville","Rainsville"
"AL","ranburne","Ranburne"
"AL","ray","Ray"
"AL","red bay","Red Bay"
"AL","red level","Red Level"
"AL","redland","Redland"
"AL","redstone arsenal","Redstone Arsenal"
"AL","reece city","Reece City"
"AL","reeltown","Reeltown"
"AL","reform","Reform"
"AL","rehobeth","Rehobeth"
"AL","remlap","Remlap"
"AL","repton","Repton"
"AL","ridgeville","Ridgeville"
"AL","river falls","River Falls"
"AL","riverside","Riverside"
"AL","riverview","Riverview"
"AL","roanoke","Roanoke"
"AL","robertsdale","Robertsdale"
"AL","rock creek","Rock Creek"
"AL","rock mills","Rock Mills"
"AL","rockford","Rockford"
"AL","rockville","Rockville"
"AL","rogersville","Rogersville"
"AL","rosa","Rosa"
"AL","russellville","Russellville"
"AL","rutledge","Rutledge"
"AL","saks","Saks"
"AL","samson","Samson"
"AL","sand rock","Sand Rock"
"AL","sanford","Sanford"
"AL","saraland","Saraland"
"AL","sardis city","Sardis City"
"AL","satsuma","Satsuma"
"AL","scottsboro","Scottsboro"
"AL","section","Section"
"AL","selma","Selma"
"AL","selmont-west selmont","Selmont-West Selmont"
"AL","semmes","Semmes"
"AL","sheffield","Sheffield"
"AL","shelby","Shelby"
"AL","shiloh","Shiloh"
"AL","shoal creek","Shoal Creek"
"AL","shorter","Shorter"
"AL","silas","Silas"
"AL","silverhill","Silverhill"
"AL","sims chapel","Sims Chapel"
"AL","sipsey","Sipsey"
"AL","skyline","Skyline"
"AL","slocomb","Slocomb"
"AL","smiths station","Smiths Station"
"AL","smoke rise","Smoke Rise"
"AL","snead","Snead"
"AL","somerville","Somerville"
"AL","south vinemont","South Vinemont"
"AL","southside","Southside"
"AL","spanish fort","Spanish Fort"
"AL","spring garden","Spring Garden"
"AL","springville","Springville"
"AL","spruce pine","Spruce Pine"
"AL","st. florian","St. Florian"
"AL","st. stephens","St. Stephens"
"AL","standing rock","Standing Rock"
"AL","stapleton","Stapleton"
"AL","steele","Steele"
"AL","sterrett","Sterrett"
"AL","stevenson","Stevenson"
"AL","stewartville","Stewartville"
"AL","stockton","Stockton"
"AL","sulligent","Sulligent"
"AL","sumiton","Sumiton"
"AL","summerdale","Summerdale"
"AL","susan moore","Susan Moore"
"AL","sweet water","Sweet Water"
"AL","sylacauga","Sylacauga"
"AL","sylvan springs","Sylvan Springs"
"AL","sylvania","Sylvania"
"AL","talladega","Talladega"
"AL","talladega springs","Talladega Springs"
"AL","tallassee","Tallassee"
"AL","tarrant","Tarrant"
"AL","taylor","Taylor"
"AL","theodore","Theodore"
"AL","thomaston","Thomaston"
"AL","thomasville","Thomasville"
"AL","thorsby","Thorsby"
"AL","tibbie","Tibbie"
"AL","tidmore bend","Tidmore Bend"
"AL","tillmans corner","Tillmans Corner"
"AL","town creek","Town Creek"
"AL","toxey","Toxey"
"AL","trafford","Trafford"
"AL","triana","Triana"
"AL","trinity","Trinity"
"AL","troy","Troy"
"AL","trussville","Trussville"
"AL","tuscaloosa","Tuscaloosa"
"AL","tuscumbia","Tuscumbia"
"AL","tuskegee","Tuskegee"
"AL","twin","Twin"
"AL","underwood-petersville","Underwood-Petersville"
"AL","union","Union"
"AL","union grove","Union Grove"
"AL","union springs","Union Springs"
"AL","uniontown","Uniontown"
"AL","uriah","Uriah"
"AL","valley","Valley"
"AL","valley grande","Valley Grande"
"AL","valley head","Valley Head"
"AL","vance","Vance"
"AL","vandiver","Vandiver"
"AL","vernon","Vernon"
"AL","vestavia hills","Vestavia Hills"
"AL","vina","Vina"
"AL","vincent","Vincent"
"AL","vinegar bend","Vinegar Bend"
"AL","vredenburgh","Vredenburgh"
"AL","wadley","Wadley"
"AL","waldo","Waldo"
"AL","walnut grove","Walnut Grove"
"AL","warrior","Warrior"
"AL","waterloo","Waterloo"
"AL","waverly","Waverly"
"AL","weaver","Weaver"
"AL","webb","Webb"
"AL","wedowee","Wedowee"
"AL","weogufka","Weogufka"
"AL","west blocton","West Blocton"
"AL","west end-cobb town","West End-Cobb Town"
"AL","west jefferson","West Jefferson"
"AL","west point","West Point"
"AL","westover","Westover"
"AL","wetumpka","Wetumpka"
"AL","whatley","Whatley"
"AL","white hall","White Hall"
"AL","white plains","White Plains"
"AL","whitesboro","Whitesboro"
"AL","wilsonville","Wilsonville"
"AL","wilton","Wilton"
"AL","winfield","Winfield"
"AL","woodland","Woodland"
"AL","woodstock","Woodstock"
"AL","woodville","Woodville"
"AL","yellow bluff","Yellow Bluff"
"AL","york","York"
"AR","acorn","Acorn"
"AR","adona","Adona"
"AR","alexander","Alexander"
"AR","alicia","Alicia"
"AR","alix","Alix"
"AR","alleene","Alleene"
"AR","allport","Allport"
"AR","alma","Alma"
"AR","almyra","Almyra"
"AR","alpena","Alpena"
"AR","alpine","Alpine"
"AR","altheimer","Altheimer"
"AR","altus","Altus"
"AR","amagon","Amagon"
"AR","amity","Amity"
"AR","anthonyville","Anthonyville"
"AR","antoine","Antoine"
"AR","aplin","Aplin"
"AR","appleton","Appleton"
"AR","arkadelphia","Arkadelphia"
"AR","arkansas city","Arkansas City"
"AR","armorel","Armorel"
"AR","ash flat","Ash Flat"
"AR","ashdown","Ashdown"
"AR","atkins","Atkins"
"AR","aubrey","Aubrey"
"AR","augusta","Augusta"
"AR","austin","Austin"
"AR","avilla","Avilla"
"AR","avoca","Avoca"
"AR","bald knob","Bald Knob"
"AR","banks","Banks"
"AR","barling","Barling"
"AR","bassett","Bassett"
"AR","batavia","Batavia"
"AR","batesville","Batesville"
"AR","bauxite","Bauxite"
"AR","bay","Bay"
"AR","bearden","Bearden"
"AR","beaver","Beaver"
"AR","bee branch","Bee Branch"
"AR","beebe","Beebe"
"AR","beedeville","Beedeville"
"AR","beirne","Beirne"
"AR","bella vista","Bella Vista"
"AR","bellefonte","Bellefonte"
"AR","belleville","Belleville"
"AR","ben lomond","Ben Lomond"
"AR","benton","Benton"
"AR","bentonville","Bentonville"
"AR","bergman","Bergman"
"AR","berryville","Berryville"
"AR","bethesda","Bethesda"
"AR","big flat","Big Flat"
"AR","bigelow","Bigelow"
"AR","biggers","Biggers"
"AR","birdsong","Birdsong"
"AR","bismarck","Bismarck"
"AR","black oak","Black Oak"
"AR","black rock","Black Rock"
"AR","black springs","Black Springs"
"AR","blevins","Blevins"
"AR","blue eye","Blue Eye"
"AR","blue mountain","Blue Mountain"
"AR","bluff city","Bluff City"
"AR","blytheville","Blytheville"
"AR","board camp","Board Camp"
"AR","bodcaw","Bodcaw"
"AR","boles","Boles"
"AR","bonanza","Bonanza"
"AR","bono","Bono"
"AR","booneville","Booneville"
"AR","bowman","Bowman"
"AR","bradford","Bradford"
"AR","bradley","Bradley"
"AR","branch","Branch"
"AR","briarcliff","Briarcliff"
"AR","brinkley","Brinkley"
"AR","brookland","Brookland"
"AR","bryant","Bryant"
"AR","buckner","Buckner"
"AR","buffalo city","Buffalo City"
"AR","bull shoals","Bull Shoals"
"AR","burdette","Burdette"
"AR","cabot","Cabot"
"AR","caddo gap","Caddo Gap"
"AR","caddo valley","Caddo Valley"
"AR","caldwell","Caldwell"
"AR","cale","Cale"
"AR","calico rock","Calico Rock"
"AR","calion","Calion"
"AR","camden","Camden"
"AR","cammack village","Cammack Village"
"AR","campbell station","Campbell Station"
"AR","canehill","Canehill"
"AR","caraway","Caraway"
"AR","carlisle","Carlisle"
"AR","carthage","Carthage"
"AR","casa","Casa"
"AR","cash","Cash"
"AR","caulksville","Caulksville"
"AR","cave city","Cave City"
"AR","cave springs","Cave Springs"
"AR","cedarville","Cedarville"
"AR","center point","Center Point"
"AR","center ridge","Center Ridge"
"AR","centerton","Centerton"
"AR","centerville","Centerville"
"AR","central city","Central City"
"AR","charleston","Charleston"
"AR","cherokee city","Cherokee City"
"AR","cherokee village","Cherokee Village"
"AR","cherry valley","Cherry Valley"
"AR","chester","Chester"
"AR","chidester","Chidester"
"AR","cincinnati","Cincinnati"
"AR","clarendon","Clarendon"
"AR","clarkedale","Clarkedale"
"AR","clarksville","Clarksville"
"AR","clinton","Clinton"
"AR","coal hill","Coal Hill"
"AR","college station","College Station"
"AR","collins","Collins"
"AR","colt","Colt"
"AR","concord","Concord"
"AR","conway","Conway"
"AR","corinth","Corinth"
"AR","corning","Corning"
"AR","cotter","Cotter"
"AR","cotton plant","Cotton Plant"
"AR","cove","Cove"
"AR","coy","Coy"
"AR","crawfordsville","Crawfordsville"
"AR","crossett","Crossett"
"AR","crystal springs","Crystal Springs"
"AR","cushman","Cushman"
"AR","daisy","Daisy"
"AR","damascus","Damascus"
"AR","danville","Danville"
"AR","dardanelle","Dardanelle"
"AR","datto","Datto"
"AR","de queen","De Queen"
"AR","de valls bluff","De Valls Bluff"
"AR","decatur","Decatur"
"AR","deer","Deer"
"AR","delaplaine","Delaplaine"
"AR","delight","Delight"
"AR","dell","Dell"
"AR","dennard","Dennard"
"AR","denning","Denning"
"AR","dermott","Dermott"
"AR","des arc","Des Arc"
"AR","desha","Desha"
"AR","dewitt","DeWitt"
"AR","diamond city","Diamond City"
"AR","diamondhead","Diamondhead"
"AR","diaz","Diaz"
"AR","dierks","Dierks"
"AR","donaldson","Donaldson"
"AR","dora","Dora"
"AR","dover","Dover"
"AR","drasco","Drasco"
"AR","dumas","Dumas"
"AR","dyer","Dyer"
"AR","dyess","Dyess"
"AR","earle","Earle"
"AR","east camden","East Camden"
"AR","east end","East End"
"AR","edgemont","Edgemont"
"AR","edmondson","Edmondson"
"AR","egypt","Egypt"
"AR","el dorado","El Dorado"
"AR","el paso","El Paso"
"AR","elaine","Elaine"
"AR","elkins","Elkins"
"AR","elm springs","Elm Springs"
"AR","emerson","Emerson"
"AR","emmet","Emmet"
"AR","england","England"
"AR","enola","Enola"
"AR","etowah","Etowah"
"AR","eudora","Eudora"
"AR","eureka springs","Eureka Springs"
"AR","evansville","Evansville"
"AR","evening shade","Evening Shade"
"AR","everton","Everton"
"AR","fair oaks","Fair Oaks"
"AR","fairfield bay","Fairfield Bay"
"AR","fargo","Fargo"
"AR","farmington","Farmington"
"AR","fayetteville","Fayetteville"
"AR","felsenthal","Felsenthal"
"AR","fifty-six","Fifty-Six"
"AR","fisher","Fisher"
"AR","flippin","Flippin"
"AR","floral","Floral"
"AR","floyd","Floyd"
"AR","fordyce","Fordyce"
"AR","foreman","Foreman"
"AR","forrest city","Forrest City"
"AR","fort smith","Fort Smith"
"AR","fouke","Fouke"
"AR","fountain hill","Fountain Hill"
"AR","fountain lake","Fountain Lake"
"AR","fourche","Fourche"
"AR","fox","Fox"
"AR","franklin","Franklin"
"AR","fredonia (biscoe)","Fredonia (Biscoe)"
"AR","friendship","Friendship"
"AR","fulton","Fulton"
"AR","gamaliel","Gamaliel"
"AR","garfield","Garfield"
"AR","garland","Garland"
"AR","garner","Garner"
"AR","gassville","Gassville"
"AR","gateway","Gateway"
"AR","genoa","Genoa"
"AR","gentry","Gentry"
"AR","georgetown","Georgetown"
"AR","gibson","Gibson"
"AR","gilbert","Gilbert"
"AR","gillett","Gillett"
"AR","gillham","Gillham"
"AR","gilmore","Gilmore"
"AR","glenwood","Glenwood"
"AR","goodwin","Goodwin"
"AR","goshen","Goshen"
"AR","gosnell","Gosnell"
"AR","gould","Gould"
"AR","grady","Grady"
"AR","grannis","Grannis"
"AR","gravette","Gravette"
"AR","green forest","Green Forest"
"AR","greenbrier","Greenbrier"
"AR","greenland","Greenland"
"AR","greenway","Greenway"
"AR","greenwood","Greenwood"
"AR","greers ferry","Greers Ferry"
"AR","gregory","Gregory"
"AR","griffithville","Griffithville"
"AR","grubbs","Grubbs"
"AR","guion","Guion"
"AR","gum springs","Gum Springs"
"AR","gurdon","Gurdon"
"AR","guy","Guy"
"AR","hackett","Hackett"
"AR","hagarville","Hagarville"
"AR","halley","Halley"
"AR","hamburg","Hamburg"
"AR","hampton","Hampton"
"AR","hardy","Hardy"
"AR","harrell","Harrell"
"AR","harrisburg","Harrisburg"
"AR","harrison","Harrison"
"AR","hartford","Hartford"
"AR","hartman","Hartman"
"AR","haskell","Haskell"
"AR","hatfield","Hatfield"
"AR","hattieville","Hattieville"
"AR","havana","Havana"
"AR","haynes","Haynes"
"AR","hazen","Hazen"
"AR","heber springs","Heber Springs"
"AR","hector","Hector"
"AR","helena-west helena","Helena-West Helena"
"AR","henderson","Henderson"
"AR","hensley","Hensley"
"AR","hermitage","Hermitage"
"AR","hickory ridge","Hickory Ridge"
"AR","higden","Higden"
"AR","higginson","Higginson"
"AR","highfill","Highfill"
"AR","highland","Highland"
"AR","hindsville","Hindsville"
"AR","holiday island","Holiday Island"
"AR","holland","Holland"
"AR","holly grove","Holly Grove"
"AR","hope","Hope"
"AR","horatio","Horatio"
"AR","horseshoe bend","Horseshoe Bend"
"AR","horseshoe lake","Horseshoe Lake"
"AR","hot springs","Hot Springs"
"AR","hot springs village","Hot Springs Village"
"AR","houston","Houston"
"AR","hoxie","Hoxie"
"AR","hughes","Hughes"
"AR","humnoke","Humnoke"
"AR","humphrey","Humphrey"
"AR","hunter","Hunter"
"AR","huntington","Huntington"
"AR","huntsville","Huntsville"
"AR","huttig","Huttig"
"AR","imboden","Imboden"
"AR","indian bay","Indian Bay"
"AR","ivan","Ivan"
"AR","jacksonport","Jacksonport"
"AR","jacksonville","Jacksonville"
"AR","jasper","Jasper"
"AR","jennette","Jennette"
"AR","jericho","Jericho"
"AR","jerome","Jerome"
"AR","jerusalem","Jerusalem"
"AR","johnson","Johnson"
"AR","joiner","Joiner"
"AR","jones mills","Jones Mills"
"AR","jonesboro","Jonesboro"
"AR","judsonia","Judsonia"
"AR","junction city","Junction City"
"AR","keiser","Keiser"
"AR","kensett","Kensett"
"AR","keo","Keo"
"AR","kibler","Kibler"
"AR","kingsland","Kingsland"
"AR","kingston","Kingston"
"AR","kirby","Kirby"
"AR","knobel","Knobel"
"AR","knoxville","Knoxville"
"AR","lacey","Lacey"
"AR","lafe","Lafe"
"AR","lagrange","LaGrange"
"AR","lake city","Lake City"
"AR","lake hamilton","Lake Hamilton"
"AR","lake view","Lake View"
"AR","lake village","Lake Village"
"AR","lakeview","Lakeview"
"AR","lamar","Lamar"
"AR","landmark","Landmark"
"AR","lavaca","Lavaca"
"AR","lawson","Lawson"
"AR","leachville","Leachville"
"AR","lead hill","Lead Hill"
"AR","leola","Leola"
"AR","lepanto","Lepanto"
"AR","leslie","Leslie"
"AR","letona","Letona"
"AR","lewisville","Lewisville"
"AR","lexa","Lexa"
"AR","lincoln","Lincoln"
"AR","little flock","Little Flock"
"AR","little rock","Little Rock"
"AR","lockesburg","Lockesburg"
"AR","london","London"
"AR","lonoke","Lonoke"
"AR","lonsdale","Lonsdale"
"AR","lost bridge village","Lost Bridge Village"
"AR","louann","Louann"
"AR","lowell","Lowell"
"AR","luxora","Luxora"
"AR","lynn","Lynn"
"AR","madison","Madison"
"AR","magazine","Magazine"
"AR","magness","Magness"
"AR","magnet cove","Magnet Cove"
"AR","magnolia","Magnolia"
"AR","malvern","Malvern"
"AR","mammoth spring","Mammoth Spring"
"AR","manila","Manila"
"AR","mansfield","Mansfield"
"AR","marianna","Marianna"
"AR","marie","Marie"
"AR","marion","Marion"
"AR","marked tree","Marked Tree"
"AR","marmaduke","Marmaduke"
"AR","marshall","Marshall"
"AR","marvell","Marvell"
"AR","maumelle","Maumelle"
"AR","mayflower","Mayflower"
"AR","maynard","Maynard"
"AR","maysville","Maysville"
"AR","mcalmont","McAlmont"
"AR","mccaskill","McCaskill"
"AR","mccrory","McCrory"
"AR","mcdougal","McDougal"
"AR","mcgehee","McGehee"
"AR","mcnab","McNab"
"AR","mcneil","McNeil"
"AR","mcrae","McRae"
"AR","melbourne","Melbourne"
"AR","mellwood","Mellwood"
"AR","mena","Mena"
"AR","menifee","Menifee"
"AR","midland","Midland"
"AR","midway","Midway"
"AR","mineral springs","Mineral Springs"
"AR","minturn","Minturn"
"AR","mitchellville","Mitchellville"
"AR","monette","Monette"
"AR","monroe","Monroe"
"AR","monticello","Monticello"
"AR","montrose","Montrose"
"AR","moorefield","Moorefield"
"AR","moro","Moro"
"AR","morrilton","Morrilton"
"AR","morrison bluff","Morrison Bluff"
"AR","morrow","Morrow"
"AR","mount holly","Mount Holly"
"AR","mount ida","Mount Ida"
"AR","mount judea","Mount Judea"
"AR","mount olive","Mount Olive"
"AR","mount pleasant","Mount Pleasant"
"AR","mount vernon","Mount Vernon"
"AR","mountain home","Mountain Home"
"AR","mountain pine","Mountain Pine"
"AR","mountain view","Mountain View"
"AR","mountainburg","Mountainburg"
"AR","mulberry","Mulberry"
"AR","murfreesboro","Murfreesboro"
"AR","nashville","Nashville"
"AR","natural steps","Natural Steps"
"AR","new blaine","New Blaine"
"AR","new edinburg","New Edinburg"
"AR","newark","Newark"
"AR","newhope","Newhope"
"AR","newport","Newport"
"AR","nimmons","Nimmons"
"AR","norfork","Norfork"
"AR","norman","Norman"
"AR","norphlet","Norphlet"
"AR","north crossett","North Crossett"
"AR","north little rock","North Little Rock"
"AR","oak grove","Oak Grove"
"AR","oak grove heights","Oak Grove Heights"
"AR","oakhaven","Oakhaven"
"AR","oakland","Oakland"
"AR","oark","Oark"
"AR","oden","Oden"
"AR","ogden","Ogden"
"AR","oil trough","Oil Trough"
"AR","o'kean","O'Kean"
"AR","okolona","Okolona"
"AR","ola","Ola"
"AR","omaha","Omaha"
"AR","oneida","Oneida"
"AR","oppelo","Oppelo"
"AR","osceola","Osceola"
"AR","oxford","Oxford"
"AR","ozan","Ozan"
"AR","ozark","Ozark"
"AR","ozark acres","Ozark Acres"
"AR","ozone","Ozone"
"AR","palestine","Palestine"
"AR","pangburn","Pangburn"
"AR","paragould","Paragould"
"AR","paris","Paris"
"AR","parkdale","Parkdale"
"AR","parkin","Parkin"
"AR","patmos","Patmos"
"AR","patterson","Patterson"
"AR","payneway","Payneway"
"AR","pea ridge","Pea Ridge"
"AR","peach orchard","Peach Orchard"
"AR","pearcy","Pearcy"
"AR","pencil bluff","Pencil Bluff"
"AR","perla","Perla"
"AR","perry","Perry"
"AR","perrytown","Perrytown"
"AR","perryville","Perryville"
"AR","piggott","Piggott"
"AR","pindall","Pindall"
"AR","pine bluff","Pine Bluff"
"AR","pineville","Pineville"
"AR","piney","Piney"
"AR","plainview","Plainview"
"AR","pleasant grove","Pleasant Grove"
"AR","pleasant plains","Pleasant Plains"
"AR","plumerville","Plumerville"
"AR","pocahontas","Pocahontas"
"AR","pollard","Pollard"
"AR","ponca","Ponca"
"AR","poplar grove","Poplar Grove"
"AR","portia","Portia"
"AR","portland","Portland"
"AR","pottsville","Pottsville"
"AR","powhatan","Powhatan"
"AR","poyen","Poyen"
"AR","prairie creek","Prairie Creek"
"AR","prairie grove","Prairie Grove"
"AR","prattsville","Prattsville"
"AR","prescott","Prescott"
"AR","princeton","Princeton"
"AR","pyatt","Pyatt"
"AR","quitman","Quitman"
"AR","ratcliff","Ratcliff"
"AR","ravenden","Ravenden"
"AR","ravenden springs","Ravenden Springs"
"AR","reader","Reader"
"AR","rector","Rector"
"AR","redfield","Redfield"
"AR","reed","Reed"
"AR","reyno","Reyno"
"AR","rison","Rison"
"AR","rivervale","Rivervale"
"AR","rockport","Rockport"
"AR","rockwell","Rockwell"
"AR","roe","Roe"
"AR","rogers","Rogers"
"AR","roland","Roland"
"AR","rondo","Rondo"
"AR","rose bud","Rose Bud"
"AR","rosston","Rosston"
"AR","rover","Rover"
"AR","rudy","Rudy"
"AR","russell","Russell"
"AR","russellville","Russellville"
"AR","rye","Rye"
"AR","salado","Salado"
"AR","salem","Salem"
"AR","salesville","Salesville"
"AR","saratoga","Saratoga"
"AR","sardis","Sardis"
"AR","scott","Scott"
"AR","scranton","Scranton"
"AR","searcy","Searcy"
"AR","sedgwick","Sedgwick"
"AR","shannon hills","Shannon Hills"
"AR","sheridan","Sheridan"
"AR","sherrill","Sherrill"
"AR","sherwood","Sherwood"
"AR","shirley","Shirley"
"AR","sidney","Sidney"
"AR","siloam springs","Siloam Springs"
"AR","smackover","Smackover"
"AR","smithville","Smithville"
"AR","south lead hill","South Lead Hill"
"AR","southside","Southside"
"AR","sparkman","Sparkman"
"AR","springdale","Springdale"
"AR","springfield","Springfield"
"AR","springtown","Springtown"
"AR","st. charles","St. Charles"
"AR","st. francis","St. Francis"
"AR","st. joe","St. Joe"
"AR","st. paul","St. Paul"
"AR","stamps","Stamps"
"AR","star city","Star City"
"AR","staves","Staves"
"AR","stephens","Stephens"
"AR","strawberry","Strawberry"
"AR","strong","Strong"
"AR","stuttgart","Stuttgart"
"AR","subiaco","Subiaco"
"AR","success","Success"
"AR","sulphur rock","Sulphur Rock"
"AR","sulphur springs","Sulphur Springs"
"AR","summers","Summers"
"AR","summit","Summit"
"AR","sunset","Sunset"
"AR","sweet home","Sweet Home"
"AR","swifton","Swifton"
"AR","taylor","Taylor"
"AR","texarkana","Texarkana"
"AR","thornton","Thornton"
"AR","tillar","Tillar"
"AR","tinsman","Tinsman"
"AR","tollette","Tollette"
"AR","tontitown","Tontitown"
"AR","traskwood","Traskwood"
"AR","trumann","Trumann"
"AR","tucker","Tucker"
"AR","tuckerman","Tuckerman"
"AR","tull","Tull"
"AR","tumbling shoals","Tumbling Shoals"
"AR","tupelo","Tupelo"
"AR","turrell","Turrell"
"AR","twin groves","Twin Groves"
"AR","tyronza","Tyronza"
"AR","ulm","Ulm"
"AR","uniontown","Uniontown"
"AR","urbana","Urbana"
"AR","valley springs","Valley Springs"
"AR","van buren","Van Buren"
"AR","vandervoort","Vandervoort"
"AR","vanndale","Vanndale"
"AR","victoria","Victoria"
"AR","vilonia","Vilonia"
"AR","viola","Viola"
"AR","violet hill","Violet Hill"
"AR","wabbaseka","Wabbaseka"
"AR","walcott","Walcott"
"AR","waldenburg","Waldenburg"
"AR","waldo","Waldo"
"AR","waldron","Waldron"
"AR","walnut ridge","Walnut Ridge"
"AR","ward","Ward"
"AR","warm springs","Warm Springs"
"AR","warren","Warren"
"AR","washington","Washington"
"AR","watson","Watson"
"AR","wayton","Wayton"
"AR","weiner","Weiner"
"AR","weldon","Weldon"
"AR","wesley","Wesley"
"AR","west crossett","West Crossett"
"AR","west fork","West Fork"
"AR","west memphis","West Memphis"
"AR","west point","West Point"
"AR","western grove","Western Grove"
"AR","wheatley","Wheatley"
"AR","whelen springs","Whelen Springs"
"AR","white hall","White Hall"
"AR","wickes","Wickes"
"AR","widener","Widener"
"AR","wiederkehr village","Wiederkehr Village"
"AR","wilburn","Wilburn"
"AR","williford","Williford"
"AR","willisville","Willisville"
"AR","wilmar","Wilmar"
"AR","wilmot","Wilmot"
"AR","wilson","Wilson"
"AR","wilton","Wilton"
"AR","winchester","Winchester"
"AR","winslow","Winslow"
"AR","winthrop","Winthrop"
"AR","witts springs","Witts Springs"
"AR","woodlawn","Woodlawn"
"AR","woodson","Woodson"
"AR","wooster","Wooster"
"AR","wrightsville","Wrightsville"
"AR","wynne","Wynne"
"AR","yarborough landing","Yarborough Landing"
"AR","yellville","Yellville"
"AR","zinc","Zinc"
"AZ","aguila","Aguila"
"AZ","ajo","Ajo"
"AZ","ak chin","Ak Chin"
"AZ","ak-chin village","Ak-Chin Village"
"AZ","alamo lake","Alamo Lake"
"AZ","ali chuk","Ali Chuk"
"AZ","ali chukson","Ali Chukson"
"AZ","ali molina","Ali Molina"
"AZ","alpine","Alpine"
"AZ","amado","Amado"
"AZ","anegam","Anegam"
"AZ","antares","Antares"
"AZ","anthem","Anthem"
"AZ","apache junction","Apache Junction"
"AZ","arivaca","Arivaca"
"AZ","arivaca junction","Arivaca Junction"
"AZ","arizona city","Arizona City"
"AZ","arizona village","Arizona Village"
"AZ","arlington","Arlington"
"AZ","ash fork","Ash Fork"
"AZ","avenue b and c","Avenue B and C"
"AZ","avondale","Avondale"
"AZ","avra valley","Avra Valley"
"AZ","aztec","Aztec"
"AZ","bagdad","Bagdad"
"AZ","bear flat","Bear Flat"
"AZ","beaver dam","Beaver Dam"
"AZ","beaver valley","Beaver Valley"
"AZ","bellemont","Bellemont"
"AZ","benson","Benson"
"AZ","beyerville","Beyerville"
"AZ","bisbee","Bisbee"
"AZ","bitter springs","Bitter Springs"
"AZ","black canyon city","Black Canyon City"
"AZ","blackwater","Blackwater"
"AZ","blue ridge","Blue Ridge"
"AZ","bluewater","Bluewater"
"AZ","bouse","Bouse"
"AZ","bowie","Bowie"
"AZ","brenda","Brenda"
"AZ","bryce","Bryce"
"AZ","buckeye","Buckeye"
"AZ","buckshot","Buckshot"
"AZ","bullhead city","Bullhead City"
"AZ","burnside","Burnside"
"AZ","bylas","Bylas"
"AZ","cactus flats","Cactus Flats"
"AZ","cactus forest","Cactus Forest"
"AZ","cameron","Cameron"
"AZ","camp verde","Camp Verde"
"AZ","campo bonito","Campo Bonito"
"AZ","cane beds","Cane Beds"
"AZ","canyon day","Canyon Day"
"AZ","carefree","Carefree"
"AZ","carrizo","Carrizo"
"AZ","casa blanca","Casa Blanca"
"AZ","casa grande","Casa Grande"
"AZ","casas adobes","Casas Adobes"
"AZ","catalina","Catalina"
"AZ","catalina foothills","Catalina Foothills"
"AZ","cave creek","Cave Creek"
"AZ","cedar creek","Cedar Creek"
"AZ","centennial park","Centennial Park"
"AZ","central","Central"
"AZ","central heights-midland city","Central Heights-Midland City"
"AZ","chandler","Chandler"
"AZ","charco","Charco"
"AZ","chiawuli tak","Chiawuli Tak"
"AZ","chilchinbito","Chilchinbito"
"AZ","chinle","Chinle"
"AZ","chino valley","Chino Valley"
"AZ","chloride","Chloride"
"AZ","christopher creek","Christopher Creek"
"AZ","chuichu","Chuichu"
"AZ","cibecue","Cibecue"
"AZ","cibola","Cibola"
"AZ","cienega springs","Cienega Springs"
"AZ","circle city","Circle City"
"AZ","citrus park","Citrus Park"
"AZ","clacks canyon","Clacks Canyon"
"AZ","clarkdale","Clarkdale"
"AZ","clay springs","Clay Springs"
"AZ","claypool","Claypool"
"AZ","clifton","Clifton"
"AZ","colorado city","Colorado City"
"AZ","comobabi","Comobabi"
"AZ","concho","Concho"
"AZ","congress","Congress"
"AZ","coolidge","Coolidge"
"AZ","copper hill","Copper Hill"
"AZ","cordes lakes","Cordes Lakes"
"AZ","cornfields","Cornfields"
"AZ","cornville","Cornville"
"AZ","corona de tucson","Corona de Tucson"
"AZ","cottonwood","Cottonwood"
"AZ","cowlic","Cowlic"
"AZ","crozier","Crozier"
"AZ","crystal beach","Crystal Beach"
"AZ","cutter","Cutter"
"AZ","dateland","Dateland"
"AZ","deer creek","Deer Creek"
"AZ","del muerto","Del Muerto"
"AZ","dennehotso","Dennehotso"
"AZ","desert hills","Desert Hills"
"AZ","dewey-humboldt","Dewey-Humboldt"
"AZ","dilkon","Dilkon"
"AZ","dolan springs","Dolan Springs"
"AZ","doney park","Doney Park"
"AZ","donovan estates","Donovan Estates"
"AZ","douglas","Douglas"
"AZ","dragoon","Dragoon"
"AZ","drexel heights","Drexel Heights"
"AZ","dripping springs","Dripping Springs"
"AZ","drysdale","Drysdale"
"AZ","dudleyville","Dudleyville"
"AZ","duncan","Duncan"
"AZ","eagar","Eagar"
"AZ","east fork","East Fork"
"AZ","east globe","East Globe"
"AZ","east verde estates","East Verde Estates"
"AZ","ehrenberg","Ehrenberg"
"AZ","el capitan","El Capitan"
"AZ","el mirage","El Mirage"
"AZ","el prado estates","El Prado Estates"
"AZ","elephant head","Elephant Head"
"AZ","elfrida","Elfrida"
"AZ","elgin","Elgin"
"AZ","eloy","Eloy"
"AZ","first mesa","First Mesa"
"AZ","flagstaff","Flagstaff"
"AZ","florence","Florence"
"AZ","flowing springs","Flowing Springs"
"AZ","flowing wells","Flowing Wells"
"AZ","forest lakes","Forest Lakes"
"AZ","fort apache","Fort Apache"
"AZ","fort defiance","Fort Defiance"
"AZ","fort mohave","Fort Mohave"
"AZ","fort thomas","Fort Thomas"
"AZ","fort valley","Fort Valley"
"AZ","fortuna foothills","Fortuna Foothills"
"AZ","fountain hills","Fountain Hills"
"AZ","franklin","Franklin"
"AZ","fredonia","Fredonia"
"AZ","freedom acres","Freedom Acres"
"AZ","gadsden","Gadsden"
"AZ","ganado","Ganado"
"AZ","geronimo estates","Geronimo Estates"
"AZ","gila bend","Gila Bend"
"AZ","gila crossing","Gila Crossing"
"AZ","gilbert","Gilbert"
"AZ","gisela","Gisela"
"AZ","glendale","Glendale"
"AZ","globe","Globe"
"AZ","gold canyon","Gold Canyon"
"AZ","golden shores","Golden Shores"
"AZ","golden valley","Golden Valley"
"AZ","goodyear","Goodyear"
"AZ","goodyear village","Goodyear Village"
"AZ","grand canyon village","Grand Canyon Village"
"AZ","grand canyon west","Grand Canyon West"
"AZ","greasewood","Greasewood"
"AZ","green valley","Green Valley"
"AZ","greenehaven","Greenehaven"
"AZ","greer","Greer"
"AZ","gu oidak","Gu Oidak"
"AZ","guadalupe","Guadalupe"
"AZ","hackberry","Hackberry"
"AZ","haigler creek","Haigler Creek"
"AZ","haivana nakya","Haivana Nakya"
"AZ","hard rock","Hard Rock"
"AZ","hayden","Hayden"
"AZ","heber-overgaard","Heber-Overgaard"
"AZ","holbrook","Holbrook"
"AZ","hondah","Hondah"
"AZ","hotevilla-bacavi","Hotevilla-Bacavi"
"AZ","houck","Houck"
"AZ","huachuca city","Huachuca City"
"AZ","hunter creek","Hunter Creek"
"AZ","icehouse canyon","Icehouse Canyon"
"AZ","indian wells","Indian Wells"
"AZ","jakes corner","Jakes Corner"
"AZ","jeddito","Jeddito"
"AZ","jerome","Jerome"
"AZ","joseph city","Joseph City"
"AZ","j-six ranchettes","J-Six Ranchettes"
"AZ","kachina village","Kachina Village"
"AZ","kaibab","Kaibab"
"AZ","kaibab estates west","Kaibab Estates West"
"AZ","kaibito","Kaibito"
"AZ","kaka","Kaka"
"AZ","katherine","Katherine"
"AZ","kayenta","Kayenta"
"AZ","keams canyon","Keams Canyon"
"AZ","kearny","Kearny"
"AZ","kingman","Kingman"
"AZ","kino springs","Kino Springs"
"AZ","klagetoh","Klagetoh"
"AZ","kleindale","Kleindale"
"AZ","ko vaya","Ko Vaya"
"AZ","kohatk","Kohatk"
"AZ","kohls ranch","Kohls Ranch"
"AZ","komatke","Komatke"
"AZ","kykotsmovi village","Kykotsmovi Village"
"AZ","la paz valley","La Paz Valley"
"AZ","lake havasu city","Lake Havasu City"
"AZ","lake montezuma","Lake Montezuma"
"AZ","lake of the woods","Lake of the Woods"
"AZ","lazy y u","Lazy Y U"
"AZ","lechee","LeChee"
"AZ","leupp","Leupp"
"AZ","linden","Linden"
"AZ","litchfield park","Litchfield Park"
"AZ","littlefield","Littlefield"
"AZ","low mountain","Low Mountain"
"AZ","lower santan village","Lower Santan Village"
"AZ","lukachukai","Lukachukai"
"AZ","lupton","Lupton"
"AZ","maish vaya","Maish Vaya"
"AZ","mammoth","Mammoth"
"AZ","many farms","Many Farms"
"AZ","marana","Marana"
"AZ","maricopa","Maricopa"
"AZ","maricopa colony","Maricopa Colony"
"AZ","martinez lake","Martinez Lake"
"AZ","mayer","Mayer"
"AZ","mcconnico","McConnico"
"AZ","mcnary","McNary"
"AZ","mcneal","McNeal"
"AZ","mead ranch","Mead Ranch"
"AZ","meadview","Meadview"
"AZ","mesa","Mesa"
"AZ","mesa del caballo","Mesa del Caballo"
"AZ","mescal","Mescal"
"AZ","mesquite creek","Mesquite Creek"
"AZ","miami","Miami"
"AZ","miracle valley","Miracle Valley"
"AZ","moccasin","Moccasin"
"AZ","moenkopi","Moenkopi"
"AZ","mohave valley","Mohave Valley"
"AZ","mojave ranch estates","Mojave Ranch Estates"
"AZ","morenci","Morenci"
"AZ","mormon lake","Mormon Lake"
"AZ","morristown","Morristown"
"AZ","mountain view ranches","Mountain View Ranches"
"AZ","mountainaire","Mountainaire"
"AZ","munds park","Munds Park"
"AZ","naco","Naco"
"AZ","nazlini","Nazlini"
"AZ","nelson","Nelson"
"AZ","new kingman-butler","New Kingman-Butler"
"AZ","new river","New River"
"AZ","nogales","Nogales"
"AZ","nolic","Nolic"
"AZ","north fork","North Fork"
"AZ","nutrioso","Nutrioso"
"AZ","oak creek canyon","Oak Creek Canyon"
"AZ","oak springs","Oak Springs"
"AZ","oatman","Oatman"
"AZ","oljato-monument valley","Oljato-Monument Valley"
"AZ","oracle","Oracle"
"AZ","orange grove mobile manor","Orange Grove Mobile Manor"
"AZ","oro valley","Oro Valley"
"AZ","oxbow estates","Oxbow Estates"
"AZ","padre ranchitos","Padre Ranchitos"
"AZ","page","Page"
"AZ","palominas","Palominas"
"AZ","paradise valley","Paradise Valley"
"AZ","parker","Parker"
"AZ","parker strip","Parker Strip"
"AZ","parks","Parks"
"AZ","patagonia","Patagonia"
"AZ","paulden","Paulden"
"AZ","payson","Payson"
"AZ","peach springs","Peach Springs"
"AZ","peeples valley","Peeples Valley"
"AZ","peoria","Peoria"
"AZ","peridot","Peridot"
"AZ","phoenix","Phoenix"
"AZ","picacho","Picacho"
"AZ","picture rocks","Picture Rocks"
"AZ","pima","Pima"
"AZ","pinal","Pinal"
"AZ","pine","Pine"
"AZ","pine lake","Pine Lake"
"AZ","pinedale","Pinedale"
"AZ","pinetop country club","Pinetop Country Club"
"AZ","pinetop-lakeside","Pinetop-Lakeside"
"AZ","pinion pines","Pinion Pines"
"AZ","pinon","Pinon"
"AZ","pirtleville","Pirtleville"
"AZ","pisinemo","Pisinemo"
"AZ","poston","Poston"
"AZ","prescott","Prescott"
"AZ","prescott valley","Prescott Valley"
"AZ","quartzsite","Quartzsite"
"AZ","queen creek","Queen Creek"
"AZ","queen valley","Queen Valley"
"AZ","rainbow city","Rainbow City"
"AZ","rancho mesa verde","Rancho Mesa Verde"
"AZ","red lake","Red Lake"
"AZ","red mesa","Red Mesa"
"AZ","red rock","Red Rock"
"AZ","rillito","Rillito"
"AZ","rincon valley","Rincon Valley"
"AZ","rio rico","Rio Rico"
"AZ","rio verde","Rio Verde"
"AZ","rock house","Rock House"
"AZ","rock point","Rock Point"
"AZ","roosevelt","Roosevelt"
"AZ","roosevelt estates","Roosevelt Estates"
"AZ","rough rock","Rough Rock"
"AZ","round rock","Round Rock"
"AZ","round valley","Round Valley"
"AZ","rye","Rye"
"AZ","sacate village","Sacate Village"
"AZ","sacaton","Sacaton"
"AZ","sacaton flats village","Sacaton Flats Village"
"AZ","saddlebrooke","Saddlebrooke"
"AZ","safford","Safford"
"AZ","sahuarita","Sahuarita"
"AZ","salome","Salome"
"AZ","san carlos","San Carlos"
"AZ","san jose","San Jose"
"AZ","san luis","San Luis"
"AZ","san manuel","San Manuel"
"AZ","san miguel","San Miguel"
"AZ","san simon","San Simon"
"AZ","san tan valley","San Tan Valley"
"AZ","sanders","Sanders"
"AZ","santa cruz","Santa Cruz"
"AZ","santa rosa","Santa Rosa"
"AZ","sawmill","Sawmill"
"AZ","scenic","Scenic"
"AZ","scottsdale","Scottsdale"
"AZ","seba dalkai","Seba Dalkai"
"AZ","second mesa","Second Mesa"
"AZ","sedona","Sedona"
"AZ","sehili","Sehili"
"AZ","seligman","Seligman"
"AZ","sells","Sells"
"AZ","seven mile","Seven Mile"
"AZ","shongopovi","Shongopovi"
"AZ","shonto","Shonto"
"AZ","show low","Show Low"
"AZ","shumway","Shumway"
"AZ","sierra vista","Sierra Vista"
"AZ","sierra vista southeast","Sierra Vista Southeast"
"AZ","six shooter canyon","Six Shooter Canyon"
"AZ","snowflake","Snowflake"
"AZ","so-hi","So-Hi"
"AZ","solomon","Solomon"
"AZ","somerton","Somerton"
"AZ","sonoita","Sonoita"
"AZ","south komelik","South Komelik"
"AZ","south tucson","South Tucson"
"AZ","spring valley","Spring Valley"
"AZ","springerville","Springerville"
"AZ","st. david","St. David"
"AZ","st. johns","St. Johns"
"AZ","st. michaels","St. Michaels"
"AZ","stanfield","Stanfield"
"AZ","star valley","Star Valley"
"AZ","steamboat","Steamboat"
"AZ","stotonic village","Stotonic Village"
"AZ","strawberry","Strawberry"
"AZ","summerhaven","Summerhaven"
"AZ","summit","Summit"
"AZ","sun city","Sun City"
"AZ","sun city west","Sun City West"
"AZ","sun lakes","Sun Lakes"
"AZ","sun valley","Sun Valley"
"AZ","sunizona","Sunizona"
"AZ","sunsites","Sunsites"
"AZ","sunwest","Sunwest"
"AZ","supai","Supai"
"AZ","superior","Superior"
"AZ","surprise","Surprise"
"AZ","sweet water village","Sweet Water Village"
"AZ","swift trail junction","Swift Trail Junction"
"AZ","tacna","Tacna"
"AZ","tanque verde","Tanque Verde"
"AZ","tat momoli","Tat Momoli"
"AZ","taylor","Taylor"
"AZ","teec nos pos","Teec Nos Pos"
"AZ","tees toh","Tees Toh"
"AZ","tempe","Tempe"
"AZ","thatcher","Thatcher"
"AZ","theba","Theba"
"AZ","three points","Three Points"
"AZ","timberline-fernwood","Timberline-Fernwood"
"AZ","tolani lake","Tolani Lake"
"AZ","tolleson","Tolleson"
"AZ","tombstone","Tombstone"
"AZ","tonalea","Tonalea"
"AZ","tonopah","Tonopah"
"AZ","tonto basin","Tonto Basin"
"AZ","tonto village","Tonto Village"
"AZ","topawa","Topawa"
"AZ","topock","Topock"
"AZ","top-of-the-world","Top-of-the-World"
"AZ","toyei","Toyei"
"AZ","truxton","Truxton"
"AZ","tsaile","Tsaile"
"AZ","tuba city","Tuba City"
"AZ","tubac","Tubac"
"AZ","tucson","Tucson"
"AZ","tucson estates","Tucson Estates"
"AZ","tucson mountains","Tucson Mountains"
"AZ","tumacacori-carmen","Tumacacori-Carmen"
"AZ","turkey creek","Turkey Creek"
"AZ","tusayan","Tusayan"
"AZ","upper santan village","Upper Santan Village"
"AZ","utting","Utting"
"AZ","vail","Vail"
"AZ","vaiva vo","Vaiva Vo"
"AZ","valencia west","Valencia West"
"AZ","valentine","Valentine"
"AZ","valle","Valle"
"AZ","valle vista","Valle Vista"
"AZ","ventana","Ventana"
"AZ","verde village","Verde Village"
"AZ","vernon","Vernon"
"AZ","vicksburg","Vicksburg"
"AZ","village of oak creek (big park)","Village of Oak Creek (Big Park)"
"AZ","wagon wheel","Wagon Wheel"
"AZ","wahak hotrontk","Wahak Hotrontk"
"AZ","wall lane","Wall Lane"
"AZ","walnut creek","Walnut Creek"
"AZ","washington park","Washington Park"
"AZ","wellton","Wellton"
"AZ","wellton hills","Wellton Hills"
"AZ","wenden","Wenden"
"AZ","wet camp village","Wet Camp Village"
"AZ","wheatfields","Wheatfields"
"AZ","whetstone","Whetstone"
"AZ","whispering pines","Whispering Pines"
"AZ","white hills","White Hills"
"AZ","white mountain lake","White Mountain Lake"
"AZ","whitecone","Whitecone"
"AZ","whiteriver","Whiteriver"
"AZ","why","Why"
"AZ","wickenburg","Wickenburg"
"AZ","wide ruins","Wide Ruins"
"AZ","wikieup","Wikieup"
"AZ","wilhoit","Wilhoit"
"AZ","willcox","Willcox"
"AZ","williams","Williams"
"AZ","williamson","Williamson"
"AZ","willow canyon","Willow Canyon"
"AZ","willow valley","Willow Valley"
"AZ","window rock","Window Rock"
"AZ","winkelman","Winkelman"
"AZ","winslow","Winslow"
"AZ","winslow west","Winslow West"
"AZ","wintersburg","Wintersburg"
"AZ","wittmann","Wittmann"
"AZ","woodruff","Woodruff"
"AZ","yarnell","Yarnell"
"AZ","york","York"
"AZ","young","Young"
"AZ","youngtown","Youngtown"
"AZ","yucca","Yucca"
"AZ","yuma","Yuma"
"AZ","yuma proving ground","Yuma Proving Ground"
"CA","acalanes ridge","Acalanes Ridge"
"CA","acampo","Acampo"
"CA","acton","Acton"
"CA","adelanto","Adelanto"
"CA","adin","Adin"
"CA","agoura hills","Agoura Hills"
"CA","agua dulce","Agua Dulce"
"CA","aguanga","Aguanga"
"CA","ahwahnee","Ahwahnee"
"CA","airport","Airport"
"CA","alameda","Alameda"
"CA","alamo","Alamo"
"CA","albany","Albany"
"CA","albion","Albion"
"CA","alderpoint","Alderpoint"
"CA","alhambra","Alhambra"
"CA","alhambra valley","Alhambra Valley"
"CA","aliso viejo","Aliso Viejo"
"CA","alleghany","Alleghany"
"CA","allendale","Allendale"
"CA","allensworth","Allensworth"
"CA","almanor","Almanor"
"CA","alondra park","Alondra Park"
"CA","alpaugh","Alpaugh"
"CA","alpine","Alpine"
"CA","alpine village","Alpine Village"
"CA","alta","Alta"
"CA","alta sierra","Alta Sierra"
"CA","altadena","Altadena"
"CA","alto","Alto"
"CA","alturas","Alturas"
"CA","alum rock","Alum Rock"
"CA","amador city","Amador City"
"CA","amador pines","Amador Pines"
"CA","american canyon","American Canyon"
"CA","amesti","Amesti"
"CA","anaheim","Anaheim"
"CA","anchor bay","Anchor Bay"
"CA","anderson","Anderson"
"CA","angels","Angels"
"CA","angwin","Angwin"
"CA","antelope","Antelope"
"CA","antioch","Antioch"
"CA","anza","Anza"
"CA","apple valley","Apple Valley"
"CA","aptos","Aptos"
"CA","aptos hills-larkin valley","Aptos Hills-Larkin Valley"
"CA","arbuckle","Arbuckle"
"CA","arcadia","Arcadia"
"CA","arcata","Arcata"
"CA","arden-arcade","Arden-Arcade"
"CA","armona","Armona"
"CA","arnold","Arnold"
"CA","aromas","Aromas"
"CA","arroyo grande","Arroyo Grande"
"CA","artesia","Artesia"
"CA","artois","Artois"
"CA","arvin","Arvin"
"CA","ashland","Ashland"
"CA","aspen springs","Aspen Springs"
"CA","atascadero","Atascadero"
"CA","atherton","Atherton"
"CA","atwater","Atwater"
"CA","auberry","Auberry"
"CA","auburn","Auburn"
"CA","auburn lake trails","Auburn Lake Trails"
"CA","august","August"
"CA","avalon","Avalon"
"CA","avenal","Avenal"
"CA","avery","Avery"
"CA","avila beach","Avila Beach"
"CA","avocado heights","Avocado Heights"
"CA","azusa","Azusa"
"CA","baker","Baker"
"CA","bakersfield","Bakersfield"
"CA","bakersfield country club","Bakersfield Country Club"
"CA","baldwin park","Baldwin Park"
"CA","ballard","Ballard"
"CA","ballico","Ballico"
"CA","bangor","Bangor"
"CA","banning","Banning"
"CA","barstow","Barstow"
"CA","bass lake","Bass Lake"
"CA","bay point","Bay Point"
"CA","bayview","Bayview"
"CA","baywood park","Baywood Park"
"CA","beale afb","Beale AFB"
"CA","bear creek","Bear Creek"
"CA","bear valley","Bear Valley"
"CA","bear valley springs","Bear Valley Springs"
"CA","beaumont","Beaumont"
"CA","beckwourth","Beckwourth"
"CA","belden","Belden"
"CA","bell","Bell"
"CA","bell canyon","Bell Canyon"
"CA","bell gardens","Bell Gardens"
"CA","bella vista","Bella Vista"
"CA","bellflower","Bellflower"
"CA","belmont","Belmont"
"CA","belvedere","Belvedere"
"CA","ben lomond","Ben Lomond"
"CA","benbow","Benbow"
"CA","bend","Bend"
"CA","benicia","Benicia"
"CA","benton","Benton"
"CA","benton park","Benton Park"
"CA","berkeley","Berkeley"
"CA","bermuda dunes","Bermuda Dunes"
"CA","berry creek","Berry Creek"
"CA","bertsch-oceanview","Bertsch-Oceanview"
"CA","bethel island","Bethel Island"
"CA","beverly hills","Beverly Hills"
"CA","bieber","Bieber"
"CA","big bear city","Big Bear City"
"CA","big bear lake","Big Bear Lake"
"CA","big bend","Big Bend"
"CA","big creek","Big Creek"
"CA","big lagoon","Big Lagoon"
"CA","big pine","Big Pine"
"CA","big river","Big River"
"CA","biggs","Biggs"
"CA","biola","Biola"
"CA","bishop","Bishop"
"CA","black point-green point","Black Point-Green Point"
"CA","blackhawk","Blackhawk"
"CA","blacklake","Blacklake"
"CA","blairsden","Blairsden"
"CA","bloomfield","Bloomfield"
"CA","bloomington","Bloomington"
"CA","blue lake","Blue Lake"
"CA","bluewater","Bluewater"
"CA","blythe","Blythe"
"CA","bodega","Bodega"
"CA","bodega bay","Bodega Bay"
"CA","bodfish","Bodfish"
"CA","bolinas","Bolinas"
"CA","bombay beach","Bombay Beach"
"CA","bonadelle ranchos","Bonadelle Ranchos"
"CA","bonita","Bonita"
"CA","bonny doon","Bonny Doon"
"CA","bonsall","Bonsall"
"CA","boonville","Boonville"
"CA","bootjack","Bootjack"
"CA","boron","Boron"
"CA","boronda","Boronda"
"CA","borrego springs","Borrego Springs"
"CA","bostonia","Bostonia"
"CA","boulder creek","Boulder Creek"
"CA","boulevard","Boulevard"
"CA","bowles","Bowles"
"CA","boyes hot springs","Boyes Hot Springs"
"CA","bradbury","Bradbury"
"CA","bradley","Bradley"
"CA","brawley","Brawley"
"CA","brea","Brea"
"CA","brentwood","Brentwood"
"CA","bret harte","Bret Harte"
"CA","bridgeport","Bridgeport"
"CA","brisbane","Brisbane"
"CA","broadmoor","Broadmoor"
"CA","brookdale","Brookdale"
"CA","brooks","Brooks"
"CA","brooktrails","Brooktrails"
"CA","buck meadows","Buck Meadows"
"CA","buckhorn","Buckhorn"
"CA","bucks lake","Bucks Lake"
"CA","buellton","Buellton"
"CA","buena park","Buena Park"
"CA","buena vista","Buena Vista"
"CA","burbank","Burbank"
"CA","burlingame","Burlingame"
"CA","burney","Burney"
"CA","burnt ranch","Burnt Ranch"
"CA","butte creek canyon","Butte Creek Canyon"
"CA","butte meadows","Butte Meadows"
"CA","butte valley","Butte Valley"
"CA","buttonwillow","Buttonwillow"
"CA","byron","Byron"
"CA","bystrom","Bystrom"
"CA","cabazon","Cabazon"
"CA","calabasas","Calabasas"
"CA","calexico","Calexico"
"CA","california city","California City"
"CA","california hot springs","California Hot Springs"
"CA","california pines","California Pines"
"CA","california polytechnic state university","California Polytechnic State University"
"CA","calimesa","Calimesa"
"CA","calipatria","Calipatria"
"CA","calistoga","Calistoga"
"CA","callender","Callender"
"CA","calpella","Calpella"
"CA","calpine","Calpine"
"CA","calwa","Calwa"
"CA","camanche north shore","Camanche North Shore"
"CA","camanche village","Camanche Village"
"CA","camarillo","Camarillo"
"CA","cambria","Cambria"
"CA","cambrian park","Cambrian Park"
"CA","cameron park","Cameron Park"
"CA","camino","Camino"
"CA","camino tassajara","Camino Tassajara"
"CA","camp nelson","Camp Nelson"
"CA","camp pendleton mainside","Camp Pendleton Mainside"
"CA","camp pendleton south","Camp Pendleton South"
"CA","campbell","Campbell"
"CA","campo","Campo"
"CA","campo seco","Campo Seco"
"CA","camptonville","Camptonville"
"CA","canby","Canby"
"CA","cantua creek","Cantua Creek"
"CA","canyon lake","Canyon Lake"
"CA","canyondam","Canyondam"
"CA","capitola","Capitola"
"CA","caribou","Caribou"
"CA","carlsbad","Carlsbad"
"CA","carmel valley village","Carmel Valley Village"
"CA","carmel-by-the-sea","Carmel-by-the-Sea"
"CA","carmet","Carmet"
"CA","carmichael","Carmichael"
"CA","carnelian bay","Carnelian Bay"
"CA","carpinteria","Carpinteria"
"CA","carrick","Carrick"
"CA","carson","Carson"
"CA","cartago","Cartago"
"CA","caruthers","Caruthers"
"CA","casa conejo","Casa Conejo"
"CA","casa de oro-mount helix","Casa de Oro-Mount Helix"
"CA","casa loma","Casa Loma"
"CA","casmalia","Casmalia"
"CA","caspar","Caspar"
"CA","cassel","Cassel"
"CA","castaic","Castaic"
"CA","castella","Castella"
"CA","castle hill","Castle Hill"
"CA","castro valley","Castro Valley"
"CA","castroville","Castroville"
"CA","cathedral city","Cathedral City"
"CA","catheys valley","Catheys Valley"
"CA","cayucos","Cayucos"
"CA","cazadero","Cazadero"
"CA","cedar flat","Cedar Flat"
"CA","cedar ridge","Cedar Ridge"
"CA","cedar slope","Cedar Slope"
"CA","cedarville","Cedarville"
"CA","centerville","Centerville"
"CA","ceres","Ceres"
"CA","cerritos","Cerritos"
"CA","chalfant","Chalfant"
"CA","challenge-brownsville","Challenge-Brownsville"
"CA","channel islands beach","Channel Islands Beach"
"CA","charleston view","Charleston View"
"CA","charter oak","Charter Oak"
"CA","cherokee","Cherokee"
"CA","cherokee strip","Cherokee Strip"
"CA","cherry valley","Cherry Valley"
"CA","cherryland","Cherryland"
"CA","chester","Chester"
"CA","chico","Chico"
"CA","chilcoot-vinton","Chilcoot-Vinton"
"CA","china lake acres","China Lake Acres"
"CA","chinese camp","Chinese Camp"
"CA","chino","Chino"
"CA","chino hills","Chino Hills"
"CA","choctaw valley","Choctaw Valley"
"CA","chowchilla","Chowchilla"
"CA","chualar","Chualar"
"CA","chula vista","Chula Vista"
"CA","citrus","Citrus"
"CA","citrus heights","Citrus Heights"
"CA","claremont","Claremont"
"CA","clarksburg","Clarksburg"
"CA","clay","Clay"
"CA","clayton","Clayton"
"CA","clear creek","Clear Creek"
"CA","clearlake","Clearlake"
"CA","clearlake oaks","Clearlake Oaks"
"CA","clearlake riviera","Clearlake Riviera"
"CA","cleone","Cleone"
"CA","clio","Clio"
"CA","clipper mills","Clipper Mills"
"CA","cloverdale","Cloverdale"
"CA","clovis","Clovis"
"CA","clyde","Clyde"
"CA","coachella","Coachella"
"CA","coalinga","Coalinga"
"CA","coarsegold","Coarsegold"
"CA","cobb","Cobb"
"CA","coffee creek","Coffee Creek"
"CA","cohasset","Cohasset"
"CA","cold springs","Cold Springs"
"CA","coleville","Coleville"
"CA","colfax","Colfax"
"CA","college city","College City"
"CA","collierville","Collierville"
"CA","colma","Colma"
"CA","coloma","Coloma"
"CA","colton","Colton"
"CA","columbia","Columbia"
"CA","colusa","Colusa"
"CA","commerce","Commerce"
"CA","comptche","Comptche"
"CA","compton","Compton"
"CA","concord","Concord"
"CA","concow","Concow"
"CA","contra costa centre","Contra Costa Centre"
"CA","copperopolis","Copperopolis"
"CA","corcoran","Corcoran"
"CA","corning","Corning"
"CA","corona","Corona"
"CA","coronado","Coronado"
"CA","coronita","Coronita"
"CA","corralitos","Corralitos"
"CA","corte madera","Corte Madera"
"CA","costa mesa","Costa Mesa"
"CA","cotati","Cotati"
"CA","coto de caza","Coto de Caza"
"CA","cottonwood","Cottonwood"
"CA","coulterville","Coulterville"
"CA","country club","Country Club"
"CA","courtland","Courtland"
"CA","covelo","Covelo"
"CA","covina","Covina"
"CA","cowan","Cowan"
"CA","crescent city","Crescent City"
"CA","crescent mills","Crescent Mills"
"CA","cressey","Cressey"
"CA","crest","Crest"
"CA","crestline","Crestline"
"CA","creston","Creston"
"CA","c-road","C-Road"
"CA","crockett","Crockett"
"CA","cromberg","Cromberg"
"CA","crowley lake","Crowley Lake"
"CA","crows landing","Crows Landing"
"CA","cudahy","Cudahy"
"CA","culver city","Culver City"
"CA","cupertino","Cupertino"
"CA","cutler","Cutler"
"CA","cutten","Cutten"
"CA","cuyama","Cuyama"
"CA","cypress","Cypress"
"CA","dales","Dales"
"CA","daly city","Daly City"
"CA","dana point","Dana Point"
"CA","danville","Danville"
"CA","daphnedale park","Daphnedale Park"
"CA","darwin","Darwin"
"CA","davenport","Davenport"
"CA","davis","Davis"
"CA","day valley","Day Valley"
"CA","deer park","Deer Park"
"CA","del aire","Del Aire"
"CA","del dios","Del Dios"
"CA","del mar","Del Mar"
"CA","del monte forest","Del Monte Forest"
"CA","del rey","Del Rey"
"CA","del rey oaks","Del Rey Oaks"
"CA","del rio","Del Rio"
"CA","delano","Delano"
"CA","delft colony","Delft Colony"
"CA","delhi","Delhi"
"CA","delleker","Delleker"
"CA","denair","Denair"
"CA","derby acres","Derby Acres"
"CA","descanso","Descanso"
"CA","desert center","Desert Center"
"CA","desert edge","Desert Edge"
"CA","desert hot springs","Desert Hot Springs"
"CA","desert palms","Desert Palms"
"CA","desert shores","Desert Shores"
"CA","desert view highlands","Desert View Highlands"
"CA","di giorgio","Di Giorgio"
"CA","diablo","Diablo"
"CA","diablo grande","Diablo Grande"
"CA","diamond bar","Diamond Bar"
"CA","diamond springs","Diamond Springs"
"CA","dillon beach","Dillon Beach"
"CA","dinuba","Dinuba"
"CA","discovery bay","Discovery Bay"
"CA","dixon","Dixon"
"CA","dixon lane-meadowcreek","Dixon Lane-MeadowCreek"
"CA","dobbins","Dobbins"
"CA","dogtown","Dogtown"
"CA","dollar point","Dollar Point"
"CA","dorrington","Dorrington"
"CA","dorris","Dorris"
"CA","dos palos","Dos Palos"
"CA","dos palos y","Dos Palos Y"
"CA","douglas city","Douglas City"
"CA","douglas flat","Douglas Flat"
"CA","downey","Downey"
"CA","downieville","Downieville"
"CA","doyle","Doyle"
"CA","drytown","Drytown"
"CA","duarte","Duarte"
"CA","dublin","Dublin"
"CA","ducor","Ducor"
"CA","dunnigan","Dunnigan"
"CA","dunsmuir","Dunsmuir"
"CA","durham","Durham"
"CA","dustin acres","Dustin Acres"
"CA","dutch flat","Dutch Flat"
"CA","eagleville","Eagleville"
"CA","earlimart","Earlimart"
"CA","east bakersfield","East Bakersfield"
"CA","east foothills","East Foothills"
"CA","east hemet","East Hemet"
"CA","east los angeles","East Los Angeles"
"CA","east nicolaus","East Nicolaus"
"CA","east niles","East Niles"
"CA","east oakdale","East Oakdale"
"CA","east orosi","East Orosi"
"CA","east palo alto","East Palo Alto"
"CA","east pasadena","East Pasadena"
"CA","east porterville","East Porterville"
"CA","east quincy","East Quincy"
"CA","east rancho dominguez","East Rancho Dominguez"
"CA","east richmond heights","East Richmond Heights"
"CA","east san gabriel","East San Gabriel"
"CA","east shore","East Shore"
"CA","east sonora","East Sonora"
"CA","east tulare villa","East Tulare Villa"
"CA","east whittier","East Whittier"
"CA","eastern goleta valley","Eastern Goleta Valley"
"CA","easton","Easton"
"CA","eastvale","Eastvale"
"CA","edgewood","Edgewood"
"CA","edison","Edison"
"CA","edmundson acres","Edmundson Acres"
"CA","edna","Edna"
"CA","edwards afb","Edwards AFB"
"CA","el adobe","El Adobe"
"CA","el cajon","El Cajon"
"CA","el centro","El Centro"
"CA","el centro naval air facility","El Centro Naval Air Facility"
"CA","el cerrito","El Cerrito"
"CA","el dorado hills","El Dorado Hills"
"CA","el granada","El Granada"
"CA","el macero","El Macero"
"CA","el modena","El Modena"
"CA","el monte","El Monte"
"CA","el monte mobile village","El Monte Mobile Village"
"CA","el nido","El Nido"
"CA","el paso de robles (paso robles)","El Paso de Robles (Paso Robles)"
"CA","el portal","El Portal"
"CA","el rancho","El Rancho"
"CA","el rio","El Rio"
"CA","el segundo","El Segundo"
"CA","el sobrante","El Sobrante"
"CA","el verano","El Verano"
"CA","eldridge","Eldridge"
"CA","elfin forest","Elfin Forest"
"CA","elizabeth lake","Elizabeth Lake"
"CA","elk creek","Elk Creek"
"CA","elk grove","Elk Grove"
"CA","elkhorn","Elkhorn"
"CA","elmira","Elmira"
"CA","elverta","Elverta"
"CA","emerald lake hills","Emerald Lake Hills"
"CA","emeryville","Emeryville"
"CA","empire","Empire"
"CA","encinitas","Encinitas"
"CA","escalon","Escalon"
"CA","escondido","Escondido"
"CA","esparto","Esparto"
"CA","etna","Etna"
"CA","eucalyptus hills","Eucalyptus Hills"
"CA","eureka","Eureka"
"CA","exeter","Exeter"
"CA","fair oaks","Fair Oaks"
"CA","fairbanks ranch","Fairbanks Ranch"
"CA","fairfax","Fairfax"
"CA","fairfield","Fairfield"
"CA","fairhaven","Fairhaven"
"CA","fairmead","Fairmead"
"CA","fairview","Fairview"
"CA","fall river mills","Fall River Mills"
"CA","fallbrook","Fallbrook"
"CA","farmersville","Farmersville"
"CA","farmington","Farmington"
"CA","fellows","Fellows"
"CA","felton","Felton"
"CA","ferndale","Ferndale"
"CA","fetters hot springs-agua caliente","Fetters Hot Springs-Agua Caliente"
"CA","fiddletown","Fiddletown"
"CA","fieldbrook","Fieldbrook"
"CA","fields landing","Fields Landing"
"CA","fillmore","Fillmore"
"CA","firebaugh","Firebaugh"
"CA","fish camp","Fish Camp"
"CA","florence-graham","Florence-Graham"
"CA","florin","Florin"
"CA","floriston","Floriston"
"CA","flournoy","Flournoy"
"CA","folsom","Folsom"
"CA","fontana","Fontana"
"CA","foothill farms","Foothill Farms"
"CA","forbestown","Forbestown"
"CA","ford city","Ford City"
"CA","forest meadows","Forest Meadows"
"CA","forest ranch","Forest Ranch"
"CA","foresta","Foresta"
"CA","foresthill","Foresthill"
"CA","forestville","Forestville"
"CA","fort bidwell","Fort Bidwell"
"CA","fort bragg","Fort Bragg"
"CA","fort dick","Fort Dick"
"CA","fort hunter liggett","Fort Hunter Liggett"
"CA","fort irwin","Fort Irwin"
"CA","fort jones","Fort Jones"
"CA","fort washington","Fort Washington"
"CA","fortuna","Fortuna"
"CA","foster city","Foster City"
"CA","fountain valley","Fountain Valley"
"CA","fowler","Fowler"
"CA","franklin","Franklin"
"CA","frazier park","Frazier Park"
"CA","freedom","Freedom"
"CA","freeport","Freeport"
"CA","fremont","Fremont"
"CA","french camp","French Camp"
"CA","french gulch","French Gulch"
"CA","french valley","French Valley"
"CA","fresno","Fresno"
"CA","friant","Friant"
"CA","fruitdale","Fruitdale"
"CA","fruitridge pocket","Fruitridge Pocket"
"CA","fuller acres","Fuller Acres"
"CA","fullerton","Fullerton"
"CA","fulton","Fulton"
"CA","furnace creek","Furnace Creek"
"CA","galt","Galt"
"CA","garberville","Garberville"
"CA","garden acres","Garden Acres"
"CA","garden farms","Garden Farms"
"CA","garden grove","Garden Grove"
"CA","gardena","Gardena"
"CA","garey","Garey"
"CA","garnet","Garnet"
"CA","gasquet","Gasquet"
"CA","gazelle","Gazelle"
"CA","georgetown","Georgetown"
"CA","gerber","Gerber"
"CA","geyserville","Geyserville"
"CA","gilroy","Gilroy"
"CA","glen ellen","Glen Ellen"
"CA","glencoe","Glencoe"
"CA","glendale","Glendale"
"CA","glendora","Glendora"
"CA","glennville","Glennville"
"CA","gold mountain","Gold Mountain"
"CA","gold river","Gold River"
"CA","golden hills","Golden Hills"
"CA","goleta","Goleta"
"CA","gonzales","Gonzales"
"CA","good hope","Good Hope"
"CA","goodmanville","Goodmanville"
"CA","goodyears bar","Goodyears Bar"
"CA","goshen","Goshen"
"CA","graeagle","Graeagle"
"CA","grand terrace","Grand Terrace"
"CA","grangeville","Grangeville"
"CA","granite bay","Granite Bay"
"CA","granite hills","Granite Hills"
"CA","graniteville","Graniteville"
"CA","grass valley","Grass Valley"
"CA","graton","Graton"
"CA","grayson","Grayson"
"CA","greeley hill","Greeley Hill"
"CA","green acres","Green Acres"
"CA","green valley","Green Valley"
"CA","greenacres","Greenacres"
"CA","greenfield","Greenfield"
"CA","greenhorn","Greenhorn"
"CA","greenview","Greenview"
"CA","greenville","Greenville"
"CA","grenada","Grenada"
"CA","gridley","Gridley"
"CA","grimes","Grimes"
"CA","grizzly flats","Grizzly Flats"
"CA","groveland","Groveland"
"CA","grover beach","Grover Beach"
"CA","guadalupe","Guadalupe"
"CA","guerneville","Guerneville"
"CA","guinda","Guinda"
"CA","gustine","Gustine"
"CA","hacienda heights","Hacienda Heights"
"CA","half moon bay","Half Moon Bay"
"CA","hamilton branch","Hamilton Branch"
"CA","hamilton city","Hamilton City"
"CA","hanford","Hanford"
"CA","happy camp","Happy Camp"
"CA","happy valley","Happy Valley"
"CA","harbison canyon","Harbison Canyon"
"CA","hardwick","Hardwick"
"CA","harmony grove","Harmony Grove"
"CA","hartland","Hartland"
"CA","hartley","Hartley"
"CA","hasley canyon","Hasley Canyon"
"CA","hat creek","Hat Creek"
"CA","hathaway pines","Hathaway Pines"
"CA","hawaiian gardens","Hawaiian Gardens"
"CA","hawthorne","Hawthorne"
"CA","hayfork","Hayfork"
"CA","hayward","Hayward"
"CA","healdsburg","Healdsburg"
"CA","heber","Heber"
"CA","hemet","Hemet"
"CA","herald","Herald"
"CA","hercules","Hercules"
"CA","herlong","Herlong"
"CA","hermosa beach","Hermosa Beach"
"CA","hesperia","Hesperia"
"CA","hickman","Hickman"
"CA","hidden hills","Hidden Hills"
"CA","hidden meadows","Hidden Meadows"
"CA","hidden valley lake","Hidden Valley Lake"
"CA","highgrove","Highgrove"
"CA","highland","Highland"
"CA","highlands","Highlands"
"CA","hillcrest","Hillcrest"
"CA","hillsborough","Hillsborough"
"CA","hilmar-irwin","Hilmar-Irwin"
"CA","hiouchi","Hiouchi"
"CA","hollister","Hollister"
"CA","holtville","Holtville"
"CA","home garden","Home Garden"
"CA","home gardens","Home Gardens"
"CA","homeland","Homeland"
"CA","homestead valley","Homestead Valley"
"CA","homewood canyon","Homewood Canyon"
"CA","honcut","Honcut"
"CA","hood","Hood"
"CA","hoopa","Hoopa"
"CA","hopland","Hopland"
"CA","hornbrook","Hornbrook"
"CA","hornitos","Hornitos"
"CA","hughson","Hughson"
"CA","humboldt hill","Humboldt Hill"
"CA","huntington beach","Huntington Beach"
"CA","huntington park","Huntington Park"
"CA","huron","Huron"
"CA","hyampom","Hyampom"
"CA","hydesville","Hydesville"
"CA","hypericum","Hypericum"
"CA","idlewild","Idlewild"
"CA","idyllwild-pine cove","Idyllwild-Pine Cove"
"CA","igo","Igo"
"CA","imperial","Imperial"
"CA","imperial beach","Imperial Beach"
"CA","independence","Independence"
"CA","indian falls","Indian Falls"
"CA","indian wells","Indian Wells"
"CA","indianola","Indianola"
"CA","indio","Indio"
"CA","indio hills","Indio Hills"
"CA","industry","Industry"
"CA","inglewood","Inglewood"
"CA","interlaken","Interlaken"
"CA","inverness","Inverness"
"CA","inyokern","Inyokern"
"CA","ione","Ione"
"CA","iron horse","Iron Horse"
"CA","irvine","Irvine"
"CA","irwindale","Irwindale"
"CA","isla vista","Isla Vista"
"CA","isleton","Isleton"
"CA","ivanhoe","Ivanhoe"
"CA","jackson","Jackson"
"CA","jacumba","Jacumba"
"CA","jamestown","Jamestown"
"CA","jamul","Jamul"
"CA","janesville","Janesville"
"CA","jenner","Jenner"
"CA","johannesburg","Johannesburg"
"CA","johnson park","Johnson Park"
"CA","johnstonville","Johnstonville"
"CA","johnsville","Johnsville"
"CA","jones valley","Jones Valley"
"CA","joshua tree","Joshua Tree"
"CA","jovista","Jovista"
"CA","julian","Julian"
"CA","junction city","Junction City"
"CA","june lake","June Lake"
"CA","jurupa valley","Jurupa Valley"
"CA","keddie","Keddie"
"CA","keeler","Keeler"
"CA","keene","Keene"
"CA","kelly ridge","Kelly Ridge"
"CA","kelseyville","Kelseyville"
"CA","kennedy","Kennedy"
"CA","kennedy meadows","Kennedy Meadows"
"CA","kensington","Kensington"
"CA","kentfield","Kentfield"
"CA","kenwood","Kenwood"
"CA","kep'el","Kep'el"
"CA","kerman","Kerman"
"CA","kernville","Kernville"
"CA","keswick","Keswick"
"CA","kettleman city","Kettleman City"
"CA","keyes","Keyes"
"CA","king city","King City"
"CA","kings beach","Kings Beach"
"CA","kingsburg","Kingsburg"
"CA","kingvale","Kingvale"
"CA","kirkwood","Kirkwood"
"CA","klamath","Klamath"
"CA","knights ferry","Knights Ferry"
"CA","knights landing","Knights Landing"
"CA","knightsen","Knightsen"
"CA","la","Los Angeles"
"CA","la caã±ada flintridge","La CaÃ±ada Flintridge"
"CA","la crescenta-montrose","La Crescenta-Montrose"
"CA","la cresta","La Cresta"
"CA","la grange","La Grange"
"CA","la habra","La Habra"
"CA","la habra heights","La Habra Heights"
"CA","la honda","La Honda"
"CA","la mesa","La Mesa"
"CA","la mirada","La Mirada"
"CA","la palma","La Palma"
"CA","la porte","La Porte"
"CA","la presa","La Presa"
"CA","la puente","La Puente"
"CA","la quinta","La Quinta"
"CA","la riviera","La Riviera"
"CA","la selva beach","La Selva Beach"
"CA","la verne","La Verne"
"CA","la vina","La Vina"
"CA","ladera","Ladera"
"CA","ladera heights","Ladera Heights"
"CA","ladera ranch","Ladera Ranch"
"CA","lafayette","Lafayette"
"CA","laguna beach","Laguna Beach"
"CA","laguna hills","Laguna Hills"
"CA","laguna niguel","Laguna Niguel"
"CA","laguna woods","Laguna Woods"
"CA","lagunitas-forest knolls","Lagunitas-Forest Knolls"
"CA","lake almanor country club","Lake Almanor Country Club"
"CA","lake almanor peninsula","Lake Almanor Peninsula"
"CA","lake almanor west","Lake Almanor West"
"CA","lake arrowhead","Lake Arrowhead"
"CA","lake california","Lake California"
"CA","lake city","Lake City"
"CA","lake davis","Lake Davis"
"CA","lake don pedro","Lake Don Pedro"
"CA","lake elsinore","Lake Elsinore"
"CA","lake forest","Lake Forest"
"CA","lake hughes","Lake Hughes"
"CA","lake isabella","Lake Isabella"
"CA","lake los angeles","Lake Los Angeles"
"CA","lake mathews","Lake Mathews"
"CA","lake nacimiento","Lake Nacimiento"
"CA","lake of the pines","Lake of the Pines"
"CA","lake of the woods","Lake of the Woods"
"CA","lake riverside","Lake Riverside"
"CA","lake san marcos","Lake San Marcos"
"CA","lake shastina","Lake Shastina"
"CA","lake sherwood","Lake Sherwood"
"CA","lake wildwood","Lake Wildwood"
"CA","lakehead","Lakehead"
"CA","lakeland village","Lakeland Village"
"CA","lakeport","Lakeport"
"CA","lakeside","Lakeside"
"CA","lakeview","Lakeview"
"CA","lakewood","Lakewood"
"CA","lamont","Lamont"
"CA","lanare","Lanare"
"CA","lancaster","Lancaster"
"CA","larkfield-wikiup","Larkfield-Wikiup"
"CA","larkspur","Larkspur"
"CA","las flores","Las Flores"
"CA","las lomas","Las Lomas"
"CA","lathrop","Lathrop"
"CA","laton","Laton"
"CA","lawndale","Lawndale"
"CA","laytonville","Laytonville"
"CA","le grand","Le Grand"
"CA","lebec","Lebec"
"CA","lee vining","Lee Vining"
"CA","leggett","Leggett"
"CA","lemon cove","Lemon Cove"
"CA","lemon grove","Lemon Grove"
"CA","lemon hill","Lemon Hill"
"CA","lemoore","Lemoore"
"CA","lemoore station","Lemoore Station"
"CA","lennox","Lennox"
"CA","lenwood","Lenwood"
"CA","leona valley","Leona Valley"
"CA","lewiston","Lewiston"
"CA","lexington hills","Lexington Hills"
"CA","likely","Likely"
"CA","lincoln","Lincoln"
"CA","lincoln village","Lincoln Village"
"CA","linda","Linda"
"CA","lindcove","Lindcove"
"CA","linden","Linden"
"CA","lindsay","Lindsay"
"CA","linnell camp","Linnell Camp"
"CA","litchfield","Litchfield"
"CA","little grass valley","Little Grass Valley"
"CA","little river","Little River"
"CA","little valley","Little Valley"
"CA","littlerock","Littlerock"
"CA","live oak","Live Oak"
"CA","livermore","Livermore"
"CA","livingston","Livingston"
"CA","lockeford","Lockeford"
"CA","lockwood","Lockwood"
"CA","lodi","Lodi"
"CA","lodoga","Lodoga"
"CA","loleta","Loleta"
"CA","loma linda","Loma Linda"
"CA","loma mar","Loma Mar"
"CA","loma rica","Loma Rica"
"CA","lomita","Lomita"
"CA","lompico","Lompico"
"CA","lompoc","Lompoc"
"CA","london","London"
"CA","lone pine","Lone Pine"
"CA","long barn","Long Barn"
"CA","long beach","Long Beach"
"CA","lookout","Lookout"
"CA","loomis","Loomis"
"CA","los alamitos","Los Alamitos"
"CA","los alamos","Los Alamos"
"CA","los altos","Los Altos"
"CA","los altos hills","Los Altos Hills"
"CA","los angeles","Los Angeles"
"CA","los banos","Los Banos"
"CA","los berros","Los Berros"
"CA","los gatos","Los Gatos"
"CA","los molinos","Los Molinos"
"CA","los olivos","Los Olivos"
"CA","los osos","Los Osos"
"CA","los ranchos","Los Ranchos"
"CA","lost hills","Lost Hills"
"CA","lower lake","Lower Lake"
"CA","loyalton","Loyalton"
"CA","loyola","Loyola"
"CA","lucas valley-marinwood","Lucas Valley-Marinwood"
"CA","lucerne","Lucerne"
"CA","lucerne valley","Lucerne Valley"
"CA","lynwood","Lynwood"
"CA","lytle creek","Lytle Creek"
"CA","mabie","Mabie"
"CA","macdoel","Macdoel"
"CA","mad river","Mad River"
"CA","madeline","Madeline"
"CA","madera","Madera"
"CA","madera acres","Madera Acres"
"CA","madera ranchos","Madera Ranchos"
"CA","madison","Madison"
"CA","magalia","Magalia"
"CA","malaga","Malaga"
"CA","malibu","Malibu"
"CA","mammoth lakes","Mammoth Lakes"
"CA","manchester","Manchester"
"CA","manhattan beach","Manhattan Beach"
"CA","manila","Manila"
"CA","manteca","Manteca"
"CA","manton","Manton"
"CA","march arb","March ARB"
"CA","maricopa","Maricopa"
"CA","marin city","Marin City"
"CA","marina","Marina"
"CA","marina del rey","Marina del Rey"
"CA","mariposa","Mariposa"
"CA","markleeville","Markleeville"
"CA","martell","Martell"
"CA","martinez","Martinez"
"CA","marysville","Marysville"
"CA","matheny","Matheny"
"CA","mather","Mather"
"CA","maxwell","Maxwell"
"CA","mayfair","Mayfair"
"CA","mayflower village","Mayflower Village"
"CA","maywood","Maywood"
"CA","mcarthur","McArthur"
"CA","mcclellan park","McClellan Park"
"CA","mcclenney tract","McClenney Tract"
"CA","mccloud","McCloud"
"CA","mcfarland","McFarland"
"CA","mcgee creek","McGee Creek"
"CA","mckinleyville","McKinleyville"
"CA","mckittrick","McKittrick"
"CA","mcswain","McSwain"
"CA","mead valley","Mead Valley"
"CA","meadow valley","Meadow Valley"
"CA","meadow vista","Meadow Vista"
"CA","meadowbrook","Meadowbrook"
"CA","mecca","Mecca"
"CA","meiners oaks","Meiners Oaks"
"CA","mendocino","Mendocino"
"CA","mendota","Mendota"
"CA","menifee","Menifee"
"CA","menlo park","Menlo Park"
"CA","mentone","Mentone"
"CA","merced","Merced"
"CA","meridian","Meridian"
"CA","mesa","Mesa"
"CA","mesa verde","Mesa Verde"
"CA","mesa vista","Mesa Vista"
"CA","mettler","Mettler"
"CA","mexican colony","Mexican Colony"
"CA","meyers","Meyers"
"CA","middletown","Middletown"
"CA","midpines","Midpines"
"CA","midway city","Midway City"
"CA","milford","Milford"
"CA","mill valley","Mill Valley"
"CA","millbrae","Millbrae"
"CA","millerton","Millerton"
"CA","millville","Millville"
"CA","milpitas","Milpitas"
"CA","mineral","Mineral"
"CA","minkler","Minkler"
"CA","mira monte","Mira Monte"
"CA","miranda","Miranda"
"CA","mission canyon","Mission Canyon"
"CA","mission hills","Mission Hills"
"CA","mission viejo","Mission Viejo"
"CA","mi-wuk village","Mi-Wuk Village"
"CA","modesto","Modesto"
"CA","modjeska","Modjeska"
"CA","mohawk vista","Mohawk Vista"
"CA","mojave","Mojave"
"CA","mokelumne hill","Mokelumne Hill"
"CA","monmouth","Monmouth"
"CA","mono city","Mono City"
"CA","mono vista","Mono Vista"
"CA","monrovia","Monrovia"
"CA","monson","Monson"
"CA","montague","Montague"
"CA","montalvin manor","Montalvin Manor"
"CA","montara","Montara"
"CA","montclair","Montclair"
"CA","monte rio","Monte Rio"
"CA","monte sereno","Monte Sereno"
"CA","montebello","Montebello"
"CA","montecito","Montecito"
"CA","monterey","Monterey"
"CA","monterey park","Monterey Park"
"CA","monterey park tract","Monterey Park Tract"
"CA","montgomery creek","Montgomery Creek"
"CA","monument hills","Monument Hills"
"CA","moorpark","Moorpark"
"CA","morada","Morada"
"CA","moraga","Moraga"
"CA","moreno valley","Moreno Valley"
"CA","morgan hill","Morgan Hill"
"CA","morongo valley","Morongo Valley"
"CA","morro bay","Morro Bay"
"CA","moskowite corner","Moskowite Corner"
"CA","moss beach","Moss Beach"
"CA","moss landing","Moss Landing"
"CA","mount hebron","Mount Hebron"
"CA","mount hermon","Mount Hermon"
"CA","mount laguna","Mount Laguna"
"CA","mount shasta","Mount Shasta"
"CA","mountain center","Mountain Center"
"CA","mountain gate","Mountain Gate"
"CA","mountain house","Mountain House"
"CA","mountain meadows","Mountain Meadows"
"CA","mountain mesa","Mountain Mesa"
"CA","mountain ranch","Mountain Ranch"
"CA","mountain view","Mountain View"
"CA","mountain view acres","Mountain View Acres"
"CA","mt. bullion","Mt. Bullion"
"CA","muir beach","Muir Beach"
"CA","murphys","Murphys"
"CA","murrieta","Murrieta"
"CA","muscoy","Muscoy"
"CA","myers flat","Myers Flat"
"CA","myrtletown","Myrtletown"
"CA","napa","Napa"
"CA","national city","National City"
"CA","needles","Needles"
"CA","nevada city","Nevada City"
"CA","new cuyama","New Cuyama"
"CA","new pine creek","New Pine Creek"
"CA","newark","Newark"
"CA","newcastle","Newcastle"
"CA","newell","Newell"
"CA","newman","Newman"
"CA","newport beach","Newport Beach"
"CA","nicasio","Nicasio"
"CA","nice","Nice"
"CA","nicolaus","Nicolaus"
"CA","niland","Niland"
"CA","nipinnawasee","Nipinnawasee"
"CA","nipomo","Nipomo"
"CA","norco","Norco"
"CA","nord","Nord"
"CA","norris canyon","Norris Canyon"
"CA","north auburn","North Auburn"
"CA","north edwards","North Edwards"
"CA","north el monte","North El Monte"
"CA","north fair oaks","North Fair Oaks"
"CA","north fork","North Fork"
"CA","north gate","North Gate"
"CA","north highlands","North Highlands"
"CA","north lakeport","North Lakeport"
"CA","north richmond","North Richmond"
"CA","north san juan","North San Juan"
"CA","north shore","North Shore"
"CA","north tustin","North Tustin"
"CA","norwalk","Norwalk"
"CA","novato","Novato"
"CA","nubieber","Nubieber"
"CA","nuevo","Nuevo"
"CA","oak glen","Oak Glen"
"CA","oak hills","Oak Hills"
"CA","oak park","Oak Park"
"CA","oak run","Oak Run"
"CA","oak shores","Oak Shores"
"CA","oak view","Oak View"
"CA","oakdale","Oakdale"
"CA","oakhurst","Oakhurst"
"CA","oakland","Oakland"
"CA","oakley","Oakley"
"CA","oakville","Oakville"
"CA","oasis","Oasis"
"CA","occidental","Occidental"
"CA","oceano","Oceano"
"CA","oceanside","Oceanside"
"CA","ocotillo","Ocotillo"
"CA","oildale","Oildale"
"CA","ojai","Ojai"
"CA","olancha","Olancha"
"CA","old fig garden","Old Fig Garden"
"CA","old river","Old River"
"CA","old station","Old Station"
"CA","old stine","Old Stine"
"CA","olde stockdale","Olde Stockdale"
"CA","olivehurst","Olivehurst"
"CA","ono","Ono"
"CA","ontario","Ontario"
"CA","onyx","Onyx"
"CA","orange","Orange"
"CA","orange blossom","Orange Blossom"
"CA","orange cove","Orange Cove"
"CA","orange park acres","Orange Park Acres"
"CA","orangevale","Orangevale"
"CA","orcutt","Orcutt"
"CA","orick","Orick"
"CA","orinda","Orinda"
"CA","orland","Orland"
"CA","orosi","Orosi"
"CA","oroville","Oroville"
"CA","oroville east","Oroville East"
"CA","oxnard","Oxnard"
"CA","pacheco","Pacheco"
"CA","pacific grove","Pacific Grove"
"CA","pacifica","Pacifica"
"CA","pajaro","Pajaro"
"CA","pajaro dunes","Pajaro Dunes"
"CA","pala","Pala"
"CA","palermo","Palermo"
"CA","palm desert","Palm Desert"
"CA","palm springs","Palm Springs"
"CA","palmdale","Palmdale"
"CA","palo alto","Palo Alto"
"CA","palo cedro","Palo Cedro"
"CA","palo verde","Palo Verde"
"CA","paloma","Paloma"
"CA","palos verdes estates","Palos Verdes Estates"
"CA","panorama heights","Panorama Heights"
"CA","paradise","Paradise"
"CA","paradise park","Paradise Park"
"CA","paramount","Paramount"
"CA","parklawn","Parklawn"
"CA","parksdale","Parksdale"
"CA","parkway","Parkway"
"CA","parkwood","Parkwood"
"CA","parlier","Parlier"
"CA","pasadena","Pasadena"
"CA","pasatiempo","Pasatiempo"
"CA","paskenta","Paskenta"
"CA","patterson","Patterson"
"CA","patterson tract","Patterson Tract"
"CA","patton village","Patton Village"
"CA","paxton","Paxton"
"CA","paynes creek","Paynes Creek"
"CA","pearsonville","Pearsonville"
"CA","penn valley","Penn Valley"
"CA","penngrove","Penngrove"
"CA","penryn","Penryn"
"CA","pepperdine university","Pepperdine University"
"CA","perris","Perris"
"CA","pescadero","Pescadero"
"CA","petaluma","Petaluma"
"CA","petaluma center","Petaluma Center"
"CA","peters","Peters"
"CA","phelan","Phelan"
"CA","phillipsville","Phillipsville"
"CA","philo","Philo"
"CA","phoenix lake","Phoenix Lake"
"CA","piã±on hills","PiÃ±on Hills"
"CA","pico rivera","Pico Rivera"
"CA","piedmont","Piedmont"
"CA","pierpoint","Pierpoint"
"CA","pike","Pike"
"CA","pine canyon","Pine Canyon"
"CA","pine flat","Pine Flat"
"CA","pine grove","Pine Grove"
"CA","pine hills","Pine Hills"
"CA","pine mountain club","Pine Mountain Club"
"CA","pine mountain lake","Pine Mountain Lake"
"CA","pine valley","Pine Valley"
"CA","pinole","Pinole"
"CA","pioneer","Pioneer"
"CA","piru","Piru"
"CA","pismo beach","Pismo Beach"
"CA","pittsburg","Pittsburg"
"CA","pixley","Pixley"
"CA","placentia","Placentia"
"CA","placerville","Placerville"
"CA","plainview","Plainview"
"CA","planada","Planada"
"CA","platina","Platina"
"CA","pleasant hill","Pleasant Hill"
"CA","pleasanton","Pleasanton"
"CA","pleasure point","Pleasure Point"
"CA","plumas eureka","Plumas Eureka"
"CA","plumas lake","Plumas Lake"
"CA","plymouth","Plymouth"
"CA","point arena","Point Arena"
"CA","point reyes station","Point Reyes Station"
"CA","pollock pines","Pollock Pines"
"CA","pomona","Pomona"
"CA","ponderosa","Ponderosa"
"CA","poplar-cotton center","Poplar-Cotton Center"
"CA","port costa","Port Costa"
"CA","port hueneme","Port Hueneme"
"CA","porterville","Porterville"
"CA","portola","Portola"
"CA","portola valley","Portola Valley"
"CA","posey","Posey"
"CA","poso park","Poso Park"
"CA","post mountain","Post Mountain"
"CA","potomac park","Potomac Park"
"CA","potrero","Potrero"
"CA","potter valley","Potter Valley"
"CA","poway","Poway"
"CA","prattville","Prattville"
"CA","princeton","Princeton"
"CA","proberta","Proberta"
"CA","prunedale","Prunedale"
"CA","pumpkin center","Pumpkin Center"
"CA","quartz hill","Quartz Hill"
"CA","quincy","Quincy"
"CA","rackerby","Rackerby"
"CA","rail road flat","Rail Road Flat"
"CA","rainbow","Rainbow"
"CA","raisin city","Raisin City"
"CA","ramona","Ramona"
"CA","rancho calaveras","Rancho Calaveras"
"CA","rancho cordova","Rancho Cordova"
"CA","rancho cucamonga","Rancho Cucamonga"
"CA","rancho mirage","Rancho Mirage"
"CA","rancho mission viejo","Rancho Mission Viejo"
"CA","rancho murieta","Rancho Murieta"
"CA","rancho palos verdes","Rancho Palos Verdes"
"CA","rancho san diego","Rancho San Diego"
"CA","rancho santa fe","Rancho Santa Fe"
"CA","rancho santa margarita","Rancho Santa Margarita"
"CA","rancho tehama reserve","Rancho Tehama Reserve"
"CA","randsburg","Randsburg"
"CA","red bluff","Red Bluff"
"CA","red corral","Red Corral"
"CA","redcrest","Redcrest"
"CA","redding","Redding"
"CA","redlands","Redlands"
"CA","redondo beach","Redondo Beach"
"CA","redway","Redway"
"CA","redwood city","Redwood City"
"CA","redwood valley","Redwood Valley"
"CA","reedley","Reedley"
"CA","reliez valley","Reliez Valley"
"CA","rexland acres","Rexland Acres"
"CA","rialto","Rialto"
"CA","richfield","Richfield"
"CA","richgrove","Richgrove"
"CA","richmond","Richmond"
"CA","richvale","Richvale"
"CA","ridgecrest","Ridgecrest"
"CA","ridgecrest heights","Ridgecrest Heights"
"CA","ridgemark","Ridgemark"
"CA","rio del mar","Rio del Mar"
"CA","rio dell","Rio Dell"
"CA","rio linda","Rio Linda"
"CA","rio oso","Rio Oso"
"CA","rio vista","Rio Vista"
"CA","ripley","Ripley"
"CA","ripon","Ripon"
"CA","river pines","River Pines"
"CA","riverbank","Riverbank"
"CA","riverdale","Riverdale"
"CA","riverdale park","Riverdale Park"
"CA","rivergrove","Rivergrove"
"CA","riverside","Riverside"
"CA","robbins","Robbins"
"CA","robinson mill","Robinson Mill"
"CA","rocklin","Rocklin"
"CA","rodeo","Rodeo"
"CA","rodriguez camp","Rodriguez Camp"
"CA","rohnert park","Rohnert Park"
"CA","rolling hills","Rolling Hills"
"CA","rolling hills estates","Rolling Hills Estates"
"CA","rollingwood","Rollingwood"
"CA","romoland","Romoland"
"CA","rosamond","Rosamond"
"CA","rose hills","Rose Hills"
"CA","rosedale","Rosedale"
"CA","rosemead","Rosemead"
"CA","rosemont","Rosemont"
"CA","roseville","Roseville"
"CA","ross","Ross"
"CA","rossmoor","Rossmoor"
"CA","rough and ready","Rough and Ready"
"CA","round mountain","Round Mountain"
"CA","round valley","Round Valley"
"CA","rouse","Rouse"
"CA","rowland heights","Rowland Heights"
"CA","rumsey","Rumsey"
"CA","running springs","Running Springs"
"CA","ruth","Ruth"
"CA","rutherford","Rutherford"
"CA","sacramento","Sacramento"
"CA","sage","Sage"
"CA","salida","Salida"
"CA","salinas","Salinas"
"CA","salmon creek","Salmon Creek"
"CA","salton city","Salton City"
"CA","salton sea beach","Salton Sea Beach"
"CA","salyer","Salyer"
"CA","samoa","Samoa"
"CA","san andreas","San Andreas"
"CA","san anselmo","San Anselmo"
"CA","san antonio heights","San Antonio Heights"
"CA","san ardo","San Ardo"
"CA","san bernardino","San Bernardino"
"CA","san bruno","San Bruno"
"CA","san buenaventura (ventura)","San Buenaventura (Ventura)"
"CA","san carlos","San Carlos"
"CA","san clemente","San Clemente"
"CA","san diego","San Diego"
"CA","san diego country estates","San Diego Country Estates"
"CA","san dimas","San Dimas"
"CA","san fernando","San Fernando"
"CA","san francisco","San Francisco"
"CA","san gabriel","San Gabriel"
"CA","san geronimo","San Geronimo"
"CA","san jacinto","San Jacinto"
"CA","san joaquin","San Joaquin"
"CA","san jose","San Jose"
"CA","san juan bautista","San Juan Bautista"
"CA","san juan capistrano","San Juan Capistrano"
"CA","san leandro","San Leandro"
"CA","san lorenzo","San Lorenzo"
"CA","san lucas","San Lucas"
"CA","san luis obispo","San Luis Obispo"
"CA","san marcos","San Marcos"
"CA","san marino","San Marino"
"CA","san martin","San Martin"
"CA","san mateo","San Mateo"
"CA","san miguel","San Miguel"
"CA","san pablo","San Pablo"
"CA","san pasqual","San Pasqual"
"CA","san rafael","San Rafael"
"CA","san ramon","San Ramon"
"CA","san simeon","San Simeon"
"CA","sand city","Sand City"
"CA","sanger","Sanger"
"CA","santa ana","Santa Ana"
"CA","santa barbara","Santa Barbara"
"CA","santa clara","Santa Clara"
"CA","santa clarita","Santa Clarita"
"CA","santa cruz","Santa Cruz"
"CA","santa fe springs","Santa Fe Springs"
"CA","santa margarita","Santa Margarita"
"CA","santa maria","Santa Maria"
"CA","santa monica","Santa Monica"
"CA","santa nella","Santa Nella"
"CA","santa paula","Santa Paula"
"CA","santa rosa","Santa Rosa"
"CA","santa rosa valley","Santa Rosa Valley"
"CA","santa susana","Santa Susana"
"CA","santa venetia","Santa Venetia"
"CA","santa ynez","Santa Ynez"
"CA","santee","Santee"
"CA","saranap","Saranap"
"CA","saratoga","Saratoga"
"CA","saticoy","Saticoy"
"CA","sattley","Sattley"
"CA","sausalito","Sausalito"
"CA","scotia","Scotia"
"CA","scotts valley","Scotts Valley"
"CA","sea ranch","Sea Ranch"
"CA","seacliff","Seacliff"
"CA","seal beach","Seal Beach"
"CA","searles valley","Searles Valley"
"CA","seaside","Seaside"
"CA","sebastopol","Sebastopol"
"CA","seeley","Seeley"
"CA","selma","Selma"
"CA","sequoia crest","Sequoia Crest"
"CA","sereno del mar","Sereno del Mar"
"CA","seville","Seville"
"CA","sf","San Francisco"
"CA","shafter","Shafter"
"CA","shandon","Shandon"
"CA","shasta","Shasta"
"CA","shasta lake","Shasta Lake"
"CA","shaver lake","Shaver Lake"
"CA","sheep ranch","Sheep Ranch"
"CA","shell ridge","Shell Ridge"
"CA","shelter cove","Shelter Cove"
"CA","sheridan","Sheridan"
"CA","shingle springs","Shingle Springs"
"CA","shingletown","Shingletown"
"CA","shoshone","Shoshone"
"CA","sierra brooks","Sierra Brooks"
"CA","sierra city","Sierra City"
"CA","sierra madre","Sierra Madre"
"CA","sierra village","Sierra Village"
"CA","sierraville","Sierraville"
"CA","signal hill","Signal Hill"
"CA","silver city","Silver City"
"CA","silver lakes","Silver Lakes"
"CA","silverado","Silverado"
"CA","silverado resort","Silverado Resort"
"CA","simi valley","Simi Valley"
"CA","sisquoc","Sisquoc"
"CA","sky valley","Sky Valley"
"CA","sleepy hollow","Sleepy Hollow"
"CA","smartsville","Smartsville"
"CA","smith corner","Smith Corner"
"CA","smith river","Smith River"
"CA","snelling","Snelling"
"CA","soda bay","Soda Bay"
"CA","soda springs","Soda Springs"
"CA","solana beach","Solana Beach"
"CA","soledad","Soledad"
"CA","solvang","Solvang"
"CA","somis","Somis"
"CA","sonoma","Sonoma"
"CA","sonoma state university","Sonoma State University"
"CA","sonora","Sonora"
"CA","soquel","Soquel"
"CA","soulsbyville","Soulsbyville"
"CA","south dos palos","South Dos Palos"
"CA","south el monte","South El Monte"
"CA","south gate","South Gate"
"CA","south lake tahoe","South Lake Tahoe"
"CA","south monrovia island","South Monrovia Island"
"CA","south oroville","South Oroville"
"CA","south pasadena","South Pasadena"
"CA","south san francisco","South San Francisco"
"CA","south san gabriel","South San Gabriel"
"CA","south san jose hills","South San Jose Hills"
"CA","south taft","South Taft"
"CA","south whittier","South Whittier"
"CA","spaulding","Spaulding"
"CA","spreckels","Spreckels"
"CA","spring garden","Spring Garden"
"CA","spring valley","Spring Valley"
"CA","spring valley lake","Spring Valley Lake"
"CA","springville","Springville"
"CA","squaw valley","Squaw Valley"
"CA","squirrel mountain valley","Squirrel Mountain Valley"
"CA","st. helena","St. Helena"
"CA","stallion springs","Stallion Springs"
"CA","stanford","Stanford"
"CA","stanton","Stanton"
"CA","stebbins","Stebbins"
"CA","stevenson ranch","Stevenson Ranch"
"CA","stevinson","Stevinson"
"CA","stinson beach","Stinson Beach"
"CA","stirling city","Stirling City"
"CA","stockton","Stockton"
"CA","stones landing","Stones Landing"
"CA","stonyford","Stonyford"
"CA","stratford","Stratford"
"CA","strathmore","Strathmore"
"CA","strawberry","Strawberry"
"CA","sugarloaf saw mill","Sugarloaf Saw Mill"
"CA","sugarloaf village","Sugarloaf Village"
"CA","suisun city","Suisun City"
"CA","sultana","Sultana"
"CA","summerland","Summerland"
"CA","sun village","Sun Village"
"CA","sunny slopes","Sunny Slopes"
"CA","sunnyside","Sunnyside"
"CA","sunnyside-tahoe city","Sunnyside-Tahoe City"
"CA","sunnyvale","Sunnyvale"
"CA","sunol","Sunol"
"CA","susanville","Susanville"
"CA","sutter","Sutter"
"CA","sutter creek","Sutter Creek"
"CA","swall meadows","Swall Meadows"
"CA","taft","Taft"
"CA","taft heights","Taft Heights"
"CA","taft mosswood","Taft Mosswood"
"CA","tahoe vista","Tahoe Vista"
"CA","tahoma","Tahoma"
"CA","talmage","Talmage"
"CA","tamalpais-homestead valley","Tamalpais-Homestead Valley"
"CA","tancred","Tancred"
"CA","tara hills","Tara Hills"
"CA","tarina","Tarina"
"CA","tarpey village","Tarpey Village"
"CA","taylorsville","Taylorsville"
"CA","tecopa","Tecopa"
"CA","tehachapi","Tehachapi"
"CA","tehama","Tehama"
"CA","temecula","Temecula"
"CA","temelec","Temelec"
"CA","temescal valley","Temescal Valley"
"CA","temple city","Temple City"
"CA","templeton","Templeton"
"CA","tennant","Tennant"
"CA","terminous","Terminous"
"CA","terra bella","Terra Bella"
"CA","teviston","Teviston"
"CA","thermal","Thermal"
"CA","thermalito","Thermalito"
"CA","thornton","Thornton"
"CA","thousand oaks","Thousand Oaks"
"CA","thousand palms","Thousand Palms"
"CA","three rivers","Three Rivers"
"CA","three rocks","Three Rocks"
"CA","tiburon","Tiburon"
"CA","timber cove","Timber Cove"
"CA","tipton","Tipton"
"CA","tobin","Tobin"
"CA","tomales","Tomales"
"CA","tonyville","Tonyville"
"CA","tooleville","Tooleville"
"CA","topanga","Topanga"
"CA","topaz","Topaz"
"CA","toro canyon","Toro Canyon"
"CA","torrance","Torrance"
"CA","trabuco canyon","Trabuco Canyon"
"CA","tracy","Tracy"
"CA","tranquillity","Tranquillity"
"CA","traver","Traver"
"CA","tres pinos","Tres Pinos"
"CA","trinidad","Trinidad"
"CA","trinity center","Trinity Center"
"CA","trinity village","Trinity Village"
"CA","trona","Trona"
"CA","trowbridge","Trowbridge"
"CA","truckee","Truckee"
"CA","tulare","Tulare"
"CA","tulelake","Tulelake"
"CA","tuolumne city","Tuolumne City"
"CA","tupman","Tupman"
"CA","turlock","Turlock"
"CA","tustin","Tustin"
"CA","tuttle","Tuttle"
"CA","tuttletown","Tuttletown"
"CA","twain","Twain"
"CA","twain harte","Twain Harte"
"CA","twentynine palms","Twentynine Palms"
"CA","twin lakes","Twin Lakes"
"CA","ukiah","Ukiah"
"CA","union city","Union City"
"CA","university of california-davis","University of California-Davis"
"CA","university of california-santa barbara","University of California-Santa Barbara"
"CA","upland","Upland"
"CA","upper lake","Upper Lake"
"CA","vacaville","Vacaville"
"CA","val verde","Val Verde"
"CA","valinda","Valinda"
"CA","valle vista","Valle Vista"
"CA","vallecito","Vallecito"
"CA","vallejo","Vallejo"
"CA","valley acres","Valley Acres"
"CA","valley center","Valley Center"
"CA","valley ford","Valley Ford"
"CA","valley home","Valley Home"
"CA","valley ranch","Valley Ranch"
"CA","valley springs","Valley Springs"
"CA","valley wells","Valley Wells"
"CA","vandenberg afb","Vandenberg AFB"
"CA","vandenberg village","Vandenberg Village"
"CA","verdi","Verdi"
"CA","vernon","Vernon"
"CA","victor","Victor"
"CA","victorville","Victorville"
"CA","view park-windsor hills","View Park-Windsor Hills"
"CA","villa park","Villa Park"
"CA","vina","Vina"
"CA","vincent","Vincent"
"CA","vine hill","Vine Hill"
"CA","vineyard","Vineyard"
"CA","virginia lakes","Virginia Lakes"
"CA","visalia","Visalia"
"CA","vista","Vista"
"CA","vista santa rosa","Vista Santa Rosa"
"CA","volcano","Volcano"
"CA","volta","Volta"
"CA","walker","Walker"
"CA","wallace","Wallace"
"CA","walnut","Walnut"
"CA","walnut creek","Walnut Creek"
"CA","walnut grove","Walnut Grove"
"CA","walnut park","Walnut Park"
"CA","warm springs","Warm Springs"
"CA","warner valley","Warner Valley"
"CA","wasco","Wasco"
"CA","washington","Washington"
"CA","waterford","Waterford"
"CA","waterloo","Waterloo"
"CA","watsonville","Watsonville"
"CA","waukena","Waukena"
"CA","wautec","Wautec"
"CA","wawona","Wawona"
"CA","weaverville","Weaverville"
"CA","weed","Weed"
"CA","weedpatch","Weedpatch"
"CA","weitchpec","Weitchpec"
"CA","weldon","Weldon"
"CA","weott","Weott"
"CA","west athens","West Athens"
"CA","west bishop","West Bishop"
"CA","west carson","West Carson"
"CA","west covina","West Covina"
"CA","west goshen","West Goshen"
"CA","west hollywood","West Hollywood"
"CA","west menlo park","West Menlo Park"
"CA","west modesto","West Modesto"
"CA","west park","West Park"
"CA","west point","West Point"
"CA","west puente valley","West Puente Valley"
"CA","west rancho dominguez","West Rancho Dominguez"
"CA","west sacramento","West Sacramento"
"CA","west whittier-los nietos","West Whittier-Los Nietos"
"CA","westhaven-moonstone","Westhaven-Moonstone"
"CA","westlake village","Westlake Village"
"CA","westley","Westley"
"CA","westminster","Westminster"
"CA","westmont","Westmont"
"CA","westmorland","Westmorland"
"CA","westside","Westside"
"CA","westwood","Westwood"
"CA","wheatland","Wheatland"
"CA","whitehawk","Whitehawk"
"CA","whitewater","Whitewater"
"CA","whitley gardens","Whitley Gardens"
"CA","whitmore","Whitmore"
"CA","whittier","Whittier"
"CA","wildomar","Wildomar"
"CA","wilkerson","Wilkerson"
"CA","williams","Williams"
"CA","williams canyon","Williams Canyon"
"CA","willits","Willits"
"CA","willow creek","Willow Creek"
"CA","willowbrook","Willowbrook"
"CA","willows","Willows"
"CA","wilseyville","Wilseyville"
"CA","wilsonia","Wilsonia"
"CA","wilton","Wilton"
"CA","winchester","Winchester"
"CA","windsor","Windsor"
"CA","winter gardens","Winter Gardens"
"CA","winterhaven","Winterhaven"
"CA","winters","Winters"
"CA","winton","Winton"
"CA","wofford heights","Wofford Heights"
"CA","woodacre","Woodacre"
"CA","woodbridge","Woodbridge"
"CA","woodcrest","Woodcrest"
"CA","woodlake","Woodlake"
"CA","woodland","Woodland"
"CA","woodlands","Woodlands"
"CA","woodside","Woodside"
"CA","woodville","Woodville"
"CA","woodville farm labor camp","Woodville Farm Labor Camp"
"CA","woody","Woody"
"CA","wrightwood","Wrightwood"
"CA","yankee hill","Yankee Hill"
"CA","yermo","Yermo"
"CA","yettem","Yettem"
"CA","yolo","Yolo"
"CA","yorba linda","Yorba Linda"
"CA","yosemite lakes","Yosemite Lakes"
"CA","yosemite valley","Yosemite Valley"
"CA","yosemite west","Yosemite West"
"CA","yountville","Yountville"
"CA","yreka","Yreka"
"CA","yuba city","Yuba City"
"CA","yucaipa","Yucaipa"
"CA","yucca valley","Yucca Valley"
"CA","zayante","Zayante"
"CO","acres green","Acres Green"
"CO","aetna estates","Aetna Estates"
"CO","aguilar","Aguilar"
"CO","air force academy","Air Force Academy"
"CO","akron","Akron"
"CO","alamosa","Alamosa"
"CO","alamosa east","Alamosa East"
"CO","allenspark","Allenspark"
"CO","alma","Alma"
"CO","alpine","Alpine"
"CO","altona","Altona"
"CO","amherst","Amherst"
"CO","antonito","Antonito"
"CO","applewood","Applewood"
"CO","arapahoe","Arapahoe"
"CO","arboles","Arboles"
"CO","aristocrat ranchettes","Aristocrat Ranchettes"
"CO","arriba","Arriba"
"CO","arvada","Arvada"
"CO","aspen","Aspen"
"CO","aspen park","Aspen Park"
"CO","atwood","Atwood"
"CO","ault","Ault"
"CO","aurora","Aurora"
"CO","avon","Avon"
"CO","avondale","Avondale"
"CO","bark ranch","Bark Ranch"
"CO","basalt","Basalt"
"CO","battlement mesa","Battlement Mesa"
"CO","bayfield","Bayfield"
"CO","bennett","Bennett"
"CO","berkley","Berkley"
"CO","berthoud","Berthoud"
"CO","bethune","Bethune"
"CO","beulah valley","Beulah Valley"
"CO","black forest","Black Forest"
"CO","black hawk","Black Hawk"
"CO","blanca","Blanca"
"CO","blende","Blende"
"CO","blue river","Blue River"
"CO","blue sky","Blue Sky"
"CO","blue valley","Blue Valley"
"CO","bonanza","Bonanza"
"CO","bonanza mountain estates","Bonanza Mountain Estates"
"CO","boone","Boone"
"CO","boulder","Boulder"
"CO","bow mar","Bow Mar"
"CO","brandon","Brandon"
"CO","branson","Branson"
"CO","breckenridge","Breckenridge"
"CO","brick center","Brick Center"
"CO","briggsdale","Briggsdale"
"CO","brighton","Brighton"
"CO","brook forest","Brook Forest"
"CO","brookside","Brookside"
"CO","broomfield","Broomfield"
"CO","brush","Brush"
"CO","buena vista","Buena Vista"
"CO","burlington","Burlington"
"CO","byers","Byers"
"CO","caã±on city","CaÃ±on City"
"CO","calhan","Calhan"
"CO","campo","Campo"
"CO","capulin","Capulin"
"CO","carbonate","Carbonate"
"CO","carbondale","Carbondale"
"CO","cascade-chipita park","Cascade-Chipita Park"
"CO","castle pines","Castle Pines"
"CO","castle pines village","Castle Pines Village"
"CO","castle rock","Castle Rock"
"CO","cathedral","Cathedral"
"CO","catherine","Catherine"
"CO","cattle creek","Cattle Creek"
"CO","cedaredge","Cedaredge"
"CO","centennial","Centennial"
"CO","center","Center"
"CO","central","Central"
"CO","chacra","Chacra"
"CO","cheraw","Cheraw"
"CO","cherry creek","Cherry Creek"
"CO","cherry hills village","Cherry Hills Village"
"CO","cheyenne wells","Cheyenne Wells"
"CO","cimarron hills","Cimarron Hills"
"CO","city of creede","City of Creede"
"CO","clifton","Clifton"
"CO","coal creek","Coal Creek"
"CO","coaldale","Coaldale"
"CO","cokedale","Cokedale"
"CO","collbran","Collbran"
"CO","colona","Colona"
"CO","colorado city","Colorado City"
"CO","colorado springs","Colorado Springs"
"CO","columbine","Columbine"
"CO","columbine valley","Columbine Valley"
"CO","comanche creek","Comanche Creek"
"CO","commerce city","Commerce City"
"CO","conejos","Conejos"
"CO","cope","Cope"
"CO","copper mountain","Copper Mountain"
"CO","cortez","Cortez"
"CO","cotopaxi","Cotopaxi"
"CO","craig","Craig"
"CO","crawford","Crawford"
"CO","crested butte","Crested Butte"
"CO","crestone","Crestone"
"CO","cripple creek","Cripple Creek"
"CO","crisman","Crisman"
"CO","crook","Crook"
"CO","crowley","Crowley"
"CO","dacono","Dacono"
"CO","dakota ridge","Dakota Ridge"
"CO","de beque","De Beque"
"CO","deer trail","Deer Trail"
"CO","del norte","Del Norte"
"CO","delta","Delta"
"CO","denver","Denver"
"CO","derby","Derby"
"CO","dillon","Dillon"
"CO","dinosaur","Dinosaur"
"CO","divide","Divide"
"CO","dolores","Dolores"
"CO","dotsero","Dotsero"
"CO","dove creek","Dove Creek"
"CO","dove valley","Dove Valley"
"CO","downieville-lawson-dumont","Downieville-Lawson-Dumont"
"CO","durango","Durango"
"CO","eads","Eads"
"CO","eagle","Eagle"
"CO","east pleasant view","East Pleasant View"
"CO","eaton","Eaton"
"CO","echo hills","Echo Hills"
"CO","eckley","Eckley"
"CO","edgewater","Edgewater"
"CO","edwards","Edwards"
"CO","el jebel","El Jebel"
"CO","el moro","El Moro"
"CO","elbert","Elbert"
"CO","eldora","Eldora"
"CO","eldorado springs","Eldorado Springs"
"CO","elizabeth","Elizabeth"
"CO","ellicott","Ellicott"
"CO","empire","Empire"
"CO","englewood","Englewood"
"CO","erie","Erie"
"CO","estes park","Estes Park"
"CO","evans","Evans"
"CO","evergreen","Evergreen"
"CO","fairmount","Fairmount"
"CO","fairplay","Fairplay"
"CO","federal heights","Federal Heights"
"CO","firestone","Firestone"
"CO","flagler","Flagler"
"CO","fleming","Fleming"
"CO","florence","Florence"
"CO","florissant","Florissant"
"CO","floyd hill","Floyd Hill"
"CO","fort carson","Fort Carson"
"CO","fort collins","Fort Collins"
"CO","fort garland","Fort Garland"
"CO","fort lupton","Fort Lupton"
"CO","fort morgan","Fort Morgan"
"CO","fountain","Fountain"
"CO","four square mile","Four Square Mile"
"CO","fowler","Fowler"
"CO","foxfield","Foxfield"
"CO","franktown","Franktown"
"CO","fraser","Fraser"
"CO","frederick","Frederick"
"CO","frisco","Frisco"
"CO","fruita","Fruita"
"CO","fruitvale","Fruitvale"
"CO","fulford","Fulford"
"CO","garden city","Garden City"
"CO","gardner","Gardner"
"CO","garfield","Garfield"
"CO","genesee","Genesee"
"CO","genoa","Genoa"
"CO","georgetown","Georgetown"
"CO","gerrard","Gerrard"
"CO","gilcrest","Gilcrest"
"CO","glendale","Glendale"
"CO","gleneagle","Gleneagle"
"CO","glenwood springs","Glenwood Springs"
"CO","gold hill","Gold Hill"
"CO","golden","Golden"
"CO","goldfield","Goldfield"
"CO","granada","Granada"
"CO","granby","Granby"
"CO","grand junction","Grand Junction"
"CO","grand lake","Grand Lake"
"CO","grand view estates","Grand View Estates"
"CO","greeley","Greeley"
"CO","green mountain falls","Green Mountain Falls"
"CO","greenwood village","Greenwood Village"
"CO","grover","Grover"
"CO","guffey","Guffey"
"CO","gunbarrel","Gunbarrel"
"CO","gunnison","Gunnison"
"CO","gypsum","Gypsum"
"CO","hartman","Hartman"
"CO","hartsel","Hartsel"
"CO","hasty","Hasty"
"CO","haswell","Haswell"
"CO","haxtun","Haxtun"
"CO","hayden","Hayden"
"CO","heeney","Heeney"
"CO","hidden lake","Hidden Lake"
"CO","highlands ranch","Highlands Ranch"
"CO","hillrose","Hillrose"
"CO","hoehne","Hoehne"
"CO","holly","Holly"
"CO","holly hills","Holly Hills"
"CO","holyoke","Holyoke"
"CO","hooper","Hooper"
"CO","hot sulphur springs","Hot Sulphur Springs"
"CO","hotchkiss","Hotchkiss"
"CO","howard","Howard"
"CO","hudson","Hudson"
"CO","hugo","Hugo"
"CO","idaho springs","Idaho Springs"
"CO","idalia","Idalia"
"CO","idledale","Idledale"
"CO","ignacio","Ignacio"
"CO","iliff","Iliff"
"CO","indian hills","Indian Hills"
"CO","inverness","Inverness"
"CO","jackson lake","Jackson Lake"
"CO","jamestown","Jamestown"
"CO","jansen","Jansen"
"CO","joes","Joes"
"CO","johnson village","Johnson Village"
"CO","johnstown","Johnstown"
"CO","julesburg","Julesburg"
"CO","keenesburg","Keenesburg"
"CO","ken caryl","Ken Caryl"
"CO","kersey","Kersey"
"CO","keystone","Keystone"
"CO","kim","Kim"
"CO","kiowa","Kiowa"
"CO","kirk","Kirk"
"CO","kit carson","Kit Carson"
"CO","kittredge","Kittredge"
"CO","kremmling","Kremmling"
"CO","la jara","La Jara"
"CO","la junta","La Junta"
"CO","la junta gardens","La Junta Gardens"
"CO","la salle","La Salle"
"CO","la veta","La Veta"
"CO","lafayette","Lafayette"
"CO","laird","Laird"
"CO","lake city","Lake City"
"CO","lakeside","Lakeside"
"CO","lakewood","Lakewood"
"CO","lamar","Lamar"
"CO","laporte","Laporte"
"CO","larkspur","Larkspur"
"CO","las animas","Las Animas"
"CO","lazear","Lazear"
"CO","lazy acres","Lazy Acres"
"CO","leadville","Leadville"
"CO","leadville north","Leadville North"
"CO","lewis","Lewis"
"CO","leyner","Leyner"
"CO","limon","Limon"
"CO","lincoln park","Lincoln Park"
"CO","littleton","Littleton"
"CO","lochbuie","Lochbuie"
"CO","log lane village","Log Lane Village"
"CO","loghill village","Loghill Village"
"CO","loma","Loma"
"CO","lone tree","Lone Tree"
"CO","longmont","Longmont"
"CO","louisville","Louisville"
"CO","louviers","Louviers"
"CO","loveland","Loveland"
"CO","lynn","Lynn"
"CO","lyons","Lyons"
"CO","manassa","Manassa"
"CO","mancos","Mancos"
"CO","manitou springs","Manitou Springs"
"CO","manzanola","Manzanola"
"CO","marble","Marble"
"CO","marvel","Marvel"
"CO","matheson","Matheson"
"CO","maybell","Maybell"
"CO","maysville","Maysville"
"CO","mcclave","McClave"
"CO","mccoy","McCoy"
"CO","mead","Mead"
"CO","meeker","Meeker"
"CO","meridian","Meridian"
"CO","meridian village","Meridian Village"
"CO","merino","Merino"
"CO","midland","Midland"
"CO","milliken","Milliken"
"CO","minturn","Minturn"
"CO","moffat","Moffat"
"CO","monte vista","Monte Vista"
"CO","montezuma","Montezuma"
"CO","montrose","Montrose"
"CO","monument","Monument"
"CO","morgan heights","Morgan Heights"
"CO","morrison","Morrison"
"CO","mount crested butte","Mount Crested Butte"
"CO","mountain meadows","Mountain Meadows"
"CO","mountain view","Mountain View"
"CO","mountain village","Mountain Village"
"CO","mulford","Mulford"
"CO","nathrop","Nathrop"
"CO","naturita","Naturita"
"CO","nederland","Nederland"
"CO","new castle","New Castle"
"CO","niwot","Niwot"
"CO","no name","No Name"
"CO","norrie","Norrie"
"CO","north la junta","North La Junta"
"CO","north washington","North Washington"
"CO","northglenn","Northglenn"
"CO","norwood","Norwood"
"CO","nucla","Nucla"
"CO","nunn","Nunn"
"CO","oak creek","Oak Creek"
"CO","olathe","Olathe"
"CO","olney springs","Olney Springs"
"CO","ophir","Ophir"
"CO","orchard","Orchard"
"CO","orchard city","Orchard City"
"CO","orchard mesa","Orchard Mesa"
"CO","ordway","Ordway"
"CO","otis","Otis"
"CO","ouray","Ouray"
"CO","ovid","Ovid"
"CO","padroni","Padroni"
"CO","pagosa springs","Pagosa Springs"
"CO","palisade","Palisade"
"CO","palmer lake","Palmer Lake"
"CO","paoli","Paoli"
"CO","paonia","Paonia"
"CO","parachute","Parachute"
"CO","paragon estates","Paragon Estates"
"CO","park center","Park Center"
"CO","parker","Parker"
"CO","parshall","Parshall"
"CO","peetz","Peetz"
"CO","penrose","Penrose"
"CO","peoria","Peoria"
"CO","perry park","Perry Park"
"CO","peyton","Peyton"
"CO","phippsburg","Phippsburg"
"CO","piedra","Piedra"
"CO","pierce","Pierce"
"CO","pine brook hill","Pine Brook Hill"
"CO","pine valley","Pine Valley"
"CO","pitkin","Pitkin"
"CO","placerville","Placerville"
"CO","platteville","Platteville"
"CO","poncha springs","Poncha Springs"
"CO","ponderosa park","Ponderosa Park"
"CO","portland","Portland"
"CO","pritchett","Pritchett"
"CO","pueblo","Pueblo"
"CO","pueblo west","Pueblo West"
"CO","ramah","Ramah"
"CO","rangely","Rangely"
"CO","raymer (new raymer)","Raymer (New Raymer)"
"CO","red cliff","Red Cliff"
"CO","red feather lakes","Red Feather Lakes"
"CO","redlands","Redlands"
"CO","redstone","Redstone"
"CO","redvale","Redvale"
"CO","rico","Rico"
"CO","ridgway","Ridgway"
"CO","rifle","Rifle"
"CO","rock creek park","Rock Creek Park"
"CO","rockvale","Rockvale"
"CO","rocky ford","Rocky Ford"
"CO","rollinsville","Rollinsville"
"CO","romeo","Romeo"
"CO","roxborough park","Roxborough Park"
"CO","rye","Rye"
"CO","saddle ridge","Saddle Ridge"
"CO","saguache","Saguache"
"CO","salida","Salida"
"CO","salt creek","Salt Creek"
"CO","san acacio","San Acacio"
"CO","san luis","San Luis"
"CO","sanford","Sanford"
"CO","sawpit","Sawpit"
"CO","security-widefield","Security-Widefield"
"CO","sedalia","Sedalia"
"CO","sedgwick","Sedgwick"
"CO","segundo","Segundo"
"CO","seibert","Seibert"
"CO","seven hills","Seven Hills"
"CO","severance","Severance"
"CO","shaw heights","Shaw Heights"
"CO","sheridan","Sheridan"
"CO","sheridan lake","Sheridan Lake"
"CO","sherrelwood","Sherrelwood"
"CO","sierra ridge","Sierra Ridge"
"CO","silt","Silt"
"CO","silver cliff","Silver Cliff"
"CO","silver plume","Silver Plume"
"CO","silverthorne","Silverthorne"
"CO","silverton","Silverton"
"CO","simla","Simla"
"CO","smeltertown","Smeltertown"
"CO","snowmass village","Snowmass Village"
"CO","snyder","Snyder"
"CO","somerset","Somerset"
"CO","south fork","South Fork"
"CO","southern ute","Southern Ute"
"CO","springfield","Springfield"
"CO","st. ann highlands","St. Ann Highlands"
"CO","st. mary's","St. Mary's"
"CO","starkville","Starkville"
"CO","steamboat springs","Steamboat Springs"
"CO","stepping stone","Stepping Stone"
"CO","sterling","Sterling"
"CO","sterling ranch","Sterling Ranch"
"CO","stonegate","Stonegate"
"CO","stonewall gap","Stonewall Gap"
"CO","strasburg","Strasburg"
"CO","stratmoor","Stratmoor"
"CO","stratton","Stratton"
"CO","sugar city","Sugar City"
"CO","sugarloaf","Sugarloaf"
"CO","sunshine","Sunshine"
"CO","superior","Superior"
"CO","swink","Swink"
"CO","tabernash","Tabernash"
"CO","tall timber","Tall Timber"
"CO","telluride","Telluride"
"CO","the pinery","The Pinery"
"CO","thornton","Thornton"
"CO","timnath","Timnath"
"CO","todd creek","Todd Creek"
"CO","towaoc","Towaoc"
"CO","towner","Towner"
"CO","trail side","Trail Side"
"CO","trinidad","Trinidad"
"CO","twin lakes","Twin Lakes"
"CO","two buttes","Two Buttes"
"CO","upper bear creek","Upper Bear Creek"
"CO","upper witter gulch","Upper Witter Gulch"
"CO","vail","Vail"
"CO","valdez","Valdez"
"CO","valmont","Valmont"
"CO","vernon","Vernon"
"CO","victor","Victor"
"CO","vilas","Vilas"
"CO","vineland","Vineland"
"CO","vona","Vona"
"CO","walden","Walden"
"CO","walsenburg","Walsenburg"
"CO","walsh","Walsh"
"CO","ward","Ward"
"CO","watkins","Watkins"
"CO","welby","Welby"
"CO","weldona","Weldona"
"CO","wellington","Wellington"
"CO","west pleasant view","West Pleasant View"
"CO","westcliffe","Westcliffe"
"CO","westcreek","Westcreek"
"CO","westminster","Westminster"
"CO","weston","Weston"
"CO","wheat ridge","Wheat Ridge"
"CO","wiggins","Wiggins"
"CO","wiley","Wiley"
"CO","williamsburg","Williamsburg"
"CO","windsor","Windsor"
"CO","winter park","Winter Park"
"CO","wolcott","Wolcott"
"CO","woodland park","Woodland Park"
"CO","woodmoor","Woodmoor"
"CO","woody creek","Woody Creek"
"CO","wray","Wray"
"CO","yampa","Yampa"
"CO","yuma","Yuma"
"CT","ansonia","Ansonia"
"CT","ball pond","Ball Pond"
"CT","baltic","Baltic"
"CT","bantam","Bantam"
"CT","bethel","Bethel"
"CT","bethlehem village","Bethlehem Village"
"CT","bigelow corners","Bigelow Corners"
"CT","blue hills","Blue Hills"
"CT","bogus hill","Bogus Hill"
"CT","botsford","Botsford"
"CT","branchville","Branchville"
"CT","branford center","Branford Center"
"CT","bridgeport","Bridgeport"
"CT","bridgewater","Bridgewater"
"CT","bristol","Bristol"
"CT","broad brook","Broad Brook"
"CT","brookfield center","Brookfield Center"
"CT","brooklyn","Brooklyn"
"CT","byram","Byram"
"CT","canaan","Canaan"
"CT","candlewood isle","Candlewood Isle"
"CT","candlewood knolls","Candlewood Knolls"
"CT","candlewood lake club","Candlewood Lake Club"
"CT","candlewood orchards","Candlewood Orchards"
"CT","candlewood shores","Candlewood Shores"
"CT","cannondale","Cannondale"
"CT","canton valley","Canton Valley"
"CT","cheshire village","Cheshire Village"
"CT","chester center","Chester Center"
"CT","chimney point","Chimney Point"
"CT","clinton","Clinton"
"CT","colchester","Colchester"
"CT","coleytown","Coleytown"
"CT","collinsville","Collinsville"
"CT","compo","Compo"
"CT","conning towers-nautilus park","Conning Towers-Nautilus Park"
"CT","cornwall","Cornwall"
"CT","cornwall bridge","Cornwall Bridge"
"CT","cos cob","Cos Cob"
"CT","coventry lake","Coventry Lake"
"CT","crystal lake","Crystal Lake"
"CT","danbury","Danbury"
"CT","daniels farm","Daniels Farm"
"CT","danielson","Danielson"
"CT","darien downtown","Darien Downtown"
"CT","dayville","Dayville"
"CT","deep river center","Deep River Center"
"CT","derby","Derby"
"CT","dodgingtown","Dodgingtown"
"CT","durham","Durham"
"CT","east brooklyn","East Brooklyn"
"CT","east hampton","East Hampton"
"CT","east hartford","East Hartford"
"CT","east haven","East Haven"
"CT","east village","East Village"
"CT","essex village","Essex Village"
"CT","fairfield university","Fairfield University"
"CT","falls village","Falls Village"
"CT","fenwick","Fenwick"
"CT","gales ferry","Gales Ferry"
"CT","gaylordsville","Gaylordsville"
"CT","georgetown","Georgetown"
"CT","glastonbury center","Glastonbury Center"
"CT","glenville","Glenville"
"CT","greens farms","Greens Farms"
"CT","greenwich","Greenwich"
"CT","groton","Groton"
"CT","groton long point","Groton Long Point"
"CT","guilford center","Guilford Center"
"CT","hartford","Hartford"
"CT","hawleyville","Hawleyville"
"CT","hazardville","Hazardville"
"CT","heritage village","Heritage Village"
"CT","higganum","Higganum"
"CT","indian field","Indian Field"
"CT","inglenook","Inglenook"
"CT","jewett city","Jewett City"
"CT","kellogg point","Kellogg Point"
"CT","kensington","Kensington"
"CT","knollcrest","Knollcrest"
"CT","lake bungee","Lake Bungee"
"CT","lake chaffee","Lake Chaffee"
"CT","lake pocotopaug","Lake Pocotopaug"
"CT","lakes east","Lakes East"
"CT","lakes west","Lakes West"
"CT","lakeside woods","Lakeside Woods"
"CT","lakeville","Lakeville"
"CT","litchfield","Litchfield"
"CT","long hill","Long Hill"
"CT","lordship","Lordship"
"CT","madison center","Madison Center"
"CT","mamanasco lake","Mamanasco Lake"
"CT","manchester","Manchester"
"CT","mansfield center","Mansfield Center"
"CT","mashantucket","Mashantucket"
"CT","mechanicsville","Mechanicsville"
"CT","meriden","Meriden"
"CT","middletown","Middletown"
"CT","milford city (balance)","Milford city (balance)"
"CT","mill plain","Mill Plain"
"CT","moodus","Moodus"
"CT","moosup","Moosup"
"CT","murray","Murray"
"CT","mystic","Mystic"
"CT","naugatuck","Naugatuck"
"CT","new britain","New Britain"
"CT","new canaan","New Canaan"
"CT","new hartford center","New Hartford Center"
"CT","new haven","New Haven"
"CT","new london","New London"
"CT","new milford","New Milford"
"CT","new preston","New Preston"
"CT","newington","Newington"
"CT","newtown","Newtown"
"CT","niantic","Niantic"
"CT","noank","Noank"
"CT","norfolk","Norfolk"
"CT","noroton","Noroton"
"CT","noroton heights","Noroton Heights"
"CT","north granby","North Granby"
"CT","north grosvenor dale","North Grosvenor Dale"
"CT","north haven","North Haven"
"CT","northford","Northford"
"CT","northwest harwinton","Northwest Harwinton"
"CT","norwalk","Norwalk"
"CT","norwich","Norwich"
"CT","oakville","Oakville"
"CT","old greenwich","Old Greenwich"
"CT","old hill","Old Hill"
"CT","old mystic","Old Mystic"
"CT","old saybrook center","Old Saybrook Center"
"CT","orange","Orange"
"CT","oronoque","Oronoque"
"CT","oxoboxo river","Oxoboxo River"
"CT","pawcatuck","Pawcatuck"
"CT","pemberwick","Pemberwick"
"CT","plainfield village","Plainfield Village"
"CT","plantsville","Plantsville"
"CT","plattsville","Plattsville"
"CT","pleasant valley","Pleasant Valley"
"CT","poplar plains","Poplar Plains"
"CT","poquonock bridge","Poquonock Bridge"
"CT","portland","Portland"
"CT","putnam","Putnam"
"CT","quasset lake","Quasset Lake"
"CT","quinebaug","Quinebaug"
"CT","quinnipiac university","Quinnipiac University"
"CT","redding center","Redding Center"
"CT","ridgebury","Ridgebury"
"CT","ridgefield","Ridgefield"
"CT","riverside","Riverside"
"CT","riverton","Riverton"
"CT","rock ridge","Rock Ridge"
"CT","rockville","Rockville"
"CT","route 7 gateway","Route 7 Gateway"
"CT","sacred heart university","Sacred Heart University"
"CT","sail harbor","Sail Harbor"
"CT","salmon brook","Salmon Brook"
"CT","sandy hook","Sandy Hook"
"CT","saugatuck","Saugatuck"
"CT","saybrook manor","Saybrook Manor"
"CT","sharon","Sharon"
"CT","shelton","Shelton"
"CT","sherman","Sherman"
"CT","sherwood manor","Sherwood Manor"
"CT","simsbury center","Simsbury Center"
"CT","somers","Somers"
"CT","south coventry","South Coventry"
"CT","south wilton","South Wilton"
"CT","south windham","South Windham"
"CT","south woodstock","South Woodstock"
"CT","southport","Southport"
"CT","southwood acres","Southwood Acres"
"CT","stafford springs","Stafford Springs"
"CT","stamford","Stamford"
"CT","staples","Staples"
"CT","stepney","Stepney"
"CT","stonington","Stonington"
"CT","storrs","Storrs"
"CT","stratford downtown","Stratford Downtown"
"CT","suffield depot","Suffield Depot"
"CT","tariffville","Tariffville"
"CT","tashua","Tashua"
"CT","taylor corners","Taylor Corners"
"CT","terramuggus","Terramuggus"
"CT","terryville","Terryville"
"CT","thomaston","Thomaston"
"CT","thompsonville","Thompsonville"
"CT","tokeneke","Tokeneke"
"CT","topstone","Topstone"
"CT","torrington","Torrington"
"CT","trumbull center","Trumbull Center"
"CT","wallingford center","Wallingford Center"
"CT","waterbury","Waterbury"
"CT","waterford","Waterford"
"CT","watertown","Watertown"
"CT","wauregan","Wauregan"
"CT","weatogue","Weatogue"
"CT","west cornwall","West Cornwall"
"CT","west hartford","West Hartford"
"CT","west haven","West Haven"
"CT","west mountain","West Mountain"
"CT","west simsbury","West Simsbury"
"CT","westbrook center","Westbrook Center"
"CT","weston","Weston"
"CT","westport village","Westport Village"
"CT","wethersfield","Wethersfield"
"CT","willimantic","Willimantic"
"CT","wilton center","Wilton Center"
"CT","windsor locks","Windsor Locks"
"CT","winsted","Winsted"
"CT","witches woods","Witches Woods"
"CT","woodbury center","Woodbury Center"
"CT","woodmont","Woodmont"
"DC","washington","Washington"
"DC","washington dc","Washington DC"
"DC","washington, dc","Washington DC"
"DE","arden","Arden"
"DE","ardencroft","Ardencroft"
"DE","ardentown","Ardentown"
"DE","bear","Bear"
"DE","bellefonte","Bellefonte"
"DE","bethany beach","Bethany Beach"
"DE","bethel","Bethel"
"DE","blades","Blades"
"DE","bowers","Bowers"
"DE","bridgeville","Bridgeville"
"DE","brookside","Brookside"
"DE","camden","Camden"
"DE","cheswold","Cheswold"
"DE","claymont","Claymont"
"DE","clayton","Clayton"
"DE","dagsboro","Dagsboro"
"DE","delaware city","Delaware City"
"DE","delmar","Delmar"
"DE","dewey beach","Dewey Beach"
"DE","dover","Dover"
"DE","dover base housing","Dover Base Housing"
"DE","edgemoor","Edgemoor"
"DE","ellendale","Ellendale"
"DE","elsmere","Elsmere"
"DE","farmington","Farmington"
"DE","felton","Felton"
"DE","fenwick island","Fenwick Island"
"DE","frankford","Frankford"
"DE","frederica","Frederica"
"DE","georgetown","Georgetown"
"DE","glasgow","Glasgow"
"DE","greenville","Greenville"
"DE","greenwood","Greenwood"
"DE","harrington","Harrington"
"DE","hartly","Hartly"
"DE","henlopen acres","Henlopen Acres"
"DE","highland acres","Highland Acres"
"DE","hockessin","Hockessin"
"DE","houston","Houston"
"DE","kent acres","Kent Acres"
"DE","kenton","Kenton"
"DE","laurel","Laurel"
"DE","leipsic","Leipsic"
"DE","lewes","Lewes"
"DE","lincoln","Lincoln"
"DE","little creek","Little Creek"
"DE","long neck","Long Neck"
"DE","magnolia","Magnolia"
"DE","middletown","Middletown"
"DE","milford","Milford"
"DE","millsboro","Millsboro"
"DE","millville","Millville"
"DE","milton","Milton"
"DE","new castle","New Castle"
"DE","newark","Newark"
"DE","newport","Newport"
"DE","north star","North Star"
"DE","ocean view","Ocean View"
"DE","odessa","Odessa"
"DE","pike creek","Pike Creek"
"DE","pike creek valley","Pike Creek Valley"
"DE","port penn","Port Penn"
"DE","rehoboth beach","Rehoboth Beach"
"DE","rising sun-lebanon","Rising Sun-Lebanon"
"DE","riverview","Riverview"
"DE","rodney village","Rodney Village"
"DE","seaford","Seaford"
"DE","selbyville","Selbyville"
"DE","slaughter beach","Slaughter Beach"
"DE","smyrna","Smyrna"
"DE","south bethany","South Bethany"
"DE","st. georges","St. Georges"
"DE","townsend","Townsend"
"DE","viola","Viola"
"DE","wilmington","Wilmington"
"DE","wilmington manor","Wilmington Manor"
"DE","woodside","Woodside"
"DE","woodside east","Woodside East"
"DE","wyoming","Wyoming"
"FL","acacia villas","Acacia Villas"
"FL","alachua","Alachua"
"FL","alafaya","Alafaya"
"FL","alford","Alford"
"FL","allentown","Allentown"
"FL","altamonte springs","Altamonte Springs"
"FL","altha","Altha"
"FL","altoona","Altoona"
"FL","alturas","Alturas"
"FL","alva","Alva"
"FL","andrews","Andrews"
"FL","anna maria","Anna Maria"
"FL","apalachicola","Apalachicola"
"FL","apollo beach","Apollo Beach"
"FL","apopka","Apopka"
"FL","arcadia","Arcadia"
"FL","archer","Archer"
"FL","aripeka","Aripeka"
"FL","asbury lake","Asbury Lake"
"FL","astatula","Astatula"
"FL","astor","Astor"
"FL","atlantic beach","Atlantic Beach"
"FL","atlantis","Atlantis"
"FL","auburndale","Auburndale"
"FL","aucilla","Aucilla"
"FL","avalon","Avalon"
"FL","ave maria","Ave Maria"
"FL","aventura","Aventura"
"FL","avon park","Avon Park"
"FL","azalea park","Azalea Park"
"FL","babson park","Babson Park"
"FL","bagdad","Bagdad"
"FL","bal harbour","Bal Harbour"
"FL","baldwin","Baldwin"
"FL","balm","Balm"
"FL","bardmoor","Bardmoor"
"FL","bartow","Bartow"
"FL","bascom","Bascom"
"FL","bay harbor islands","Bay Harbor Islands"
"FL","bay hill","Bay Hill"
"FL","bay lake","Bay Lake"
"FL","bay pines","Bay Pines"
"FL","bayonet point","Bayonet Point"
"FL","bayport","Bayport"
"FL","bayshore gardens","Bayshore Gardens"
"FL","beacon square","Beacon Square"
"FL","bear creek","Bear Creek"
"FL","bee ridge","Bee Ridge"
"FL","bell","Bell"
"FL","bellair-meadowbrook terrace","Bellair-Meadowbrook Terrace"
"FL","belle glade","Belle Glade"
"FL","belle isle","Belle Isle"
"FL","belleair","Belleair"
"FL","belleair beach","Belleair Beach"
"FL","belleair bluffs","Belleair Bluffs"
"FL","belleair shore","Belleair Shore"
"FL","belleview","Belleview"
"FL","bellview","Bellview"
"FL","berkshire lakes","Berkshire Lakes"
"FL","berrydale","Berrydale"
"FL","beverly beach","Beverly Beach"
"FL","beverly hills","Beverly Hills"
"FL","big coppitt key","Big Coppitt Key"
"FL","big pine key","Big Pine Key"
"FL","biscayne gardens","Biscayne Gardens"
"FL","biscayne park","Biscayne Park"
"FL","bithlo","Bithlo"
"FL","black diamond","Black Diamond"
"FL","black hammock","Black Hammock"
"FL","bloomingdale","Bloomingdale"
"FL","blountstown","Blountstown"
"FL","boca raton","Boca Raton"
"FL","bokeelia","Bokeelia"
"FL","bonifay","Bonifay"
"FL","bonita springs","Bonita Springs"
"FL","boulevard gardens","Boulevard Gardens"
"FL","bowling green","Bowling Green"
"FL","boynton beach","Boynton Beach"
"FL","bradenton","Bradenton"
"FL","bradenton beach","Bradenton Beach"
"FL","bradfordville","Bradfordville"
"FL","bradley junction","Bradley Junction"
"FL","brandon","Brandon"
"FL","branford","Branford"
"FL","brent","Brent"
"FL","briny breezes","Briny Breezes"
"FL","bristol","Bristol"
"FL","broadview park","Broadview Park"
"FL","bronson","Bronson"
"FL","brooker","Brooker"
"FL","brookridge","Brookridge"
"FL","brooksville","Brooksville"
"FL","brownsdale","Brownsdale"
"FL","brownsville","Brownsville"
"FL","buckhead ridge","Buckhead Ridge"
"FL","buckingham","Buckingham"
"FL","buenaventura lakes","Buenaventura Lakes"
"FL","bunnell","Bunnell"
"FL","burnt store marina","Burnt Store Marina"
"FL","bushnell","Bushnell"
"FL","butler beach","Butler Beach"
"FL","cabana colony","Cabana Colony"
"FL","callahan","Callahan"
"FL","callaway","Callaway"
"FL","campbell","Campbell"
"FL","campbellton","Campbellton"
"FL","canal point","Canal Point"
"FL","cape canaveral","Cape Canaveral"
"FL","cape coral","Cape Coral"
"FL","capitola","Capitola"
"FL","captiva","Captiva"
"FL","carrabelle","Carrabelle"
"FL","carrollwood","Carrollwood"
"FL","caryville","Caryville"
"FL","casselberry","Casselberry"
"FL","cedar grove","Cedar Grove"
"FL","cedar key","Cedar Key"
"FL","celebration","Celebration"
"FL","center hill","Center Hill"
"FL","century","Century"
"FL","chaires","Chaires"
"FL","charleston park","Charleston Park"
"FL","charlotte harbor","Charlotte Harbor"
"FL","charlotte park","Charlotte Park"
"FL","chattahoochee","Chattahoochee"
"FL","cheval","Cheval"
"FL","chiefland","Chiefland"
"FL","chipley","Chipley"
"FL","chokoloskee","Chokoloskee"
"FL","christmas","Christmas"
"FL","chuluota","Chuluota"
"FL","chumuckla","Chumuckla"
"FL","cinco bayou","Cinco Bayou"
"FL","citrus hills","Citrus Hills"
"FL","citrus park","Citrus Park"
"FL","citrus springs","Citrus Springs"
"FL","clarcona","Clarcona"
"FL","clearwater","Clearwater"
"FL","clermont","Clermont"
"FL","cleveland","Cleveland"
"FL","clewiston","Clewiston"
"FL","cloud lake","Cloud Lake"
"FL","cobbtown","Cobbtown"
"FL","cocoa","Cocoa"
"FL","cocoa beach","Cocoa Beach"
"FL","cocoa west","Cocoa West"
"FL","coconut creek","Coconut Creek"
"FL","coleman","Coleman"
"FL","combee settlement","Combee Settlement"
"FL","connerton","Connerton"
"FL","conway","Conway"
"FL","cooper city","Cooper City"
"FL","coral gables","Coral Gables"
"FL","coral springs","Coral Springs"
"FL","coral terrace","Coral Terrace"
"FL","cortez","Cortez"
"FL","cottondale","Cottondale"
"FL","country club","Country Club"
"FL","country walk","Country Walk"
"FL","crawfordville","Crawfordville"
"FL","crescent beach","Crescent Beach"
"FL","crescent city","Crescent City"
"FL","crestview","Crestview"
"FL","crooked lake park","Crooked Lake Park"
"FL","cross city","Cross City"
"FL","crystal lake","Crystal Lake"
"FL","crystal river","Crystal River"
"FL","crystal springs","Crystal Springs"
"FL","cudjoe key","Cudjoe Key"
"FL","cutler bay","Cutler Bay"
"FL","cypress gardens","Cypress Gardens"
"FL","cypress lake","Cypress Lake"
"FL","cypress quarters","Cypress Quarters"
"FL","dade city","Dade City"
"FL","dade city north","Dade City North"
"FL","dania beach","Dania Beach"
"FL","davenport","Davenport"
"FL","davie","Davie"
"FL","day","Day"
"FL","daytona beach","Daytona Beach"
"FL","daytona beach shores","Daytona Beach Shores"
"FL","de leon springs","De Leon Springs"
"FL","debary","DeBary"
"FL","deerfield beach","Deerfield Beach"
"FL","defuniak springs","DeFuniak Springs"
"FL","deland","DeLand"
"FL","deland southwest","DeLand Southwest"
"FL","delray beach","Delray Beach"
"FL","deltona","Deltona"
"FL","desoto acres","Desoto Acres"
"FL","desoto lakes","Desoto Lakes"
"FL","destin","Destin"
"FL","dickerson city","Dickerson City"
"FL","dixonville","Dixonville"
"FL","doctor phillips","Doctor Phillips"
"FL","doral","Doral"
"FL","dover","Dover"
"FL","duck key","Duck Key"
"FL","dundee","Dundee"
"FL","dunedin","Dunedin"
"FL","dunnellon","Dunnellon"
"FL","eagle lake","Eagle Lake"
"FL","east bronson","East Bronson"
"FL","east lake","East Lake"
"FL","east lake-orient park","East Lake-Orient Park"
"FL","east milton","East Milton"
"FL","east palatka","East Palatka"
"FL","east williston","East Williston"
"FL","eastpoint","Eastpoint"
"FL","eatonville","Eatonville"
"FL","ebro","Ebro"
"FL","edgewater","Edgewater"
"FL","edgewood","Edgewood"
"FL","eglin afb","Eglin AFB"
"FL","egypt lake-leto","Egypt Lake-Leto"
"FL","el portal","El Portal"
"FL","elfers","Elfers"
"FL","ellenton","Ellenton"
"FL","englewood","Englewood"
"FL","ensley","Ensley"
"FL","espanola","Espanola"
"FL","estero","Estero"
"FL","esto","Esto"
"FL","eustis","Eustis"
"FL","everglades","Everglades"
"FL","fairview shores","Fairview Shores"
"FL","fanning springs","Fanning Springs"
"FL","feather sound","Feather Sound"
"FL","fellsmere","Fellsmere"
"FL","fern park","Fern Park"
"FL","fernandina beach","Fernandina Beach"
"FL","ferndale","Ferndale"
"FL","ferry pass","Ferry Pass"
"FL","fidelis","Fidelis"
"FL","fish hawk","Fish Hawk"
"FL","fisher island","Fisher Island"
"FL","five points","Five Points"
"FL","flagler beach","Flagler Beach"
"FL","flagler estates","Flagler Estates"
"FL","fleming island","Fleming Island"
"FL","floral city","Floral City"
"FL","florida city","Florida City"
"FL","florida gulf coast university","Florida Gulf Coast University"
"FL","florida ridge","Florida Ridge"
"FL","floridatown","Floridatown"
"FL","forest city","Forest City"
"FL","fort braden","Fort Braden"
"FL","fort denaud","Fort Denaud"
"FL","fort green","Fort Green"
"FL","fort green springs","Fort Green Springs"
"FL","fort lauderdale","Fort Lauderdale"
"FL","fort meade","Fort Meade"
"FL","fort myers","Fort Myers"
"FL","fort myers beach","Fort Myers Beach"
"FL","fort myers shores","Fort Myers Shores"
"FL","fort pierce","Fort Pierce"
"FL","fort pierce north","Fort Pierce North"
"FL","fort pierce south","Fort Pierce South"
"FL","fort walton beach","Fort Walton Beach"
"FL","fort white","Fort White"
"FL","fountainebleau","Fountainebleau"
"FL","four corners","Four Corners"
"FL","franklin park","Franklin Park"
"FL","freeport","Freeport"
"FL","frostproof","Frostproof"
"FL","fruit cove","Fruit Cove"
"FL","fruitland park","Fruitland Park"
"FL","fruitville","Fruitville"
"FL","fuller heights","Fuller Heights"
"FL","fussels corner","Fussels Corner"
"FL","gainesville","Gainesville"
"FL","garcon point","Garcon Point"
"FL","garden grove","Garden Grove"
"FL","gardner","Gardner"
"FL","gateway","Gateway"
"FL","geneva","Geneva"
"FL","gibsonton","Gibsonton"
"FL","gifford","Gifford"
"FL","gladeview","Gladeview"
"FL","glen ridge","Glen Ridge"
"FL","glen st. mary","Glen St. Mary"
"FL","glencoe","Glencoe"
"FL","glenvar heights","Glenvar Heights"
"FL","golden beach","Golden Beach"
"FL","golden gate","Golden Gate"
"FL","goldenrod","Goldenrod"
"FL","golf","Golf"
"FL","gonzalez","Gonzalez"
"FL","goodland","Goodland"
"FL","gotha","Gotha"
"FL","goulding","Goulding"
"FL","goulds","Goulds"
"FL","graceville","Graceville"
"FL","grand ridge","Grand Ridge"
"FL","grant-valkaria","Grant-Valkaria"
"FL","green cove springs","Green Cove Springs"
"FL","greenacres","Greenacres"
"FL","greenbriar","Greenbriar"
"FL","greensboro","Greensboro"
"FL","greenville","Greenville"
"FL","greenwood","Greenwood"
"FL","grenelefe","Grenelefe"
"FL","gretna","Gretna"
"FL","grove city","Grove City"
"FL","groveland","Groveland"
"FL","gulf breeze","Gulf Breeze"
"FL","gulf gate","Gulf Gate"
"FL","gulf stream","Gulf Stream"
"FL","gulfport","Gulfport"
"FL","gun club estates","Gun Club Estates"
"FL","haines city","Haines City"
"FL","hallandale beach","Hallandale Beach"
"FL","hampton","Hampton"
"FL","harbor bluffs","Harbor Bluffs"
"FL","harbour heights","Harbour Heights"
"FL","harlem","Harlem"
"FL","harlem heights","Harlem Heights"
"FL","harold","Harold"
"FL","hastings","Hastings"
"FL","havana","Havana"
"FL","haverhill","Haverhill"
"FL","hawthorne","Hawthorne"
"FL","heathrow","Heathrow"
"FL","heritage bay","Heritage Bay"
"FL","heritage pines","Heritage Pines"
"FL","hernando","Hernando"
"FL","hernando beach","Hernando Beach"
"FL","hialeah","Hialeah"
"FL","hialeah gardens","Hialeah Gardens"
"FL","high point","High Point"
"FL","high springs","High Springs"
"FL","highland beach","Highland Beach"
"FL","highland city","Highland City"
"FL","highland park","Highland Park"
"FL","hill 'n dale","Hill 'n Dale"
"FL","hillcrest heights","Hillcrest Heights"
"FL","hilliard","Hilliard"
"FL","hillsboro beach","Hillsboro Beach"
"FL","hillsboro pines","Hillsboro Pines"
"FL","hobe sound","Hobe Sound"
"FL","holden heights","Holden Heights"
"FL","holden lakes","Holden Lakes"
"FL","holiday","Holiday"
"FL","holley","Holley"
"FL","holly hill","Holly Hill"
"FL","hollywood","Hollywood"
"FL","holmes beach","Holmes Beach"
"FL","homeland","Homeland"
"FL","homestead","Homestead"
"FL","homestead base","Homestead Base"
"FL","homosassa","Homosassa"
"FL","homosassa springs","Homosassa Springs"
"FL","horizon west","Horizon West"
"FL","horseshoe beach","Horseshoe Beach"
"FL","hosford","Hosford"
"FL","howey-in-the-hills","Howey-in-the-Hills"
"FL","hudson","Hudson"
"FL","hunters creek","Hunters Creek"
"FL","hurlburt field","Hurlburt Field"
"FL","hutchinson island south","Hutchinson Island South"
"FL","hypoluxo","Hypoluxo"
"FL","immokalee","Immokalee"
"FL","indialantic","Indialantic"
"FL","indian creek","Indian Creek"
"FL","indian harbour beach","Indian Harbour Beach"
"FL","indian lake estates","Indian Lake Estates"
"FL","indian river estates","Indian River Estates"
"FL","indian river shores","Indian River Shores"
"FL","indian rocks beach","Indian Rocks Beach"
"FL","indian shores","Indian Shores"
"FL","indiantown","Indiantown"
"FL","inglis","Inglis"
"FL","interlachen","Interlachen"
"FL","inverness","Inverness"
"FL","inverness highlands north","Inverness Highlands North"
"FL","inverness highlands south","Inverness Highlands South"
"FL","inwood","Inwood"
"FL","iona","Iona"
"FL","islamorada, village of islands","Islamorada, Village of Islands"
"FL","island walk","Island Walk"
"FL","istachatta","Istachatta"
"FL","ives estates","Ives Estates"
"FL","jacksonville","Jacksonville"
"FL","jacksonville beach","Jacksonville Beach"
"FL","jacob city","Jacob City"
"FL","jan phyl village","Jan Phyl Village"
"FL","jasmine estates","Jasmine Estates"
"FL","jasper","Jasper"
"FL","jay","Jay"
"FL","jennings","Jennings"
"FL","jensen beach","Jensen Beach"
"FL","june park","June Park"
"FL","juno beach","Juno Beach"
"FL","juno ridge","Juno Ridge"
"FL","jupiter","Jupiter"
"FL","jupiter farms","Jupiter Farms"
"FL","jupiter inlet colony","Jupiter Inlet Colony"
"FL","jupiter island","Jupiter Island"
"FL","kathleen","Kathleen"
"FL","kendale lakes","Kendale Lakes"
"FL","kendall","Kendall"
"FL","kendall west","Kendall West"
"FL","kenneth city","Kenneth City"
"FL","kensington park","Kensington Park"
"FL","kenwood estates","Kenwood Estates"
"FL","key biscayne","Key Biscayne"
"FL","key colony beach","Key Colony Beach"
"FL","key largo","Key Largo"
"FL","key vista","Key Vista"
"FL","key west","Key West"
"FL","keystone","Keystone"
"FL","keystone heights","Keystone Heights"
"FL","kissimmee","Kissimmee"
"FL","la crosse","La Crosse"
"FL","labelle","LaBelle"
"FL","lacoochee","Lacoochee"
"FL","lady lake","Lady Lake"
"FL","laguna beach","Laguna Beach"
"FL","lake alfred","Lake Alfred"
"FL","lake belvedere estates","Lake Belvedere Estates"
"FL","lake buena vista","Lake Buena Vista"
"FL","lake butler","Lake Butler"
"FL","lake city","Lake City"
"FL","lake clarke shores","Lake Clarke Shores"
"FL","lake hamilton","Lake Hamilton"
"FL","lake harbor","Lake Harbor"
"FL","lake hart","Lake Hart"
"FL","lake helen","Lake Helen"
"FL","lake kathryn","Lake Kathryn"
"FL","lake kerr","Lake Kerr"
"FL","lake lindsey","Lake Lindsey"
"FL","lake lorraine","Lake Lorraine"
"FL","lake mack-forest hills","Lake Mack-Forest Hills"
"FL","lake magdalene","Lake Magdalene"
"FL","lake mary","Lake Mary"
"FL","lake mary jane","Lake Mary Jane"
"FL","lake mystic","Lake Mystic"
"FL","lake panasoffkee","Lake Panasoffkee"
"FL","lake park","Lake Park"
"FL","lake placid","Lake Placid"
"FL","lake sarasota","Lake Sarasota"
"FL","lake wales","Lake Wales"
"FL","lake worth beach","Lake Worth Beach"
"FL","lakeland","Lakeland"
"FL","lakeland highlands","Lakeland Highlands"
"FL","lakeside","Lakeside"
"FL","lakewood park","Lakewood Park"
"FL","lakewood ranch","Lakewood Ranch"
"FL","lamont","Lamont"
"FL","land o' lakes","Land O' Lakes"
"FL","lantana","Lantana"
"FL","largo","Largo"
"FL","lauderdale lakes","Lauderdale Lakes"
"FL","lauderdale-by-the-sea","Lauderdale-by-the-Sea"
"FL","lauderhill","Lauderhill"
"FL","laurel","Laurel"
"FL","laurel hill","Laurel Hill"
"FL","lawtey","Lawtey"
"FL","layton","Layton"
"FL","lazy lake","Lazy Lake"
"FL","lealman","Lealman"
"FL","lecanto","Lecanto"
"FL","lee","Lee"
"FL","leesburg","Leesburg"
"FL","lehigh acres","Lehigh Acres"
"FL","leisure city","Leisure City"
"FL","lely","Lely"
"FL","lely resort","Lely Resort"
"FL","lemon grove","Lemon Grove"
"FL","liberty triangle","Liberty Triangle"
"FL","lighthouse point","Lighthouse Point"
"FL","limestone","Limestone"
"FL","limestone creek","Limestone Creek"
"FL","lisbon","Lisbon"
"FL","live oak","Live Oak"
"FL","lloyd","Lloyd"
"FL","lochmoor waterway estates","Lochmoor Waterway Estates"
"FL","lockhart","Lockhart"
"FL","longboat key","Longboat Key"
"FL","longwood","Longwood"
"FL","loughman","Loughman"
"FL","lower grand lagoon","Lower Grand Lagoon"
"FL","loxahatchee groves","Loxahatchee Groves"
"FL","lutz","Lutz"
"FL","lynn haven","Lynn Haven"
"FL","macclenny","Macclenny"
"FL","madeira beach","Madeira Beach"
"FL","madison","Madison"
"FL","maitland","Maitland"
"FL","malabar","Malabar"
"FL","malone","Malone"
"FL","manalapan","Manalapan"
"FL","manasota key","Manasota Key"
"FL","manatee road","Manatee Road"
"FL","mango","Mango"
"FL","mangonia park","Mangonia Park"
"FL","marathon","Marathon"
"FL","marco island","Marco Island"
"FL","marco shores-hammock bay","Marco Shores-Hammock Bay"
"FL","margate","Margate"
"FL","marianna","Marianna"
"FL","marineland","Marineland"
"FL","marion oaks","Marion Oaks"
"FL","mary esther","Mary Esther"
"FL","masaryktown","Masaryktown"
"FL","mascotte","Mascotte"
"FL","matlacha","Matlacha"
"FL","matlacha isles-matlacha shores","Matlacha Isles-Matlacha Shores"
"FL","mayo","Mayo"
"FL","mcgregor","McGregor"
"FL","mcintosh","McIntosh"
"FL","meadow oaks","Meadow Oaks"
"FL","meadow woods","Meadow Woods"
"FL","medley","Medley"
"FL","medulla","Medulla"
"FL","melbourne","Melbourne"
"FL","melbourne beach","Melbourne Beach"
"FL","melbourne village","Melbourne Village"
"FL","memphis","Memphis"
"FL","merritt island","Merritt Island"
"FL","mexico beach","Mexico Beach"
"FL","miami","Miami"
"FL","miami beach","Miami Beach"
"FL","miami gardens","Miami Gardens"
"FL","miami lakes","Miami Lakes"
"FL","miami shores","Miami Shores"
"FL","miami springs","Miami Springs"
"FL","micanopy","Micanopy"
"FL","micco","Micco"
"FL","miccosukee","Miccosukee"
"FL","middleburg","Middleburg"
"FL","midway","Midway"
"FL","milton","Milton"
"FL","mims","Mims"
"FL","minneola","Minneola"
"FL","miramar","Miramar"
"FL","miramar beach","Miramar Beach"
"FL","molino","Molino"
"FL","monticello","Monticello"
"FL","montura","Montura"
"FL","montverde","Montverde"
"FL","moon lake","Moon Lake"
"FL","moore haven","Moore Haven"
"FL","morriston","Morriston"
"FL","mount carmel","Mount Carmel"
"FL","mount dora","Mount Dora"
"FL","mount plymouth","Mount Plymouth"
"FL","mulat","Mulat"
"FL","mulberry","Mulberry"
"FL","munson","Munson"
"FL","myrtle grove","Myrtle Grove"
"FL","naples","Naples"
"FL","naples manor","Naples Manor"
"FL","naples park","Naples Park"
"FL","naranja","Naranja"
"FL","nassau village-ratliff","Nassau Village-Ratliff"
"FL","navarre","Navarre"
"FL","navarre beach","Navarre Beach"
"FL","neptune beach","Neptune Beach"
"FL","new port richey","New Port Richey"
"FL","new port richey east","New Port Richey East"
"FL","new smyrna beach","New Smyrna Beach"
"FL","new york","New York"
"FL","newberry","Newberry"
"FL","niceville","Niceville"
"FL","nobleton","Nobleton"
"FL","nocatee","Nocatee"
"FL","nokomis","Nokomis"
"FL","noma","Noma"
"FL","north bay village","North Bay Village"
"FL","north brooksville","North Brooksville"
"FL","north deland","North DeLand"
"FL","north fort myers","North Fort Myers"
"FL","north key largo","North Key Largo"
"FL","north lauderdale","North Lauderdale"
"FL","north merritt island","North Merritt Island"
"FL","north miami","North Miami"
"FL","north miami beach","North Miami Beach"
"FL","north palm beach","North Palm Beach"
"FL","north port","North Port"
"FL","north redington beach","North Redington Beach"
"FL","north river shores","North River Shores"
"FL","north sarasota","North Sarasota"
"FL","north weeki wachee","North Weeki Wachee"
"FL","northdale","Northdale"
"FL","oak hill","Oak Hill"
"FL","oak ridge","Oak Ridge"
"FL","oakland","Oakland"
"FL","oakland park","Oakland Park"
"FL","oakleaf plantation","Oakleaf Plantation"
"FL","ocala","Ocala"
"FL","ocala estates","Ocala Estates"
"FL","ocean breeze","Ocean Breeze"
"FL","ocean city","Ocean City"
"FL","ocean ridge","Ocean Ridge"
"FL","ocklawaha","Ocklawaha"
"FL","ocoee","Ocoee"
"FL","odessa","Odessa"
"FL","ojus","Ojus"
"FL","okahumpka","Okahumpka"
"FL","okeechobee","Okeechobee"
"FL","old miakka","Old Miakka"
"FL","oldsmar","Oldsmar"
"FL","olga","Olga"
"FL","olympia heights","Olympia Heights"
"FL","on top of the world","On Top of the World"
"FL","ona","Ona"
"FL","opa-locka","Opa-locka"
"FL","orange city","Orange City"
"FL","orange park","Orange Park"
"FL","orangetree","Orangetree"
"FL","orchid","Orchid"
"FL","oriole beach","Oriole Beach"
"FL","orlando","Orlando"
"FL","orlovista","Orlovista"
"FL","ormond beach","Ormond Beach"
"FL","ormond-by-the-sea","Ormond-by-the-Sea"
"FL","osprey","Osprey"
"FL","otter creek","Otter Creek"
"FL","oviedo","Oviedo"
"FL","pace","Pace"
"FL","page park","Page Park"
"FL","pahokee","Pahokee"
"FL","paisley","Paisley"
"FL","palatka","Palatka"
"FL","palm bay","Palm Bay"
"FL","palm beach","Palm Beach"
"FL","palm beach gardens","Palm Beach Gardens"
"FL","palm beach shores","Palm Beach Shores"
"FL","palm city","Palm City"
"FL","palm coast","Palm Coast"
"FL","palm harbor","Palm Harbor"
"FL","palm river-clair mel","Palm River-Clair Mel"
"FL","palm shores","Palm Shores"
"FL","palm springs","Palm Springs"
"FL","palm springs north","Palm Springs North"
"FL","palm valley","Palm Valley"
"FL","palmer ranch","Palmer Ranch"
"FL","palmetto","Palmetto"
"FL","palmetto bay","Palmetto Bay"
"FL","palmetto estates","Palmetto Estates"
"FL","palmona park","Palmona Park"
"FL","panacea","Panacea"
"FL","panama city","Panama City"
"FL","panama city beach","Panama City Beach"
"FL","paradise heights","Paradise Heights"
"FL","parker","Parker"
"FL","parkland","Parkland"
"FL","pasadena hills","Pasadena Hills"
"FL","patrick afb","Patrick AFB"
"FL","paxton","Paxton"
"FL","pea ridge","Pea Ridge"
"FL","pebble creek","Pebble Creek"
"FL","pelican bay","Pelican Bay"
"FL","pelican marsh","Pelican Marsh"
"FL","pembroke park","Pembroke Park"
"FL","pembroke pines","Pembroke Pines"
"FL","penney farms","Penney Farms"
"FL","pensacola","Pensacola"
"FL","pensacola station","Pensacola Station"
"FL","perry","Perry"
"FL","pierson","Pierson"
"FL","pine air","Pine Air"
"FL","pine castle","Pine Castle"
"FL","pine hills","Pine Hills"
"FL","pine island","Pine Island"
"FL","pine island center","Pine Island Center"
"FL","pine lakes","Pine Lakes"
"FL","pine level","Pine Level"
"FL","pine manor","Pine Manor"
"FL","pine ridge","Pine Ridge"
"FL","pinecraft","Pinecraft"
"FL","pinecrest","Pinecrest"
"FL","pineland","Pineland"
"FL","pinellas park","Pinellas Park"
"FL","pinewood","Pinewood"
"FL","pioneer","Pioneer"
"FL","pittman","Pittman"
"FL","plant city","Plant City"
"FL","plantation","Plantation"
"FL","plantation island","Plantation Island"
"FL","plantation mobile home park","Plantation Mobile Home Park"
"FL","poinciana","Poinciana"
"FL","point baker","Point Baker"
"FL","polk city","Polk City"
"FL","pomona park","Pomona Park"
"FL","pompano beach","Pompano Beach"
"FL","ponce de leon","Ponce de Leon"
"FL","ponce inlet","Ponce Inlet"
"FL","port charlotte","Port Charlotte"
"FL","port labelle","Port LaBelle"
"FL","port orange","Port Orange"
"FL","port richey","Port Richey"
"FL","port salerno","Port Salerno"
"FL","port st. joe","Port St. Joe"
"FL","port st. john","Port St. John"
"FL","port st. lucie","Port St. Lucie"
"FL","pretty bayou","Pretty Bayou"
"FL","princeton","Princeton"
"FL","progress village","Progress Village"
"FL","punta gorda","Punta Gorda"
"FL","punta rassa","Punta Rassa"
"FL","quail ridge","Quail Ridge"
"FL","quincy","Quincy"
"FL","raiford","Raiford"
"FL","rainbow lakes estates","Rainbow Lakes Estates"
"FL","rainbow park","Rainbow Park"
"FL","rainbow springs","Rainbow Springs"
"FL","raleigh","Raleigh"
"FL","reddick","Reddick"
"FL","redington beach","Redington Beach"
"FL","redington shores","Redington Shores"
"FL","richmond heights","Richmond Heights"
"FL","richmond west","Richmond West"
"FL","ridge manor","Ridge Manor"
"FL","ridge wood heights","Ridge Wood Heights"
"FL","ridgecrest","Ridgecrest"
"FL","rio","Rio"
"FL","rio pinar","Rio Pinar"
"FL","river park","River Park"
"FL","river ridge","River Ridge"
"FL","riverview","Riverview"
"FL","riviera beach","Riviera Beach"
"FL","rockledge","Rockledge"
"FL","roeville","Roeville"
"FL","roosevelt gardens","Roosevelt Gardens"
"FL","roseland","Roseland"
"FL","rotonda","Rotonda"
"FL","royal palm beach","Royal Palm Beach"
"FL","royal palm estates","Royal Palm Estates"
"FL","ruskin","Ruskin"
"FL","safety harbor","Safety Harbor"
"FL","samoset","Samoset"
"FL","samsula-spruce creek","Samsula-Spruce Creek"
"FL","san antonio","San Antonio"
"FL","san carlos park","San Carlos Park"
"FL","san castle","San Castle"
"FL","sanford","Sanford"
"FL","sanibel","Sanibel"
"FL","sarasota","Sarasota"
"FL","sarasota springs","Sarasota Springs"
"FL","satellite beach","Satellite Beach"
"FL","sawgrass","Sawgrass"
"FL","schall circle","Schall Circle"
"FL","scottsmoor","Scottsmoor"
"FL","sea ranch lakes","Sea Ranch Lakes"
"FL","sebastian","Sebastian"
"FL","sebring","Sebring"
"FL","seffner","Seffner"
"FL","seminole","Seminole"
"FL","seminole manor","Seminole Manor"
"FL","seville","Seville"
"FL","sewall's point","Sewall's Point"
"FL","shady hills","Shady Hills"
"FL","shalimar","Shalimar"
"FL","sharpes","Sharpes"
"FL","siesta key","Siesta Key"
"FL","silver lake","Silver Lake"
"FL","silver springs","Silver Springs"
"FL","silver springs shores","Silver Springs Shores"
"FL","silver springs shores east","Silver Springs Shores East"
"FL","sky lake","Sky Lake"
"FL","sneads","Sneads"
"FL","solana","Solana"
"FL","sopchoppy","Sopchoppy"
"FL","sorrento","Sorrento"
"FL","south apopka","South Apopka"
"FL","south bay","South Bay"
"FL","south beach","South Beach"
"FL","south bradenton","South Bradenton"
"FL","south brooksville","South Brooksville"
"FL","south daytona","South Daytona"
"FL","south gate ridge","South Gate Ridge"
"FL","south highpoint","South Highpoint"
"FL","south miami","South Miami"
"FL","south miami heights","South Miami Heights"
"FL","south palm beach","South Palm Beach"
"FL","south pasadena","South Pasadena"
"FL","south patrick shores","South Patrick Shores"
"FL","south sarasota","South Sarasota"
"FL","south venice","South Venice"
"FL","southchase","Southchase"
"FL","southeast arcadia","Southeast Arcadia"
"FL","southgate","Southgate"
"FL","southport","Southport"
"FL","southwest ranches","Southwest Ranches"
"FL","spring hill","Spring Hill"
"FL","spring lake","Spring Lake"
"FL","spring ridge","Spring Ridge"
"FL","springfield","Springfield"
"FL","springhill","Springhill"
"FL","st. augustine","St. Augustine"
"FL","st. augustine beach","St. Augustine Beach"
"FL","st. augustine shores","St. Augustine Shores"
"FL","st. augustine south","St. Augustine South"
"FL","st. cloud","St. Cloud"
"FL","st. george island","St. George Island"
"FL","st. james city","St. James City"
"FL","st. leo","St. Leo"
"FL","st. lucie village","St. Lucie Village"
"FL","st. marks","St. Marks"
"FL","st. pete beach","St. Pete Beach"
"FL","st. petersburg","St. Petersburg"
"FL","stacey street","Stacey Street"
"FL","starke","Starke"
"FL","steinhatchee","Steinhatchee"
"FL","stock island","Stock Island"
"FL","stuart","Stuart"
"FL","sugarmill woods","Sugarmill Woods"
"FL","sumatra","Sumatra"
"FL","sun city center","Sun City Center"
"FL","suncoast estates","Suncoast Estates"
"FL","sunny isles beach","Sunny Isles Beach"
"FL","sunrise","Sunrise"
"FL","sunset","Sunset"
"FL","surfside","Surfside"
"FL","sweetwater","Sweetwater"
"FL","taft","Taft"
"FL","tallahassee","Tallahassee"
"FL","tamarac","Tamarac"
"FL","tamiami","Tamiami"
"FL","tampa","Tampa"
"FL","tangelo park","Tangelo Park"
"FL","tangerine","Tangerine"
"FL","tarpon springs","Tarpon Springs"
"FL","tavares","Tavares"
"FL","tavernier","Tavernier"
"FL","taylor creek","Taylor Creek"
"FL","temple terrace","Temple Terrace"
"FL","tequesta","Tequesta"
"FL","the acreage","The Acreage"
"FL","the crossings","The Crossings"
"FL","the hammocks","The Hammocks"
"FL","the meadows","The Meadows"
"FL","the villages","The Villages"
"FL","thonotosassa","Thonotosassa"
"FL","three lakes","Three Lakes"
"FL","three oaks","Three Oaks"
"FL","tice","Tice"
"FL","tierra verde","Tierra Verde"
"FL","tiger point","Tiger Point"
"FL","tildenville","Tildenville"
"FL","timber pines","Timber Pines"
"FL","titusville","Titusville"
"FL","town 'n' country","Town 'n' Country"
"FL","treasure island","Treasure Island"
"FL","trenton","Trenton"
"FL","trilby","Trilby"
"FL","trinity","Trinity"
"FL","tropical park","Tropical Park"
"FL","tyndall afb","Tyndall AFB"
"FL","umatilla","Umatilla"
"FL","union park","Union Park"
"FL","university","University"
"FL","upper grand lagoon","Upper Grand Lagoon"
"FL","valparaiso","Valparaiso"
"FL","valrico","Valrico"
"FL","vamo","Vamo"
"FL","venice","Venice"
"FL","venice gardens","Venice Gardens"
"FL","verandah","Verandah"
"FL","vernon","Vernon"
"FL","vero beach","Vero Beach"
"FL","vero beach south","Vero Beach South"
"FL","vero lake estates","Vero Lake Estates"
"FL","verona walk","Verona Walk"
"FL","viera east","Viera East"
"FL","viera west","Viera West"
"FL","vilano beach","Vilano Beach"
"FL","villas","Villas"
"FL","vineyards","Vineyards"
"FL","virginia gardens","Virginia Gardens"
"FL","wabasso","Wabasso"
"FL","wabasso beach","Wabasso Beach"
"FL","wacissa","Wacissa"
"FL","wahneta","Wahneta"
"FL","waldo","Waldo"
"FL","wallace","Wallace"
"FL","warm mineral springs","Warm Mineral Springs"
"FL","warrington","Warrington"
"FL","washington park","Washington Park"
"FL","watergate","Watergate"
"FL","watertown","Watertown"
"FL","wauchula","Wauchula"
"FL","waukeenah","Waukeenah"
"FL","wausau","Wausau"
"FL","waverly","Waverly"
"FL","webster","Webster"
"FL","wedgefield","Wedgefield"
"FL","weeki wachee gardens","Weeki Wachee Gardens"
"FL","wekiwa springs","Wekiwa Springs"
"FL","welaka","Welaka"
"FL","wellington","Wellington"
"FL","wesley chapel","Wesley Chapel"
"FL","west bradenton","West Bradenton"
"FL","west canaveral groves","West Canaveral Groves"
"FL","west deland","West DeLand"
"FL","west lealman","West Lealman"
"FL","west little river","West Little River"
"FL","west melbourne","West Melbourne"
"FL","west miami","West Miami"
"FL","west palm beach","West Palm Beach"
"FL","west park","West Park"
"FL","west pensacola","West Pensacola"
"FL","west perrine","West Perrine"
"FL","west samoset","West Samoset"
"FL","west vero corridor","West Vero Corridor"
"FL","westchase","Westchase"
"FL","westchester","Westchester"
"FL","westgate","Westgate"
"FL","westlake","Westlake"
"FL","weston","Weston"
"FL","westview","Westview"
"FL","westville","Westville"
"FL","westwood lakes","Westwood Lakes"
"FL","wewahitchka","Wewahitchka"
"FL","whiskey creek","Whiskey Creek"
"FL","white city","White City"
"FL","white springs","White Springs"
"FL","whitfield","Whitfield"
"FL","wildwood","Wildwood"
"FL","williamsburg","Williamsburg"
"FL","williston","Williston"
"FL","williston highlands","Williston Highlands"
"FL","willow oak","Willow Oak"
"FL","wilton manors","Wilton Manors"
"FL","wimauma","Wimauma"
"FL","windermere","Windermere"
"FL","winding cypress","Winding Cypress"
"FL","windsor","Windsor"
"FL","winter beach","Winter Beach"
"FL","winter garden","Winter Garden"
"FL","winter haven","Winter Haven"
"FL","winter park","Winter Park"
"FL","winter springs","Winter Springs"
"FL","wiscon","Wiscon"
"FL","woodlawn beach","Woodlawn Beach"
"FL","woodville","Woodville"
"FL","world golf village","World Golf Village"
"FL","worthington springs","Worthington Springs"
"FL","wright","Wright"
"FL","yalaha","Yalaha"
"FL","yankeetown","Yankeetown"
"FL","yeehaw junction","Yeehaw Junction"
"FL","yulee","Yulee"
"FL","zellwood","Zellwood"
"FL","zephyrhills","Zephyrhills"
"FL","zephyrhills north","Zephyrhills North"
"FL","zephyrhills south","Zephyrhills South"
"FL","zephyrhills west","Zephyrhills West"
"FL","zolfo springs","Zolfo Springs"
"GA","abbeville","Abbeville"
"GA","acworth","Acworth"
"GA","adairsville","Adairsville"
"GA","adel","Adel"
"GA","adrian","Adrian"
"GA","ailey","Ailey"
"GA","alamo","Alamo"
"GA","alapaha","Alapaha"
"GA","albany","Albany"
"GA","aldora","Aldora"
"GA","allenhurst","Allenhurst"
"GA","allentown","Allentown"
"GA","alma","Alma"
"GA","alpharetta","Alpharetta"
"GA","alston","Alston"
"GA","alto","Alto"
"GA","ambrose","Ambrose"
"GA","americus","Americus"
"GA","andersonville","Andersonville"
"GA","antioch","Antioch"
"GA","appling","Appling"
"GA","arabi","Arabi"
"GA","aragon","Aragon"
"GA","arcade","Arcade"
"GA","argyle","Argyle"
"GA","arlington","Arlington"
"GA","arnoldsville","Arnoldsville"
"GA","ashburn","Ashburn"
"GA","athens-clarke county unified government (balance)","Athens-Clarke County unified government (balance)"
"GA","atlanta","Atlanta"
"GA","attapulgus","Attapulgus"
"GA","auburn","Auburn"
"GA","augusta-richmond county consolidated government (balance)","Augusta-Richmond County consolidated government (balance)"
"GA","austell","Austell"
"GA","avalon","Avalon"
"GA","avera","Avera"
"GA","avondale estates","Avondale Estates"
"GA","axson","Axson"
"GA","baconton","Baconton"
"GA","bainbridge","Bainbridge"
"GA","baldwin","Baldwin"
"GA","ball ground","Ball Ground"
"GA","barnesville","Barnesville"
"GA","bartow","Bartow"
"GA","barwick","Barwick"
"GA","baxley","Baxley"
"GA","bellville","Bellville"
"GA","belvedere park","Belvedere Park"
"GA","bemiss","Bemiss"
"GA","berkeley lake","Berkeley Lake"
"GA","berlin","Berlin"
"GA","berry college","Berry College"
"GA","bethlehem","Bethlehem"
"GA","between","Between"
"GA","bishop","Bishop"
"GA","blackshear","Blackshear"
"GA","blairsville","Blairsville"
"GA","blakely","Blakely"
"GA","bloomingdale","Bloomingdale"
"GA","blue ridge","Blue Ridge"
"GA","bluffton","Bluffton"
"GA","blythe","Blythe"
"GA","bogart","Bogart"
"GA","bolingbroke","Bolingbroke"
"GA","bonanza","Bonanza"
"GA","boston","Boston"
"GA","bostwick","Bostwick"
"GA","bowdon","Bowdon"
"GA","bowersville","Bowersville"
"GA","bowman","Bowman"
"GA","box springs","Box Springs"
"GA","boykin","Boykin"
"GA","braselton","Braselton"
"GA","braswell","Braswell"
"GA","bremen","Bremen"
"GA","brinson","Brinson"
"GA","bristol","Bristol"
"GA","bronwood","Bronwood"
"GA","brookhaven","Brookhaven"
"GA","brooklet","Brooklet"
"GA","brooks","Brooks"
"GA","broxton","Broxton"
"GA","brunswick","Brunswick"
"GA","buchanan","Buchanan"
"GA","buckhead","Buckhead"
"GA","buena vista","Buena Vista"
"GA","buford","Buford"
"GA","butler","Butler"
"GA","byromville","Byromville"
"GA","byron","Byron"
"GA","cadwell","Cadwell"
"GA","cairo","Cairo"
"GA","calhoun","Calhoun"
"GA","calvary","Calvary"
"GA","camak","Camak"
"GA","camilla","Camilla"
"GA","candler-mcafee","Candler-McAfee"
"GA","canon","Canon"
"GA","canoochee","Canoochee"
"GA","canton","Canton"
"GA","carl","Carl"
"GA","carlton","Carlton"
"GA","carnesville","Carnesville"
"GA","carrollton","Carrollton"
"GA","cartersville","Cartersville"
"GA","cataula","Cataula"
"GA","cave spring","Cave Spring"
"GA","cecil","Cecil"
"GA","cedar springs","Cedar Springs"
"GA","cedartown","Cedartown"
"GA","centerville","Centerville"
"GA","centralhatchee","Centralhatchee"
"GA","chamblee","Chamblee"
"GA","chatsworth","Chatsworth"
"GA","chattahoochee hills","Chattahoochee Hills"
"GA","chattanooga valley","Chattanooga Valley"
"GA","chauncey","Chauncey"
"GA","cherry log","Cherry Log"
"GA","chester","Chester"
"GA","chickamauga","Chickamauga"
"GA","clarkesville","Clarkesville"
"GA","clarkston","Clarkston"
"GA","claxton","Claxton"
"GA","clayton","Clayton"
"GA","clermont","Clermont"
"GA","cleveland","Cleveland"
"GA","climax","Climax"
"GA","clyattville","Clyattville"
"GA","cobbtown","Cobbtown"
"GA","cochran","Cochran"
"GA","cogdell","Cogdell"
"GA","cohutta","Cohutta"
"GA","colbert","Colbert"
"GA","coleman","Coleman"
"GA","college park","College Park"
"GA","collins","Collins"
"GA","colquitt","Colquitt"
"GA","columbus","Columbus"
"GA","comer","Comer"
"GA","commerce","Commerce"
"GA","concord","Concord"
"GA","conley","Conley"
"GA","conyers","Conyers"
"GA","coolidge","Coolidge"
"GA","cordele","Cordele"
"GA","cornelia","Cornelia"
"GA","country club estates","Country Club Estates"
"GA","covington","Covington"
"GA","crawford","Crawford"
"GA","crawfordville","Crawfordville"
"GA","crescent","Crescent"
"GA","crooked creek","Crooked Creek"
"GA","culloden","Culloden"
"GA","cumming","Cumming"
"GA","cusseta-chattahoochee county unified government","Cusseta-Chattahoochee County unified government"
"GA","cuthbert","Cuthbert"
"GA","dacula","Dacula"
"GA","dahlonega","Dahlonega"
"GA","daisy","Daisy"
"GA","dallas","Dallas"
"GA","dalton","Dalton"
"GA","damascus","Damascus"
"GA","danielsville","Danielsville"
"GA","danville","Danville"
"GA","darien","Darien"
"GA","dasher","Dasher"
"GA","davisboro","Davisboro"
"GA","dawson","Dawson"
"GA","dawsonville","Dawsonville"
"GA","de soto","De Soto"
"GA","dearing","Dearing"
"GA","decatur","Decatur"
"GA","deenwood","Deenwood"
"GA","deepstep","Deepstep"
"GA","demorest","Demorest"
"GA","denton","Denton"
"GA","dewy rose","Dewy Rose"
"GA","dexter","Dexter"
"GA","dillard","Dillard"
"GA","dixie","Dixie"
"GA","dixie union","Dixie Union"
"GA","dock junction","Dock Junction"
"GA","doerun","Doerun"
"GA","donalsonville","Donalsonville"
"GA","dooling","Dooling"
"GA","doraville","Doraville"
"GA","douglas","Douglas"
"GA","douglasville","Douglasville"
"GA","druid hills","Druid Hills"
"GA","du pont","Du Pont"
"GA","dublin","Dublin"
"GA","dudley","Dudley"
"GA","duluth","Duluth"
"GA","dunwoody","Dunwoody"
"GA","dutch island","Dutch Island"
"GA","eagle grove","Eagle Grove"
"GA","east dublin","East Dublin"
"GA","east ellijay","East Ellijay"
"GA","east griffin","East Griffin"
"GA","east newnan","East Newnan"
"GA","east point","East Point"
"GA","eastman","Eastman"
"GA","eatonton","Eatonton"
"GA","echols county","Echols County"
"GA","edge hill","Edge Hill"
"GA","edison","Edison"
"GA","elberton","Elberton"
"GA","ellaville","Ellaville"
"GA","ellenton","Ellenton"
"GA","ellerslie","Ellerslie"
"GA","ellijay","Ellijay"
"GA","emerson","Emerson"
"GA","empire","Empire"
"GA","enigma","Enigma"
"GA","ephesus","Ephesus"
"GA","epworth","Epworth"
"GA","eton","Eton"
"GA","euharlee","Euharlee"
"GA","eulonia","Eulonia"
"GA","evans","Evans"
"GA","everett","Everett"
"GA","experiment","Experiment"
"GA","faceville","Faceville"
"GA","fair oaks","Fair Oaks"
"GA","fairburn","Fairburn"
"GA","fairfield plantation","Fairfield Plantation"
"GA","fairmount","Fairmount"
"GA","fairplay","Fairplay"
"GA","fairview","Fairview"
"GA","fargo","Fargo"
"GA","fayetteville","Fayetteville"
"GA","fitzgerald","Fitzgerald"
"GA","flemington","Flemington"
"GA","flovilla","Flovilla"
"GA","flowery branch","Flowery Branch"
"GA","folkston","Folkston"
"GA","forest park","Forest Park"
"GA","forsyth","Forsyth"
"GA","fort gaines","Fort Gaines"
"GA","fort oglethorpe","Fort Oglethorpe"
"GA","fort stewart","Fort Stewart"
"GA","fort valley","Fort Valley"
"GA","franklin","Franklin"
"GA","franklin springs","Franklin Springs"
"GA","funston","Funston"
"GA","gainesville","Gainesville"
"GA","garden city","Garden City"
"GA","gardi","Gardi"
"GA","garfield","Garfield"
"GA","gay","Gay"
"GA","geneva","Geneva"
"GA","georgetown","Georgetown"
"GA","georgetown-quitman county unified government","Georgetown-Quitman County unified government"
"GA","gibson","Gibson"
"GA","gillsville","Gillsville"
"GA","girard","Girard"
"GA","glenn","Glenn"
"GA","glennville","Glennville"
"GA","glenwood","Glenwood"
"GA","godfrey","Godfrey"
"GA","good hope","Good Hope"
"GA","gordon","Gordon"
"GA","gough","Gough"
"GA","graham","Graham"
"GA","grantville","Grantville"
"GA","gray","Gray"
"GA","grayson","Grayson"
"GA","greensboro","Greensboro"
"GA","greenville","Greenville"
"GA","gresham park","Gresham Park"
"GA","griffin","Griffin"
"GA","grovetown","Grovetown"
"GA","gumbranch","Gumbranch"
"GA","gumlog","Gumlog"
"GA","guyton","Guyton"
"GA","hagan","Hagan"
"GA","hahira","Hahira"
"GA","hamilton","Hamilton"
"GA","hampton","Hampton"
"GA","hannahs mill","Hannahs Mill"
"GA","hapeville","Hapeville"
"GA","haralson","Haralson"
"GA","hardwick","Hardwick"
"GA","harlem","Harlem"
"GA","harrison","Harrison"
"GA","hartwell","Hartwell"
"GA","hawkinsville","Hawkinsville"
"GA","hazlehurst","Hazlehurst"
"GA","helen","Helen"
"GA","henderson","Henderson"
"GA","hephzibah","Hephzibah"
"GA","heron bay","Heron Bay"
"GA","hiawassee","Hiawassee"
"GA","hickox","Hickox"
"GA","higgston","Higgston"
"GA","hilltop","Hilltop"
"GA","hiltonia","Hiltonia"
"GA","hinesville","Hinesville"
"GA","hiram","Hiram"
"GA","hoboken","Hoboken"
"GA","hogansville","Hogansville"
"GA","holly springs","Holly Springs"
"GA","homeland","Homeland"
"GA","homer","Homer"
"GA","homerville","Homerville"
"GA","hortense","Hortense"
"GA","hoschton","Hoschton"
"GA","howard","Howard"
"GA","hull","Hull"
"GA","ideal","Ideal"
"GA","ila","Ila"
"GA","indian springs","Indian Springs"
"GA","iron city","Iron City"
"GA","irondale","Irondale"
"GA","irwinton","Irwinton"
"GA","isle of hope","Isle of Hope"
"GA","ivey","Ivey"
"GA","jackson","Jackson"
"GA","jacksonville","Jacksonville"
"GA","jakin","Jakin"
"GA","jasper","Jasper"
"GA","jefferson","Jefferson"
"GA","jeffersonville","Jeffersonville"
"GA","jekyll island","Jekyll Island"
"GA","jenkinsburg","Jenkinsburg"
"GA","jersey","Jersey"
"GA","jesup","Jesup"
"GA","johns creek","Johns Creek"
"GA","jonesboro","Jonesboro"
"GA","juliette","Juliette"
"GA","junction city","Junction City"
"GA","kennesaw","Kennesaw"
"GA","kennesaw state university","Kennesaw State University"
"GA","keysville","Keysville"
"GA","kings bay base","Kings Bay Base"
"GA","kingsland","Kingsland"
"GA","kingston","Kingston"
"GA","kite","Kite"
"GA","knoxville","Knoxville"
"GA","lafayette","LaFayette"
"GA","lagrange","LaGrange"
"GA","lake city","Lake City"
"GA","lake park","Lake Park"
"GA","lakeland","Lakeland"
"GA","lakeview","Lakeview"
"GA","lakeview estates","Lakeview Estates"
"GA","lavonia","Lavonia"
"GA","lawrenceville","Lawrenceville"
"GA","leary","Leary"
"GA","leesburg","Leesburg"
"GA","lenox","Lenox"
"GA","leslie","Leslie"
"GA","lexington","Lexington"
"GA","lilburn","Lilburn"
"GA","lilly","Lilly"
"GA","lincoln park","Lincoln Park"
"GA","lincolnton","Lincolnton"
"GA","lindale","Lindale"
"GA","lithia springs","Lithia Springs"
"GA","lithonia","Lithonia"
"GA","locust grove","Locust Grove"
"GA","loganville","Loganville"
"GA","lone oak","Lone Oak"
"GA","lookout mountain","Lookout Mountain"
"GA","louisville","Louisville"
"GA","lovejoy","Lovejoy"
"GA","ludowici","Ludowici"
"GA","lula","Lula"
"GA","lumber city","Lumber City"
"GA","lumpkin","Lumpkin"
"GA","luthersville","Luthersville"
"GA","lyerly","Lyerly"
"GA","lyons","Lyons"
"GA","mableton","Mableton"
"GA","macon-bibb county","Macon-Bibb County"
"GA","madison","Madison"
"GA","manassas","Manassas"
"GA","manchester","Manchester"
"GA","manor","Manor"
"GA","mansfield","Mansfield"
"GA","marietta","Marietta"
"GA","marshallville","Marshallville"
"GA","martin","Martin"
"GA","martinez","Martinez"
"GA","matthews","Matthews"
"GA","maxeys","Maxeys"
"GA","maysville","Maysville"
"GA","mccaysville","McCaysville"
"GA","mcdonough","McDonough"
"GA","mcintyre","McIntyre"
"GA","mcrae-helena","McRae-Helena"
"GA","meansville","Meansville"
"GA","meigs","Meigs"
"GA","mendes","Mendes"
"GA","menlo","Menlo"
"GA","mershon","Mershon"
"GA","metter","Metter"
"GA","midville","Midville"
"GA","midway","Midway"
"GA","milan","Milan"
"GA","milledgeville","Milledgeville"
"GA","millen","Millen"
"GA","millwood","Millwood"
"GA","milner","Milner"
"GA","milstead","Milstead"
"GA","milton","Milton"
"GA","mineral bluff","Mineral Bluff"
"GA","mitchell","Mitchell"
"GA","molena","Molena"
"GA","monroe","Monroe"
"GA","montezuma","Montezuma"
"GA","montgomery","Montgomery"
"GA","monticello","Monticello"
"GA","montrose","Montrose"
"GA","moody afb","Moody AFB"
"GA","moreland","Moreland"
"GA","morgan","Morgan"
"GA","morganton","Morganton"
"GA","morrow","Morrow"
"GA","morven","Morven"
"GA","moultrie","Moultrie"
"GA","mount airy","Mount Airy"
"GA","mount vernon","Mount Vernon"
"GA","mount zion","Mount Zion"
"GA","mountain city","Mountain City"
"GA","mountain park","Mountain Park"
"GA","mulberry","Mulberry"
"GA","musella","Musella"
"GA","nahunta","Nahunta"
"GA","nashville","Nashville"
"GA","naylor","Naylor"
"GA","nelson","Nelson"
"GA","new england","New England"
"GA","newborn","Newborn"
"GA","newington","Newington"
"GA","newnan","Newnan"
"GA","newton","Newton"
"GA","nicholls","Nicholls"
"GA","nicholson","Nicholson"
"GA","norcross","Norcross"
"GA","norman park","Norman Park"
"GA","norristown","Norristown"
"GA","north decatur","North Decatur"
"GA","north druid hills","North Druid Hills"
"GA","north high shoals","North High Shoals"
"GA","norwood","Norwood"
"GA","nunez","Nunez"
"GA","oak park","Oak Park"
"GA","oakwood","Oakwood"
"GA","ochlocknee","Ochlocknee"
"GA","ocilla","Ocilla"
"GA","oconee","Oconee"
"GA","odum","Odum"
"GA","offerman","Offerman"
"GA","oglethorpe","Oglethorpe"
"GA","ohoopee","Ohoopee"
"GA","oliver","Oliver"
"GA","omega","Omega"
"GA","orchard hill","Orchard Hill"
"GA","oxford","Oxford"
"GA","palmetto","Palmetto"
"GA","panthersville","Panthersville"
"GA","parrott","Parrott"
"GA","patterson","Patterson"
"GA","pavo","Pavo"
"GA","peachtree city","Peachtree City"
"GA","peachtree corners","Peachtree Corners"
"GA","pearson","Pearson"
"GA","pelham","Pelham"
"GA","pembroke","Pembroke"
"GA","pendergrass","Pendergrass"
"GA","perkins","Perkins"
"GA","perry","Perry"
"GA","phillipsburg","Phillipsburg"
"GA","pine lake","Pine Lake"
"GA","pine mountain","Pine Mountain"
"GA","pinehurst","Pinehurst"
"GA","pineview","Pineview"
"GA","piney grove","Piney Grove"
"GA","pitts","Pitts"
"GA","plains","Plains"
"GA","plainville","Plainville"
"GA","pooler","Pooler"
"GA","port wentworth","Port Wentworth"
"GA","portal","Portal"
"GA","porterdale","Porterdale"
"GA","poulan","Poulan"
"GA","powder springs","Powder Springs"
"GA","pulaski","Pulaski"
"GA","putney","Putney"
"GA","quitman","Quitman"
"GA","ranger","Ranger"
"GA","raoul","Raoul"
"GA","ray city","Ray City"
"GA","rayle","Rayle"
"GA","rebecca","Rebecca"
"GA","redan","Redan"
"GA","reed creek","Reed Creek"
"GA","register","Register"
"GA","reidsville","Reidsville"
"GA","remerton","Remerton"
"GA","rentz","Rentz"
"GA","resaca","Resaca"
"GA","rest haven","Rest Haven"
"GA","reynolds","Reynolds"
"GA","rhine","Rhine"
"GA","riceboro","Riceboro"
"GA","richland","Richland"
"GA","richmond hill","Richmond Hill"
"GA","riddleville","Riddleville"
"GA","rincon","Rincon"
"GA","ringgold","Ringgold"
"GA","riverdale","Riverdale"
"GA","roberta","Roberta"
"GA","robins afb","Robins AFB"
"GA","rochelle","Rochelle"
"GA","rock spring","Rock Spring"
"GA","rockingham","Rockingham"
"GA","rockmart","Rockmart"
"GA","rocky ford","Rocky Ford"
"GA","rome","Rome"
"GA","roopville","Roopville"
"GA","rossville","Rossville"
"GA","roswell","Roswell"
"GA","royston","Royston"
"GA","russell","Russell"
"GA","rutledge","Rutledge"
"GA","sale city","Sale City"
"GA","salem","Salem"
"GA","sandersville","Sandersville"
"GA","sandy springs","Sandy Springs"
"GA","santa claus","Santa Claus"
"GA","sardis","Sardis"
"GA","sasser","Sasser"
"GA","satilla","Satilla"
"GA","sautee-nacoochee","Sautee-Nacoochee"
"GA","savannah","Savannah"
"GA","scotland","Scotland"
"GA","scottdale","Scottdale"
"GA","screven","Screven"
"GA","senoia","Senoia"
"GA","seville","Seville"
"GA","shady dale","Shady Dale"
"GA","shannon","Shannon"
"GA","sharon","Sharon"
"GA","sharpsburg","Sharpsburg"
"GA","shellman","Shellman"
"GA","shiloh","Shiloh"
"GA","siloam","Siloam"
"GA","skidaway island","Skidaway Island"
"GA","sky valley","Sky Valley"
"GA","smarr","Smarr"
"GA","smithville","Smithville"
"GA","smyrna","Smyrna"
"GA","snellville","Snellville"
"GA","social circle","Social Circle"
"GA","soperton","Soperton"
"GA","south fulton","South Fulton"
"GA","sparks","Sparks"
"GA","sparta","Sparta"
"GA","springfield","Springfield"
"GA","st. marys","St. Marys"
"GA","st. simons","St. Simons"
"GA","stapleton","Stapleton"
"GA","statesboro","Statesboro"
"GA","statham","Statham"
"GA","sterling","Sterling"
"GA","stillmore","Stillmore"
"GA","stockbridge","Stockbridge"
"GA","stockton","Stockton"
"GA","stone mountain","Stone Mountain"
"GA","stonecrest","Stonecrest"
"GA","sugar hill","Sugar Hill"
"GA","summertown","Summertown"
"GA","summerville","Summerville"
"GA","sumner","Sumner"
"GA","sunny side","Sunny Side"
"GA","sunnyside","Sunnyside"
"GA","sunset village","Sunset Village"
"GA","surrency","Surrency"
"GA","suwanee","Suwanee"
"GA","swainsboro","Swainsboro"
"GA","sycamore","Sycamore"
"GA","sylvania","Sylvania"
"GA","sylvester","Sylvester"
"GA","talahi island","Talahi Island"
"GA","talbotton","Talbotton"
"GA","talking rock","Talking Rock"
"GA","tallapoosa","Tallapoosa"
"GA","tallulah falls","Tallulah Falls"
"GA","talmo","Talmo"
"GA","tarrytown","Tarrytown"
"GA","tate city","Tate City"
"GA","taylorsville","Taylorsville"
"GA","tazewell","Tazewell"
"GA","temple","Temple"
"GA","tennille","Tennille"
"GA","the rock","The Rock"
"GA","thomaston","Thomaston"
"GA","thomasville","Thomasville"
"GA","thomson","Thomson"
"GA","thunderbolt","Thunderbolt"
"GA","tifton","Tifton"
"GA","tiger","Tiger"
"GA","tignall","Tignall"
"GA","toccoa","Toccoa"
"GA","toomsboro","Toomsboro"
"GA","trenton","Trenton"
"GA","trion","Trion"
"GA","tucker","Tucker"
"GA","tunnel hill","Tunnel Hill"
"GA","turin","Turin"
"GA","twin city","Twin City"
"GA","ty ty","Ty Ty"
"GA","tybee island","Tybee Island"
"GA","tyrone","Tyrone"
"GA","unadilla","Unadilla"
"GA","union city","Union City"
"GA","union point","Union Point"
"GA","unionville","Unionville"
"GA","uvalda","Uvalda"
"GA","valdosta","Valdosta"
"GA","varnell","Varnell"
"GA","vernonburg","Vernonburg"
"GA","vidalia","Vidalia"
"GA","vidette","Vidette"
"GA","vienna","Vienna"
"GA","villa rica","Villa Rica"
"GA","vinings","Vinings"
"GA","waco","Waco"
"GA","wadley","Wadley"
"GA","waleska","Waleska"
"GA","walnut grove","Walnut Grove"
"GA","walthourville","Walthourville"
"GA","waresboro","Waresboro"
"GA","warm springs","Warm Springs"
"GA","warner robins","Warner Robins"
"GA","warrenton","Warrenton"
"GA","warthen","Warthen"
"GA","warwick","Warwick"
"GA","washington","Washington"
"GA","watkinsville","Watkinsville"
"GA","waverly","Waverly"
"GA","waverly hall","Waverly Hall"
"GA","waycross","Waycross"
"GA","waynesboro","Waynesboro"
"GA","waynesville","Waynesville"
"GA","webster county unified government","Webster County unified government"
"GA","wenona","Wenona"
"GA","west brow","West Brow"
"GA","west point","West Point"
"GA","whigham","Whigham"
"GA","white","White"
"GA","white plains","White Plains"
"GA","whitemarsh island","Whitemarsh Island"
"GA","whitesburg","Whitesburg"
"GA","wildwood","Wildwood"
"GA","willacoochee","Willacoochee"
"GA","williamson","Williamson"
"GA","wilmington island","Wilmington Island"
"GA","winder","Winder"
"GA","winterville","Winterville"
"GA","woodbine","Woodbine"
"GA","woodbury","Woodbury"
"GA","woodland","Woodland"
"GA","woodstock","Woodstock"
"GA","woodville","Woodville"
"GA","woolsey","Woolsey"
"GA","wrens","Wrens"
"GA","wrightsville","Wrightsville"
"GA","yatesville","Yatesville"
"GA","yonah","Yonah"
"GA","young harris","Young Harris"
"GA","zebulon","Zebulon"
"HI","ahuimanu","Ahuimanu"
"HI","aiea","Aiea"
"HI","ainaloa","Ainaloa"
"HI","anahola","Anahola"
"HI","black sands","Black Sands"
"HI","captain cook","Captain Cook"
"HI","discovery harbour","Discovery Harbour"
"HI","east honolulu","East Honolulu"
"HI","east kapolei","East Kapolei"
"HI","eden roc","Eden Roc"
"HI","eleele","Eleele"
"HI","ewa beach","Ewa Beach"
"HI","ewa gentry","Ewa Gentry"
"HI","ewa villages","Ewa Villages"
"HI","fern acres","Fern Acres"
"HI","fern forest","Fern Forest"
"HI","haena","Haena"
"HI","haiku-pauwela","Haiku-Pauwela"
"HI","halaula","Halaula"
"HI","halawa","Halawa"
"HI","haleiwa","Haleiwa"
"HI","haliimaile","Haliimaile"
"HI","hana","Hana"
"HI","hanalei","Hanalei"
"HI","hanamaulu","Hanamaulu"
"HI","hanapepe","Hanapepe"
"HI","hauula","Hauula"
"HI","hawaiian acres","Hawaiian Acres"
"HI","hawaiian beaches","Hawaiian Beaches"
"HI","hawaiian ocean view","Hawaiian Ocean View"
"HI","hawaiian paradise park","Hawaiian Paradise Park"
"HI","hawi","Hawi"
"HI","heeia","Heeia"
"HI","helemano","Helemano"
"HI","hickam housing","Hickam Housing"
"HI","hilo","Hilo"
"HI","holualoa","Holualoa"
"HI","honalo","Honalo"
"HI","honaunau-napoopoo","Honaunau-Napoopoo"
"HI","honokaa","Honokaa"
"HI","honomu","Honomu"
"HI","iroquois point","Iroquois Point"
"HI","kaaawa","Kaaawa"
"HI","kaanapali","Kaanapali"
"HI","kahaluu","Kahaluu"
"HI","kahaluu-keauhou","Kahaluu-Keauhou"
"HI","kahuku","Kahuku"
"HI","kahului","Kahului"
"HI","kailua","Kailua"
"HI","kaiminani","Kaiminani"
"HI","kalaeloa","Kalaeloa"
"HI","kalaheo","Kalaheo"
"HI","kalapana","Kalapana"
"HI","kalihiwai","Kalihiwai"
"HI","kaloko","Kaloko"
"HI","kamaili","Kamaili"
"HI","kaneohe","Kaneohe"
"HI","kaneohe base","Kaneohe Base"
"HI","kapaa","Kapaa"
"HI","kapaau","Kapaau"
"HI","kapalua","Kapalua"
"HI","kapolei","Kapolei"
"HI","kaumakani","Kaumakani"
"HI","kaunakakai","Kaunakakai"
"HI","kawela bay","Kawela Bay"
"HI","keaau","Keaau"
"HI","kealakekua","Kealakekua"
"HI","kekaha","Kekaha"
"HI","keokea","Keokea"
"HI","kihei","Kihei"
"HI","kilauea","Kilauea"
"HI","ko olina","Ko Olina"
"HI","koloa","Koloa"
"HI","kualapuu","Kualapuu"
"HI","kukuihaele","Kukuihaele"
"HI","kula","Kula"
"HI","kurtistown","Kurtistown"
"HI","lahaina","Lahaina"
"HI","laie","Laie"
"HI","lanai city","Lanai City"
"HI","launiupoko","Launiupoko"
"HI","laupahoehoe","Laupahoehoe"
"HI","lawai","Lawai"
"HI","leilani estates","Leilani Estates"
"HI","lihue","Lihue"
"HI","maalaea","Maalaea"
"HI","mahinahina","Mahinahina"
"HI","maili","Maili"
"HI","makaha","Makaha"
"HI","makaha valley","Makaha Valley"
"HI","makakilo","Makakilo"
"HI","makawao","Makawao"
"HI","makena","Makena"
"HI","manele","Manele"
"HI","mauna loa estates","Mauna Loa Estates"
"HI","maunaloa","Maunaloa"
"HI","maunawili","Maunawili"
"HI","mililani mauka","Mililani Mauka"
"HI","mililani town","Mililani Town"
"HI","mokuleia","Mokuleia"
"HI","mountain view","Mountain View"
"HI","naalehu","Naalehu"
"HI","nanakuli","Nanakuli"
"HI","nanawale estates","Nanawale Estates"
"HI","napili-honokowai","Napili-Honokowai"
"HI","ocean pointe","Ocean Pointe"
"HI","olinda","Olinda"
"HI","olowalu","Olowalu"
"HI","omao","Omao"
"HI","orchidlands estates","Orchidlands Estates"
"HI","paauilo","Paauilo"
"HI","pahala","Pahala"
"HI","pahoa","Pahoa"
"HI","paia","Paia"
"HI","pakala village","Pakala Village"
"HI","papaikou","Papaikou"
"HI","paukaa","Paukaa"
"HI","pearl city","Pearl City"
"HI","pepeekeo","Pepeekeo"
"HI","poipu","Poipu"
"HI","princeville","Princeville"
"HI","puako","Puako"
"HI","puhi","Puhi"
"HI","pukalani","Pukalani"
"HI","punaluu","Punaluu"
"HI","pupukea","Pupukea"
"HI","royal hawaiian estates","Royal Hawaiian Estates"
"HI","royal kunia","Royal Kunia"
"HI","schofield barracks","Schofield Barracks"
"HI","seaview","Seaview"
"HI","tiki gardens","Tiki Gardens"
"HI","ualapue","Ualapue"
"HI","urban honolulu","Urban Honolulu"
"HI","volcano","Volcano"
"HI","volcano golf course","Volcano Golf Course"
"HI","wahiawa","Wahiawa"
"HI","waiahole-waikane","Waiahole-Waikane"
"HI","waialua","Waialua"
"HI","waianae","Waianae"
"HI","waihee-waiehu","Waihee-Waiehu"
"HI","waikapu","Waikapu"
"HI","waikele","Waikele"
"HI","waikoloa beach resort","Waikoloa Beach Resort"
"HI","waikoloa village","Waikoloa Village"
"HI","wailea","Wailea"
"HI","wailua","Wailua"
"HI","wailua homesteads","Wailua Homesteads"
"HI","wailuku","Wailuku"
"HI","waimalu","Waimalu"
"HI","waimanalo","Waimanalo"
"HI","waimanalo beach","Waimanalo Beach"
"HI","waimea","Waimea"
"HI","wainaku","Wainaku"
"HI","wainiha","Wainiha"
"HI","waiohinu","Waiohinu"
"HI","waipahu","Waipahu"
"HI","waipio","Waipio"
"HI","waipio acres","Waipio Acres"
"HI","west loch estate","West Loch Estate"
"HI","wheeler afb","Wheeler AFB"
"HI","whitmore village","Whitmore Village"
"IA","ackley","Ackley"
"IA","ackworth","Ackworth"
"IA","adair","Adair"
"IA","adel","Adel"
"IA","afton","Afton"
"IA","agency","Agency"
"IA","ainsworth","Ainsworth"
"IA","akron","Akron"
"IA","albert city","Albert City"
"IA","albia","Albia"
"IA","albion","Albion"
"IA","alburnett","Alburnett"
"IA","alden","Alden"
"IA","alexander","Alexander"
"IA","algona","Algona"
"IA","alleman","Alleman"
"IA","allerton","Allerton"
"IA","allison","Allison"
"IA","alta","Alta"
"IA","alta vista","Alta Vista"
"IA","alton","Alton"
"IA","altoona","Altoona"
"IA","alvord","Alvord"
"IA","amana","Amana"
"IA","ames","Ames"
"IA","anamosa","Anamosa"
"IA","anderson","Anderson"
"IA","andover","Andover"
"IA","andrew","Andrew"
"IA","anita","Anita"
"IA","ankeny","Ankeny"
"IA","anthon","Anthon"
"IA","aplington","Aplington"
"IA","arcadia","Arcadia"
"IA","archer","Archer"
"IA","aredale","Aredale"
"IA","argo","Argo"
"IA","argyle","Argyle"
"IA","arion","Arion"
"IA","arispe","Arispe"
"IA","arlington","Arlington"
"IA","armstrong","Armstrong"
"IA","arnolds park","Arnolds Park"
"IA","arthur","Arthur"
"IA","asbury","Asbury"
"IA","ashton","Ashton"
"IA","aspinwall","Aspinwall"
"IA","atalissa","Atalissa"
"IA","athelstan","Athelstan"
"IA","atkins","Atkins"
"IA","atlantic","Atlantic"
"IA","auburn","Auburn"
"IA","audubon","Audubon"
"IA","augusta","Augusta"
"IA","aurelia","Aurelia"
"IA","aurora","Aurora"
"IA","avoca","Avoca"
"IA","ayrshire","Ayrshire"
"IA","badger","Badger"
"IA","bagley","Bagley"
"IA","baldwin","Baldwin"
"IA","balltown","Balltown"
"IA","bancroft","Bancroft"
"IA","bankston","Bankston"
"IA","barnes city","Barnes City"
"IA","barnum","Barnum"
"IA","bartlett","Bartlett"
"IA","bassett","Bassett"
"IA","batavia","Batavia"
"IA","battle creek","Battle Creek"
"IA","baxter","Baxter"
"IA","bayard","Bayard"
"IA","beacon","Beacon"
"IA","beaconsfield","Beaconsfield"
"IA","beaman","Beaman"
"IA","beaver","Beaver"
"IA","beaverdale","Beaverdale"
"IA","bedford","Bedford"
"IA","belle plaine","Belle Plaine"
"IA","bellevue","Bellevue"
"IA","belmond","Belmond"
"IA","bennett","Bennett"
"IA","bentley","Bentley"
"IA","benton","Benton"
"IA","berkley","Berkley"
"IA","bernard","Bernard"
"IA","bertram","Bertram"
"IA","bettendorf","Bettendorf"
"IA","bevington","Bevington"
"IA","big rock","Big Rock"
"IA","birmingham","Birmingham"
"IA","blairsburg","Blairsburg"
"IA","blairstown","Blairstown"
"IA","blakesburg","Blakesburg"
"IA","blanchard","Blanchard"
"IA","blencoe","Blencoe"
"IA","blockton","Blockton"
"IA","bloomfield","Bloomfield"
"IA","blue grass","Blue Grass"
"IA","bode","Bode"
"IA","bolan","Bolan"
"IA","bonaparte","Bonaparte"
"IA","bondurant","Bondurant"
"IA","boone","Boone"
"IA","bouton","Bouton"
"IA","boxholm","Boxholm"
"IA","boyden","Boyden"
"IA","braddyville","Braddyville"
"IA","bradford","Bradford"
"IA","bradgate","Bradgate"
"IA","brandon","Brandon"
"IA","brayton","Brayton"
"IA","breda","Breda"
"IA","bridgewater","Bridgewater"
"IA","brighton","Brighton"
"IA","bristow","Bristow"
"IA","britt","Britt"
"IA","bronson","Bronson"
"IA","brooklyn","Brooklyn"
"IA","brunsville","Brunsville"
"IA","buck grove","Buck Grove"
"IA","buckeye","Buckeye"
"IA","buffalo","Buffalo"
"IA","buffalo center","Buffalo Center"
"IA","burchinal","Burchinal"
"IA","burlington","Burlington"
"IA","burr oak","Burr Oak"
"IA","burt","Burt"
"IA","bussey","Bussey"
"IA","calamus","Calamus"
"IA","california junction","California Junction"
"IA","callender","Callender"
"IA","calmar","Calmar"
"IA","calumet","Calumet"
"IA","camanche","Camanche"
"IA","cambridge","Cambridge"
"IA","cantril","Cantril"
"IA","carbon","Carbon"
"IA","carlisle","Carlisle"
"IA","carpenter","Carpenter"
"IA","carroll","Carroll"
"IA","carson","Carson"
"IA","carter lake","Carter Lake"
"IA","cascade","Cascade"
"IA","casey","Casey"
"IA","castalia","Castalia"
"IA","castana","Castana"
"IA","cedar falls","Cedar Falls"
"IA","cedar rapids","Cedar Rapids"
"IA","center junction","Center Junction"
"IA","center point","Center Point"
"IA","centerville","Centerville"
"IA","central city","Central City"
"IA","centralia","Centralia"
"IA","chapin","Chapin"
"IA","chariton","Chariton"
"IA","charles city","Charles City"
"IA","charlotte","Charlotte"
"IA","charter oak","Charter Oak"
"IA","chatsworth","Chatsworth"
"IA","chelsea","Chelsea"
"IA","cherokee","Cherokee"
"IA","chester","Chester"
"IA","chillicothe","Chillicothe"
"IA","churdan","Churdan"
"IA","cincinnati","Cincinnati"
"IA","clare","Clare"
"IA","clarence","Clarence"
"IA","clarinda","Clarinda"
"IA","clarion","Clarion"
"IA","clarksville","Clarksville"
"IA","clayton","Clayton"
"IA","clear lake","Clear Lake"
"IA","clearfield","Clearfield"
"IA","cleghorn","Cleghorn"
"IA","clemons","Clemons"
"IA","clermont","Clermont"
"IA","climbing hill","Climbing Hill"
"IA","clinton","Clinton"
"IA","clio","Clio"
"IA","clive","Clive"
"IA","clutier","Clutier"
"IA","coalville","Coalville"
"IA","coburg","Coburg"
"IA","coggon","Coggon"
"IA","coin","Coin"
"IA","colesburg","Colesburg"
"IA","colfax","Colfax"
"IA","college springs","College Springs"
"IA","collins","Collins"
"IA","colo","Colo"
"IA","columbus city","Columbus City"
"IA","columbus junction","Columbus Junction"
"IA","colwell","Colwell"
"IA","conesville","Conesville"
"IA","conrad","Conrad"
"IA","conroy","Conroy"
"IA","conway","Conway"
"IA","coon rapids","Coon Rapids"
"IA","coppock","Coppock"
"IA","coralville","Coralville"
"IA","corley","Corley"
"IA","corning","Corning"
"IA","correctionville","Correctionville"
"IA","corwith","Corwith"
"IA","corydon","Corydon"
"IA","cotter","Cotter"
"IA","coulter","Coulter"
"IA","council bluffs","Council Bluffs"
"IA","craig","Craig"
"IA","crawfordsville","Crawfordsville"
"IA","crescent","Crescent"
"IA","cresco","Cresco"
"IA","creston","Creston"
"IA","cromwell","Cromwell"
"IA","crystal lake","Crystal Lake"
"IA","cumberland","Cumberland"
"IA","cumming","Cumming"
"IA","curlew","Curlew"
"IA","cushing","Cushing"
"IA","cylinder","Cylinder"
"IA","dakota city","Dakota City"
"IA","dallas center","Dallas Center"
"IA","dana","Dana"
"IA","danbury","Danbury"
"IA","danville","Danville"
"IA","davenport","Davenport"
"IA","davis city","Davis City"
"IA","dawson","Dawson"
"IA","dayton","Dayton"
"IA","de soto","De Soto"
"IA","decatur","Decatur"
"IA","decorah","Decorah"
"IA","dedham","Dedham"
"IA","deep river","Deep River"
"IA","defiance","Defiance"
"IA","delaware","Delaware"
"IA","delhi","Delhi"
"IA","delmar","Delmar"
"IA","deloit","Deloit"
"IA","delphos","Delphos"
"IA","delta","Delta"
"IA","denison","Denison"
"IA","denmark","Denmark"
"IA","denver","Denver"
"IA","derby","Derby"
"IA","des moines","Des Moines"
"IA","dewitt","DeWitt"
"IA","dexter","Dexter"
"IA","diagonal","Diagonal"
"IA","diamondhead lake","Diamondhead Lake"
"IA","dickens","Dickens"
"IA","dike","Dike"
"IA","dixon","Dixon"
"IA","dolliver","Dolliver"
"IA","donahue","Donahue"
"IA","donnellson","Donnellson"
"IA","doon","Doon"
"IA","douds","Douds"
"IA","dougherty","Dougherty"
"IA","dow city","Dow City"
"IA","downey","Downey"
"IA","dows","Dows"
"IA","drakesville","Drakesville"
"IA","dubuque","Dubuque"
"IA","dumont","Dumont"
"IA","duncan","Duncan"
"IA","duncombe","Duncombe"
"IA","dundee","Dundee"
"IA","dunkerton","Dunkerton"
"IA","dunlap","Dunlap"
"IA","durango","Durango"
"IA","durant","Durant"
"IA","dyersville","Dyersville"
"IA","dysart","Dysart"
"IA","eagle grove","Eagle Grove"
"IA","earlham","Earlham"
"IA","earling","Earling"
"IA","earlville","Earlville"
"IA","early","Early"
"IA","east amana","East Amana"
"IA","east peru","East Peru"
"IA","eddyville","Eddyville"
"IA","edgewood","Edgewood"
"IA","elberon","Elberon"
"IA","eldon","Eldon"
"IA","eldora","Eldora"
"IA","eldridge","Eldridge"
"IA","elgin","Elgin"
"IA","elk horn","Elk Horn"
"IA","elk run heights","Elk Run Heights"
"IA","elkader","Elkader"
"IA","elkhart","Elkhart"
"IA","elkport","Elkport"
"IA","elliott","Elliott"
"IA","ellston","Ellston"
"IA","ellsworth","Ellsworth"
"IA","elma","Elma"
"IA","ely","Ely"
"IA","emerson","Emerson"
"IA","emmetsburg","Emmetsburg"
"IA","epworth","Epworth"
"IA","essex","Essex"
"IA","estherville","Estherville"
"IA","evansdale","Evansdale"
"IA","everly","Everly"
"IA","exira","Exira"
"IA","exline","Exline"
"IA","fairbank","Fairbank"
"IA","fairfax","Fairfax"
"IA","fairfield","Fairfield"
"IA","fairport","Fairport"
"IA","farley","Farley"
"IA","farmersburg","Farmersburg"
"IA","farmington","Farmington"
"IA","farnhamville","Farnhamville"
"IA","farragut","Farragut"
"IA","fayette","Fayette"
"IA","fenton","Fenton"
"IA","ferguson","Ferguson"
"IA","fertile","Fertile"
"IA","floris","Floris"
"IA","floyd","Floyd"
"IA","fonda","Fonda"
"IA","fontanelle","Fontanelle"
"IA","forest city","Forest City"
"IA","fort atkinson","Fort Atkinson"
"IA","fort dodge","Fort Dodge"
"IA","fort madison","Fort Madison"
"IA","fostoria","Fostoria"
"IA","franklin","Franklin"
"IA","fraser","Fraser"
"IA","fredericksburg","Fredericksburg"
"IA","frederika","Frederika"
"IA","fredonia","Fredonia"
"IA","fremont","Fremont"
"IA","fruitland","Fruitland"
"IA","frytown","Frytown"
"IA","galt","Galt"
"IA","galva","Galva"
"IA","garber","Garber"
"IA","garden city","Garden City"
"IA","garden grove","Garden Grove"
"IA","garnavillo","Garnavillo"
"IA","garner","Garner"
"IA","garrison","Garrison"
"IA","garwin","Garwin"
"IA","geneva","Geneva"
"IA","george","George"
"IA","gibson","Gibson"
"IA","gilbert","Gilbert"
"IA","gilbertville","Gilbertville"
"IA","gillett grove","Gillett Grove"
"IA","gilman","Gilman"
"IA","gilmore city","Gilmore City"
"IA","gladbrook","Gladbrook"
"IA","glenwood","Glenwood"
"IA","glidden","Glidden"
"IA","goldfield","Goldfield"
"IA","goodell","Goodell"
"IA","goose lake","Goose Lake"
"IA","gowrie","Gowrie"
"IA","graettinger","Graettinger"
"IA","graf","Graf"
"IA","grafton","Grafton"
"IA","grand junction","Grand Junction"
"IA","grand mound","Grand Mound"
"IA","grand river","Grand River"
"IA","grandview","Grandview"
"IA","granger","Granger"
"IA","grant","Grant"
"IA","granville","Granville"
"IA","gravity","Gravity"
"IA","gray","Gray"
"IA","greeley","Greeley"
"IA","green mountain","Green Mountain"
"IA","greene","Greene"
"IA","greenfield","Greenfield"
"IA","greenville","Greenville"
"IA","grimes","Grimes"
"IA","grinnell","Grinnell"
"IA","griswold","Griswold"
"IA","grundy center","Grundy Center"
"IA","gruver","Gruver"
"IA","guernsey","Guernsey"
"IA","guthrie center","Guthrie Center"
"IA","guttenberg","Guttenberg"
"IA","halbur","Halbur"
"IA","hamburg","Hamburg"
"IA","hamilton","Hamilton"
"IA","hampton","Hampton"
"IA","hancock","Hancock"
"IA","hanlontown","Hanlontown"
"IA","hansell","Hansell"
"IA","harcourt","Harcourt"
"IA","hardy","Hardy"
"IA","harlan","Harlan"
"IA","harper","Harper"
"IA","harpers ferry","Harpers Ferry"
"IA","harris","Harris"
"IA","hartford","Hartford"
"IA","hartley","Hartley"
"IA","hartwick","Hartwick"
"IA","harvey","Harvey"
"IA","hastings","Hastings"
"IA","havelock","Havelock"
"IA","haverhill","Haverhill"
"IA","hawarden","Hawarden"
"IA","hawkeye","Hawkeye"
"IA","hayesville","Hayesville"
"IA","hayfield","Hayfield"
"IA","hazleton","Hazleton"
"IA","hedrick","Hedrick"
"IA","henderson","Henderson"
"IA","hiawatha","Hiawatha"
"IA","high amana","High Amana"
"IA","hills","Hills"
"IA","hillsboro","Hillsboro"
"IA","hinton","Hinton"
"IA","holiday lake","Holiday Lake"
"IA","holland","Holland"
"IA","holstein","Holstein"
"IA","holy cross","Holy Cross"
"IA","homestead","Homestead"
"IA","hopkinton","Hopkinton"
"IA","hornick","Hornick"
"IA","hospers","Hospers"
"IA","houghton","Houghton"
"IA","hubbard","Hubbard"
"IA","hudson","Hudson"
"IA","hull","Hull"
"IA","humboldt","Humboldt"
"IA","humeston","Humeston"
"IA","hutchins","Hutchins"
"IA","huxley","Huxley"
"IA","ida grove","Ida Grove"
"IA","imogene","Imogene"
"IA","independence","Independence"
"IA","indianola","Indianola"
"IA","inwood","Inwood"
"IA","ionia","Ionia"
"IA","iowa city","Iowa City"
"IA","iowa falls","Iowa Falls"
"IA","ireton","Ireton"
"IA","irvington","Irvington"
"IA","irwin","Irwin"
"IA","jackson junction","Jackson Junction"
"IA","jacksonville","Jacksonville"
"IA","jamaica","Jamaica"
"IA","janesville","Janesville"
"IA","jefferson","Jefferson"
"IA","jesup","Jesup"
"IA","jewell junction","Jewell Junction"
"IA","johnston","Johnston"
"IA","joice","Joice"
"IA","jolley","Jolley"
"IA","kalona","Kalona"
"IA","kamrar","Kamrar"
"IA","kanawha","Kanawha"
"IA","kellerton","Kellerton"
"IA","kelley","Kelley"
"IA","kellogg","Kellogg"
"IA","kensett","Kensett"
"IA","kent","Kent"
"IA","kent estates","Kent Estates"
"IA","keokuk","Keokuk"
"IA","keomah village","Keomah Village"
"IA","keosauqua","Keosauqua"
"IA","keota","Keota"
"IA","keswick","Keswick"
"IA","keystone","Keystone"
"IA","kimballton","Kimballton"
"IA","kingsley","Kingsley"
"IA","kingston","Kingston"
"IA","kinross","Kinross"
"IA","kirkman","Kirkman"
"IA","kirkville","Kirkville"
"IA","kiron","Kiron"
"IA","klemme","Klemme"
"IA","knierim","Knierim"
"IA","knoxville","Knoxville"
"IA","la motte","La Motte"
"IA","la porte city","La Porte City"
"IA","lacona","Lacona"
"IA","ladora","Ladora"
"IA","lake city","Lake City"
"IA","lake mills","Lake Mills"
"IA","lake panorama","Lake Panorama"
"IA","lake park","Lake Park"
"IA","lake view","Lake View"
"IA","lakeside","Lakeside"
"IA","lakota","Lakota"
"IA","lambs grove","Lambs Grove"
"IA","lamoni","Lamoni"
"IA","lamont","Lamont"
"IA","lanesboro","Lanesboro"
"IA","lansing","Lansing"
"IA","larchwood","Larchwood"
"IA","larrabee","Larrabee"
"IA","latimer","Latimer"
"IA","laurel","Laurel"
"IA","laurens","Laurens"
"IA","lawler","Lawler"
"IA","lawton","Lawton"
"IA","le claire","Le Claire"
"IA","le grand","Le Grand"
"IA","le mars","Le Mars"
"IA","le roy","Le Roy"
"IA","leando","Leando"
"IA","ledyard","Ledyard"
"IA","lehigh","Lehigh"
"IA","leighton","Leighton"
"IA","leland","Leland"
"IA","lenox","Lenox"
"IA","leon","Leon"
"IA","lester","Lester"
"IA","letts","Letts"
"IA","lewis","Lewis"
"IA","libertyville","Libertyville"
"IA","lidderdale","Lidderdale"
"IA","lime springs","Lime Springs"
"IA","lincoln","Lincoln"
"IA","linden","Linden"
"IA","lineville","Lineville"
"IA","linn grove","Linn Grove"
"IA","lisbon","Lisbon"
"IA","liscomb","Liscomb"
"IA","little cedar","Little Cedar"
"IA","little rock","Little Rock"
"IA","little sioux","Little Sioux"
"IA","livermore","Livermore"
"IA","lockridge","Lockridge"
"IA","logan","Logan"
"IA","lohrville","Lohrville"
"IA","lone rock","Lone Rock"
"IA","lone tree","Lone Tree"
"IA","long grove","Long Grove"
"IA","lorimor","Lorimor"
"IA","lost nation","Lost Nation"
"IA","loveland","Loveland"
"IA","lovilia","Lovilia"
"IA","low moor","Low Moor"
"IA","lowden","Lowden"
"IA","lowell","Lowell"
"IA","lu verne","Lu Verne"
"IA","luana","Luana"
"IA","lucas","Lucas"
"IA","luther","Luther"
"IA","luxemburg","Luxemburg"
"IA","luzerne","Luzerne"
"IA","lynnville","Lynnville"
"IA","lytton","Lytton"
"IA","macedonia","Macedonia"
"IA","macksburg","Macksburg"
"IA","madrid","Madrid"
"IA","magnolia","Magnolia"
"IA","maharishi vedic city","Maharishi Vedic City"
"IA","malcom","Malcom"
"IA","mallard","Mallard"
"IA","maloy","Maloy"
"IA","malvern","Malvern"
"IA","manchester","Manchester"
"IA","manilla","Manilla"
"IA","manly","Manly"
"IA","manning","Manning"
"IA","manson","Manson"
"IA","mapleton","Mapleton"
"IA","maquoketa","Maquoketa"
"IA","marathon","Marathon"
"IA","marble rock","Marble Rock"
"IA","marcus","Marcus"
"IA","marengo","Marengo"
"IA","marion","Marion"
"IA","marne","Marne"
"IA","marquette","Marquette"
"IA","marshalltown","Marshalltown"
"IA","martelle","Martelle"
"IA","martensdale","Martensdale"
"IA","martinsburg","Martinsburg"
"IA","marysville","Marysville"
"IA","mason city","Mason City"
"IA","masonville","Masonville"
"IA","massena","Massena"
"IA","matlock","Matlock"
"IA","maurice","Maurice"
"IA","maxwell","Maxwell"
"IA","maynard","Maynard"
"IA","maysville","Maysville"
"IA","mccallsburg","McCallsburg"
"IA","mccausland","McCausland"
"IA","mcclelland","McClelland"
"IA","mcgregor","McGregor"
"IA","mcintire","McIntire"
"IA","mechanicsville","Mechanicsville"
"IA","mediapolis","Mediapolis"
"IA","melbourne","Melbourne"
"IA","melcher-dallas","Melcher-Dallas"
"IA","melrose","Melrose"
"IA","melvin","Melvin"
"IA","menlo","Menlo"
"IA","meriden","Meriden"
"IA","merrill","Merrill"
"IA","meservey","Meservey"
"IA","meyer","Meyer"
"IA","middle amana","Middle Amana"
"IA","middletown","Middletown"
"IA","miles","Miles"
"IA","milford","Milford"
"IA","miller","Miller"
"IA","millersburg","Millersburg"
"IA","millerton","Millerton"
"IA","milo","Milo"
"IA","milton","Milton"
"IA","minburn","Minburn"
"IA","minden","Minden"
"IA","mineola","Mineola"
"IA","mingo","Mingo"
"IA","missouri valley","Missouri Valley"
"IA","mitchell","Mitchell"
"IA","mitchellville","Mitchellville"
"IA","modale","Modale"
"IA","mona","Mona"
"IA","mondamin","Mondamin"
"IA","monmouth","Monmouth"
"IA","monona","Monona"
"IA","monroe","Monroe"
"IA","montezuma","Montezuma"
"IA","monticello","Monticello"
"IA","montour","Montour"
"IA","montpelier","Montpelier"
"IA","montrose","Montrose"
"IA","mooar","Mooar"
"IA","moorhead","Moorhead"
"IA","moorland","Moorland"
"IA","moravia","Moravia"
"IA","morley","Morley"
"IA","morning sun","Morning Sun"
"IA","morrison","Morrison"
"IA","moscow","Moscow"
"IA","moulton","Moulton"
"IA","mount auburn","Mount Auburn"
"IA","mount ayr","Mount Ayr"
"IA","mount pleasant","Mount Pleasant"
"IA","mount sterling","Mount Sterling"
"IA","mount union","Mount Union"
"IA","mount vernon","Mount Vernon"
"IA","moville","Moville"
"IA","murray","Murray"
"IA","muscatine","Muscatine"
"IA","mystic","Mystic"
"IA","nashua","Nashua"
"IA","nemaha","Nemaha"
"IA","neola","Neola"
"IA","nevada","Nevada"
"IA","new albin","New Albin"
"IA","new hampton","New Hampton"
"IA","new hartford","New Hartford"
"IA","new haven","New Haven"
"IA","new liberty","New Liberty"
"IA","new london","New London"
"IA","new market","New Market"
"IA","new providence","New Providence"
"IA","new sharon","New Sharon"
"IA","new vienna","New Vienna"
"IA","new virginia","New Virginia"
"IA","newell","Newell"
"IA","newhall","Newhall"
"IA","newton","Newton"
"IA","nichols","Nichols"
"IA","nodaway","Nodaway"
"IA","nora springs","Nora Springs"
"IA","north buena vista","North Buena Vista"
"IA","north english","North English"
"IA","north liberty","North Liberty"
"IA","north washington","North Washington"
"IA","northboro","Northboro"
"IA","northwood","Northwood"
"IA","norwalk","Norwalk"
"IA","norway","Norway"
"IA","numa","Numa"
"IA","oak hills","Oak Hills"
"IA","oakland","Oakland"
"IA","oakland acres","Oakland Acres"
"IA","oakville","Oakville"
"IA","ocheyedan","Ocheyedan"
"IA","odebolt","Odebolt"
"IA","oelwein","Oelwein"
"IA","ogden","Ogden"
"IA","okoboji","Okoboji"
"IA","olds","Olds"
"IA","olin","Olin"
"IA","ollie","Ollie"
"IA","onawa","Onawa"
"IA","onslow","Onslow"
"IA","orange city","Orange City"
"IA","orchard","Orchard"
"IA","orient","Orient"
"IA","orleans","Orleans"
"IA","osage","Osage"
"IA","osceola","Osceola"
"IA","oskaloosa","Oskaloosa"
"IA","ossian","Ossian"
"IA","osterdock","Osterdock"
"IA","otho","Otho"
"IA","oto","Oto"
"IA","otranto","Otranto"
"IA","ottosen","Ottosen"
"IA","ottumwa","Ottumwa"
"IA","owasa","Owasa"
"IA","oxford","Oxford"
"IA","oxford junction","Oxford Junction"
"IA","oyens","Oyens"
"IA","pacific junction","Pacific Junction"
"IA","packwood","Packwood"
"IA","palmer","Palmer"
"IA","palo","Palo"
"IA","panama","Panama"
"IA","panora","Panora"
"IA","panorama park","Panorama Park"
"IA","park view","Park View"
"IA","parkersburg","Parkersburg"
"IA","parnell","Parnell"
"IA","paton","Paton"
"IA","patterson","Patterson"
"IA","paullina","Paullina"
"IA","pella","Pella"
"IA","peosta","Peosta"
"IA","percival","Percival"
"IA","perry","Perry"
"IA","persia","Persia"
"IA","peterson","Peterson"
"IA","pierson","Pierson"
"IA","pilot mound","Pilot Mound"
"IA","pisgah","Pisgah"
"IA","plainfield","Plainfield"
"IA","plainview","Plainview"
"IA","plano","Plano"
"IA","pleasant hill","Pleasant Hill"
"IA","pleasant plain","Pleasant Plain"
"IA","pleasanton","Pleasanton"
"IA","pleasantville","Pleasantville"
"IA","plover","Plover"
"IA","plymouth","Plymouth"
"IA","pocahontas","Pocahontas"
"IA","polk city","Polk City"
"IA","pomeroy","Pomeroy"
"IA","popejoy","Popejoy"
"IA","portland","Portland"
"IA","portsmouth","Portsmouth"
"IA","postville","Postville"
"IA","prairie city","Prairie City"
"IA","prairieburg","Prairieburg"
"IA","prescott","Prescott"
"IA","preston","Preston"
"IA","primghar","Primghar"
"IA","princeton","Princeton"
"IA","promise city","Promise City"
"IA","protivin","Protivin"
"IA","pulaski","Pulaski"
"IA","quasqueton","Quasqueton"
"IA","quimby","Quimby"
"IA","radcliffe","Radcliffe"
"IA","rake","Rake"
"IA","ralston","Ralston"
"IA","randalia","Randalia"
"IA","randall","Randall"
"IA","randolph","Randolph"
"IA","rathbun","Rathbun"
"IA","raymond","Raymond"
"IA","readlyn","Readlyn"
"IA","reasnor","Reasnor"
"IA","red oak","Red Oak"
"IA","redding","Redding"
"IA","redfield","Redfield"
"IA","reinbeck","Reinbeck"
"IA","rembrandt","Rembrandt"
"IA","remsen","Remsen"
"IA","renwick","Renwick"
"IA","rhodes","Rhodes"
"IA","riceville","Riceville"
"IA","richland","Richland"
"IA","rickardsville","Rickardsville"
"IA","ricketts","Ricketts"
"IA","ridgeway","Ridgeway"
"IA","rinard","Rinard"
"IA","ringsted","Ringsted"
"IA","rippey","Rippey"
"IA","river sioux","River Sioux"
"IA","riverdale","Riverdale"
"IA","riverside","Riverside"
"IA","riverton","Riverton"
"IA","robins","Robins"
"IA","rochester","Rochester"
"IA","rock falls","Rock Falls"
"IA","rock rapids","Rock Rapids"
"IA","rock valley","Rock Valley"
"IA","rockford","Rockford"
"IA","rockwell","Rockwell"
"IA","rockwell city","Rockwell City"
"IA","rodman","Rodman"
"IA","rodney","Rodney"
"IA","roland","Roland"
"IA","rolfe","Rolfe"
"IA","rome","Rome"
"IA","rose hill","Rose Hill"
"IA","roseville","Roseville"
"IA","rossie","Rossie"
"IA","rowan","Rowan"
"IA","rowley","Rowley"
"IA","royal","Royal"
"IA","rudd","Rudd"
"IA","runnells","Runnells"
"IA","russell","Russell"
"IA","ruthven","Ruthven"
"IA","rutland","Rutland"
"IA","ryan","Ryan"
"IA","sabula","Sabula"
"IA","sac city","Sac City"
"IA","sageville","Sageville"
"IA","salem","Salem"
"IA","salix","Salix"
"IA","sanborn","Sanborn"
"IA","sandusky","Sandusky"
"IA","sandyville","Sandyville"
"IA","saylorville","Saylorville"
"IA","scarville","Scarville"
"IA","schaller","Schaller"
"IA","schleswig","Schleswig"
"IA","scranton","Scranton"
"IA","searsboro","Searsboro"
"IA","sergeant bluff","Sergeant Bluff"
"IA","sexton","Sexton"
"IA","seymour","Seymour"
"IA","shambaugh","Shambaugh"
"IA","shannon city","Shannon City"
"IA","sharpsburg","Sharpsburg"
"IA","sheffield","Sheffield"
"IA","shelby","Shelby"
"IA","sheldahl","Sheldahl"
"IA","sheldon","Sheldon"
"IA","shell rock","Shell Rock"
"IA","shellsburg","Shellsburg"
"IA","shenandoah","Shenandoah"
"IA","sherrill","Sherrill"
"IA","shueyville","Shueyville"
"IA","sibley","Sibley"
"IA","sidney","Sidney"
"IA","sigourney","Sigourney"
"IA","silver city","Silver City"
"IA","sioux center","Sioux Center"
"IA","sioux city","Sioux City"
"IA","sioux rapids","Sioux Rapids"
"IA","slater","Slater"
"IA","sloan","Sloan"
"IA","smithland","Smithland"
"IA","soldier","Soldier"
"IA","solon","Solon"
"IA","somers","Somers"
"IA","south amana","South Amana"
"IA","south english","South English"
"IA","spencer","Spencer"
"IA","sperry","Sperry"
"IA","spillville","Spillville"
"IA","spirit lake","Spirit Lake"
"IA","spragueville","Spragueville"
"IA","spring hill","Spring Hill"
"IA","springbrook","Springbrook"
"IA","springville","Springville"
"IA","st. ansgar","St. Ansgar"
"IA","st. anthony","St. Anthony"
"IA","st. benedict","St. Benedict"
"IA","st. charles","St. Charles"
"IA","st. donatus","St. Donatus"
"IA","st. joseph","St. Joseph"
"IA","st. lucas","St. Lucas"
"IA","st. marys","St. Marys"
"IA","st. olaf","St. Olaf"
"IA","st. paul","St. Paul"
"IA","stacyville","Stacyville"
"IA","stanhope","Stanhope"
"IA","stanley","Stanley"
"IA","stanton","Stanton"
"IA","stanwood","Stanwood"
"IA","state center","State Center"
"IA","steamboat rock","Steamboat Rock"
"IA","stockport","Stockport"
"IA","stockton","Stockton"
"IA","stone city","Stone City"
"IA","storm lake","Storm Lake"
"IA","story city","Story City"
"IA","stout","Stout"
"IA","stratford","Stratford"
"IA","strawberry point","Strawberry Point"
"IA","struble","Struble"
"IA","stuart","Stuart"
"IA","sully","Sully"
"IA","sumner","Sumner"
"IA","sun valley lake","Sun Valley Lake"
"IA","superior","Superior"
"IA","sutherland","Sutherland"
"IA","swaledale","Swaledale"
"IA","swan","Swan"
"IA","swea city","Swea City"
"IA","swedesburg","Swedesburg"
"IA","swisher","Swisher"
"IA","tabor","Tabor"
"IA","tama","Tama"
"IA","templeton","Templeton"
"IA","tennant","Tennant"
"IA","terril","Terril"
"IA","thayer","Thayer"
"IA","thompson","Thompson"
"IA","thor","Thor"
"IA","thornburg","Thornburg"
"IA","thornton","Thornton"
"IA","thurman","Thurman"
"IA","tiffin","Tiffin"
"IA","tingley","Tingley"
"IA","tipton","Tipton"
"IA","titonka","Titonka"
"IA","toeterville","Toeterville"
"IA","toledo","Toledo"
"IA","toronto","Toronto"
"IA","traer","Traer"
"IA","trenton","Trenton"
"IA","treynor","Treynor"
"IA","tripoli","Tripoli"
"IA","truesdale","Truesdale"
"IA","truro","Truro"
"IA","turin","Turin"
"IA","twin lakes","Twin Lakes"
"IA","udell","Udell"
"IA","underwood","Underwood"
"IA","union","Union"
"IA","unionville","Unionville"
"IA","university heights","University Heights"
"IA","university park","University Park"
"IA","urbana","Urbana"
"IA","urbandale","Urbandale"
"IA","ute","Ute"
"IA","vail","Vail"
"IA","valeria","Valeria"
"IA","van horne","Van Horne"
"IA","van meter","Van Meter"
"IA","van wert","Van Wert"
"IA","varina","Varina"
"IA","ventura","Ventura"
"IA","victor","Victor"
"IA","villisca","Villisca"
"IA","vincent","Vincent"
"IA","vining","Vining"
"IA","vinton","Vinton"
"IA","volga","Volga"
"IA","wadena","Wadena"
"IA","wahpeton","Wahpeton"
"IA","walcott","Walcott"
"IA","walford","Walford"
"IA","walker","Walker"
"IA","wall lake","Wall Lake"
"IA","wallingford","Wallingford"
"IA","walnut","Walnut"
"IA","wapello","Wapello"
"IA","washburn","Washburn"
"IA","washington","Washington"
"IA","washta","Washta"
"IA","waterloo","Waterloo"
"IA","waterville","Waterville"
"IA","watkins","Watkins"
"IA","waucoma","Waucoma"
"IA","waukee","Waukee"
"IA","waukon","Waukon"
"IA","waverly","Waverly"
"IA","wayland","Wayland"
"IA","webb","Webb"
"IA","webster","Webster"
"IA","webster city","Webster City"
"IA","weldon","Weldon"
"IA","wellman","Wellman"
"IA","wellsburg","Wellsburg"
"IA","welton","Welton"
"IA","wesley","Wesley"
"IA","west amana","West Amana"
"IA","west bend","West Bend"
"IA","west branch","West Branch"
"IA","west burlington","West Burlington"
"IA","west chester","West Chester"
"IA","west des moines","West Des Moines"
"IA","west liberty","West Liberty"
"IA","west okoboji","West Okoboji"
"IA","west point","West Point"
"IA","west union","West Union"
"IA","westfield","Westfield"
"IA","westgate","Westgate"
"IA","weston","Weston"
"IA","westphalia","Westphalia"
"IA","westside","Westside"
"IA","westwood","Westwood"
"IA","wever","Wever"
"IA","what cheer","What Cheer"
"IA","wheatland","Wheatland"
"IA","whiting","Whiting"
"IA","whittemore","Whittemore"
"IA","whitten","Whitten"
"IA","willey","Willey"
"IA","williams","Williams"
"IA","williamsburg","Williamsburg"
"IA","williamson","Williamson"
"IA","wilton","Wilton"
"IA","windsor heights","Windsor Heights"
"IA","winfield","Winfield"
"IA","winterset","Winterset"
"IA","winthrop","Winthrop"
"IA","wiota","Wiota"
"IA","woden","Woden"
"IA","woodbine","Woodbine"
"IA","woodburn","Woodburn"
"IA","woodward","Woodward"
"IA","woolstock","Woolstock"
"IA","worthington","Worthington"
"IA","wyoming","Wyoming"
"IA","yale","Yale"
"IA","yarmouth","Yarmouth"
"IA","yetter","Yetter"
"IA","yorktown","Yorktown"
"IA","zearing","Zearing"
"IA","zwingle","Zwingle"
"ID","aberdeen","Aberdeen"
"ID","acequia","Acequia"
"ID","albion","Albion"
"ID","american falls","American Falls"
"ID","ammon","Ammon"
"ID","arbon valley","Arbon Valley"
"ID","arco","Arco"
"ID","arimo","Arimo"
"ID","ashton","Ashton"
"ID","athol","Athol"
"ID","avimor","Avimor"
"ID","bancroft","Bancroft"
"ID","banks","Banks"
"ID","basalt","Basalt"
"ID","bellevue","Bellevue"
"ID","bennington","Bennington"
"ID","blackfoot","Blackfoot"
"ID","blanchard","Blanchard"
"ID","bliss","Bliss"
"ID","bloomington","Bloomington"
"ID","boise city","Boise City"
"ID","bonners ferry","Bonners Ferry"
"ID","bovill","Bovill"
"ID","bruneau","Bruneau"
"ID","buhl","Buhl"
"ID","burley","Burley"
"ID","butte city","Butte City"
"ID","caldwell","Caldwell"
"ID","cambridge","Cambridge"
"ID","carey","Carey"
"ID","cascade","Cascade"
"ID","castleford","Castleford"
"ID","challis","Challis"
"ID","chubbuck","Chubbuck"
"ID","clark fork","Clark Fork"
"ID","clayton","Clayton"
"ID","clifton","Clifton"
"ID","coeur d'alene","Coeur d'Alene"
"ID","conkling park","Conkling Park"
"ID","coolin","Coolin"
"ID","cottonwood","Cottonwood"
"ID","council","Council"
"ID","craigmont","Craigmont"
"ID","crouch","Crouch"
"ID","culdesac","Culdesac"
"ID","dalton gardens","Dalton Gardens"
"ID","dayton","Dayton"
"ID","de smet","De Smet"
"ID","deary","Deary"
"ID","declo","Declo"
"ID","dietrich","Dietrich"
"ID","donnelly","Donnelly"
"ID","dover","Dover"
"ID","downey","Downey"
"ID","driggs","Driggs"
"ID","drummond","Drummond"
"ID","dubois","Dubois"
"ID","eagle","Eagle"
"ID","east hope","East Hope"
"ID","eden","Eden"
"ID","elk city","Elk City"
"ID","elk river","Elk River"
"ID","emmett","Emmett"
"ID","fairfield","Fairfield"
"ID","ferdinand","Ferdinand"
"ID","fernan lake village","Fernan Lake Village"
"ID","fernwood","Fernwood"
"ID","filer","Filer"
"ID","firth","Firth"
"ID","fort hall","Fort Hall"
"ID","franklin","Franklin"
"ID","fruitland","Fruitland"
"ID","gannett","Gannett"
"ID","garden city","Garden City"
"ID","garden valley","Garden Valley"
"ID","genesee","Genesee"
"ID","georgetown","Georgetown"
"ID","glenns ferry","Glenns Ferry"
"ID","gooding","Gooding"
"ID","grace","Grace"
"ID","grand view","Grand View"
"ID","grangeville","Grangeville"
"ID","greenleaf","Greenleaf"
"ID","groveland","Groveland"
"ID","hagerman","Hagerman"
"ID","hailey","Hailey"
"ID","hamer","Hamer"
"ID","hammett","Hammett"
"ID","hansen","Hansen"
"ID","harrison","Harrison"
"ID","hauser","Hauser"
"ID","hayden","Hayden"
"ID","hayden lake","Hayden Lake"
"ID","hazelton","Hazelton"
"ID","heyburn","Heyburn"
"ID","hidden springs","Hidden Springs"
"ID","hollister","Hollister"
"ID","homedale","Homedale"
"ID","hope","Hope"
"ID","horseshoe bend","Horseshoe Bend"
"ID","huetter","Huetter"
"ID","idaho city","Idaho City"
"ID","idaho falls","Idaho Falls"
"ID","inkom","Inkom"
"ID","iona","Iona"
"ID","irwin","Irwin"
"ID","island park","Island Park"
"ID","jerome","Jerome"
"ID","juliaetta","Juliaetta"
"ID","kamiah","Kamiah"
"ID","kellogg","Kellogg"
"ID","kendrick","Kendrick"
"ID","ketchum","Ketchum"
"ID","kimberly","Kimberly"
"ID","kooskia","Kooskia"
"ID","kootenai","Kootenai"
"ID","kuna","Kuna"
"ID","laclede","Laclede"
"ID","lapwai","Lapwai"
"ID","lava hot springs","Lava Hot Springs"
"ID","leadore","Leadore"
"ID","letha","Letha"
"ID","lewiston","Lewiston"
"ID","lewisville","Lewisville"
"ID","lincoln","Lincoln"
"ID","lost river","Lost River"
"ID","lowman","Lowman"
"ID","mackay","Mackay"
"ID","malad city","Malad City"
"ID","malta","Malta"
"ID","marsing","Marsing"
"ID","mccall","McCall"
"ID","mccammon","McCammon"
"ID","melba","Melba"
"ID","menan","Menan"
"ID","meridian","Meridian"
"ID","middleton","Middleton"
"ID","midvale","Midvale"
"ID","minidoka","Minidoka"
"ID","montpelier","Montpelier"
"ID","moore","Moore"
"ID","moreland","Moreland"
"ID","moscow","Moscow"
"ID","mountain home","Mountain Home"
"ID","mountain home afb","Mountain Home AFB"
"ID","moyie springs","Moyie Springs"
"ID","mud lake","Mud Lake"
"ID","mullan","Mullan"
"ID","murphy","Murphy"
"ID","murtaugh","Murtaugh"
"ID","nampa","Nampa"
"ID","new meadows","New Meadows"
"ID","new plymouth","New Plymouth"
"ID","newdale","Newdale"
"ID","nezperce","Nezperce"
"ID","notus","Notus"
"ID","oakley","Oakley"
"ID","oldtown","Oldtown"
"ID","onaway","Onaway"
"ID","orofino","Orofino"
"ID","osburn","Osburn"
"ID","oxford","Oxford"
"ID","paris","Paris"
"ID","parker","Parker"
"ID","parkline","Parkline"
"ID","parma","Parma"
"ID","paul","Paul"
"ID","payette","Payette"
"ID","peck","Peck"
"ID","pierce","Pierce"
"ID","pinehurst","Pinehurst"
"ID","placerville","Placerville"
"ID","plummer","Plummer"
"ID","pocatello","Pocatello"
"ID","ponderay","Ponderay"
"ID","post falls","Post Falls"
"ID","potlatch","Potlatch"
"ID","preston","Preston"
"ID","priest river","Priest River"
"ID","princeton","Princeton"
"ID","rathdrum","Rathdrum"
"ID","reubens","Reubens"
"ID","rexburg","Rexburg"
"ID","richfield","Richfield"
"ID","rigby","Rigby"
"ID","riggins","Riggins"
"ID","ririe","Ririe"
"ID","riverside","Riverside"
"ID","roberts","Roberts"
"ID","robie creek","Robie Creek"
"ID","rockford","Rockford"
"ID","rockford bay","Rockford Bay"
"ID","rockland","Rockland"
"ID","rupert","Rupert"
"ID","salmon","Salmon"
"ID","sandpoint","Sandpoint"
"ID","shelley","Shelley"
"ID","shoshone","Shoshone"
"ID","silverton","Silverton"
"ID","smelterville","Smelterville"
"ID","smiths ferry","Smiths Ferry"
"ID","soda springs","Soda Springs"
"ID","spencer","Spencer"
"ID","spirit lake","Spirit Lake"
"ID","st. anthony","St. Anthony"
"ID","st. charles","St. Charles"
"ID","st. maries","St. Maries"
"ID","stanley","Stanley"
"ID","star","Star"
"ID","state line","State Line"
"ID","stites","Stites"
"ID","sugar city","Sugar City"
"ID","sun valley","Sun Valley"
"ID","swan valley","Swan Valley"
"ID","sweetwater","Sweetwater"
"ID","tensed","Tensed"
"ID","teton","Teton"
"ID","tetonia","Tetonia"
"ID","troy","Troy"
"ID","twin falls","Twin Falls"
"ID","tyhee","Tyhee"
"ID","ucon","Ucon"
"ID","victor","Victor"
"ID","viola","Viola"
"ID","wallace","Wallace"
"ID","wardner","Wardner"
"ID","warm river","Warm River"
"ID","weippe","Weippe"
"ID","weiser","Weiser"
"ID","wendell","Wendell"
"ID","weston","Weston"
"ID","white bird","White Bird"
"ID","wilder","Wilder"
"ID","winchester","Winchester"
"ID","worley","Worley"
"ID","yellow pine","Yellow Pine"
"IL","abingdon","Abingdon"
"IL","adair","Adair"
"IL","adams","Adams"
"IL","addieville","Addieville"
"IL","addison","Addison"
"IL","adeline","Adeline"
"IL","albany","Albany"
"IL","albers","Albers"
"IL","albion","Albion"
"IL","alden","Alden"
"IL","aledo","Aledo"
"IL","alexander","Alexander"
"IL","alexis","Alexis"
"IL","algonquin","Algonquin"
"IL","alhambra","Alhambra"
"IL","allendale","Allendale"
"IL","allenville","Allenville"
"IL","allerton","Allerton"
"IL","alma","Alma"
"IL","alpha","Alpha"
"IL","alsey","Alsey"
"IL","alsip","Alsip"
"IL","altamont","Altamont"
"IL","alto pass","Alto Pass"
"IL","alton","Alton"
"IL","altona","Altona"
"IL","alvan (alvin)","Alvan (Alvin)"
"IL","amboy","Amboy"
"IL","anchor","Anchor"
"IL","andalusia","Andalusia"
"IL","andover","Andover"
"IL","andres","Andres"
"IL","anna","Anna"
"IL","annapolis","Annapolis"
"IL","annawan","Annawan"
"IL","antioch","Antioch"
"IL","apple canyon lake","Apple Canyon Lake"
"IL","apple river","Apple River"
"IL","arbury hills","Arbury Hills"
"IL","arcola","Arcola"
"IL","arenzville","Arenzville"
"IL","argenta","Argenta"
"IL","argyle","Argyle"
"IL","arlington","Arlington"
"IL","arlington heights","Arlington Heights"
"IL","armington","Armington"
"IL","aroma park","Aroma Park"
"IL","arrowsmith","Arrowsmith"
"IL","arthur","Arthur"
"IL","ashkum","Ashkum"
"IL","ashland","Ashland"
"IL","ashley","Ashley"
"IL","ashmore","Ashmore"
"IL","ashton","Ashton"
"IL","assumption","Assumption"
"IL","astoria","Astoria"
"IL","athens","Athens"
"IL","atkinson","Atkinson"
"IL","atlanta","Atlanta"
"IL","atwood","Atwood"
"IL","auburn","Auburn"
"IL","augusta","Augusta"
"IL","aurora","Aurora"
"IL","ava","Ava"
"IL","aviston","Aviston"
"IL","avon","Avon"
"IL","baileyville","Baileyville"
"IL","baldwin","Baldwin"
"IL","banner","Banner"
"IL","bannockburn","Bannockburn"
"IL","bardolph","Bardolph"
"IL","barrington","Barrington"
"IL","barrington hills","Barrington Hills"
"IL","barry","Barry"
"IL","barstow","Barstow"
"IL","bartelso","Bartelso"
"IL","bartlett","Bartlett"
"IL","bartonville","Bartonville"
"IL","basco","Basco"
"IL","batavia","Batavia"
"IL","batchtown","Batchtown"
"IL","bath","Bath"
"IL","bay view gardens","Bay View Gardens"
"IL","baylis","Baylis"
"IL","beach park","Beach Park"
"IL","beardstown","Beardstown"
"IL","beason","Beason"
"IL","beaverville","Beaverville"
"IL","beckemeyer","Beckemeyer"
"IL","bedford park","Bedford Park"
"IL","beecher","Beecher"
"IL","beecher city","Beecher City"
"IL","belgium","Belgium"
"IL","belknap","Belknap"
"IL","belle prairie city","Belle Prairie City"
"IL","belle rive","Belle Rive"
"IL","belleville","Belleville"
"IL","bellevue","Bellevue"
"IL","bellflower","Bellflower"
"IL","bellmont","Bellmont"
"IL","bellwood","Bellwood"
"IL","belvidere","Belvidere"
"IL","bement","Bement"
"IL","benld","Benld"
"IL","bensenville","Bensenville"
"IL","benson","Benson"
"IL","bentley","Bentley"
"IL","benton","Benton"
"IL","berkeley","Berkeley"
"IL","berlin","Berlin"
"IL","berwyn","Berwyn"
"IL","bethalto","Bethalto"
"IL","bethany","Bethany"
"IL","beverly","Beverly"
"IL","big foot prairie","Big Foot Prairie"
"IL","big rock","Big Rock"
"IL","biggsville","Biggsville"
"IL","bingham","Bingham"
"IL","bishop hill","Bishop Hill"
"IL","bismarck","Bismarck"
"IL","blairsville","Blairsville"
"IL","blandinsville","Blandinsville"
"IL","bloomfield","Bloomfield"
"IL","bloomingdale","Bloomingdale"
"IL","bloomington","Bloomington"
"IL","blue island","Blue Island"
"IL","blue mound","Blue Mound"
"IL","bluffs","Bluffs"
"IL","bluford","Bluford"
"IL","bolingbrook","Bolingbrook"
"IL","bondville","Bondville"
"IL","bone gap","Bone Gap"
"IL","bonfield","Bonfield"
"IL","bonnie","Bonnie"
"IL","bonnie brae","Bonnie Brae"
"IL","boody","Boody"
"IL","boulder hill","Boulder Hill"
"IL","bourbonnais","Bourbonnais"
"IL","bowen","Bowen"
"IL","braceville","Braceville"
"IL","bradford","Bradford"
"IL","bradley","Bradley"
"IL","braidwood","Braidwood"
"IL","breese","Breese"
"IL","bridgeport","Bridgeport"
"IL","bridgeview","Bridgeview"
"IL","brighton","Brighton"
"IL","brimfield","Brimfield"
"IL","broadlands","Broadlands"
"IL","broadview","Broadview"
"IL","broadwell","Broadwell"
"IL","brocton","Brocton"
"IL","brookfield","Brookfield"
"IL","brooklyn","Brooklyn"
"IL","brookport","Brookport"
"IL","broughton","Broughton"
"IL","browning","Browning"
"IL","browns","Browns"
"IL","brownstown","Brownstown"
"IL","brussels","Brussels"
"IL","bryant","Bryant"
"IL","buckingham","Buckingham"
"IL","buckley","Buckley"
"IL","buckner","Buckner"
"IL","buda","Buda"
"IL","buffalo","Buffalo"
"IL","buffalo grove","Buffalo Grove"
"IL","buffalo prairie","Buffalo Prairie"
"IL","bull valley","Bull Valley"
"IL","bulpitt","Bulpitt"
"IL","buncombe","Buncombe"
"IL","bunker hill","Bunker Hill"
"IL","burbank","Burbank"
"IL","bureau junction","Bureau Junction"
"IL","burlington","Burlington"
"IL","burnham","Burnham"
"IL","burnt prairie","Burnt Prairie"
"IL","burr ridge","Burr Ridge"
"IL","burton","Burton"
"IL","burtons bridge","Burtons Bridge"
"IL","bush","Bush"
"IL","bushnell","Bushnell"
"IL","butler","Butler"
"IL","byron","Byron"
"IL","cabery","Cabery"
"IL","cable","Cable"
"IL","cahokia heights","Cahokia Heights"
"IL","cairo","Cairo"
"IL","caledonia","Caledonia"
"IL","calhoun","Calhoun"
"IL","calumet city","Calumet City"
"IL","calumet park","Calumet Park"
"IL","camargo","Camargo"
"IL","cambria","Cambria"
"IL","cambridge","Cambridge"
"IL","camden","Camden"
"IL","cameron","Cameron"
"IL","camp point","Camp Point"
"IL","campbell hill","Campbell Hill"
"IL","campbell's island","Campbell's Island"
"IL","campton hills","Campton Hills"
"IL","campus","Campus"
"IL","candlewick lake","Candlewick Lake"
"IL","canton","Canton"
"IL","cantrall","Cantrall"
"IL","capron","Capron"
"IL","carbon cliff","Carbon Cliff"
"IL","carbon hill","Carbon Hill"
"IL","carbondale","Carbondale"
"IL","carlinville","Carlinville"
"IL","carlock","Carlock"
"IL","carlyle","Carlyle"
"IL","carman","Carman"
"IL","carmi","Carmi"
"IL","carol stream","Carol Stream"
"IL","carpentersville","Carpentersville"
"IL","carrier mills","Carrier Mills"
"IL","carrollton","Carrollton"
"IL","carterville","Carterville"
"IL","carthage","Carthage"
"IL","cary","Cary"
"IL","casey","Casey"
"IL","caseyville","Caseyville"
"IL","catlin","Catlin"
"IL","cave-in-rock","Cave-In-Rock"
"IL","cedar point","Cedar Point"
"IL","cedarville","Cedarville"
"IL","central city","Central City"
"IL","centralia","Centralia"
"IL","cerro gordo","Cerro Gordo"
"IL","chadwick","Chadwick"
"IL","champaign","Champaign"
"IL","chandlerville","Chandlerville"
"IL","channahon","Channahon"
"IL","channel lake","Channel Lake"
"IL","chapin","Chapin"
"IL","charleston","Charleston"
"IL","chatham","Chatham"
"IL","chatsworth","Chatsworth"
"IL","chebanse","Chebanse"
"IL","chemung","Chemung"
"IL","chenoa","Chenoa"
"IL","cherry","Cherry"
"IL","cherry valley","Cherry Valley"
"IL","chester","Chester"
"IL","chesterfield","Chesterfield"
"IL","chestnut","Chestnut"
"IL","chicago","Chicago"
"IL","chicago heights","Chicago Heights"
"IL","chicago ridge","Chicago Ridge"
"IL","chillicothe","Chillicothe"
"IL","chrisman","Chrisman"
"IL","christopher","Christopher"
"IL","cicero","Cicero"
"IL","cisco","Cisco"
"IL","cisne","Cisne"
"IL","cissna park","Cissna Park"
"IL","claremont","Claremont"
"IL","clarendon hills","Clarendon Hills"
"IL","clay city","Clay City"
"IL","clayton","Clayton"
"IL","cleveland","Cleveland"
"IL","clifton","Clifton"
"IL","clinton","Clinton"
"IL","coal city","Coal City"
"IL","coal valley","Coal Valley"
"IL","coalton","Coalton"
"IL","coatsburg","Coatsburg"
"IL","cobden","Cobden"
"IL","coffeen","Coffeen"
"IL","colchester","Colchester"
"IL","coleta","Coleta"
"IL","colfax","Colfax"
"IL","collinsville","Collinsville"
"IL","colona","Colona"
"IL","colp","Colp"
"IL","columbia","Columbia"
"IL","columbus","Columbus"
"IL","como","Como"
"IL","compton","Compton"
"IL","concord","Concord"
"IL","congerville","Congerville"
"IL","cooksville","Cooksville"
"IL","coral","Coral"
"IL","cordova","Cordova"
"IL","cornell","Cornell"
"IL","cornland","Cornland"
"IL","cortland","Cortland"
"IL","coulterville","Coulterville"
"IL","country club hills","Country Club Hills"
"IL","countryside","Countryside"
"IL","cowden","Cowden"
"IL","coyne center","Coyne Center"
"IL","crab orchard","Crab Orchard"
"IL","crainville","Crainville"
"IL","creal springs","Creal Springs"
"IL","crescent city","Crescent City"
"IL","crest hill","Crest Hill"
"IL","creston","Creston"
"IL","crestwood","Crestwood"
"IL","crete","Crete"
"IL","creve coeur","Creve Coeur"
"IL","crossville","Crossville"
"IL","crystal lake","Crystal Lake"
"IL","crystal lawns","Crystal Lawns"
"IL","cuba","Cuba"
"IL","cullom","Cullom"
"IL","curran","Curran"
"IL","custer park","Custer Park"
"IL","cutler","Cutler"
"IL","cypress","Cypress"
"IL","dahlgren","Dahlgren"
"IL","dakota","Dakota"
"IL","dallas city","Dallas City"
"IL","dalton city","Dalton City"
"IL","dalzell","Dalzell"
"IL","damiansville","Damiansville"
"IL","dana","Dana"
"IL","danforth","Danforth"
"IL","danvers","Danvers"
"IL","danville","Danville"
"IL","darien","Darien"
"IL","darmstadt","Darmstadt"
"IL","davis","Davis"
"IL","davis junction","Davis Junction"
"IL","dawson","Dawson"
"IL","dayton","Dayton"
"IL","de land","De Land"
"IL","de pue","De Pue"
"IL","de soto","De Soto"
"IL","de witt","De Witt"
"IL","decatur","Decatur"
"IL","deer creek","Deer Creek"
"IL","deer grove","Deer Grove"
"IL","deer park","Deer Park"
"IL","deerfield","Deerfield"
"IL","dekalb","DeKalb"
"IL","delavan","Delavan"
"IL","des plaines","Des Plaines"
"IL","detroit","Detroit"
"IL","dewey","Dewey"
"IL","diamond","Diamond"
"IL","dieterich","Dieterich"
"IL","divernon","Divernon"
"IL","dix","Dix"
"IL","dixmoor","Dixmoor"
"IL","dixon","Dixon"
"IL","dolton","Dolton"
"IL","dongola","Dongola"
"IL","donnellson","Donnellson"
"IL","donovan","Donovan"
"IL","dorchester","Dorchester"
"IL","dover","Dover"
"IL","dowell","Dowell"
"IL","downers grove","Downers Grove"
"IL","downs","Downs"
"IL","du bois","Du Bois"
"IL","du quoin","Du Quoin"
"IL","dundas","Dundas"
"IL","dunfermline","Dunfermline"
"IL","dunlap","Dunlap"
"IL","dupo","Dupo"
"IL","durand","Durand"
"IL","dwight","Dwight"
"IL","eagarville","Eagarville"
"IL","eagle lake","Eagle Lake"
"IL","earlville","Earlville"
"IL","east alton","East Alton"
"IL","east brooklyn","East Brooklyn"
"IL","east cape girardeau","East Cape Girardeau"
"IL","east carondelet","East Carondelet"
"IL","east dubuque","East Dubuque"
"IL","east dundee","East Dundee"
"IL","east galesburg","East Galesburg"
"IL","east gillespie","East Gillespie"
"IL","east hazel crest","East Hazel Crest"
"IL","east lynn","East Lynn"
"IL","east moline","East Moline"
"IL","east peoria","East Peoria"
"IL","east st. louis","East St. Louis"
"IL","easton","Easton"
"IL","eddyville","Eddyville"
"IL","edgewood","Edgewood"
"IL","edgington","Edgington"
"IL","edinburg","Edinburg"
"IL","edwardsville","Edwardsville"
"IL","effingham","Effingham"
"IL","el dara","El Dara"
"IL","el paso","El Paso"
"IL","elburn","Elburn"
"IL","eldorado","Eldorado"
"IL","eldred","Eldred"
"IL","elgin","Elgin"
"IL","eliza","Eliza"
"IL","elizabeth","Elizabeth"
"IL","elizabethtown","Elizabethtown"
"IL","elk grove village","Elk Grove Village"
"IL","elkhart","Elkhart"
"IL","elkville","Elkville"
"IL","elliott","Elliott"
"IL","ellis grove","Ellis Grove"
"IL","ellisville","Ellisville"
"IL","ellsworth","Ellsworth"
"IL","elmhurst","Elmhurst"
"IL","elmwood","Elmwood"
"IL","elmwood park","Elmwood Park"
"IL","elsah","Elsah"
"IL","elvaston","Elvaston"
"IL","elwin","Elwin"
"IL","elwood","Elwood"
"IL","emden","Emden"
"IL","emington","Emington"
"IL","energy","Energy"
"IL","enfield","Enfield"
"IL","equality","Equality"
"IL","erie","Erie"
"IL","essex","Essex"
"IL","eureka","Eureka"
"IL","evanston","Evanston"
"IL","evansville","Evansville"
"IL","evergreen park","Evergreen Park"
"IL","ewing","Ewing"
"IL","exeter","Exeter"
"IL","fairbury","Fairbury"
"IL","fairfield","Fairfield"
"IL","fairmont","Fairmont"
"IL","fairmont city","Fairmont City"
"IL","fairmount","Fairmount"
"IL","fairview","Fairview"
"IL","fairview heights","Fairview Heights"
"IL","fall creek","Fall Creek"
"IL","farina","Farina"
"IL","farmer city","Farmer City"
"IL","farmersville","Farmersville"
"IL","farmington","Farmington"
"IL","fayetteville","Fayetteville"
"IL","ferris","Ferris"
"IL","fidelity","Fidelity"
"IL","fieldon","Fieldon"
"IL","fillmore","Fillmore"
"IL","findlay","Findlay"
"IL","fisher","Fisher"
"IL","fithian","Fithian"
"IL","flanagan","Flanagan"
"IL","flat rock","Flat Rock"
"IL","flora","Flora"
"IL","floraville","Floraville"
"IL","florence","Florence"
"IL","flossmoor","Flossmoor"
"IL","foosland","Foosland"
"IL","ford heights","Ford Heights"
"IL","forest city","Forest City"
"IL","forest lake","Forest Lake"
"IL","forest park","Forest Park"
"IL","forest view","Forest View"
"IL","forrest","Forrest"
"IL","forreston","Forreston"
"IL","forsyth","Forsyth"
"IL","fowler","Fowler"
"IL","fox lake","Fox Lake"
"IL","fox lake hills","Fox Lake Hills"
"IL","fox river grove","Fox River Grove"
"IL","frankfort","Frankfort"
"IL","frankfort square","Frankfort Square"
"IL","franklin","Franklin"
"IL","franklin grove","Franklin Grove"
"IL","franklin park","Franklin Park"
"IL","franklinville","Franklinville"
"IL","freeburg","Freeburg"
"IL","freeman spur","Freeman Spur"
"IL","freeport","Freeport"
"IL","fulton","Fulton"
"IL","fults","Fults"
"IL","gages lake","Gages Lake"
"IL","galatia","Galatia"
"IL","galena","Galena"
"IL","galesburg","Galesburg"
"IL","galt","Galt"
"IL","galva","Galva"
"IL","garden prairie","Garden Prairie"
"IL","gardner","Gardner"
"IL","garrett","Garrett"
"IL","gays","Gays"
"IL","geneseo","Geneseo"
"IL","geneva","Geneva"
"IL","genoa","Genoa"
"IL","georgetown","Georgetown"
"IL","german valley","German Valley"
"IL","germantown","Germantown"
"IL","germantown hills","Germantown Hills"
"IL","gibson city","Gibson City"
"IL","gifford","Gifford"
"IL","gilberts","Gilberts"
"IL","gillespie","Gillespie"
"IL","gilman","Gilman"
"IL","gilson","Gilson"
"IL","girard","Girard"
"IL","gladstone","Gladstone"
"IL","glasford","Glasford"
"IL","glasgow","Glasgow"
"IL","glen carbon","Glen Carbon"
"IL","glen ellyn","Glen Ellyn"
"IL","glencoe","Glencoe"
"IL","glendale heights","Glendale Heights"
"IL","glenview","Glenview"
"IL","glenwood","Glenwood"
"IL","godfrey","Godfrey"
"IL","godley","Godley"
"IL","golconda","Golconda"
"IL","golden","Golden"
"IL","golden gate","Golden Gate"
"IL","golf","Golf"
"IL","good hope","Good Hope"
"IL","goodenow","Goodenow"
"IL","goodfield","Goodfield"
"IL","goofy ridge","Goofy Ridge"
"IL","goreville","Goreville"
"IL","gorham","Gorham"
"IL","grafton","Grafton"
"IL","grand detour","Grand Detour"
"IL","grand ridge","Grand Ridge"
"IL","grand tower","Grand Tower"
"IL","grandview","Grandview"
"IL","grandwood park","Grandwood Park"
"IL","granite city","Granite City"
"IL","grant park","Grant Park"
"IL","grantfork","Grantfork"
"IL","granville","Granville"
"IL","grayslake","Grayslake"
"IL","grayville","Grayville"
"IL","green oaks","Green Oaks"
"IL","green valley","Green Valley"
"IL","greenfield","Greenfield"
"IL","greenup","Greenup"
"IL","greenview","Greenview"
"IL","greenville","Greenville"
"IL","greenwood","Greenwood"
"IL","gridley","Gridley"
"IL","griggsville","Griggsville"
"IL","gulfport","Gulfport"
"IL","gurnee","Gurnee"
"IL","hainesville","Hainesville"
"IL","hamburg","Hamburg"
"IL","hamel","Hamel"
"IL","hamilton","Hamilton"
"IL","hamlet","Hamlet"
"IL","hammond","Hammond"
"IL","hampshire","Hampshire"
"IL","hampton","Hampton"
"IL","hanaford","Hanaford"
"IL","hanna city","Hanna City"
"IL","hanover","Hanover"
"IL","hanover park","Hanover Park"
"IL","hardin","Hardin"
"IL","harding","Harding"
"IL","harmon","Harmon"
"IL","harmony","Harmony"
"IL","harrisburg","Harrisburg"
"IL","harrison","Harrison"
"IL","harristown","Harristown"
"IL","hartford","Hartford"
"IL","hartland","Hartland"
"IL","hartsburg","Hartsburg"
"IL","harvard","Harvard"
"IL","harvel","Harvel"
"IL","harvey","Harvey"
"IL","harwood heights","Harwood Heights"
"IL","havana","Havana"
"IL","hawthorn woods","Hawthorn Woods"
"IL","hazel crest","Hazel Crest"
"IL","hebron","Hebron"
"IL","hecker","Hecker"
"IL","henderson","Henderson"
"IL","hennepin","Hennepin"
"IL","henning","Henning"
"IL","henry","Henry"
"IL","heritage lake","Heritage Lake"
"IL","herrick","Herrick"
"IL","herrin","Herrin"
"IL","herscher","Herscher"
"IL","hettick","Hettick"
"IL","heyworth","Heyworth"
"IL","hickory hills","Hickory Hills"
"IL","hidalgo","Hidalgo"
"IL","highland","Highland"
"IL","highland park","Highland Park"
"IL","highwood","Highwood"
"IL","hillcrest","Hillcrest"
"IL","hillsboro","Hillsboro"
"IL","hillsdale","Hillsdale"
"IL","hillside","Hillside"
"IL","hillview","Hillview"
"IL","hinckley","Hinckley"
"IL","hindsboro","Hindsboro"
"IL","hinsdale","Hinsdale"
"IL","hodgkins","Hodgkins"
"IL","hoffman","Hoffman"
"IL","hoffman estates","Hoffman Estates"
"IL","holcomb","Holcomb"
"IL","holiday hills","Holiday Hills"
"IL","holiday shores","Holiday Shores"
"IL","hollowayville","Hollowayville"
"IL","homer","Homer"
"IL","homer glen","Homer Glen"
"IL","hometown","Hometown"
"IL","homewood","Homewood"
"IL","hoopeston","Hoopeston"
"IL","hooppole","Hooppole"
"IL","hopedale","Hopedale"
"IL","hopewell","Hopewell"
"IL","hopkins park","Hopkins Park"
"IL","hoyleton","Hoyleton"
"IL","hudson","Hudson"
"IL","huey","Huey"
"IL","hull","Hull"
"IL","humboldt","Humboldt"
"IL","hume","Hume"
"IL","huntley","Huntley"
"IL","hurst","Hurst"
"IL","hutsonville","Hutsonville"
"IL","illinois city","Illinois City"
"IL","illiopolis","Illiopolis"
"IL","ina","Ina"
"IL","indian creek","Indian Creek"
"IL","indian head park","Indian Head Park"
"IL","indianola","Indianola"
"IL","industry","Industry"
"IL","ingalls park","Ingalls Park"
"IL","inverness","Inverness"
"IL","iola","Iola"
"IL","ipava","Ipava"
"IL","iroquois","Iroquois"
"IL","irving","Irving"
"IL","irvington","Irvington"
"IL","irwin","Irwin"
"IL","island lake","Island Lake"
"IL","itasca","Itasca"
"IL","iuka","Iuka"
"IL","ivesdale","Ivesdale"
"IL","jacksonville","Jacksonville"
"IL","janesville","Janesville"
"IL","jeffersonville","Jeffersonville"
"IL","jeisyville","Jeisyville"
"IL","jerome","Jerome"
"IL","jerseyville","Jerseyville"
"IL","jewett","Jewett"
"IL","johnsburg","Johnsburg"
"IL","johnsonville","Johnsonville"
"IL","johnston city","Johnston City"
"IL","joliet","Joliet"
"IL","jonesboro","Jonesboro"
"IL","joppa","Joppa"
"IL","joslin","Joslin"
"IL","joy","Joy"
"IL","junction","Junction"
"IL","junction city","Junction City"
"IL","justice","Justice"
"IL","kampsville","Kampsville"
"IL","kane","Kane"
"IL","kaneville","Kaneville"
"IL","kangley","Kangley"
"IL","kankakee","Kankakee"
"IL","kansas","Kansas"
"IL","kappa","Kappa"
"IL","karnak","Karnak"
"IL","kaskaskia","Kaskaskia"
"IL","keenes","Keenes"
"IL","keensburg","Keensburg"
"IL","keithsburg","Keithsburg"
"IL","kell","Kell"
"IL","kempton","Kempton"
"IL","kenilworth","Kenilworth"
"IL","kenney","Kenney"
"IL","kewanee","Kewanee"
"IL","keyesport","Keyesport"
"IL","kilbourne","Kilbourne"
"IL","kildeer","Kildeer"
"IL","kincaid","Kincaid"
"IL","kinderhook","Kinderhook"
"IL","kings","Kings"
"IL","kingston","Kingston"
"IL","kingston mines","Kingston Mines"
"IL","kinmundy","Kinmundy"
"IL","kinsman","Kinsman"
"IL","kirkland","Kirkland"
"IL","kirkwood","Kirkwood"
"IL","knollwood","Knollwood"
"IL","knoxville","Knoxville"
"IL","la clede","La Clede"
"IL","la fayette","La Fayette"
"IL","la grange","La Grange"
"IL","la grange park","La Grange Park"
"IL","la harpe","La Harpe"
"IL","la moille","La Moille"
"IL","la prairie","La Prairie"
"IL","la rose","La Rose"
"IL","lacon","Lacon"
"IL","ladd","Ladd"
"IL","lake barrington","Lake Barrington"
"IL","lake bluff","Lake Bluff"
"IL","lake camelot","Lake Camelot"
"IL","lake carroll","Lake Carroll"
"IL","lake catherine","Lake Catherine"
"IL","lake city","Lake City"
"IL","lake forest","Lake Forest"
"IL","lake holiday","Lake Holiday"
"IL","lake in the hills","Lake in the Hills"
"IL","lake ka-ho","Lake Ka-Ho"
"IL","lake of the woods","Lake of the Woods"
"IL","lake petersburg","Lake Petersburg"
"IL","lake summerset","Lake Summerset"
"IL","lake villa","Lake Villa"
"IL","lake zurich","Lake Zurich"
"IL","lakemoor","Lakemoor"
"IL","lakewood","Lakewood"
"IL","lakewood shores","Lakewood Shores"
"IL","lanark","Lanark"
"IL","lane","Lane"
"IL","langleyville","Langleyville"
"IL","lansing","Lansing"
"IL","laplace","LaPlace"
"IL","lasalle","LaSalle"
"IL","latham","Latham"
"IL","lawrence","Lawrence"
"IL","lawrenceville","Lawrenceville"
"IL","le roy","Le Roy"
"IL","leaf river","Leaf River"
"IL","lebanon","Lebanon"
"IL","lee","Lee"
"IL","lee center","Lee Center"
"IL","leland","Leland"
"IL","leland grove","Leland Grove"
"IL","lemont","Lemont"
"IL","lena","Lena"
"IL","lenzburg","Lenzburg"
"IL","leonore","Leonore"
"IL","lerna","Lerna"
"IL","lewistown","Lewistown"
"IL","lexington","Lexington"
"IL","liberty","Liberty"
"IL","libertyville","Libertyville"
"IL","lily lake","Lily Lake"
"IL","lima","Lima"
"IL","limestone","Limestone"
"IL","lincoln","Lincoln"
"IL","lincolnshire","Lincolnshire"
"IL","lincolnwood","Lincolnwood"
"IL","lindenhurst","Lindenhurst"
"IL","lisbon","Lisbon"
"IL","lisle","Lisle"
"IL","litchfield","Litchfield"
"IL","literberry","Literberry"
"IL","little york","Little York"
"IL","littleton","Littleton"
"IL","liverpool","Liverpool"
"IL","livingston","Livingston"
"IL","loami","Loami"
"IL","lockport","Lockport"
"IL","lockport heights","Lockport Heights"
"IL","loda","Loda"
"IL","lomax","Lomax"
"IL","lombard","Lombard"
"IL","london mills","London Mills"
"IL","long creek","Long Creek"
"IL","long grove","Long Grove"
"IL","long lake","Long Lake"
"IL","long point","Long Point"
"IL","longview","Longview"
"IL","loraine","Loraine"
"IL","lorenzo","Lorenzo"
"IL","lost nation","Lost Nation"
"IL","lostant","Lostant"
"IL","louisville","Louisville"
"IL","loves park","Loves Park"
"IL","lovington","Lovington"
"IL","lowpoint","Lowpoint"
"IL","ludlow","Ludlow"
"IL","lyndon","Lyndon"
"IL","lynn center","Lynn Center"
"IL","lynnville","Lynnville"
"IL","lynwood","Lynwood"
"IL","lyons","Lyons"
"IL","macedonia","Macedonia"
"IL","machesney park","Machesney Park"
"IL","mackinaw","Mackinaw"
"IL","macomb","Macomb"
"IL","macon","Macon"
"IL","madison","Madison"
"IL","maeystown","Maeystown"
"IL","magnolia","Magnolia"
"IL","mahomet","Mahomet"
"IL","makanda","Makanda"
"IL","malden","Malden"
"IL","malta","Malta"
"IL","manchester","Manchester"
"IL","manhattan","Manhattan"
"IL","manito","Manito"
"IL","manlius","Manlius"
"IL","mansfield","Mansfield"
"IL","manteno","Manteno"
"IL","maple park","Maple Park"
"IL","mapleton","Mapleton"
"IL","maquon","Maquon"
"IL","marcelline","Marcelline"
"IL","marengo","Marengo"
"IL","marietta","Marietta"
"IL","marine","Marine"
"IL","marion","Marion"
"IL","marissa","Marissa"
"IL","mark","Mark"
"IL","markham","Markham"
"IL","marley","Marley"
"IL","maroa","Maroa"
"IL","marquette heights","Marquette Heights"
"IL","marseilles","Marseilles"
"IL","marshall","Marshall"
"IL","martinsville","Martinsville"
"IL","martinton","Martinton"
"IL","maryville","Maryville"
"IL","mascoutah","Mascoutah"
"IL","mason","Mason"
"IL","mason city","Mason City"
"IL","matherville","Matherville"
"IL","matteson","Matteson"
"IL","mattoon","Mattoon"
"IL","maunie","Maunie"
"IL","maywood","Maywood"
"IL","mazon","Mazon"
"IL","mcclure","McClure"
"IL","mccook","McCook"
"IL","mccullom lake","McCullom Lake"
"IL","mchenry","McHenry"
"IL","mclean","McLean"
"IL","mcleansboro","McLeansboro"
"IL","mcnabb","McNabb"
"IL","mechanicsburg","Mechanicsburg"
"IL","media","Media"
"IL","medora","Medora"
"IL","melrose park","Melrose Park"
"IL","melvin","Melvin"
"IL","mendon","Mendon"
"IL","mendota","Mendota"
"IL","menominee","Menominee"
"IL","meredosia","Meredosia"
"IL","merrionette park","Merrionette Park"
"IL","merritt","Merritt"
"IL","metamora","Metamora"
"IL","metcalf","Metcalf"
"IL","metropolis","Metropolis"
"IL","mettawa","Mettawa"
"IL","meyer","Meyer"
"IL","middletown","Middletown"
"IL","midlothian","Midlothian"
"IL","milan","Milan"
"IL","milford","Milford"
"IL","mill creek","Mill Creek"
"IL","mill shoals","Mill Shoals"
"IL","millbrook","Millbrook"
"IL","milledgeville","Milledgeville"
"IL","millersburg","Millersburg"
"IL","millington","Millington"
"IL","millstadt","Millstadt"
"IL","milton","Milton"
"IL","mineral","Mineral"
"IL","minier","Minier"
"IL","minonk","Minonk"
"IL","minooka","Minooka"
"IL","mitchell","Mitchell"
"IL","modesto","Modesto"
"IL","mokena","Mokena"
"IL","moline","Moline"
"IL","momence","Momence"
"IL","monee","Monee"
"IL","monmouth","Monmouth"
"IL","monroe center","Monroe Center"
"IL","montgomery","Montgomery"
"IL","monticello","Monticello"
"IL","montrose","Montrose"
"IL","moro","Moro"
"IL","morris","Morris"
"IL","morrison","Morrison"
"IL","morrisonville","Morrisonville"
"IL","morton","Morton"
"IL","morton grove","Morton Grove"
"IL","mossville","Mossville"
"IL","mound city","Mound City"
"IL","mound station","Mound Station"
"IL","mounds","Mounds"
"IL","mount auburn","Mount Auburn"
"IL","mount carmel","Mount Carmel"
"IL","mount carroll","Mount Carroll"
"IL","mount clare","Mount Clare"
"IL","mount erie","Mount Erie"
"IL","mount morris","Mount Morris"
"IL","mount olive","Mount Olive"
"IL","mount prospect","Mount Prospect"
"IL","mount pulaski","Mount Pulaski"
"IL","mount sterling","Mount Sterling"
"IL","mount vernon","Mount Vernon"
"IL","mount zion","Mount Zion"
"IL","moweaqua","Moweaqua"
"IL","muddy","Muddy"
"IL","mulberry grove","Mulberry Grove"
"IL","mulkeytown","Mulkeytown"
"IL","muncie","Muncie"
"IL","mundelein","Mundelein"
"IL","murphysboro","Murphysboro"
"IL","murrayville","Murrayville"
"IL","nachusa","Nachusa"
"IL","naperville","Naperville"
"IL","naplate","Naplate"
"IL","naples","Naples"
"IL","nashville","Nashville"
"IL","nason","Nason"
"IL","nauvoo","Nauvoo"
"IL","nebo","Nebo"
"IL","nekoma","Nekoma"
"IL","nelson","Nelson"
"IL","neoga","Neoga"
"IL","neponset","Neponset"
"IL","new athens","New Athens"
"IL","new baden","New Baden"
"IL","new bedford","New Bedford"
"IL","new berlin","New Berlin"
"IL","new boston","New Boston"
"IL","new burnside","New Burnside"
"IL","new canton","New Canton"
"IL","new douglas","New Douglas"
"IL","new grand chain","New Grand Chain"
"IL","new haven","New Haven"
"IL","new holland","New Holland"
"IL","new lenox","New Lenox"
"IL","new milford","New Milford"
"IL","new minden","New Minden"
"IL","new salem","New Salem"
"IL","newark","Newark"
"IL","newman","Newman"
"IL","newton","Newton"
"IL","niantic","Niantic"
"IL","niles","Niles"
"IL","nilwood","Nilwood"
"IL","niota","Niota"
"IL","noble","Noble"
"IL","nokomis","Nokomis"
"IL","nora","Nora"
"IL","normal","Normal"
"IL","norridge","Norridge"
"IL","norris","Norris"
"IL","norris city","Norris City"
"IL","north aurora","North Aurora"
"IL","north barrington","North Barrington"
"IL","north chicago","North Chicago"
"IL","north city","North City"
"IL","north henderson","North Henderson"
"IL","north pekin","North Pekin"
"IL","north riverside","North Riverside"
"IL","north utica","North Utica"
"IL","northbrook","Northbrook"
"IL","northfield","Northfield"
"IL","northlake","Northlake"
"IL","norwood","Norwood"
"IL","oak brook","Oak Brook"
"IL","oak forest","Oak Forest"
"IL","oak grove","Oak Grove"
"IL","oak lawn","Oak Lawn"
"IL","oak park","Oak Park"
"IL","oak run","Oak Run"
"IL","oakbrook terrace","Oakbrook Terrace"
"IL","oakdale","Oakdale"
"IL","oakford","Oakford"
"IL","oakland","Oakland"
"IL","oakwood","Oakwood"
"IL","oakwood hills","Oakwood Hills"
"IL","oblong","Oblong"
"IL","oconee","Oconee"
"IL","odell","Odell"
"IL","odin","Odin"
"IL","o'fallon","O'Fallon"
"IL","ogden","Ogden"
"IL","oglesby","Oglesby"
"IL","ohio","Ohio"
"IL","ohlman","Ohlman"
"IL","okawville","Okawville"
"IL","old mill creek","Old Mill Creek"
"IL","old ripley","Old Ripley"
"IL","old shawneetown","Old Shawneetown"
"IL","olive branch","Olive Branch"
"IL","olivet","Olivet"
"IL","olmsted","Olmsted"
"IL","olney","Olney"
"IL","olympia fields","Olympia Fields"
"IL","omaha","Omaha"
"IL","onarga","Onarga"
"IL","oneida","Oneida"
"IL","opdyke","Opdyke"
"IL","ophiem","Ophiem"
"IL","oquawka","Oquawka"
"IL","orangeville","Orangeville"
"IL","oreana","Oreana"
"IL","oregon","Oregon"
"IL","orient","Orient"
"IL","orion","Orion"
"IL","orland hills","Orland Hills"
"IL","orland park","Orland Park"
"IL","osco","Osco"
"IL","oswego","Oswego"
"IL","ottawa","Ottawa"
"IL","otterville","Otterville"
"IL","owaneco","Owaneco"
"IL","oxville","Oxville"
"IL","paderborn","Paderborn"
"IL","palatine","Palatine"
"IL","palestine","Palestine"
"IL","palmer","Palmer"
"IL","palmyra","Palmyra"
"IL","paloma","Paloma"
"IL","palos heights","Palos Heights"
"IL","palos hills","Palos Hills"
"IL","palos park","Palos Park"
"IL","pana","Pana"
"IL","panama","Panama"
"IL","panola","Panola"
"IL","papineau","Papineau"
"IL","paris","Paris"
"IL","park city","Park City"
"IL","park forest","Park Forest"
"IL","park ridge","Park Ridge"
"IL","parkersburg","Parkersburg"
"IL","patoka","Patoka"
"IL","paw paw","Paw Paw"
"IL","pawnee","Pawnee"
"IL","paxton","Paxton"
"IL","payson","Payson"
"IL","pearl","Pearl"
"IL","pearl city","Pearl City"
"IL","pecatonica","Pecatonica"
"IL","pekin","Pekin"
"IL","penfield","Penfield"
"IL","peoria","Peoria"
"IL","peoria heights","Peoria Heights"
"IL","peotone","Peotone"
"IL","percy","Percy"
"IL","perry","Perry"
"IL","peru","Peru"
"IL","pesotum","Pesotum"
"IL","petersburg","Petersburg"
"IL","phillipstown","Phillipstown"
"IL","philo","Philo"
"IL","phoenix","Phoenix"
"IL","pierron","Pierron"
"IL","pinckneyville","Pinckneyville"
"IL","pingree grove","Pingree Grove"
"IL","piper city","Piper City"
"IL","pistakee highlands","Pistakee Highlands"
"IL","pittsburg","Pittsburg"
"IL","pittsfield","Pittsfield"
"IL","plainfield","Plainfield"
"IL","plainville","Plainville"
"IL","plano","Plano"
"IL","plattville","Plattville"
"IL","pleasant hill","Pleasant Hill"
"IL","pleasant plains","Pleasant Plains"
"IL","plum valley","Plum Valley"
"IL","plymouth","Plymouth"
"IL","pocahontas","Pocahontas"
"IL","polo","Polo"
"IL","pontiac","Pontiac"
"IL","pontoon beach","Pontoon Beach"
"IL","pontoosuc","Pontoosuc"
"IL","poplar grove","Poplar Grove"
"IL","port barrington","Port Barrington"
"IL","port byron","Port Byron"
"IL","posen","Posen"
"IL","potomac","Potomac"
"IL","prairie city","Prairie City"
"IL","prairie du rocher","Prairie du Rocher"
"IL","prairie grove","Prairie Grove"
"IL","prairietown","Prairietown"
"IL","preemption","Preemption"
"IL","prestbury","Prestbury"
"IL","preston heights","Preston Heights"
"IL","princeton","Princeton"
"IL","princeville","Princeville"
"IL","prophetstown","Prophetstown"
"IL","prospect heights","Prospect Heights"
"IL","pulaski","Pulaski"
"IL","quincy","Quincy"
"IL","radom","Radom"
"IL","raleigh","Raleigh"
"IL","ramsey","Ramsey"
"IL","rankin","Rankin"
"IL","ransom","Ransom"
"IL","rantoul","Rantoul"
"IL","rapids city","Rapids City"
"IL","raritan","Raritan"
"IL","raymond","Raymond"
"IL","red bud","Red Bud"
"IL","reddick","Reddick"
"IL","redmon","Redmon"
"IL","rentchler","Rentchler"
"IL","rest haven","Rest Haven"
"IL","reynolds","Reynolds"
"IL","richfield","Richfield"
"IL","richmond","Richmond"
"IL","richton park","Richton Park"
"IL","richview","Richview"
"IL","ridge farm","Ridge Farm"
"IL","ridgefield","Ridgefield"
"IL","ridgewood","Ridgewood"
"IL","ridgway","Ridgway"
"IL","ridott","Ridott"
"IL","riggston","Riggston"
"IL","riley","Riley"
"IL","ringwood","Ringwood"
"IL","rio","Rio"
"IL","ripley","Ripley"
"IL","ritchie","Ritchie"
"IL","river forest","River Forest"
"IL","river grove","River Grove"
"IL","riverdale","Riverdale"
"IL","riverside","Riverside"
"IL","riverton","Riverton"
"IL","riverwoods","Riverwoods"
"IL","roanoke","Roanoke"
"IL","robbins","Robbins"
"IL","roberts","Roberts"
"IL","robinson","Robinson"
"IL","rochelle","Rochelle"
"IL","rochester","Rochester"
"IL","rock city","Rock City"
"IL","rock falls","Rock Falls"
"IL","rock island","Rock Island"
"IL","rock island arsenal","Rock Island Arsenal"
"IL","rockbridge","Rockbridge"
"IL","rockdale","Rockdale"
"IL","rockford","Rockford"
"IL","rockport","Rockport"
"IL","rockton","Rockton"
"IL","rockwood","Rockwood"
"IL","rolling meadows","Rolling Meadows"
"IL","rome","Rome"
"IL","romeoville","Romeoville"
"IL","roodhouse","Roodhouse"
"IL","roscoe","Roscoe"
"IL","rose hill","Rose Hill"
"IL","roselle","Roselle"
"IL","rosemont","Rosemont"
"IL","roseville","Roseville"
"IL","rosewood heights","Rosewood Heights"
"IL","rosiclare","Rosiclare"
"IL","rossville","Rossville"
"IL","round lake","Round Lake"
"IL","round lake beach","Round Lake Beach"
"IL","round lake heights","Round Lake Heights"
"IL","round lake park","Round Lake Park"
"IL","roxana","Roxana"
"IL","royal","Royal"
"IL","royal lakes","Royal Lakes"
"IL","royalton","Royalton"
"IL","ruma","Ruma"
"IL","rushville","Rushville"
"IL","russellville","Russellville"
"IL","rutland","Rutland"
"IL","sadorus","Sadorus"
"IL","sailor springs","Sailor Springs"
"IL","salem","Salem"
"IL","sammons point","Sammons Point"
"IL","san jose","San Jose"
"IL","sandoval","Sandoval"
"IL","sandwich","Sandwich"
"IL","sauget","Sauget"
"IL","sauk village","Sauk Village"
"IL","saunemin","Saunemin"
"IL","savanna","Savanna"
"IL","savoy","Savoy"
"IL","sawyerville","Sawyerville"
"IL","saybrook","Saybrook"
"IL","scales mound","Scales Mound"
"IL","schaumburg","Schaumburg"
"IL","schiller park","Schiller Park"
"IL","schram city","Schram City"
"IL","sciota","Sciota"
"IL","scott afb","Scott AFB"
"IL","scottville","Scottville"
"IL","seaton","Seaton"
"IL","seatonville","Seatonville"
"IL","secor","Secor"
"IL","seneca","Seneca"
"IL","serena","Serena"
"IL","sesser","Sesser"
"IL","seymour","Seymour"
"IL","shabbona","Shabbona"
"IL","shannon","Shannon"
"IL","shawneetown","Shawneetown"
"IL","sheffield","Sheffield"
"IL","shelbyville","Shelbyville"
"IL","sheldon","Sheldon"
"IL","sheridan","Sheridan"
"IL","sherman","Sherman"
"IL","sherrard","Sherrard"
"IL","shiloh","Shiloh"
"IL","shipman","Shipman"
"IL","shirley","Shirley"
"IL","shorewood","Shorewood"
"IL","shumway","Shumway"
"IL","sibley","Sibley"
"IL","sidell","Sidell"
"IL","sidney","Sidney"
"IL","sigel","Sigel"
"IL","silvis","Silvis"
"IL","simpson","Simpson"
"IL","sims","Sims"
"IL","skokie","Skokie"
"IL","sleepy hollow","Sleepy Hollow"
"IL","smithboro","Smithboro"
"IL","smithfield","Smithfield"
"IL","smithton","Smithton"
"IL","smithville","Smithville"
"IL","solon mills","Solon Mills"
"IL","somonauk","Somonauk"
"IL","sorento","Sorento"
"IL","south barrington","South Barrington"
"IL","south beloit","South Beloit"
"IL","south chicago heights","South Chicago Heights"
"IL","south elgin","South Elgin"
"IL","south holland","South Holland"
"IL","south jacksonville","South Jacksonville"
"IL","south pekin","South Pekin"
"IL","south roxana","South Roxana"
"IL","south wilmington","South Wilmington"
"IL","southern view","Southern View"
"IL","sparland","Sparland"
"IL","sparta","Sparta"
"IL","spaulding","Spaulding"
"IL","spillertown","Spillertown"
"IL","spring bay","Spring Bay"
"IL","spring grove","Spring Grove"
"IL","spring valley","Spring Valley"
"IL","springerton","Springerton"
"IL","springfield","Springfield"
"IL","st. anne","St. Anne"
"IL","st. augustine","St. Augustine"
"IL","st. charles","St. Charles"
"IL","st. david","St. David"
"IL","st. elmo","St. Elmo"
"IL","st. francisville","St. Francisville"
"IL","st. jacob","St. Jacob"
"IL","st. johns","St. Johns"
"IL","st. joseph","St. Joseph"
"IL","st. libory","St. Libory"
"IL","st. peter","St. Peter"
"IL","st. rose","St. Rose"
"IL","standard","Standard"
"IL","standard city","Standard City"
"IL","stanford","Stanford"
"IL","staunton","Staunton"
"IL","ste. marie","Ste. Marie"
"IL","steeleville","Steeleville"
"IL","steger","Steger"
"IL","sterling","Sterling"
"IL","steward","Steward"
"IL","stewardson","Stewardson"
"IL","stickney","Stickney"
"IL","stillman valley","Stillman Valley"
"IL","stockton","Stockton"
"IL","stone park","Stone Park"
"IL","stonefort","Stonefort"
"IL","stonington","Stonington"
"IL","stoy","Stoy"
"IL","strasburg","Strasburg"
"IL","strawn","Strawn"
"IL","streamwood","Streamwood"
"IL","streator","Streator"
"IL","stronghurst","Stronghurst"
"IL","sublette","Sublette"
"IL","sugar grove","Sugar Grove"
"IL","sullivan","Sullivan"
"IL","summerfield","Summerfield"
"IL","summit","Summit"
"IL","sumner","Sumner"
"IL","sun river terrace","Sun River Terrace"
"IL","sunnyland","Sunnyland"
"IL","swansea","Swansea"
"IL","swedona","Swedona"
"IL","sycamore","Sycamore"
"IL","symerton","Symerton"
"IL","table grove","Table Grove"
"IL","tallula","Tallula"
"IL","tamaroa","Tamaroa"
"IL","tamms","Tamms"
"IL","tampico","Tampico"
"IL","taylor ridge","Taylor Ridge"
"IL","taylor springs","Taylor Springs"
"IL","taylorville","Taylorville"
"IL","tennessee","Tennessee"
"IL","teutopolis","Teutopolis"
"IL","thawville","Thawville"
"IL","thayer","Thayer"
"IL","the galena territory","The Galena Territory"
"IL","thebes","Thebes"
"IL","third lake","Third Lake"
"IL","thomasboro","Thomasboro"
"IL","thompsonville","Thompsonville"
"IL","thomson","Thomson"
"IL","thornton","Thornton"
"IL","tilden","Tilden"
"IL","tilton","Tilton"
"IL","timberlane","Timberlane"
"IL","tinley park","Tinley Park"
"IL","tiskilwa","Tiskilwa"
"IL","toledo","Toledo"
"IL","tolono","Tolono"
"IL","toluca","Toluca"
"IL","tonica","Tonica"
"IL","topeka","Topeka"
"IL","toulon","Toulon"
"IL","tovey","Tovey"
"IL","towanda","Towanda"
"IL","tower hill","Tower Hill"
"IL","tower lakes","Tower Lakes"
"IL","tremont","Tremont"
"IL","trenton","Trenton"
"IL","trilla","Trilla"
"IL","triumph","Triumph"
"IL","trivoli","Trivoli"
"IL","trout valley","Trout Valley"
"IL","troy","Troy"
"IL","troy grove","Troy Grove"
"IL","tuscola","Tuscola"
"IL","twin grove","Twin Grove"
"IL","ullin","Ullin"
"IL","union","Union"
"IL","union hill","Union Hill"
"IL","unity","Unity"
"IL","university park","University Park"
"IL","urbana","Urbana"
"IL","ursa","Ursa"
"IL","valier","Valier"
"IL","valley city","Valley City"
"IL","valmeyer","Valmeyer"
"IL","vandalia","Vandalia"
"IL","varna","Varna"
"IL","venedy","Venedy"
"IL","venetian village","Venetian Village"
"IL","venice","Venice"
"IL","vergennes","Vergennes"
"IL","vermilion","Vermilion"
"IL","vermont","Vermont"
"IL","vernon","Vernon"
"IL","vernon hills","Vernon Hills"
"IL","verona","Verona"
"IL","versailles","Versailles"
"IL","victoria","Victoria"
"IL","vienna","Vienna"
"IL","villa grove","Villa Grove"
"IL","villa park","Villa Park"
"IL","viola","Viola"
"IL","virden","Virden"
"IL","virgil","Virgil"
"IL","virginia","Virginia"
"IL","volo","Volo"
"IL","wadsworth","Wadsworth"
"IL","waggoner","Waggoner"
"IL","walnut","Walnut"
"IL","walnut hill","Walnut Hill"
"IL","walshville","Walshville"
"IL","waltonville","Waltonville"
"IL","wamac","Wamac"
"IL","wapella","Wapella"
"IL","warren","Warren"
"IL","warrensburg","Warrensburg"
"IL","warrenville","Warrenville"
"IL","warsaw","Warsaw"
"IL","washburn","Washburn"
"IL","washington","Washington"
"IL","washington park","Washington Park"
"IL","wataga","Wataga"
"IL","waterloo","Waterloo"
"IL","waterman","Waterman"
"IL","watseka","Watseka"
"IL","watson","Watson"
"IL","wauconda","Wauconda"
"IL","waukegan","Waukegan"
"IL","waverly","Waverly"
"IL","wayne","Wayne"
"IL","wayne city","Wayne City"
"IL","waynesville","Waynesville"
"IL","wedron","Wedron"
"IL","weldon","Weldon"
"IL","wellington","Wellington"
"IL","wenona","Wenona"
"IL","wenonah","Wenonah"
"IL","west brooklyn","West Brooklyn"
"IL","west chicago","West Chicago"
"IL","west city","West City"
"IL","west dundee","West Dundee"
"IL","west frankfort","West Frankfort"
"IL","west liberty","West Liberty"
"IL","west peoria","West Peoria"
"IL","west point","West Point"
"IL","west salem","West Salem"
"IL","west union","West Union"
"IL","west york","West York"
"IL","westchester","Westchester"
"IL","western springs","Western Springs"
"IL","westervelt","Westervelt"
"IL","westfield","Westfield"
"IL","westlake village","Westlake Village"
"IL","westmont","Westmont"
"IL","westville","Westville"
"IL","wheaton","Wheaton"
"IL","wheeler","Wheeler"
"IL","wheeling","Wheeling"
"IL","white city","White City"
"IL","white hall","White Hall"
"IL","white heath","White Heath"
"IL","whiteash","Whiteash"
"IL","williamsfield","Williamsfield"
"IL","williamson","Williamson"
"IL","williamsville","Williamsville"
"IL","willisville","Willisville"
"IL","willow hill","Willow Hill"
"IL","willow lake","Willow Lake"
"IL","willow springs","Willow Springs"
"IL","willowbrook","Willowbrook"
"IL","wilmette","Wilmette"
"IL","wilmington","Wilmington"
"IL","wilsonville","Wilsonville"
"IL","wilton center","Wilton Center"
"IL","winchester","Winchester"
"IL","windsor","Windsor"
"IL","winfield","Winfield"
"IL","winnebago","Winnebago"
"IL","winnetka","Winnetka"
"IL","winslow","Winslow"
"IL","winthrop harbor","Winthrop Harbor"
"IL","witt","Witt"
"IL","wonder lake","Wonder Lake"
"IL","wood dale","Wood Dale"
"IL","wood river","Wood River"
"IL","woodhull","Woodhull"
"IL","woodland","Woodland"
"IL","woodlawn","Woodlawn"
"IL","woodridge","Woodridge"
"IL","woodson","Woodson"
"IL","woodstock","Woodstock"
"IL","worden","Worden"
"IL","worth","Worth"
"IL","wyanet","Wyanet"
"IL","wyoming","Wyoming"
"IL","xenia","Xenia"
"IL","yale","Yale"
"IL","yates city","Yates City"
"IL","yorkville","Yorkville"
"IL","zeigler","Zeigler"
"IL","zion","Zion"
"IN","aberdeen","Aberdeen"
"IN","abington","Abington"
"IN","adams","Adams"
"IN","adams lake","Adams Lake"
"IN","advance","Advance"
"IN","akron","Akron"
"IN","alamo","Alamo"
"IN","albany","Albany"
"IN","albion","Albion"
"IN","alexandria","Alexandria"
"IN","alford","Alford"
"IN","alfordsville","Alfordsville"
"IN","alton","Alton"
"IN","altona","Altona"
"IN","ambia","Ambia"
"IN","amboy","Amboy"
"IN","americus","Americus"
"IN","amity","Amity"
"IN","amo","Amo"
"IN","anderson","Anderson"
"IN","andersonville","Andersonville"
"IN","andrews","Andrews"
"IN","angola","Angola"
"IN","anoka","Anoka"
"IN","antioch","Antioch"
"IN","arcadia","Arcadia"
"IN","arcola","Arcola"
"IN","ardmore","Ardmore"
"IN","argos","Argos"
"IN","arlington","Arlington"
"IN","arthur","Arthur"
"IN","ashley","Ashley"
"IN","atlanta","Atlanta"
"IN","attica","Attica"
"IN","auburn","Auburn"
"IN","aurora","Aurora"
"IN","austin","Austin"
"IN","avilla","Avilla"
"IN","avoca","Avoca"
"IN","avon","Avon"
"IN","azalia","Azalia"
"IN","bainbridge","Bainbridge"
"IN","barbee","Barbee"
"IN","bargersville","Bargersville"
"IN","bass lake","Bass Lake"
"IN","batesville","Batesville"
"IN","battle ground","Battle Ground"
"IN","bear lake","Bear Lake"
"IN","beaver dam","Beaver Dam"
"IN","bedford","Bedford"
"IN","beech grove","Beech Grove"
"IN","belleville","Belleville"
"IN","bennetts switch","Bennetts Switch"
"IN","benton","Benton"
"IN","berne","Berne"
"IN","bethany","Bethany"
"IN","bethel village","Bethel Village"
"IN","beverly shores","Beverly Shores"
"IN","bicknell","Bicknell"
"IN","big lake","Big Lake"
"IN","billtown","Billtown"
"IN","bippus","Bippus"
"IN","birdseye","Birdseye"
"IN","blairsville","Blairsville"
"IN","blanford","Blanford"
"IN","blocher","Blocher"
"IN","bloomfield","Bloomfield"
"IN","blooming grove","Blooming Grove"
"IN","bloomingdale","Bloomingdale"
"IN","bloomington","Bloomington"
"IN","blountsville","Blountsville"
"IN","blue ridge","Blue Ridge"
"IN","bluffton","Bluffton"
"IN","boggstown","Boggstown"
"IN","boone grove","Boone Grove"
"IN","boonville","Boonville"
"IN","borden","Borden"
"IN","boston","Boston"
"IN","boswell","Boswell"
"IN","bourbon","Bourbon"
"IN","bowling green","Bowling Green"
"IN","brazil","Brazil"
"IN","bremen","Bremen"
"IN","bretzville","Bretzville"
"IN","bridgeton","Bridgeton"
"IN","bright","Bright"
"IN","brimfield","Brimfield"
"IN","bringhurst","Bringhurst"
"IN","bristol","Bristol"
"IN","brook","Brook"
"IN","brooklyn","Brooklyn"
"IN","brooksburg","Brooksburg"
"IN","brookston","Brookston"
"IN","brookville","Brookville"
"IN","browns crossing","Browns Crossing"
"IN","brownsburg","Brownsburg"
"IN","brownstown","Brownstown"
"IN","brownsville","Brownsville"
"IN","bruceville","Bruceville"
"IN","bryant","Bryant"
"IN","buck creek","Buck Creek"
"IN","buckskin","Buckskin"
"IN","buffalo","Buffalo"
"IN","bunker hill","Bunker Hill"
"IN","burket","Burket"
"IN","burlington","Burlington"
"IN","burnett","Burnett"
"IN","burnettsville","Burnettsville"
"IN","burney","Burney"
"IN","burns city","Burns City"
"IN","burns harbor","Burns Harbor"
"IN","burrows","Burrows"
"IN","butler","Butler"
"IN","butlerville","Butlerville"
"IN","cadiz","Cadiz"
"IN","cambridge city","Cambridge City"
"IN","camden","Camden"
"IN","campbellsburg","Campbellsburg"
"IN","canaan","Canaan"
"IN","cannelburg","Cannelburg"
"IN","cannelton","Cannelton"
"IN","canton","Canton"
"IN","carbon","Carbon"
"IN","carlisle","Carlisle"
"IN","carmel","Carmel"
"IN","carrollton","Carrollton"
"IN","cartersburg","Cartersburg"
"IN","carthage","Carthage"
"IN","cass","Cass"
"IN","cassville","Cassville"
"IN","cates","Cates"
"IN","cayuga","Cayuga"
"IN","cedar grove","Cedar Grove"
"IN","cedar lake","Cedar Lake"
"IN","celestine","Celestine"
"IN","centenary","Centenary"
"IN","center","Center"
"IN","center point","Center Point"
"IN","centerton","Centerton"
"IN","centerville","Centerville"
"IN","chain-o-lakes","Chain-O-Lakes"
"IN","chalmers","Chalmers"
"IN","chandler","Chandler"
"IN","charlestown","Charlestown"
"IN","charlottesville","Charlottesville"
"IN","chesterfield","Chesterfield"
"IN","chesterton","Chesterton"
"IN","chili","Chili"
"IN","chrisney","Chrisney"
"IN","churubusco","Churubusco"
"IN","cicero","Cicero"
"IN","clarks hill","Clarks Hill"
"IN","clarksburg","Clarksburg"
"IN","clarksville","Clarksville"
"IN","clay city","Clay City"
"IN","claypool","Claypool"
"IN","clayton","Clayton"
"IN","clear lake","Clear Lake"
"IN","clermont","Clermont"
"IN","clifford","Clifford"
"IN","clinton","Clinton"
"IN","cloverdale","Cloverdale"
"IN","cloverland","Cloverland"
"IN","coal city","Coal City"
"IN","coalmont","Coalmont"
"IN","coatesville","Coatesville"
"IN","coesse","Coesse"
"IN","colburn","Colburn"
"IN","colfax","Colfax"
"IN","columbia city","Columbia City"
"IN","columbus","Columbus"
"IN","commiskey","Commiskey"
"IN","connersville","Connersville"
"IN","converse","Converse"
"IN","cordry sweetwater lakes","Cordry Sweetwater Lakes"
"IN","cortland","Cortland"
"IN","corunna","Corunna"
"IN","cory","Cory"
"IN","corydon","Corydon"
"IN","country club heights","Country Club Heights"
"IN","country squire lakes","Country Squire Lakes"
"IN","covington","Covington"
"IN","cowan","Cowan"
"IN","craigville","Craigville"
"IN","crandall","Crandall"
"IN","crane","Crane"
"IN","crawfordsville","Crawfordsville"
"IN","cree lake","Cree Lake"
"IN","cromwell","Cromwell"
"IN","cross plains","Cross Plains"
"IN","crothersville","Crothersville"
"IN","crown point","Crown Point"
"IN","crows nest","Crows Nest"
"IN","culver","Culver"
"IN","cumberland","Cumberland"
"IN","cutler","Cutler"
"IN","cynthiana","Cynthiana"
"IN","dale","Dale"
"IN","daleville","Daleville"
"IN","dana","Dana"
"IN","danville","Danville"
"IN","darlington","Darlington"
"IN","darmstadt","Darmstadt"
"IN","dayton","Dayton"
"IN","decatur","Decatur"
"IN","decker","Decker"
"IN","deer creek","Deer Creek"
"IN","delaware","Delaware"
"IN","delphi","Delphi"
"IN","demotte","DeMotte"
"IN","denver","Denver"
"IN","depauw","Depauw"
"IN","deputy","Deputy"
"IN","dillsboro","Dillsboro"
"IN","donaldson","Donaldson"
"IN","dover hill","Dover Hill"
"IN","dresser","Dresser"
"IN","dublin","Dublin"
"IN","dubois","Dubois"
"IN","dugger","Dugger"
"IN","dune acres","Dune Acres"
"IN","duneland beach","Duneland Beach"
"IN","dunkirk","Dunkirk"
"IN","dunlap","Dunlap"
"IN","dunreith","Dunreith"
"IN","dupont","Dupont"
"IN","dyer","Dyer"
"IN","earl park","Earl Park"
"IN","east chicago","East Chicago"
"IN","east enterprise","East Enterprise"
"IN","east germantown","East Germantown"
"IN","east oolitic","East Oolitic"
"IN","eaton","Eaton"
"IN","eckerty","Eckerty"
"IN","economy","Economy"
"IN","eden","Eden"
"IN","edgewood","Edgewood"
"IN","edinburgh","Edinburgh"
"IN","edwardsport","Edwardsport"
"IN","elberfeld","Elberfeld"
"IN","elizabeth","Elizabeth"
"IN","elizabethtown","Elizabethtown"
"IN","elizaville","Elizaville"
"IN","elkhart","Elkhart"
"IN","ellettsville","Ellettsville"
"IN","elnora","Elnora"
"IN","elrod","Elrod"
"IN","elwood","Elwood"
"IN","eminence","Eminence"
"IN","emison","Emison"
"IN","enchanted hills","Enchanted Hills"
"IN","english","English"
"IN","etna green","Etna Green"
"IN","eugene","Eugene"
"IN","evansville","Evansville"
"IN","everton","Everton"
"IN","fair oaks","Fair Oaks"
"IN","fairbanks","Fairbanks"
"IN","fairland","Fairland"
"IN","fairmount","Fairmount"
"IN","fairview","Fairview"
"IN","fairview park","Fairview Park"
"IN","farmersburg","Farmersburg"
"IN","farmland","Farmland"
"IN","ferdinand","Ferdinand"
"IN","fillmore","Fillmore"
"IN","fish lake","Fish Lake"
"IN","fishers","Fishers"
"IN","fishersburg","Fishersburg"
"IN","flat rock","Flat Rock"
"IN","flora","Flora"
"IN","florence","Florence"
"IN","floyds knobs","Floyds Knobs"
"IN","folsomville","Folsomville"
"IN","fontanet","Fontanet"
"IN","forest","Forest"
"IN","fort branch","Fort Branch"
"IN","fort wayne","Fort Wayne"
"IN","fortville","Fortville"
"IN","foster","Foster"
"IN","fountain city","Fountain City"
"IN","fountaintown","Fountaintown"
"IN","fowler","Fowler"
"IN","fowlerton","Fowlerton"
"IN","foxcliff estates","Foxcliff Estates"
"IN","francesville","Francesville"
"IN","francisco","Francisco"
"IN","frankfort","Frankfort"
"IN","franklin","Franklin"
"IN","frankton","Frankton"
"IN","fredericksburg","Fredericksburg"
"IN","freelandville","Freelandville"
"IN","freetown","Freetown"
"IN","fremont","Fremont"
"IN","french lick","French Lick"
"IN","fulton","Fulton"
"IN","galena","Galena"
"IN","galveston","Galveston"
"IN","garrett","Garrett"
"IN","gary","Gary"
"IN","gas city","Gas City"
"IN","gaston","Gaston"
"IN","geneva","Geneva"
"IN","gentryville","Gentryville"
"IN","georgetown","Georgetown"
"IN","gilmer park","Gilmer Park"
"IN","glenwood","Glenwood"
"IN","glezen","Glezen"
"IN","goldsmith","Goldsmith"
"IN","goodland","Goodland"
"IN","goshen","Goshen"
"IN","gosport","Gosport"
"IN","grabill","Grabill"
"IN","grammer","Grammer"
"IN","grandview","Grandview"
"IN","grandview lake","Grandview Lake"
"IN","granger","Granger"
"IN","grantsburg","Grantsburg"
"IN","grayford","Grayford"
"IN","graysville","Graysville"
"IN","green hill","Green Hill"
"IN","greencastle","Greencastle"
"IN","greendale","Greendale"
"IN","greenfield","Greenfield"
"IN","greens fork","Greens Fork"
"IN","greensboro","Greensboro"
"IN","greensburg","Greensburg"
"IN","greentown","Greentown"
"IN","greenville","Greenville"
"IN","greenwood","Greenwood"
"IN","griffin","Griffin"
"IN","griffith","Griffith"
"IN","grissom afb","Grissom AFB"
"IN","groveland","Groveland"
"IN","groverton","Groverton"
"IN","gwynneville","Gwynneville"
"IN","hagerstown","Hagerstown"
"IN","hamburg","Hamburg"
"IN","hamilton","Hamilton"
"IN","hamlet","Hamlet"
"IN","hammond","Hammond"
"IN","hanna","Hanna"
"IN","hanover","Hanover"
"IN","hardinsburg","Hardinsburg"
"IN","harlan","Harlan"
"IN","harmony","Harmony"
"IN","harrison lake","Harrison Lake"
"IN","harrodsburg","Harrodsburg"
"IN","hartford city","Hartford City"
"IN","hartsville","Hartsville"
"IN","hartz lake","Hartz Lake"
"IN","hashtown","Hashtown"
"IN","hatfield","Hatfield"
"IN","haubstadt","Haubstadt"
"IN","hayden","Hayden"
"IN","haysville","Haysville"
"IN","hazleton","Hazleton"
"IN","hebron","Hebron"
"IN","hedrick","Hedrick"
"IN","helmer","Helmer"
"IN","helmsburg","Helmsburg"
"IN","heltonville","Heltonville"
"IN","hemlock","Hemlock"
"IN","henryville","Henryville"
"IN","herbst","Herbst"
"IN","heritage lake","Heritage Lake"
"IN","hessen cassel","Hessen Cassel"
"IN","hidden valley","Hidden Valley"
"IN","highland","Highland"
"IN","hillisburg","Hillisburg"
"IN","hillsboro","Hillsboro"
"IN","hillsdale","Hillsdale"
"IN","hoagland","Hoagland"
"IN","hobart","Hobart"
"IN","hobbs","Hobbs"
"IN","hoffman lake","Hoffman Lake"
"IN","holiday woods","Holiday Woods"
"IN","holland","Holland"
"IN","holton","Holton"
"IN","homecroft","Homecroft"
"IN","homer","Homer"
"IN","hope","Hope"
"IN","hortonville","Hortonville"
"IN","howe","Howe"
"IN","hudson","Hudson"
"IN","hudson lake","Hudson Lake"
"IN","huntertown","Huntertown"
"IN","huntingburg","Huntingburg"
"IN","huntington","Huntington"
"IN","huron","Huron"
"IN","hymera","Hymera"
"IN","idaville","Idaville"
"IN","independence","Independence"
"IN","indian village","Indian Village"
"IN","indianapolis city (balance)","Indianapolis city (balance)"
"IN","ingalls","Ingalls"
"IN","ireland","Ireland"
"IN","jalapa","Jalapa"
"IN","jamestown","Jamestown"
"IN","jasonville","Jasonville"
"IN","jasper","Jasper"
"IN","jeffersonville","Jeffersonville"
"IN","jerome","Jerome"
"IN","jimmerson lake","Jimmerson Lake"
"IN","johnson","Johnson"
"IN","jonesboro","Jonesboro"
"IN","jonesville","Jonesville"
"IN","judah","Judah"
"IN","judson","Judson"
"IN","judyville","Judyville"
"IN","kempton","Kempton"
"IN","kendallville","Kendallville"
"IN","kennard","Kennard"
"IN","kent","Kent"
"IN","kentland","Kentland"
"IN","kewanna","Kewanna"
"IN","keystone","Keystone"
"IN","kimmell","Kimmell"
"IN","kingman","Kingman"
"IN","kingsbury","Kingsbury"
"IN","kingsford heights","Kingsford Heights"
"IN","kirklin","Kirklin"
"IN","knightstown","Knightstown"
"IN","knightsville","Knightsville"
"IN","knox","Knox"
"IN","kokomo","Kokomo"
"IN","koontz lake","Koontz Lake"
"IN","kouts","Kouts"
"IN","kramer","Kramer"
"IN","la crosse","La Crosse"
"IN","la fontaine","La Fontaine"
"IN","la paz","La Paz"
"IN","la porte","La Porte"
"IN","laconia","Laconia"
"IN","ladoga","Ladoga"
"IN","lafayette","Lafayette"
"IN","lagrange","Lagrange"
"IN","lagro","Lagro"
"IN","lake bruce","Lake Bruce"
"IN","lake cicott","Lake Cicott"
"IN","lake dalecarlia","Lake Dalecarlia"
"IN","lake eliza","Lake Eliza"
"IN","lake everett","Lake Everett"
"IN","lake holiday","Lake Holiday"
"IN","lake holiday hideaway","Lake Holiday Hideaway"
"IN","lake of the woods","Lake of the Woods"
"IN","lake santee","Lake Santee"
"IN","lake station","Lake Station"
"IN","lake view","Lake View"
"IN","lake village","Lake Village"
"IN","lakes of the four seasons","Lakes of the Four Seasons"
"IN","lakeshore resort","Lakeshore Resort"
"IN","laketon","Laketon"
"IN","lakeville","Lakeville"
"IN","lakewood","Lakewood"
"IN","lamb","Lamb"
"IN","landess","Landess"
"IN","lanesville","Lanesville"
"IN","laotto","Laotto"
"IN","lapel","Lapel"
"IN","larwill","Larwill"
"IN","laud","Laud"
"IN","laurel","Laurel"
"IN","lawrence","Lawrence"
"IN","lawrenceburg","Lawrenceburg"
"IN","lawrenceport","Lawrenceport"
"IN","leavenworth","Leavenworth"
"IN","lebanon","Lebanon"
"IN","leesburg","Leesburg"
"IN","leiters ford","Leiters Ford"
"IN","leo-cedarville","Leo-Cedarville"
"IN","leopold","Leopold"
"IN","leroy","Leroy"
"IN","letts","Letts"
"IN","lewis","Lewis"
"IN","lewisville","Lewisville"
"IN","liberty","Liberty"
"IN","liberty center","Liberty Center"
"IN","liberty mills","Liberty Mills"
"IN","libertyville","Libertyville"
"IN","ligonier","Ligonier"
"IN","lincoln","Lincoln"
"IN","linden","Linden"
"IN","linn grove","Linn Grove"
"IN","linnsburg","Linnsburg"
"IN","linton","Linton"
"IN","little york","Little York"
"IN","livonia","Livonia"
"IN","lizton","Lizton"
"IN","logansport","Logansport"
"IN","london","London"
"IN","long beach","Long Beach"
"IN","loogootee","Loogootee"
"IN","losantville","Losantville"
"IN","lowell","Lowell"
"IN","lucerne","Lucerne"
"IN","lyford","Lyford"
"IN","lynn","Lynn"
"IN","lynnville","Lynnville"
"IN","lyons","Lyons"
"IN","mace","Mace"
"IN","mackey","Mackey"
"IN","macy","Macy"
"IN","madison","Madison"
"IN","malden","Malden"
"IN","manchester","Manchester"
"IN","manilla","Manilla"
"IN","maples","Maples"
"IN","marengo","Marengo"
"IN","mariah hill","Mariah Hill"
"IN","marietta","Marietta"
"IN","marion","Marion"
"IN","markle","Markle"
"IN","markleville","Markleville"
"IN","marshall","Marshall"
"IN","marshfield","Marshfield"
"IN","martinsburg","Martinsburg"
"IN","martinsville","Martinsville"
"IN","matthews","Matthews"
"IN","mauckport","Mauckport"
"IN","maxwell","Maxwell"
"IN","mays","Mays"
"IN","mccordsville","McCordsville"
"IN","mecca","Mecca"
"IN","medaryville","Medaryville"
"IN","medora","Medora"
"IN","mellott","Mellott"
"IN","melody hill","Melody Hill"
"IN","memphis","Memphis"
"IN","mentone","Mentone"
"IN","meridian hills","Meridian Hills"
"IN","merom","Merom"
"IN","merriam","Merriam"
"IN","merrillville","Merrillville"
"IN","metamora","Metamora"
"IN","metz","Metz"
"IN","mexico","Mexico"
"IN","miami","Miami"
"IN","michiana shores","Michiana Shores"
"IN","michigan city","Michigan City"
"IN","michigantown","Michigantown"
"IN","middlebury","Middlebury"
"IN","middletown","Middletown"
"IN","midland","Midland"
"IN","mier","Mier"
"IN","milan","Milan"
"IN","milford","Milford"
"IN","millersburg","Millersburg"
"IN","millgrove","Millgrove"
"IN","millhousen","Millhousen"
"IN","milltown","Milltown"
"IN","millville","Millville"
"IN","milroy","Milroy"
"IN","milton","Milton"
"IN","mineral springs","Mineral Springs"
"IN","mishawaka","Mishawaka"
"IN","mitchell","Mitchell"
"IN","modoc","Modoc"
"IN","mongo","Mongo"
"IN","monon","Monon"
"IN","monroe","Monroe"
"IN","monroe city","Monroe City"
"IN","monroeville","Monroeville"
"IN","monrovia","Monrovia"
"IN","monterey","Monterey"
"IN","montezuma","Montezuma"
"IN","montgomery","Montgomery"
"IN","monticello","Monticello"
"IN","montmorenci","Montmorenci"
"IN","montpelier","Montpelier"
"IN","mooreland","Mooreland"
"IN","moores hill","Moores Hill"
"IN","mooresville","Mooresville"
"IN","morgantown","Morgantown"
"IN","morocco","Morocco"
"IN","morris","Morris"
"IN","morristown","Morristown"
"IN","mount auburn","Mount Auburn"
"IN","mount ayr","Mount Ayr"
"IN","mount carmel","Mount Carmel"
"IN","mount etna","Mount Etna"
"IN","mount summit","Mount Summit"
"IN","mount vernon","Mount Vernon"
"IN","mulberry","Mulberry"
"IN","muncie","Muncie"
"IN","munster","Munster"
"IN","napoleon","Napoleon"
"IN","nappanee","Nappanee"
"IN","nashville","Nashville"
"IN","needham","Needham"
"IN","needmore","Needmore"
"IN","new albany","New Albany"
"IN","new amsterdam","New Amsterdam"
"IN","new carlisle","New Carlisle"
"IN","new castle","New Castle"
"IN","new chicago","New Chicago"
"IN","new goshen","New Goshen"
"IN","new harmony","New Harmony"
"IN","new haven","New Haven"
"IN","new lebanon","New Lebanon"
"IN","new lisbon","New Lisbon"
"IN","new london","New London"
"IN","new marion","New Marion"
"IN","new market","New Market"
"IN","new middletown","New Middletown"
"IN","new palestine","New Palestine"
"IN","new paris","New Paris"
"IN","new pekin","New Pekin"
"IN","new point","New Point"
"IN","new richmond","New Richmond"
"IN","new ross","New Ross"
"IN","new salisbury","New Salisbury"
"IN","new trenton","New Trenton"
"IN","new washington","New Washington"
"IN","new whiteland","New Whiteland"
"IN","newbern","Newbern"
"IN","newberry","Newberry"
"IN","newburgh","Newburgh"
"IN","newport","Newport"
"IN","newtonville","Newtonville"
"IN","newtown","Newtown"
"IN","nineveh","Nineveh"
"IN","noblesville","Noblesville"
"IN","north crows nest","North Crows Nest"
"IN","north grove","North Grove"
"IN","north judson","North Judson"
"IN","north liberty","North Liberty"
"IN","north manchester","North Manchester"
"IN","north salem","North Salem"
"IN","north terre haute","North Terre Haute"
"IN","north vernon","North Vernon"
"IN","north webster","North Webster"
"IN","norway","Norway"
"IN","notre dame","Notre Dame"
"IN","nyona lake","Nyona Lake"
"IN","oakland city","Oakland City"
"IN","oaktown","Oaktown"
"IN","oakville","Oakville"
"IN","odon","Odon"
"IN","ogden dunes","Ogden Dunes"
"IN","oldenburg","Oldenburg"
"IN","ontario","Ontario"
"IN","onward","Onward"
"IN","oolitic","Oolitic"
"IN","ora","Ora"
"IN","orestes","Orestes"
"IN","orland","Orland"
"IN","orleans","Orleans"
"IN","osceola","Osceola"
"IN","osgood","Osgood"
"IN","ossian","Ossian"
"IN","oswego","Oswego"
"IN","otisco","Otisco"
"IN","otter lake","Otter Lake"
"IN","otterbein","Otterbein"
"IN","otwell","Otwell"
"IN","owensburg","Owensburg"
"IN","owensville","Owensville"
"IN","oxford","Oxford"
"IN","painted hills","Painted Hills"
"IN","palestine","Palestine"
"IN","palmyra","Palmyra"
"IN","paoli","Paoli"
"IN","paragon","Paragon"
"IN","paris crossing","Paris Crossing"
"IN","parker city","Parker City"
"IN","parkers settlement","Parkers Settlement"
"IN","patoka","Patoka"
"IN","patricksburg","Patricksburg"
"IN","patriot","Patriot"
"IN","paxton","Paxton"
"IN","pence","Pence"
"IN","pendleton","Pendleton"
"IN","penntown","Penntown"
"IN","pennville","Pennville"
"IN","peppertown","Peppertown"
"IN","perkinsville","Perkinsville"
"IN","perrysville","Perrysville"
"IN","peru","Peru"
"IN","petersburg","Petersburg"
"IN","petersville","Petersville"
"IN","petroleum","Petroleum"
"IN","philadelphia","Philadelphia"
"IN","pierceton","Pierceton"
"IN","pierceville","Pierceville"
"IN","pine village","Pine Village"
"IN","pittsboro","Pittsboro"
"IN","pittsburg","Pittsburg"
"IN","plainfield","Plainfield"
"IN","plainville","Plainville"
"IN","pleasant lake","Pleasant Lake"
"IN","pleasant mills","Pleasant Mills"
"IN","pleasant view","Pleasant View"
"IN","pleasant view village","Pleasant View Village"
"IN","pleasantville","Pleasantville"
"IN","plymouth","Plymouth"
"IN","point isabel","Point Isabel"
"IN","poland","Poland"
"IN","poneto","Poneto"
"IN","portage","Portage"
"IN","porter","Porter"
"IN","portland","Portland"
"IN","poseyville","Poseyville"
"IN","pottawattamie park","Pottawattamie Park"
"IN","prairie creek","Prairie Creek"
"IN","prairieton","Prairieton"
"IN","preble","Preble"
"IN","prince's lakes","Prince's Lakes"
"IN","princeton","Princeton"
"IN","prospect","Prospect"
"IN","pulaski","Pulaski"
"IN","putnamville","Putnamville"
"IN","raglesville","Raglesville"
"IN","ragsdale","Ragsdale"
"IN","rainsville","Rainsville"
"IN","ramsey","Ramsey"
"IN","raub","Raub"
"IN","reddington","Reddington"
"IN","redkey","Redkey"
"IN","remington","Remington"
"IN","rensselaer","Rensselaer"
"IN","reo","Reo"
"IN","reynolds","Reynolds"
"IN","richland","Richland"
"IN","richmond","Richmond"
"IN","ridgeville","Ridgeville"
"IN","riley","Riley"
"IN","rising sun","Rising Sun"
"IN","river forest","River Forest"
"IN","riverwood","Riverwood"
"IN","roachdale","Roachdale"
"IN","roann","Roann"
"IN","roanoke","Roanoke"
"IN","rob roy","Rob Roy"
"IN","rochester","Rochester"
"IN","rockfield","Rockfield"
"IN","rockford","Rockford"
"IN","rockport","Rockport"
"IN","rockville","Rockville"
"IN","rocky ripple","Rocky Ripple"
"IN","roll","Roll"
"IN","rolling prairie","Rolling Prairie"
"IN","rome city","Rome City"
"IN","romney","Romney"
"IN","rosedale","Rosedale"
"IN","roseland","Roseland"
"IN","roselawn","Roselawn"
"IN","ross","Ross"
"IN","rossville","Rossville"
"IN","royal center","Royal Center"
"IN","royerton","Royerton"
"IN","rushville","Rushville"
"IN","russellville","Russellville"
"IN","russiaville","Russiaville"
"IN","salamonia","Salamonia"
"IN","salem","Salem"
"IN","saline city","Saline City"
"IN","salt creek commons","Salt Creek Commons"
"IN","saltillo","Saltillo"
"IN","san pierre","San Pierre"
"IN","sandborn","Sandborn"
"IN","sandusky","Sandusky"
"IN","santa claus","Santa Claus"
"IN","saratoga","Saratoga"
"IN","sardinia","Sardinia"
"IN","saugany lake","Saugany Lake"
"IN","schaefer lake","Schaefer Lake"
"IN","schererville","Schererville"
"IN","schneider","Schneider"
"IN","schnellville","Schnellville"
"IN","scipio","Scipio"
"IN","scircleville","Scircleville"
"IN","scotland","Scotland"
"IN","scott","Scott"
"IN","scottsburg","Scottsburg"
"IN","seelyville","Seelyville"
"IN","sellersburg","Sellersburg"
"IN","selma","Selma"
"IN","servia","Servia"
"IN","seymour","Seymour"
"IN","shadeland","Shadeland"
"IN","shamrock lakes","Shamrock Lakes"
"IN","sharpsville","Sharpsville"
"IN","shelburn","Shelburn"
"IN","shelby","Shelby"
"IN","shelbyville","Shelbyville"
"IN","shepardsville","Shepardsville"
"IN","sheridan","Sheridan"
"IN","shipshewana","Shipshewana"
"IN","shipshewana lake","Shipshewana Lake"
"IN","shirley","Shirley"
"IN","shoals","Shoals"
"IN","shorewood forest","Shorewood Forest"
"IN","sidney","Sidney"
"IN","silver lake","Silver Lake"
"IN","simonton lake","Simonton Lake"
"IN","sims","Sims"
"IN","smithville-sanders","Smithville-Sanders"
"IN","snow lake","Snow Lake"
"IN","solsberry","Solsberry"
"IN","somerset","Somerset"
"IN","somerville","Somerville"
"IN","south bend","South Bend"
"IN","south center","South Center"
"IN","south haven","South Haven"
"IN","south milford","South Milford"
"IN","south whitley","South Whitley"
"IN","southport","Southport"
"IN","spartanburg","Spartanburg"
"IN","speedway","Speedway"
"IN","spencer","Spencer"
"IN","spencerville","Spencerville"
"IN","spiceland","Spiceland"
"IN","spring grove","Spring Grove"
"IN","spring hill","Spring Hill"
"IN","spring lake","Spring Lake"
"IN","springport","Springport"
"IN","spurgeon","Spurgeon"
"IN","st. anthony","St. Anthony"
"IN","st. bernice","St. Bernice"
"IN","st. joe","St. Joe"
"IN","st. john","St. John"
"IN","st. leon","St. Leon"
"IN","st. mary of the woods","St. Mary of the Woods"
"IN","st. meinrad","St. Meinrad"
"IN","st. omer","St. Omer"
"IN","st. paul","St. Paul"
"IN","st. wendel","St. Wendel"
"IN","stanford","Stanford"
"IN","star city","Star City"
"IN","state line city","State Line City"
"IN","staunton","Staunton"
"IN","stendal","Stendal"
"IN","stewartsville","Stewartsville"
"IN","stilesville","Stilesville"
"IN","stillwell","Stillwell"
"IN","stinesville","Stinesville"
"IN","stockwell","Stockwell"
"IN","stone bluff","Stone Bluff"
"IN","straughn","Straughn"
"IN","stroh","Stroh"
"IN","sullivan","Sullivan"
"IN","sulphur springs","Sulphur Springs"
"IN","sumava resorts","Sumava Resorts"
"IN","summitville","Summitville"
"IN","sunman","Sunman"
"IN","swayzee","Swayzee"
"IN","sweetser","Sweetser"
"IN","switz city","Switz City"
"IN","syracuse","Syracuse"
"IN","tab","Tab"
"IN","talma","Talma"
"IN","taswell","Taswell"
"IN","taylorsville","Taylorsville"
"IN","tecumseh","Tecumseh"
"IN","teegarden","Teegarden"
"IN","tell city","Tell City"
"IN","templeton","Templeton"
"IN","tennyson","Tennyson"
"IN","terre haute","Terre Haute"
"IN","thayer","Thayer"
"IN","thorntown","Thorntown"
"IN","tippecanoe","Tippecanoe"
"IN","tipton","Tipton"
"IN","toad hop","Toad Hop"
"IN","tocsin","Tocsin"
"IN","topeka","Topeka"
"IN","town of pines","Town of Pines"
"IN","trafalgar","Trafalgar"
"IN","trail creek","Trail Creek"
"IN","tri-lakes","Tri-Lakes"
"IN","troy","Troy"
"IN","tunnelton","Tunnelton"
"IN","twelve mile","Twelve Mile"
"IN","tyner","Tyner"
"IN","ulen","Ulen"
"IN","underwood","Underwood"
"IN","union city","Union City"
"IN","union mills","Union Mills"
"IN","uniondale","Uniondale"
"IN","universal","Universal"
"IN","upland","Upland"
"IN","urbana","Urbana"
"IN","utica","Utica"
"IN","vallonia","Vallonia"
"IN","valparaiso","Valparaiso"
"IN","van bibber lake","Van Bibber Lake"
"IN","van buren","Van Buren"
"IN","veedersburg","Veedersburg"
"IN","velpen","Velpen"
"IN","vera cruz","Vera Cruz"
"IN","vernon","Vernon"
"IN","versailles","Versailles"
"IN","vevay","Vevay"
"IN","vicksburg","Vicksburg"
"IN","vincennes","Vincennes"
"IN","vistula","Vistula"
"IN","wabash","Wabash"
"IN","wadesville","Wadesville"
"IN","wakarusa","Wakarusa"
"IN","waldron","Waldron"
"IN","walesboro","Walesboro"
"IN","walkerton","Walkerton"
"IN","wall lake","Wall Lake"
"IN","wallace","Wallace"
"IN","walton","Walton"
"IN","wanatah","Wanatah"
"IN","warren","Warren"
"IN","warren park","Warren Park"
"IN","warrington","Warrington"
"IN","warsaw","Warsaw"
"IN","washington","Washington"
"IN","waterloo","Waterloo"
"IN","waveland","Waveland"
"IN","waverly","Waverly"
"IN","wawaka","Wawaka"
"IN","waynesville","Waynesville"
"IN","waynetown","Waynetown"
"IN","webster","Webster"
"IN","wellsboro","Wellsboro"
"IN","west baden springs","West Baden Springs"
"IN","west college corner","West College Corner"
"IN","west harrison","West Harrison"
"IN","west lafayette","West Lafayette"
"IN","west lebanon","West Lebanon"
"IN","west middleton","West Middleton"
"IN","west point","West Point"
"IN","west terre haute","West Terre Haute"
"IN","westfield","Westfield"
"IN","westphalia","Westphalia"
"IN","westport","Westport"
"IN","westville","Westville"
"IN","westwood","Westwood"
"IN","wheatfield","Wheatfield"
"IN","wheatland","Wheatland"
"IN","wheeler","Wheeler"
"IN","whiteland","Whiteland"
"IN","whitestown","Whitestown"
"IN","whitewater","Whitewater"
"IN","whiting","Whiting"
"IN","wildwood","Wildwood"
"IN","wilkinson","Wilkinson"
"IN","williams","Williams"
"IN","williams creek","Williams Creek"
"IN","williamsburg","Williamsburg"
"IN","williamsport","Williamsport"
"IN","willow branch","Willow Branch"
"IN","winamac","Winamac"
"IN","winchester","Winchester"
"IN","windfall city","Windfall City"
"IN","windsor","Windsor"
"IN","winfield","Winfield"
"IN","wingate","Wingate"
"IN","winona lake","Winona Lake"
"IN","winslow","Winslow"
"IN","wolcott","Wolcott"
"IN","wolcottville","Wolcottville"
"IN","wolflake","Wolflake"
"IN","woodburn","Woodburn"
"IN","woodlawn heights","Woodlawn Heights"
"IN","wooster","Wooster"
"IN","worthington","Worthington"
"IN","wyatt","Wyatt"
"IN","wynnedale","Wynnedale"
"IN","yeoman","Yeoman"
"IN","yorktown","Yorktown"
"IN","young america","Young America"
"IN","zanesville","Zanesville"
"IN","zionsville","Zionsville"
"KS","abbyville","Abbyville"
"KS","abilene","Abilene"
"KS","ada","Ada"
"KS","admire","Admire"
"KS","agenda","Agenda"
"KS","agra","Agra"
"KS","albert","Albert"
"KS","alden","Alden"
"KS","alexander","Alexander"
"KS","allen","Allen"
"KS","alma","Alma"
"KS","almena","Almena"
"KS","alta vista","Alta Vista"
"KS","altamont","Altamont"
"KS","alton","Alton"
"KS","altoona","Altoona"
"KS","americus","Americus"
"KS","ames","Ames"
"KS","andale","Andale"
"KS","andover","Andover"
"KS","anthony","Anthony"
"KS","arcadia","Arcadia"
"KS","argonia","Argonia"
"KS","arkansas city","Arkansas City"
"KS","arlington","Arlington"
"KS","arma","Arma"
"KS","asherville","Asherville"
"KS","ashland","Ashland"
"KS","assaria","Assaria"
"KS","atchison","Atchison"
"KS","athol","Athol"
"KS","atlanta","Atlanta"
"KS","attica","Attica"
"KS","atwood","Atwood"
"KS","auburn","Auburn"
"KS","augusta","Augusta"
"KS","aurora","Aurora"
"KS","axtell","Axtell"
"KS","baileyville","Baileyville"
"KS","bala","Bala"
"KS","baldwin city","Baldwin City"
"KS","barnard","Barnard"
"KS","barnes","Barnes"
"KS","bartlett","Bartlett"
"KS","basehor","Basehor"
"KS","bassett","Bassett"
"KS","bavaria","Bavaria"
"KS","baxter springs","Baxter Springs"
"KS","bazine","Bazine"
"KS","beattie","Beattie"
"KS","beaumont","Beaumont"
"KS","beaver","Beaver"
"KS","bel aire","Bel Aire"
"KS","belle plaine","Belle Plaine"
"KS","belleville","Belleville"
"KS","beloit","Beloit"
"KS","belpre","Belpre"
"KS","belvue","Belvue"
"KS","bendena","Bendena"
"KS","benedict","Benedict"
"KS","bennington","Bennington"
"KS","bentley","Bentley"
"KS","benton","Benton"
"KS","bern","Bern"
"KS","beverly","Beverly"
"KS","big bow","Big Bow"
"KS","bird city","Bird City"
"KS","bison","Bison"
"KS","blue mound","Blue Mound"
"KS","blue rapids","Blue Rapids"
"KS","bluff city","Bluff City"
"KS","bogue","Bogue"
"KS","bonner springs","Bonner Springs"
"KS","bremen","Bremen"
"KS","brewster","Brewster"
"KS","bridgeport","Bridgeport"
"KS","bronson","Bronson"
"KS","brookville","Brookville"
"KS","brownell","Brownell"
"KS","bucklin","Bucklin"
"KS","bucyrus","Bucyrus"
"KS","buffalo","Buffalo"
"KS","buhler","Buhler"
"KS","bunker hill","Bunker Hill"
"KS","burden","Burden"
"KS","burdett","Burdett"
"KS","burdick","Burdick"
"KS","burlingame","Burlingame"
"KS","burlington","Burlington"
"KS","burns","Burns"
"KS","burr oak","Burr Oak"
"KS","burrton","Burrton"
"KS","bushong","Bushong"
"KS","bushton","Bushton"
"KS","byers","Byers"
"KS","caldwell","Caldwell"
"KS","cambridge","Cambridge"
"KS","caney","Caney"
"KS","canton","Canton"
"KS","carbondale","Carbondale"
"KS","carlton","Carlton"
"KS","cassoday","Cassoday"
"KS","catharine","Catharine"
"KS","cawker city","Cawker City"
"KS","cedar","Cedar"
"KS","cedar point","Cedar Point"
"KS","cedar vale","Cedar Vale"
"KS","centerville","Centerville"
"KS","centralia","Centralia"
"KS","centropolis","Centropolis"
"KS","chanute","Chanute"
"KS","chapman","Chapman"
"KS","chase","Chase"
"KS","chautauqua","Chautauqua"
"KS","cheney","Cheney"
"KS","cherokee","Cherokee"
"KS","cherryvale","Cherryvale"
"KS","chetopa","Chetopa"
"KS","chicopee","Chicopee"
"KS","cimarron","Cimarron"
"KS","circleville","Circleville"
"KS","claflin","Claflin"
"KS","clay center","Clay Center"
"KS","clayton","Clayton"
"KS","clearwater","Clearwater"
"KS","clifton","Clifton"
"KS","climax","Climax"
"KS","clyde","Clyde"
"KS","coats","Coats"
"KS","codell","Codell"
"KS","coffeyville","Coffeyville"
"KS","colby","Colby"
"KS","coldwater","Coldwater"
"KS","collyer","Collyer"
"KS","colony","Colony"
"KS","columbus","Columbus"
"KS","colwich","Colwich"
"KS","concordia","Concordia"
"KS","conway springs","Conway Springs"
"KS","coolidge","Coolidge"
"KS","copeland","Copeland"
"KS","corning","Corning"
"KS","cottonwood falls","Cottonwood Falls"
"KS","council grove","Council Grove"
"KS","courtland","Courtland"
"KS","coyville","Coyville"
"KS","crestline","Crestline"
"KS","croweburg","Croweburg"
"KS","cuba","Cuba"
"KS","cullison","Cullison"
"KS","culver","Culver"
"KS","cunningham","Cunningham"
"KS","damar","Damar"
"KS","danville","Danville"
"KS","de soto","De Soto"
"KS","dearing","Dearing"
"KS","deerfield","Deerfield"
"KS","delia","Delia"
"KS","delphos","Delphos"
"KS","denison","Denison"
"KS","dennis","Dennis"
"KS","denton","Denton"
"KS","derby","Derby"
"KS","detroit","Detroit"
"KS","devon","Devon"
"KS","dexter","Dexter"
"KS","dighton","Dighton"
"KS","dodge city","Dodge City"
"KS","dorrance","Dorrance"
"KS","douglass","Douglass"
"KS","downs","Downs"
"KS","dresden","Dresden"
"KS","dunlap","Dunlap"
"KS","durham","Durham"
"KS","dwight","Dwight"
"KS","earlton","Earlton"
"KS","eastborough","Eastborough"
"KS","easton","Easton"
"KS","eastshore","Eastshore"
"KS","edgerton","Edgerton"
"KS","edmond","Edmond"
"KS","edna","Edna"
"KS","edson","Edson"
"KS","edwardsville","Edwardsville"
"KS","effingham","Effingham"
"KS","el dorado","El Dorado"
"KS","elbing","Elbing"
"KS","elgin","Elgin"
"KS","elk city","Elk City"
"KS","elk falls","Elk Falls"
"KS","elkhart","Elkhart"
"KS","ellinwood","Ellinwood"
"KS","ellis","Ellis"
"KS","ellsworth","Ellsworth"
"KS","elmdale","Elmdale"
"KS","elsmore","Elsmore"
"KS","elwood","Elwood"
"KS","elyria","Elyria"
"KS","emmett","Emmett"
"KS","emporia","Emporia"
"KS","englewood","Englewood"
"KS","ensign","Ensign"
"KS","enterprise","Enterprise"
"KS","erie","Erie"
"KS","esbon","Esbon"
"KS","eskridge","Eskridge"
"KS","eudora","Eudora"
"KS","eureka","Eureka"
"KS","everest","Everest"
"KS","fairview","Fairview"
"KS","fairway","Fairway"
"KS","fall river","Fall River"
"KS","falun","Falun"
"KS","farlington","Farlington"
"KS","florence","Florence"
"KS","fontana","Fontana"
"KS","ford","Ford"
"KS","formoso","Formoso"
"KS","fort dodge","Fort Dodge"
"KS","fort riley","Fort Riley"
"KS","fort scott","Fort Scott"
"KS","fowler","Fowler"
"KS","frankfort","Frankfort"
"KS","franklin","Franklin"
"KS","frederick","Frederick"
"KS","fredonia","Fredonia"
"KS","frontenac","Frontenac"
"KS","fulton","Fulton"
"KS","furley","Furley"
"KS","galatia","Galatia"
"KS","galena","Galena"
"KS","galesburg","Galesburg"
"KS","galva","Galva"
"KS","garden city","Garden City"
"KS","garden plain","Garden Plain"
"KS","gardner","Gardner"
"KS","garfield","Garfield"
"KS","garland","Garland"
"KS","garnett","Garnett"
"KS","gas","Gas"
"KS","gaylord","Gaylord"
"KS","gem","Gem"
"KS","geneseo","Geneseo"
"KS","geuda springs","Geuda Springs"
"KS","girard","Girard"
"KS","glade","Glade"
"KS","glasco","Glasco"
"KS","glen elder","Glen Elder"
"KS","goddard","Goddard"
"KS","goessel","Goessel"
"KS","goff","Goff"
"KS","goodland","Goodland"
"KS","gorham","Gorham"
"KS","gove city","Gove City"
"KS","grainfield","Grainfield"
"KS","grandview plaza","Grandview Plaza"
"KS","grantville","Grantville"
"KS","great bend","Great Bend"
"KS","greeley","Greeley"
"KS","greeley county unified government (balance)","Greeley County unified government (balance)"
"KS","green","Green"
"KS","greenleaf","Greenleaf"
"KS","greensburg","Greensburg"
"KS","greenwich","Greenwich"
"KS","grenola","Grenola"
"KS","gridley","Gridley"
"KS","grinnell","Grinnell"
"KS","gypsum","Gypsum"
"KS","haddam","Haddam"
"KS","hallowell","Hallowell"
"KS","halstead","Halstead"
"KS","hamilton","Hamilton"
"KS","hamlin","Hamlin"
"KS","hanover","Hanover"
"KS","hanston","Hanston"
"KS","hardtner","Hardtner"
"KS","harper","Harper"
"KS","harris","Harris"
"KS","hartford","Hartford"
"KS","harveyville","Harveyville"
"KS","havana","Havana"
"KS","haven","Haven"
"KS","havensville","Havensville"
"KS","haviland","Haviland"
"KS","hays","Hays"
"KS","haysville","Haysville"
"KS","hazelton","Hazelton"
"KS","healy","Healy"
"KS","hepler","Hepler"
"KS","herington","Herington"
"KS","herkimer","Herkimer"
"KS","herndon","Herndon"
"KS","hesston","Hesston"
"KS","hiawatha","Hiawatha"
"KS","highland","Highland"
"KS","hill city","Hill City"
"KS","hillsboro","Hillsboro"
"KS","hillsdale","Hillsdale"
"KS","hoisington","Hoisington"
"KS","holcomb","Holcomb"
"KS","hollenberg","Hollenberg"
"KS","holton","Holton"
"KS","holyrood","Holyrood"
"KS","home","Home"
"KS","hope","Hope"
"KS","horace","Horace"
"KS","horton","Horton"
"KS","howard","Howard"
"KS","hoxie","Hoxie"
"KS","hoyt","Hoyt"
"KS","hudson","Hudson"
"KS","hugoton","Hugoton"
"KS","humboldt","Humboldt"
"KS","hunnewell","Hunnewell"
"KS","hunter","Hunter"
"KS","huron","Huron"
"KS","hutchinson","Hutchinson"
"KS","idana","Idana"
"KS","independence","Independence"
"KS","ingalls","Ingalls"
"KS","inman","Inman"
"KS","iola","Iola"
"KS","ionia","Ionia"
"KS","isabel","Isabel"
"KS","iuka","Iuka"
"KS","jamestown","Jamestown"
"KS","jennings","Jennings"
"KS","jetmore","Jetmore"
"KS","jewell","Jewell"
"KS","johnson city","Johnson City"
"KS","junction city","Junction City"
"KS","kanopolis","Kanopolis"
"KS","kanorado","Kanorado"
"KS","kansas city","Kansas City"
"KS","keats","Keats"
"KS","kechi","Kechi"
"KS","kelly","Kelly"
"KS","kensington","Kensington"
"KS","kickapoo site 1","Kickapoo Site 1"
"KS","kickapoo site 2","Kickapoo Site 2"
"KS","kickapoo site 5","Kickapoo Site 5"
"KS","kickapoo site 6","Kickapoo Site 6"
"KS","kickapoo site 7","Kickapoo Site 7"
"KS","kickapoo tribal center","Kickapoo Tribal Center"
"KS","kincaid","Kincaid"
"KS","kingman","Kingman"
"KS","kinsley","Kinsley"
"KS","kiowa","Kiowa"
"KS","kipp","Kipp"
"KS","kirwin","Kirwin"
"KS","kismet","Kismet"
"KS","la crosse","La Crosse"
"KS","la cygne","La Cygne"
"KS","la harpe","La Harpe"
"KS","labette","Labette"
"KS","lafontaine","Lafontaine"
"KS","lake city","Lake City"
"KS","lake quivira","Lake Quivira"
"KS","lakin","Lakin"
"KS","lancaster","Lancaster"
"KS","lane","Lane"
"KS","langdon","Langdon"
"KS","lansing","Lansing"
"KS","larned","Larned"
"KS","latham","Latham"
"KS","latimer","Latimer"
"KS","lawrence","Lawrence"
"KS","leavenworth","Leavenworth"
"KS","leawood","Leawood"
"KS","lebanon","Lebanon"
"KS","lebo","Lebo"
"KS","lecompton","Lecompton"
"KS","lehigh","Lehigh"
"KS","lenexa","Lenexa"
"KS","lenora","Lenora"
"KS","leon","Leon"
"KS","leona","Leona"
"KS","leonardville","Leonardville"
"KS","leoti","Leoti"
"KS","leroy","LeRoy"
"KS","levant","Levant"
"KS","lewis","Lewis"
"KS","liberal","Liberal"
"KS","liberty","Liberty"
"KS","liebenthal","Liebenthal"
"KS","lincoln center","Lincoln Center"
"KS","lincolnville","Lincolnville"
"KS","lindsborg","Lindsborg"
"KS","linn","Linn"
"KS","linn valley","Linn Valley"
"KS","linwood","Linwood"
"KS","little river","Little River"
"KS","logan","Logan"
"KS","lone elm","Lone Elm"
"KS","long island","Long Island"
"KS","longford","Longford"
"KS","longton","Longton"
"KS","lorraine","Lorraine"
"KS","lost springs","Lost Springs"
"KS","louisburg","Louisburg"
"KS","louisville","Louisville"
"KS","lowell","Lowell"
"KS","lucas","Lucas"
"KS","ludell","Ludell"
"KS","luray","Luray"
"KS","lyndon","Lyndon"
"KS","lyons","Lyons"
"KS","macksville","Macksville"
"KS","madison","Madison"
"KS","mahaska","Mahaska"
"KS","maize","Maize"
"KS","manchester","Manchester"
"KS","manhattan","Manhattan"
"KS","mankato","Mankato"
"KS","manter","Manter"
"KS","maple hill","Maple Hill"
"KS","mapleton","Mapleton"
"KS","marienthal","Marienthal"
"KS","marion","Marion"
"KS","marquette","Marquette"
"KS","marysville","Marysville"
"KS","matfield green","Matfield Green"
"KS","mayetta","Mayetta"
"KS","mayfield","Mayfield"
"KS","mcconnell afb","McConnell AFB"
"KS","mccracken","McCracken"
"KS","mccune","McCune"
"KS","mcdonald","McDonald"
"KS","mcfarland","McFarland"
"KS","mclouth","McLouth"
"KS","mcpherson","McPherson"
"KS","meade","Meade"
"KS","medicine lodge","Medicine Lodge"
"KS","melvern","Melvern"
"KS","menlo","Menlo"
"KS","mentor","Mentor"
"KS","meriden","Meriden"
"KS","merriam","Merriam"
"KS","milan","Milan"
"KS","mildred","Mildred"
"KS","milford","Milford"
"KS","milton","Milton"
"KS","miltonvale","Miltonvale"
"KS","minneapolis","Minneapolis"
"KS","minneola","Minneola"
"KS","mission","Mission"
"KS","mission hills","Mission Hills"
"KS","mission woods","Mission Woods"
"KS","moline","Moline"
"KS","mont ida","Mont Ida"
"KS","montezuma","Montezuma"
"KS","monument","Monument"
"KS","moran","Moran"
"KS","morganville","Morganville"
"KS","morland","Morland"
"KS","morrill","Morrill"
"KS","morrowville","Morrowville"
"KS","moscow","Moscow"
"KS","mound city","Mound City"
"KS","mound valley","Mound Valley"
"KS","moundridge","Moundridge"
"KS","mount hope","Mount Hope"
"KS","mulberry","Mulberry"
"KS","mullinville","Mullinville"
"KS","mulvane","Mulvane"
"KS","munden","Munden"
"KS","munjor","Munjor"
"KS","murdock","Murdock"
"KS","muscotah","Muscotah"
"KS","narka","Narka"
"KS","nashville","Nashville"
"KS","natoma","Natoma"
"KS","navarre","Navarre"
"KS","neal","Neal"
"KS","neodesha","Neodesha"
"KS","neosho falls","Neosho Falls"
"KS","neosho rapids","Neosho Rapids"
"KS","ness city","Ness City"
"KS","netawaka","Netawaka"
"KS","new albany","New Albany"
"KS","new cambria","New Cambria"
"KS","new salem","New Salem"
"KS","new strawn","New Strawn"
"KS","newbury","Newbury"
"KS","newton","Newton"
"KS","nickerson","Nickerson"
"KS","nicodemus","Nicodemus"
"KS","niles","Niles"
"KS","niotaze","Niotaze"
"KS","norcatur","Norcatur"
"KS","north newton","North Newton"
"KS","norton","Norton"
"KS","nortonville","Nortonville"
"KS","norway","Norway"
"KS","norwich","Norwich"
"KS","oak hill","Oak Hill"
"KS","oaklawn-sunview","Oaklawn-Sunview"
"KS","oakley","Oakley"
"KS","oberlin","Oberlin"
"KS","odin","Odin"
"KS","offerle","Offerle"
"KS","ogallah","Ogallah"
"KS","ogden","Ogden"
"KS","oketo","Oketo"
"KS","olathe","Olathe"
"KS","olivet","Olivet"
"KS","olmitz","Olmitz"
"KS","olpe","Olpe"
"KS","olsburg","Olsburg"
"KS","onaga","Onaga"
"KS","oneida","Oneida"
"KS","opolis","Opolis"
"KS","osage city","Osage City"
"KS","osawatomie","Osawatomie"
"KS","osborne","Osborne"
"KS","oskaloosa","Oskaloosa"
"KS","oswego","Oswego"
"KS","otis","Otis"
"KS","ottawa","Ottawa"
"KS","overbrook","Overbrook"
"KS","overland park","Overland Park"
"KS","oxford","Oxford"
"KS","ozawkie","Ozawkie"
"KS","palco","Palco"
"KS","palmer","Palmer"
"KS","paola","Paola"
"KS","paradise","Paradise"
"KS","park","Park"
"KS","park city","Park City"
"KS","parker","Parker"
"KS","parkerfield","Parkerfield"
"KS","parkerville","Parkerville"
"KS","parsons","Parsons"
"KS","partridge","Partridge"
"KS","pawnee rock","Pawnee Rock"
"KS","paxico","Paxico"
"KS","peabody","Peabody"
"KS","peck","Peck"
"KS","penalosa","Penalosa"
"KS","perry","Perry"
"KS","peru","Peru"
"KS","phillipsburg","Phillipsburg"
"KS","piedmont","Piedmont"
"KS","pierceville","Pierceville"
"KS","pilsen","Pilsen"
"KS","piqua","Piqua"
"KS","pittsburg","Pittsburg"
"KS","plains","Plains"
"KS","plainville","Plainville"
"KS","pleasanton","Pleasanton"
"KS","plevna","Plevna"
"KS","pomona","Pomona"
"KS","portis","Portis"
"KS","potwin","Potwin"
"KS","powhattan","Powhattan"
"KS","prairie view","Prairie View"
"KS","prairie village","Prairie Village"
"KS","pratt","Pratt"
"KS","prescott","Prescott"
"KS","preston","Preston"
"KS","pretty prairie","Pretty Prairie"
"KS","princeton","Princeton"
"KS","protection","Protection"
"KS","quenemo","Quenemo"
"KS","quinter","Quinter"
"KS","radium","Radium"
"KS","radley","Radley"
"KS","ramona","Ramona"
"KS","randall","Randall"
"KS","randolph","Randolph"
"KS","ransom","Ransom"
"KS","rantoul","Rantoul"
"KS","raymond","Raymond"
"KS","reading","Reading"
"KS","redfield","Redfield"
"KS","republic","Republic"
"KS","reserve","Reserve"
"KS","rexford","Rexford"
"KS","richfield","Richfield"
"KS","richmond","Richmond"
"KS","riley","Riley"
"KS","ringo","Ringo"
"KS","riverton","Riverton"
"KS","robinson","Robinson"
"KS","rock","Rock"
"KS","roeland park","Roeland Park"
"KS","rolla","Rolla"
"KS","rosalia","Rosalia"
"KS","rose hill","Rose Hill"
"KS","roseland","Roseland"
"KS","rossville","Rossville"
"KS","roxbury","Roxbury"
"KS","rozel","Rozel"
"KS","rush center","Rush Center"
"KS","russell","Russell"
"KS","russell springs","Russell Springs"
"KS","sabetha","Sabetha"
"KS","salina","Salina"
"KS","satanta","Satanta"
"KS","savonburg","Savonburg"
"KS","sawyer","Sawyer"
"KS","scammon","Scammon"
"KS","scandia","Scandia"
"KS","schoenchen","Schoenchen"
"KS","scott city","Scott City"
"KS","scottsville","Scottsville"
"KS","scranton","Scranton"
"KS","sedan","Sedan"
"KS","sedgwick","Sedgwick"
"KS","selden","Selden"
"KS","seneca","Seneca"
"KS","severance","Severance"
"KS","severy","Severy"
"KS","seward","Seward"
"KS","shallow water","Shallow Water"
"KS","sharon","Sharon"
"KS","sharon springs","Sharon Springs"
"KS","shawnee","Shawnee"
"KS","silver lake","Silver Lake"
"KS","silverdale","Silverdale"
"KS","simpson","Simpson"
"KS","smith center","Smith Center"
"KS","smolan","Smolan"
"KS","soldier","Soldier"
"KS","solomon","Solomon"
"KS","somerset","Somerset"
"KS","south haven","South Haven"
"KS","south hutchinson","South Hutchinson"
"KS","south mound","South Mound"
"KS","spearville","Spearville"
"KS","speed","Speed"
"KS","spivey","Spivey"
"KS","spring hill","Spring Hill"
"KS","st. benedict","St. Benedict"
"KS","st. francis","St. Francis"
"KS","st. george","St. George"
"KS","st. john","St. John"
"KS","st. marks","St. Marks"
"KS","st. marys","St. Marys"
"KS","st. paul","St. Paul"
"KS","stafford","Stafford"
"KS","stark","Stark"
"KS","sterling","Sterling"
"KS","stockton","Stockton"
"KS","strong city","Strong City"
"KS","stuttgart","Stuttgart"
"KS","sublette","Sublette"
"KS","summerfield","Summerfield"
"KS","sun city","Sun City"
"KS","susank","Susank"
"KS","sycamore","Sycamore"
"KS","sylvan grove","Sylvan Grove"
"KS","sylvia","Sylvia"
"KS","syracuse","Syracuse"
"KS","talmage","Talmage"
"KS","tampa","Tampa"
"KS","tecumseh","Tecumseh"
"KS","tescott","Tescott"
"KS","thayer","Thayer"
"KS","the highlands","The Highlands"
"KS","timken","Timken"
"KS","tipton","Tipton"
"KS","tonganoxie","Tonganoxie"
"KS","topeka","Topeka"
"KS","toronto","Toronto"
"KS","towanda","Towanda"
"KS","tribune","Tribune"
"KS","troy","Troy"
"KS","turon","Turon"
"KS","tyro","Tyro"
"KS","udall","Udall"
"KS","ulysses","Ulysses"
"KS","uniontown","Uniontown"
"KS","urbana","Urbana"
"KS","utica","Utica"
"KS","valley center","Valley Center"
"KS","valley falls","Valley Falls"
"KS","vassar","Vassar"
"KS","vermillion","Vermillion"
"KS","victoria","Victoria"
"KS","vining","Vining"
"KS","viola","Viola"
"KS","virgil","Virgil"
"KS","wabaunsee","Wabaunsee"
"KS","wakarusa","Wakarusa"
"KS","wakeeney","WaKeeney"
"KS","wakefield","Wakefield"
"KS","waldo","Waldo"
"KS","waldron","Waldron"
"KS","wallace","Wallace"
"KS","walnut","Walnut"
"KS","walton","Walton"
"KS","wamego","Wamego"
"KS","washington","Washington"
"KS","waterville","Waterville"
"KS","wathena","Wathena"
"KS","waverly","Waverly"
"KS","wayside","Wayside"
"KS","webber","Webber"
"KS","weir","Weir"
"KS","welda","Welda"
"KS","wellington","Wellington"
"KS","wells","Wells"
"KS","wellsville","Wellsville"
"KS","weskan","Weskan"
"KS","west mineral","West Mineral"
"KS","westmoreland","Westmoreland"
"KS","westphalia","Westphalia"
"KS","westwood","Westwood"
"KS","westwood hills","Westwood Hills"
"KS","wetmore","Wetmore"
"KS","wheaton","Wheaton"
"KS","white city","White City"
"KS","white cloud","White Cloud"
"KS","whitewater","Whitewater"
"KS","whiting","Whiting"
"KS","wichita","Wichita"
"KS","willard","Willard"
"KS","williamsburg","Williamsburg"
"KS","williamstown","Williamstown"
"KS","willis","Willis"
"KS","willowbrook","Willowbrook"
"KS","wilmore","Wilmore"
"KS","wilroads gardens","Wilroads Gardens"
"KS","wilsey","Wilsey"
"KS","wilson","Wilson"
"KS","winchester","Winchester"
"KS","windom","Windom"
"KS","winfield","Winfield"
"KS","winona","Winona"
"KS","woodbine","Woodbine"
"KS","woodruff","Woodruff"
"KS","woodston","Woodston"
"KS","wright","Wright"
"KS","yale","Yale"
"KS","yates center","Yates Center"
"KS","yoder","Yoder"
"KS","zeandale","Zeandale"
"KS","zenda","Zenda"
"KS","zurich","Zurich"
"KY","adairville","Adairville"
"KY","ages","Ages"
"KY","albany","Albany"
"KY","alexandria","Alexandria"
"KY","allen","Allen"
"KY","allensville","Allensville"
"KY","anchorage","Anchorage"
"KY","annville","Annville"
"KY","anthoston","Anthoston"
"KY","arjay","Arjay"
"KY","arlington","Arlington"
"KY","artemus","Artemus"
"KY","ashland","Ashland"
"KY","auburn","Auburn"
"KY","audubon park","Audubon Park"
"KY","augusta","Augusta"
"KY","auxier","Auxier"
"KY","bancroft","Bancroft"
"KY","bandana","Bandana"
"KY","barbourmeade","Barbourmeade"
"KY","barbourville","Barbourville"
"KY","bardstown","Bardstown"
"KY","bardwell","Bardwell"
"KY","barlow","Barlow"
"KY","beattyville","Beattyville"
"KY","beaver dam","Beaver Dam"
"KY","bedford","Bedford"
"KY","beech grove","Beech Grove"
"KY","beechmont","Beechmont"
"KY","beechwood village","Beechwood Village"
"KY","belfry","Belfry"
"KY","bellefonte","Bellefonte"
"KY","bellemeade","Bellemeade"
"KY","belleview","Belleview"
"KY","bellevue","Bellevue"
"KY","bellewood","Bellewood"
"KY","benham","Benham"
"KY","benton","Benton"
"KY","berea","Berea"
"KY","berry","Berry"
"KY","betsy layne","Betsy Layne"
"KY","big clifty","Big Clifty"
"KY","blackey","Blackey"
"KY","blaine","Blaine"
"KY","blandville","Blandville"
"KY","bloomfield","Bloomfield"
"KY","blue ridge manor","Blue Ridge Manor"
"KY","bonnieville","Bonnieville"
"KY","booneville","Booneville"
"KY","boston","Boston"
"KY","bowling green","Bowling Green"
"KY","bradfordsville","Bradfordsville"
"KY","brandenburg","Brandenburg"
"KY","breckinridge center","Breckinridge Center"
"KY","bremen","Bremen"
"KY","briarwood","Briarwood"
"KY","brodhead","Brodhead"
"KY","broeck pointe","Broeck Pointe"
"KY","bromley","Bromley"
"KY","brooks","Brooks"
"KY","brooksville","Brooksville"
"KY","brownsboro farm","Brownsboro Farm"
"KY","brownsboro village","Brownsboro Village"
"KY","brownsville","Brownsville"
"KY","buckhorn","Buckhorn"
"KY","buckner","Buckner"
"KY","buffalo","Buffalo"
"KY","burgin","Burgin"
"KY","burkesville","Burkesville"
"KY","burlington","Burlington"
"KY","burna","Burna"
"KY","burnside","Burnside"
"KY","butler","Butler"
"KY","cadiz","Cadiz"
"KY","calhoun","Calhoun"
"KY","california","California"
"KY","calvert city","Calvert City"
"KY","camargo","Camargo"
"KY","cambridge","Cambridge"
"KY","campbellsburg","Campbellsburg"
"KY","campbellsville","Campbellsville"
"KY","campton","Campton"
"KY","caneyville","Caneyville"
"KY","cannonsburg","Cannonsburg"
"KY","carlisle","Carlisle"
"KY","carrollton","Carrollton"
"KY","carrsville","Carrsville"
"KY","catlettsburg","Catlettsburg"
"KY","cave city","Cave City"
"KY","cawood","Cawood"
"KY","cayce","Cayce"
"KY","cecilia","Cecilia"
"KY","centertown","Centertown"
"KY","central city","Central City"
"KY","cerulean","Cerulean"
"KY","chaplin","Chaplin"
"KY","clarkson","Clarkson"
"KY","claryville","Claryville"
"KY","clay","Clay"
"KY","clay city","Clay City"
"KY","cleaton","Cleaton"
"KY","clinton","Clinton"
"KY","cloverport","Cloverport"
"KY","coal run village","Coal Run Village"
"KY","cold spring","Cold Spring"
"KY","coldiron","Coldiron"
"KY","coldstream","Coldstream"
"KY","columbia","Columbia"
"KY","columbus","Columbus"
"KY","combs","Combs"
"KY","concord","Concord"
"KY","corbin","Corbin"
"KY","corinth","Corinth"
"KY","corydon","Corydon"
"KY","covington","Covington"
"KY","coxton","Coxton"
"KY","crab orchard","Crab Orchard"
"KY","crayne","Crayne"
"KY","creekside","Creekside"
"KY","crescent springs","Crescent Springs"
"KY","crestview","Crestview"
"KY","crestview hills","Crestview Hills"
"KY","crestwood","Crestwood"
"KY","crittenden","Crittenden"
"KY","crofton","Crofton"
"KY","crossgate","Crossgate"
"KY","cumberland","Cumberland"
"KY","cunningham","Cunningham"
"KY","curdsville","Curdsville"
"KY","cynthiana","Cynthiana"
"KY","danville","Danville"
"KY","dawson springs","Dawson Springs"
"KY","dayton","Dayton"
"KY","dexter","Dexter"
"KY","diablock","Diablock"
"KY","dixon","Dixon"
"KY","doe valley","Doe Valley"
"KY","douglass hills","Douglass Hills"
"KY","dover","Dover"
"KY","drakesboro","Drakesboro"
"KY","druid hills","Druid Hills"
"KY","dry ridge","Dry Ridge"
"KY","dunmor","Dunmor"
"KY","dwale","Dwale"
"KY","earlington","Earlington"
"KY","east bernstadt","East Bernstadt"
"KY","eddyville","Eddyville"
"KY","edgewood","Edgewood"
"KY","edmonton","Edmonton"
"KY","ekron","Ekron"
"KY","elizabethtown","Elizabethtown"
"KY","elizaville","Elizaville"
"KY","elk creek","Elk Creek"
"KY","elkhorn city","Elkhorn City"
"KY","elkton","Elkton"
"KY","elsmere","Elsmere"
"KY","eminence","Eminence"
"KY","emlyn","Emlyn"
"KY","erlanger","Erlanger"
"KY","eubank","Eubank"
"KY","evarts","Evarts"
"KY","ewing","Ewing"
"KY","ezel","Ezel"
"KY","fairfield","Fairfield"
"KY","fairview","Fairview"
"KY","falmouth","Falmouth"
"KY","fancy farm","Fancy Farm"
"KY","farley","Farley"
"KY","farmers","Farmers"
"KY","farmington","Farmington"
"KY","ferguson","Ferguson"
"KY","fincastle","Fincastle"
"KY","flat lick","Flat Lick"
"KY","flatwoods","Flatwoods"
"KY","fleming-neon","Fleming-Neon"
"KY","flemingsburg","Flemingsburg"
"KY","florence","Florence"
"KY","fordsville","Fordsville"
"KY","forest hills","Forest Hills"
"KY","fort campbell north","Fort Campbell North"
"KY","fort knox","Fort Knox"
"KY","fort mitchell","Fort Mitchell"
"KY","fort thomas","Fort Thomas"
"KY","fort wright","Fort Wright"
"KY","fountain run","Fountain Run"
"KY","fox chase","Fox Chase"
"KY","francisville","Francisville"
"KY","frankfort","Frankfort"
"KY","franklin","Franklin"
"KY","fredonia","Fredonia"
"KY","freeburn","Freeburn"
"KY","frenchburg","Frenchburg"
"KY","fulton","Fulton"
"KY","gamaliel","Gamaliel"
"KY","garrison","Garrison"
"KY","georgetown","Georgetown"
"KY","germantown","Germantown"
"KY","ghent","Ghent"
"KY","gilbertsville","Gilbertsville"
"KY","glasgow","Glasgow"
"KY","glencoe","Glencoe"
"KY","glenview","Glenview"
"KY","glenview hills","Glenview Hills"
"KY","glenview manor","Glenview Manor"
"KY","goose creek","Goose Creek"
"KY","goshen","Goshen"
"KY","gracey","Gracey"
"KY","grand rivers","Grand Rivers"
"KY","gratz","Gratz"
"KY","graymoor-devondale","Graymoor-Devondale"
"KY","grayson","Grayson"
"KY","green spring","Green Spring"
"KY","greensburg","Greensburg"
"KY","greenup","Greenup"
"KY","greenville","Greenville"
"KY","guthrie","Guthrie"
"KY","hanson","Hanson"
"KY","hardin","Hardin"
"KY","hardinsburg","Hardinsburg"
"KY","hardyville","Hardyville"
"KY","harlan","Harlan"
"KY","harrodsburg","Harrodsburg"
"KY","hartford","Hartford"
"KY","hawesville","Hawesville"
"KY","hazard","Hazard"
"KY","hazel","Hazel"
"KY","hazel green","Hazel Green"
"KY","hebron","Hebron"
"KY","hebron estates","Hebron Estates"
"KY","henderson","Henderson"
"KY","hendron","Hendron"
"KY","heritage creek","Heritage Creek"
"KY","hickman","Hickman"
"KY","hickory","Hickory"
"KY","hickory hill","Hickory Hill"
"KY","high bridge","High Bridge"
"KY","highland heights","Highland Heights"
"KY","hills and dales","Hills and Dales"
"KY","hillview","Hillview"
"KY","hindman","Hindman"
"KY","hiseville","Hiseville"
"KY","hodgenville","Hodgenville"
"KY","hollow creek","Hollow Creek"
"KY","hollyvilla","Hollyvilla"
"KY","hopkinsville","Hopkinsville"
"KY","horse cave","Horse Cave"
"KY","houston acres","Houston Acres"
"KY","hunters hollow","Hunters Hollow"
"KY","hurstbourne","Hurstbourne"
"KY","hurstbourne acres","Hurstbourne Acres"
"KY","hustonville","Hustonville"
"KY","hyden","Hyden"
"KY","independence","Independence"
"KY","indian hills","Indian Hills"
"KY","inez","Inez"
"KY","ironville","Ironville"
"KY","irvine","Irvine"
"KY","irvington","Irvington"
"KY","island","Island"
"KY","jackson","Jackson"
"KY","jamestown","Jamestown"
"KY","jeff","Jeff"
"KY","jeffersontown","Jeffersontown"
"KY","jeffersonville","Jeffersonville"
"KY","jenkins","Jenkins"
"KY","junction city","Junction City"
"KY","keene","Keene"
"KY","kenton vale","Kenton Vale"
"KY","kenvir","Kenvir"
"KY","kevil","Kevil"
"KY","kingsley","Kingsley"
"KY","knottsville","Knottsville"
"KY","kuttawa","Kuttawa"
"KY","la center","La Center"
"KY","la grange","La Grange"
"KY","lafayette","LaFayette"
"KY","lakeside park","Lakeside Park"
"KY","lakeview heights","Lakeview Heights"
"KY","lancaster","Lancaster"
"KY","langdon place","Langdon Place"
"KY","lawrenceburg","Lawrenceburg"
"KY","lebanon","Lebanon"
"KY","lebanon junction","Lebanon Junction"
"KY","ledbetter","Ledbetter"
"KY","leitchfield","Leitchfield"
"KY","lewisburg","Lewisburg"
"KY","lewisport","Lewisport"
"KY","lexington-fayette","Lexington-Fayette"
"KY","liberty","Liberty"
"KY","lincolnshire","Lincolnshire"
"KY","livermore","Livermore"
"KY","livingston","Livingston"
"KY","london","London"
"KY","loretto","Loretto"
"KY","louisa","Louisa"
"KY","louisville","Louisville"
"KY","louisville/jefferson county metro government (balance)","Louisville/Jefferson County metro government (balance)"
"KY","lovelaceville","Lovelaceville"
"KY","lowes","Lowes"
"KY","loyall","Loyall"
"KY","ludlow","Ludlow"
"KY","lynch","Lynch"
"KY","lyndon","Lyndon"
"KY","lynnview","Lynnview"
"KY","maceo","Maceo"
"KY","mackville","Mackville"
"KY","madisonville","Madisonville"
"KY","magnolia","Magnolia"
"KY","manchester","Manchester"
"KY","manitou","Manitou"
"KY","manor creek","Manor Creek"
"KY","marion","Marion"
"KY","marrowbone","Marrowbone"
"KY","martin","Martin"
"KY","maryhill estates","Maryhill Estates"
"KY","masonville","Masonville"
"KY","massac","Massac"
"KY","mayfield","Mayfield"
"KY","mayking","Mayking"
"KY","mays lick","Mays Lick"
"KY","maysville","Maysville"
"KY","maytown","Maytown"
"KY","mccarr","McCarr"
"KY","mcdowell","McDowell"
"KY","mchenry","McHenry"
"KY","mckee","McKee"
"KY","mckinney","McKinney"
"KY","mcroberts","McRoberts"
"KY","meadow vale","Meadow Vale"
"KY","meadowbrook farm","Meadowbrook Farm"
"KY","meadowview estates","Meadowview Estates"
"KY","melbourne","Melbourne"
"KY","mentor","Mentor"
"KY","middlesborough","Middlesborough"
"KY","middletown","Middletown"
"KY","midway","Midway"
"KY","millersburg","Millersburg"
"KY","millstone","Millstone"
"KY","milton","Milton"
"KY","mockingbird valley","Mockingbird Valley"
"KY","monterey","Monterey"
"KY","monticello","Monticello"
"KY","moorland","Moorland"
"KY","morehead","Morehead"
"KY","morganfield","Morganfield"
"KY","morgantown","Morgantown"
"KY","mortons gap","Mortons Gap"
"KY","moseleyville","Moseleyville"
"KY","mount olivet","Mount Olivet"
"KY","mount sterling","Mount Sterling"
"KY","mount vernon","Mount Vernon"
"KY","mount washington","Mount Washington"
"KY","muldraugh","Muldraugh"
"KY","munfordville","Munfordville"
"KY","murray","Murray"
"KY","murray hill","Murray Hill"
"KY","nebo","Nebo"
"KY","new castle","New Castle"
"KY","new haven","New Haven"
"KY","new hope","New Hope"
"KY","newport","Newport"
"KY","nicholasville","Nicholasville"
"KY","norbourne estates","Norbourne Estates"
"KY","north corbin","North Corbin"
"KY","north middletown","North Middletown"
"KY","northfield","Northfield"
"KY","nortonville","Nortonville"
"KY","norwood","Norwood"
"KY","oak grove","Oak Grove"
"KY","oakbrook","Oakbrook"
"KY","oakland","Oakland"
"KY","old brownsboro place","Old Brownsboro Place"
"KY","olive hill","Olive Hill"
"KY","oneida","Oneida"
"KY","onton","Onton"
"KY","orchard grass hills","Orchard Grass Hills"
"KY","owensboro","Owensboro"
"KY","owenton","Owenton"
"KY","owingsville","Owingsville"
"KY","paducah","Paducah"
"KY","paintsville","Paintsville"
"KY","panther","Panther"
"KY","paris","Paris"
"KY","park city","Park City"
"KY","park hills","Park Hills"
"KY","parkway village","Parkway Village"
"KY","pathfork","Pathfork"
"KY","payne gap","Payne Gap"
"KY","pembroke","Pembroke"
"KY","perryville","Perryville"
"KY","petersburg","Petersburg"
"KY","pewee valley","Pewee Valley"
"KY","phelps","Phelps"
"KY","philpot","Philpot"
"KY","pikeville","Pikeville"
"KY","pine knot","Pine Knot"
"KY","pineville","Pineville"
"KY","pioneer village","Pioneer Village"
"KY","pippa passes","Pippa Passes"
"KY","plano","Plano"
"KY","plantation","Plantation"
"KY","pleasant ridge","Pleasant Ridge"
"KY","pleasant view","Pleasant View"
"KY","pleasureville","Pleasureville"
"KY","plum springs","Plum Springs"
"KY","poole","Poole"
"KY","poplar hills","Poplar Hills"
"KY","powderly","Powderly"
"KY","prestonsburg","Prestonsburg"
"KY","prestonville","Prestonville"
"KY","princeton","Princeton"
"KY","prospect","Prospect"
"KY","providence","Providence"
"KY","pryorsburg","Pryorsburg"
"KY","rabbit hash","Rabbit Hash"
"KY","raceland","Raceland"
"KY","radcliff","Radcliff"
"KY","ravenna","Ravenna"
"KY","raywick","Raywick"
"KY","reidland","Reidland"
"KY","richlawn","Richlawn"
"KY","richmond","Richmond"
"KY","rineyville","Rineyville"
"KY","river bluff","River Bluff"
"KY","riverwood","Riverwood"
"KY","robards","Robards"
"KY","rochester","Rochester"
"KY","rockholds","Rockholds"
"KY","rockport","Rockport"
"KY","rolling fields","Rolling Fields"
"KY","rolling hills","Rolling Hills"
"KY","rosine","Rosine"
"KY","russell","Russell"
"KY","russell springs","Russell Springs"
"KY","russellville","Russellville"
"KY","ryland heights","Ryland Heights"
"KY","sacramento","Sacramento"
"KY","sadieville","Sadieville"
"KY","salem","Salem"
"KY","salt lick","Salt Lick"
"KY","salvisa","Salvisa"
"KY","salyersville","Salyersville"
"KY","sanders","Sanders"
"KY","sandy hook","Sandy Hook"
"KY","sardis","Sardis"
"KY","science hill","Science Hill"
"KY","scottsville","Scottsville"
"KY","sebree","Sebree"
"KY","sedalia","Sedalia"
"KY","seneca gardens","Seneca Gardens"
"KY","sharpsburg","Sharpsburg"
"KY","shelbyville","Shelbyville"
"KY","shepherdsville","Shepherdsville"
"KY","shively","Shively"
"KY","silver grove","Silver Grove"
"KY","simpsonville","Simpsonville"
"KY","slaughters","Slaughters"
"KY","smithfield","Smithfield"
"KY","smithland","Smithland"
"KY","smiths grove","Smiths Grove"
"KY","somerset","Somerset"
"KY","sonora","Sonora"
"KY","sorgho","Sorgho"
"KY","south carrollton","South Carrollton"
"KY","south park view","South Park View"
"KY","south shore","South Shore"
"KY","south wallins","South Wallins"
"KY","south williamson","South Williamson"
"KY","southgate","Southgate"
"KY","sparta","Sparta"
"KY","spottsville","Spottsville"
"KY","spring mill","Spring Mill"
"KY","spring valley","Spring Valley"
"KY","springfield","Springfield"
"KY","st. charles","St. Charles"
"KY","st. joseph","St. Joseph"
"KY","st. mary","St. Mary"
"KY","st. matthews","St. Matthews"
"KY","st. regis park","St. Regis Park"
"KY","stamping ground","Stamping Ground"
"KY","stanford","Stanford"
"KY","stanley","Stanley"
"KY","stanton","Stanton"
"KY","stearns","Stearns"
"KY","strathmoor manor","Strathmoor Manor"
"KY","strathmoor village","Strathmoor Village"
"KY","sturgis","Sturgis"
"KY","summer shade","Summer Shade"
"KY","summersville","Summersville"
"KY","sycamore","Sycamore"
"KY","symsonia","Symsonia"
"KY","taylor mill","Taylor Mill"
"KY","taylorsville","Taylorsville"
"KY","ten broeck","Ten Broeck"
"KY","thornhill","Thornhill"
"KY","thruston","Thruston"
"KY","tolu","Tolu"
"KY","tompkinsville","Tompkinsville"
"KY","trenton","Trenton"
"KY","union","Union"
"KY","uniontown","Uniontown"
"KY","upton","Upton"
"KY","utica","Utica"
"KY","van lear","Van Lear"
"KY","vanceburg","Vanceburg"
"KY","verona","Verona"
"KY","versailles","Versailles"
"KY","vicco","Vicco"
"KY","villa hills","Villa Hills"
"KY","vine grove","Vine Grove"
"KY","virgie","Virgie"
"KY","wallins creek","Wallins Creek"
"KY","walton","Walton"
"KY","warfield","Warfield"
"KY","warsaw","Warsaw"
"KY","water valley","Water Valley"
"KY","watterson park","Watterson Park"
"KY","waverly","Waverly"
"KY","wayland","Wayland"
"KY","wellington","Wellington"
"KY","west buechel","West Buechel"
"KY","west liberty","West Liberty"
"KY","west louisville","West Louisville"
"KY","west point","West Point"
"KY","west van lear","West Van Lear"
"KY","westport","Westport"
"KY","westwood","Westwood"
"KY","wheatcroft","Wheatcroft"
"KY","wheelwright","Wheelwright"
"KY","white plains","White Plains"
"KY","whitesburg","Whitesburg"
"KY","whitesville","Whitesville"
"KY","whitley city","Whitley City"
"KY","wickliffe","Wickliffe"
"KY","wilder","Wilder"
"KY","wildwood","Wildwood"
"KY","williamsburg","Williamsburg"
"KY","williamstown","Williamstown"
"KY","willisburg","Willisburg"
"KY","wilmore","Wilmore"
"KY","winchester","Winchester"
"KY","windy hills","Windy Hills"
"KY","wingo","Wingo"
"KY","woodburn","Woodburn"
"KY","woodbury","Woodbury"
"KY","woodland hills","Woodland Hills"
"KY","woodlawn","Woodlawn"
"KY","woodlawn park","Woodlawn Park"
"KY","worthington","Worthington"
"KY","worthington hills","Worthington Hills"
"KY","worthville","Worthville"
"KY","wurtland","Wurtland"
"KY","yelvington","Yelvington"
"LA","abbeville","Abbeville"
"LA","abita springs","Abita Springs"
"LA","addis","Addis"
"LA","albany","Albany"
"LA","alexandria","Alexandria"
"LA","ama","Ama"
"LA","amelia","Amelia"
"LA","amite city","Amite City"
"LA","anacoco","Anacoco"
"LA","angie","Angie"
"LA","arabi","Arabi"
"LA","arcadia","Arcadia"
"LA","arnaudville","Arnaudville"
"LA","ashland","Ashland"
"LA","athens","Athens"
"LA","atlanta","Atlanta"
"LA","avondale","Avondale"
"LA","baker","Baker"
"LA","baldwin","Baldwin"
"LA","ball","Ball"
"LA","banks springs","Banks Springs"
"LA","barataria","Barataria"
"LA","basile","Basile"
"LA","baskin","Baskin"
"LA","bastrop","Bastrop"
"LA","baton rouge","Baton Rouge"
"LA","bawcomville","Bawcomville"
"LA","bayou blue","Bayou Blue"
"LA","bayou cane","Bayou Cane"
"LA","bayou corne","Bayou Corne"
"LA","bayou country club","Bayou Country Club"
"LA","bayou gauche","Bayou Gauche"
"LA","bayou goula","Bayou Goula"
"LA","bayou l'ourse","Bayou L'Ourse"
"LA","bayou vista","Bayou Vista"
"LA","belcher","Belcher"
"LA","belle chasse","Belle Chasse"
"LA","belle rose","Belle Rose"
"LA","belmont","Belmont"
"LA","benton","Benton"
"LA","bernice","Bernice"
"LA","berwick","Berwick"
"LA","bienville","Bienville"
"LA","blanchard","Blanchard"
"LA","bogalusa","Bogalusa"
"LA","bonita","Bonita"
"LA","boothville","Boothville"
"LA","bordelonville","Bordelonville"
"LA","bossier city","Bossier City"
"LA","bourg","Bourg"
"LA","boutte","Boutte"
"LA","boyce","Boyce"
"LA","branch","Branch"
"LA","breaux bridge","Breaux Bridge"
"LA","bridge city","Bridge City"
"LA","broussard","Broussard"
"LA","brownfields","Brownfields"
"LA","brownsville","Brownsville"
"LA","brusly","Brusly"
"LA","bryceland","Bryceland"
"LA","bunkie","Bunkie"
"LA","buras","Buras"
"LA","cade","Cade"
"LA","calhoun","Calhoun"
"LA","calvin","Calvin"
"LA","cameron","Cameron"
"LA","campti","Campti"
"LA","cankton","Cankton"
"LA","carencro","Carencro"
"LA","carlyss","Carlyss"
"LA","castor","Castor"
"LA","catahoula","Catahoula"
"LA","cecilia","Cecilia"
"LA","center point","Center Point"
"LA","centerville","Centerville"
"LA","central","Central"
"LA","chackbay","Chackbay"
"LA","chalmette","Chalmette"
"LA","charenton","Charenton"
"LA","chataignier","Chataignier"
"LA","chatham","Chatham"
"LA","chauvin","Chauvin"
"LA","cheneyville","Cheneyville"
"LA","choctaw","Choctaw"
"LA","choudrant","Choudrant"
"LA","church point","Church Point"
"LA","claiborne","Claiborne"
"LA","clarence","Clarence"
"LA","clarks","Clarks"
"LA","clayton","Clayton"
"LA","clinton","Clinton"
"LA","colfax","Colfax"
"LA","collinston","Collinston"
"LA","columbia","Columbia"
"LA","convent","Convent"
"LA","converse","Converse"
"LA","cotton valley","Cotton Valley"
"LA","cottonport","Cottonport"
"LA","coushatta","Coushatta"
"LA","covington","Covington"
"LA","creola","Creola"
"LA","crescent","Crescent"
"LA","crowley","Crowley"
"LA","cullen","Cullen"
"LA","cut off","Cut Off"
"LA","darrow","Darrow"
"LA","delacroix","Delacroix"
"LA","delcambre","Delcambre"
"LA","delhi","Delhi"
"LA","delta","Delta"
"LA","denham springs","Denham Springs"
"LA","dequincy","DeQuincy"
"LA","deridder","DeRidder"
"LA","des allemands","Des Allemands"
"LA","destrehan","Destrehan"
"LA","deville","Deville"
"LA","dixie inn","Dixie Inn"
"LA","dodson","Dodson"
"LA","donaldsonville","Donaldsonville"
"LA","dorseyville","Dorseyville"
"LA","downsville","Downsville"
"LA","doyline","Doyline"
"LA","dry prong","Dry Prong"
"LA","dubach","Dubach"
"LA","dubberly","Dubberly"
"LA","dulac","Dulac"
"LA","duson","Duson"
"LA","east hodge","East Hodge"
"LA","eastwood","Eastwood"
"LA","echo","Echo"
"LA","eden isle","Eden Isle"
"LA","edgard","Edgard"
"LA","edgefield","Edgefield"
"LA","egan","Egan"
"LA","elizabeth","Elizabeth"
"LA","elmwood","Elmwood"
"LA","elton","Elton"
"LA","empire","Empire"
"LA","epps","Epps"
"LA","erath","Erath"
"LA","eros","Eros"
"LA","erwinville","Erwinville"
"LA","estelle","Estelle"
"LA","estherwood","Estherwood"
"LA","eunice","Eunice"
"LA","evergreen","Evergreen"
"LA","farmerville","Farmerville"
"LA","fenton","Fenton"
"LA","ferriday","Ferriday"
"LA","fifth ward","Fifth Ward"
"LA","fisher","Fisher"
"LA","florien","Florien"
"LA","folsom","Folsom"
"LA","fordoche","Fordoche"
"LA","forest","Forest"
"LA","forest hill","Forest Hill"
"LA","fort jesup","Fort Jesup"
"LA","fort johnson north","Fort Johnson North"
"LA","fort johnson south","Fort Johnson South"
"LA","franklin","Franklin"
"LA","franklinton","Franklinton"
"LA","french settlement","French Settlement"
"LA","frierson","Frierson"
"LA","galliano","Galliano"
"LA","gardere","Gardere"
"LA","garyville","Garyville"
"LA","georgetown","Georgetown"
"LA","gibsland","Gibsland"
"LA","gilbert","Gilbert"
"LA","gilliam","Gilliam"
"LA","gillis","Gillis"
"LA","glencoe","Glencoe"
"LA","glenmora","Glenmora"
"LA","gloster","Gloster"
"LA","golden meadow","Golden Meadow"
"LA","goldonna","Goldonna"
"LA","gonzales","Gonzales"
"LA","good pine","Good Pine"
"LA","grambling","Grambling"
"LA","gramercy","Gramercy"
"LA","grand cane","Grand Cane"
"LA","grand coteau","Grand Coteau"
"LA","grand isle","Grand Isle"
"LA","grand point","Grand Point"
"LA","gray","Gray"
"LA","grayson","Grayson"
"LA","greensburg","Greensburg"
"LA","greenwood","Greenwood"
"LA","gretna","Gretna"
"LA","grosse tete","Grosse Tete"
"LA","gueydan","Gueydan"
"LA","hackberry","Hackberry"
"LA","hahnville","Hahnville"
"LA","hall summit","Hall Summit"
"LA","hammond","Hammond"
"LA","harahan","Harahan"
"LA","harrisonburg","Harrisonburg"
"LA","harvey","Harvey"
"LA","haughton","Haughton"
"LA","hayes","Hayes"
"LA","haynesville","Haynesville"
"LA","heflin","Heflin"
"LA","henderson","Henderson"
"LA","hessmer","Hessmer"
"LA","hester","Hester"
"LA","hodge","Hodge"
"LA","homer","Homer"
"LA","hornbeck","Hornbeck"
"LA","hosston","Hosston"
"LA","houma","Houma"
"LA","ida","Ida"
"LA","independence","Independence"
"LA","iota","Iota"
"LA","iowa","Iowa"
"LA","jackson","Jackson"
"LA","jamestown","Jamestown"
"LA","jean lafitte","Jean Lafitte"
"LA","jeanerette","Jeanerette"
"LA","jefferson","Jefferson"
"LA","jena","Jena"
"LA","jennings","Jennings"
"LA","jonesboro","Jonesboro"
"LA","jonesville","Jonesville"
"LA","jordan hill","Jordan Hill"
"LA","joyce","Joyce"
"LA","junction city","Junction City"
"LA","kaplan","Kaplan"
"LA","keachi","Keachi"
"LA","kenner","Kenner"
"LA","kentwood","Kentwood"
"LA","kilbourne","Kilbourne"
"LA","killian","Killian"
"LA","killona","Killona"
"LA","kinder","Kinder"
"LA","kraemer","Kraemer"
"LA","krotz springs","Krotz Springs"
"LA","labadieville","Labadieville"
"LA","lacassine","Lacassine"
"LA","lacombe","Lacombe"
"LA","lafayette","Lafayette"
"LA","lafitte","Lafitte"
"LA","lafourche crossing","Lafourche Crossing"
"LA","lake arthur","Lake Arthur"
"LA","lake charles","Lake Charles"
"LA","lake providence","Lake Providence"
"LA","lakeshore","Lakeshore"
"LA","lakeview","Lakeview"
"LA","laplace","Laplace"
"LA","larose","Larose"
"LA","lawtell","Lawtell"
"LA","lebeau","Lebeau"
"LA","lecompte","Lecompte"
"LA","leesville","Leesville"
"LA","lemannville","Lemannville"
"LA","leonville","Leonville"
"LA","lewisburg","Lewisburg"
"LA","lillie","Lillie"
"LA","lisbon","Lisbon"
"LA","livingston","Livingston"
"LA","livonia","Livonia"
"LA","lockport","Lockport"
"LA","lockport heights","Lockport Heights"
"LA","logansport","Logansport"
"LA","longstreet","Longstreet"
"LA","longville","Longville"
"LA","loreauville","Loreauville"
"LA","lucky","Lucky"
"LA","luling","Luling"
"LA","lutcher","Lutcher"
"LA","lydia","Lydia"
"LA","madisonville","Madisonville"
"LA","mamou","Mamou"
"LA","mandeville","Mandeville"
"LA","mangham","Mangham"
"LA","mansfield","Mansfield"
"LA","mansura","Mansura"
"LA","many","Many"
"LA","maringouin","Maringouin"
"LA","marion","Marion"
"LA","marksville","Marksville"
"LA","marrero","Marrero"
"LA","marthaville","Marthaville"
"LA","martin","Martin"
"LA","mathews","Mathews"
"LA","maurice","Maurice"
"LA","mcnary","McNary"
"LA","melville","Melville"
"LA","mer rouge","Mer Rouge"
"LA","meraux","Meraux"
"LA","mermentau","Mermentau"
"LA","merrydale","Merrydale"
"LA","merryville","Merryville"
"LA","metairie","Metairie"
"LA","midland","Midland"
"LA","midway","Midway"
"LA","milton","Milton"
"LA","minden","Minden"
"LA","minorca","Minorca"
"LA","monroe","Monroe"
"LA","montegut","Montegut"
"LA","monterey","Monterey"
"LA","montgomery","Montgomery"
"LA","monticello","Monticello"
"LA","montpelier","Montpelier"
"LA","montz","Montz"
"LA","moonshine","Moonshine"
"LA","mooringsport","Mooringsport"
"LA","moreauville","Moreauville"
"LA","morgan city","Morgan City"
"LA","morganza","Morganza"
"LA","morrow","Morrow"
"LA","morse","Morse"
"LA","moss bluff","Moss Bluff"
"LA","mound","Mound"
"LA","mount lebanon","Mount Lebanon"
"LA","napoleonville","Napoleonville"
"LA","natalbany","Natalbany"
"LA","natchez","Natchez"
"LA","natchitoches","Natchitoches"
"LA","new iberia","New Iberia"
"LA","new llano","New Llano"
"LA","new orleans","New Orleans"
"LA","new orleans station","New Orleans Station"
"LA","new roads","New Roads"
"LA","new sarpy","New Sarpy"
"LA","newellton","Newellton"
"LA","noble","Noble"
"LA","norco","Norco"
"LA","north hodge","North Hodge"
"LA","north vacherie","North Vacherie"
"LA","norwood","Norwood"
"LA","oak grove","Oak Grove"
"LA","oak ridge","Oak Ridge"
"LA","oakdale","Oakdale"
"LA","oberlin","Oberlin"
"LA","oil city","Oil City"
"LA","olla","Olla"
"LA","opelousas","Opelousas"
"LA","oretta","Oretta"
"LA","ossun","Ossun"
"LA","paincourtville","Paincourtville"
"LA","palmetto","Palmetto"
"LA","paradis","Paradis"
"LA","parks","Parks"
"LA","patterson","Patterson"
"LA","paulina","Paulina"
"LA","pearl river","Pearl River"
"LA","perry","Perry"
"LA","pierre part","Pierre Part"
"LA","pine prairie","Pine Prairie"
"LA","pineville","Pineville"
"LA","pioneer","Pioneer"
"LA","pitkin","Pitkin"
"LA","plain dealing","Plain Dealing"
"LA","plaquemine","Plaquemine"
"LA","plaucheville","Plaucheville"
"LA","pleasant hill","Pleasant Hill"
"LA","pleasure bend","Pleasure Bend"
"LA","point place","Point Place"
"LA","pointe a la hache","Pointe a la Hache"
"LA","pollock","Pollock"
"LA","ponchatoula","Ponchatoula"
"LA","port allen","Port Allen"
"LA","port barre","Port Barre"
"LA","port sulphur","Port Sulphur"
"LA","port vincent","Port Vincent"
"LA","powhatan","Powhatan"
"LA","poydras","Poydras"
"LA","prairieville","Prairieville"
"LA","presquille","Presquille"
"LA","prien","Prien"
"LA","prospect","Prospect"
"LA","provencal","Provencal"
"LA","quitman","Quitman"
"LA","raceland","Raceland"
"LA","rayne","Rayne"
"LA","rayville","Rayville"
"LA","red chute","Red Chute"
"LA","reddell","Reddell"
"LA","reeves","Reeves"
"LA","reserve","Reserve"
"LA","richmond","Richmond"
"LA","richwood","Richwood"
"LA","ridgecrest","Ridgecrest"
"LA","ringgold","Ringgold"
"LA","rio","Rio"
"LA","river ridge","River Ridge"
"LA","roanoke","Roanoke"
"LA","robeline","Robeline"
"LA","rock hill","Rock Hill"
"LA","rodessa","Rodessa"
"LA","romeville","Romeville"
"LA","rosedale","Rosedale"
"LA","roseland","Roseland"
"LA","rosepine","Rosepine"
"LA","ruston","Ruston"
"LA","saline","Saline"
"LA","sarepta","Sarepta"
"LA","schriever","Schriever"
"LA","scott","Scott"
"LA","shongaloo","Shongaloo"
"LA","shreveport","Shreveport"
"LA","sibley","Sibley"
"LA","sicily island","Sicily Island"
"LA","sikes","Sikes"
"LA","simmesport","Simmesport"
"LA","simpson","Simpson"
"LA","simsboro","Simsboro"
"LA","singer","Singer"
"LA","siracusaville","Siracusaville"
"LA","slaughter","Slaughter"
"LA","slidell","Slidell"
"LA","sorrel","Sorrel"
"LA","sorrento","Sorrento"
"LA","south mansfield","South Mansfield"
"LA","south vacherie","South Vacherie"
"LA","spearsville","Spearsville"
"LA","spokane","Spokane"
"LA","springfield","Springfield"
"LA","springhill","Springhill"
"LA","st. francisville","St. Francisville"
"LA","st. gabriel","St. Gabriel"
"LA","st. george","St. George"
"LA","st. james","St. James"
"LA","st. joseph","St. Joseph"
"LA","st. martinville","St. Martinville"
"LA","st. maurice","St. Maurice"
"LA","st. rose","St. Rose"
"LA","stanley","Stanley"
"LA","starks","Starks"
"LA","start","Start"
"LA","sterlington","Sterlington"
"LA","stonewall","Stonewall"
"LA","sugartown","Sugartown"
"LA","sulphur","Sulphur"
"LA","sun","Sun"
"LA","sunset","Sunset"
"LA","supreme","Supreme"
"LA","swartz","Swartz"
"LA","taft","Taft"
"LA","tallulah","Tallulah"
"LA","tangipahoa","Tangipahoa"
"LA","terrytown","Terrytown"
"LA","thibodaux","Thibodaux"
"LA","tickfaw","Tickfaw"
"LA","timberlane","Timberlane"
"LA","triumph","Triumph"
"LA","trout","Trout"
"LA","tullos","Tullos"
"LA","turkey creek","Turkey Creek"
"LA","union","Union"
"LA","urania","Urania"
"LA","varnado","Varnado"
"LA","venice","Venice"
"LA","ventress","Ventress"
"LA","vidalia","Vidalia"
"LA","vienna","Vienna"
"LA","vienna bend","Vienna Bend"
"LA","ville platte","Ville Platte"
"LA","vinton","Vinton"
"LA","violet","Violet"
"LA","vivian","Vivian"
"LA","waggaman","Waggaman"
"LA","walker","Walker"
"LA","wallace","Wallace"
"LA","wallace ridge","Wallace Ridge"
"LA","washington","Washington"
"LA","waterproof","Waterproof"
"LA","watson","Watson"
"LA","welcome","Welcome"
"LA","welsh","Welsh"
"LA","west monroe","West Monroe"
"LA","westlake","Westlake"
"LA","westwego","Westwego"
"LA","white castle","White Castle"
"LA","wilson","Wilson"
"LA","winnfield","Winnfield"
"LA","winnsboro","Winnsboro"
"LA","wisner","Wisner"
"LA","woodmere","Woodmere"
"LA","woodworth","Woodworth"
"LA","youngsville","Youngsville"
"LA","zachary","Zachary"
"LA","zwolle","Zwolle"
"MA","abington","Abington"
"MA","acushnet center","Acushnet Center"
"MA","adams","Adams"
"MA","agawam town","Agawam Town"
"MA","amesbury","Amesbury"
"MA","amherst town","Amherst Town"
"MA","andover","Andover"
"MA","arlington","Arlington"
"MA","athol","Athol"
"MA","attleboro","Attleboro"
"MA","ayer","Ayer"
"MA","baldwinville","Baldwinville"
"MA","barnstable town","Barnstable Town"
"MA","barre","Barre"
"MA","belchertown","Belchertown"
"MA","bellingham","Bellingham"
"MA","belmont","Belmont"
"MA","beverly","Beverly"
"MA","blandford","Blandford"
"MA","bliss corner","Bliss Corner"
"MA","boston","Boston"
"MA","bourne","Bourne"
"MA","boxford","Boxford"
"MA","braintree town","Braintree Town"
"MA","brewster","Brewster"
"MA","bridgewater town","Bridgewater Town"
"MA","brockton","Brockton"
"MA","brookfield","Brookfield"
"MA","brookline","Brookline"
"MA","burlington","Burlington"
"MA","buzzards bay","Buzzards Bay"
"MA","cambridge","Cambridge"
"MA","cedar crest","Cedar Crest"
"MA","chatham","Chatham"
"MA","chelsea","Chelsea"
"MA","cheshire","Cheshire"
"MA","chester","Chester"
"MA","chicopee","Chicopee"
"MA","clinton","Clinton"
"MA","cochituate","Cochituate"
"MA","cordaville","Cordaville"
"MA","danvers","Danvers"
"MA","dedham","Dedham"
"MA","deerfield","Deerfield"
"MA","dennis","Dennis"
"MA","dennis port","Dennis Port"
"MA","devens","Devens"
"MA","dover","Dover"
"MA","duxbury","Duxbury"
"MA","east brookfield","East Brookfield"
"MA","east dennis","East Dennis"
"MA","east douglas","East Douglas"
"MA","east falmouth","East Falmouth"
"MA","east harwich","East Harwich"
"MA","east pepperell","East Pepperell"
"MA","east sandwich","East Sandwich"
"MA","easthampton","Easthampton"
"MA","edgartown","Edgartown"
"MA","essex","Essex"
"MA","everett","Everett"
"MA","fall river","Fall River"
"MA","falmouth","Falmouth"
"MA","fiskdale","Fiskdale"
"MA","fitchburg","Fitchburg"
"MA","forestdale","Forestdale"
"MA","foxborough","Foxborough"
"MA","framingham","Framingham"
"MA","franklin town","Franklin Town"
"MA","gardner","Gardner"
"MA","gloucester","Gloucester"
"MA","granby","Granby"
"MA","great barrington","Great Barrington"
"MA","green harbor","Green Harbor"
"MA","greenfield","Greenfield"
"MA","groton","Groton"
"MA","hanscom afb","Hanscom AFB"
"MA","hanson","Hanson"
"MA","harwich center","Harwich Center"
"MA","harwich port","Harwich Port"
"MA","hatfield","Hatfield"
"MA","haverhill","Haverhill"
"MA","hingham","Hingham"
"MA","holbrook","Holbrook"
"MA","holland","Holland"
"MA","holyoke","Holyoke"
"MA","hopedale","Hopedale"
"MA","hopkinton","Hopkinton"
"MA","housatonic","Housatonic"
"MA","hudson","Hudson"
"MA","hull","Hull"
"MA","huntington","Huntington"
"MA","ipswich","Ipswich"
"MA","kingston","Kingston"
"MA","lawrence","Lawrence"
"MA","lee","Lee"
"MA","lenox","Lenox"
"MA","lenox dale","Lenox Dale"
"MA","leominster","Leominster"
"MA","lexington","Lexington"
"MA","littleton common","Littleton Common"
"MA","longmeadow","Longmeadow"
"MA","lowell","Lowell"
"MA","lunenburg","Lunenburg"
"MA","lynn","Lynn"
"MA","lynnfield","Lynnfield"
"MA","madaket","Madaket"
"MA","malden","Malden"
"MA","mansfield center","Mansfield Center"
"MA","marblehead","Marblehead"
"MA","marion center","Marion Center"
"MA","marlborough","Marlborough"
"MA","marshfield","Marshfield"
"MA","marshfield hills","Marshfield Hills"
"MA","mashpee neck","Mashpee Neck"
"MA","mattapoisett center","Mattapoisett Center"
"MA","maynard","Maynard"
"MA","medfield","Medfield"
"MA","medford","Medford"
"MA","melrose","Melrose"
"MA","methuen","Methuen"
"MA","middleborough center","Middleborough Center"
"MA","milford","Milford"
"MA","millers falls","Millers Falls"
"MA","millis-clicquot","Millis-Clicquot"
"MA","milton","Milton"
"MA","monomoscoy island","Monomoscoy Island"
"MA","monson center","Monson Center"
"MA","monument beach","Monument Beach"
"MA","nahant","Nahant"
"MA","nantucket","Nantucket"
"MA","needham","Needham"
"MA","new bedford","New Bedford"
"MA","new seabury","New Seabury"
"MA","newburyport","Newburyport"
"MA","newton","Newton"
"MA","north adams","North Adams"
"MA","north attleborough town","North Attleborough Town"
"MA","north brookfield","North Brookfield"
"MA","north eastham","North Eastham"
"MA","north falmouth","North Falmouth"
"MA","north lakeville","North Lakeville"
"MA","north pembroke","North Pembroke"
"MA","north plymouth","North Plymouth"
"MA","north scituate","North Scituate"
"MA","north seekonk","North Seekonk"
"MA","north westport","North Westport"
"MA","northampton","Northampton"
"MA","northborough","Northborough"
"MA","northfield","Northfield"
"MA","northwest harwich","Northwest Harwich"
"MA","norton center","Norton Center"
"MA","norwood","Norwood"
"MA","oak bluffs","Oak Bluffs"
"MA","ocean bluff-brant rock","Ocean Bluff-Brant Rock"
"MA","ocean grove","Ocean Grove"
"MA","onset","Onset"
"MA","orange","Orange"
"MA","orleans","Orleans"
"MA","oxford","Oxford"
"MA","palmer town","Palmer Town"
"MA","peabody","Peabody"
"MA","pepperell","Pepperell"
"MA","petersham","Petersham"
"MA","pinehurst","Pinehurst"
"MA","pittsfield","Pittsfield"
"MA","plymouth","Plymouth"
"MA","pocasset","Pocasset"
"MA","popponesset","Popponesset"
"MA","popponesset island","Popponesset Island"
"MA","provincetown","Provincetown"
"MA","quincy","Quincy"
"MA","randolph town","Randolph Town"
"MA","raynham center","Raynham Center"
"MA","reading","Reading"
"MA","revere","Revere"
"MA","rockport","Rockport"
"MA","rowley","Rowley"
"MA","russell","Russell"
"MA","rutland","Rutland"
"MA","sagamore","Sagamore"
"MA","salem","Salem"
"MA","salisbury","Salisbury"
"MA","sandwich","Sandwich"
"MA","saugus","Saugus"
"MA","scituate","Scituate"
"MA","seabrook","Seabrook"
"MA","seconsett island","Seconsett Island"
"MA","sharon","Sharon"
"MA","shelburne falls","Shelburne Falls"
"MA","shirley","Shirley"
"MA","siasconset","Siasconset"
"MA","smith mills","Smith Mills"
"MA","somerset","Somerset"
"MA","somerville","Somerville"
"MA","south ashburnham","South Ashburnham"
"MA","south deerfield","South Deerfield"
"MA","south dennis","South Dennis"
"MA","south duxbury","South Duxbury"
"MA","south lancaster","South Lancaster"
"MA","south yarmouth","South Yarmouth"
"MA","southbridge town","Southbridge Town"
"MA","spencer","Spencer"
"MA","springfield","Springfield"
"MA","stoneham","Stoneham"
"MA","sturbridge","Sturbridge"
"MA","swampscott","Swampscott"
"MA","taunton","Taunton"
"MA","teaticket","Teaticket"
"MA","the pinehills","The Pinehills"
"MA","topsfield","Topsfield"
"MA","townsend","Townsend"
"MA","turners falls","Turners Falls"
"MA","upton","Upton"
"MA","vineyard haven","Vineyard Haven"
"MA","wakefield","Wakefield"
"MA","walpole","Walpole"
"MA","waltham","Waltham"
"MA","ware","Ware"
"MA","wareham center","Wareham Center"
"MA","warren","Warren"
"MA","watertown","Watertown"
"MA","webster","Webster"
"MA","wellesley","Wellesley"
"MA","west brookfield","West Brookfield"
"MA","west chatham","West Chatham"
"MA","west concord","West Concord"
"MA","west dennis","West Dennis"
"MA","west falmouth","West Falmouth"
"MA","west springfield town","West Springfield Town"
"MA","west wareham","West Wareham"
"MA","west warren","West Warren"
"MA","west yarmouth","West Yarmouth"
"MA","westborough","Westborough"
"MA","westfield","Westfield"
"MA","weweantic","Weweantic"
"MA","weymouth town","Weymouth Town"
"MA","white island shores","White Island Shores"
"MA","whitinsville","Whitinsville"
"MA","wilbraham","Wilbraham"
"MA","williamstown","Williamstown"
"MA","wilmington","Wilmington"
"MA","winchendon","Winchendon"
"MA","winchester","Winchester"
"MA","winthrop town","Winthrop Town"
"MA","woburn","Woburn"
"MA","woods hole","Woods Hole"
"MA","worcester","Worcester"
"MA","yarmouth port","Yarmouth Port"
"MD","aberdeen","Aberdeen"
"MD","aberdeen proving ground","Aberdeen Proving Ground"
"MD","abingdon","Abingdon"
"MD","accident","Accident"
"MD","accokeek","Accokeek"
"MD","adamstown","Adamstown"
"MD","adelphi","Adelphi"
"MD","algonquin","Algonquin"
"MD","allen","Allen"
"MD","andrews afb","Andrews AFB"
"MD","annapolis","Annapolis"
"MD","annapolis neck","Annapolis Neck"
"MD","antietam","Antietam"
"MD","aquasco","Aquasco"
"MD","arbutus","Arbutus"
"MD","arden on the severn","Arden on the Severn"
"MD","arnold","Arnold"
"MD","ashton-sandy spring","Ashton-Sandy Spring"
"MD","aspen hill","Aspen Hill"
"MD","baden","Baden"
"MD","bagtown","Bagtown"
"MD","bakersville","Bakersville"
"MD","ballenger creek","Ballenger Creek"
"MD","baltimore","Baltimore"
"MD","baltimore highlands","Baltimore Highlands"
"MD","barclay","Barclay"
"MD","barnesville","Barnesville"
"MD","barrelville","Barrelville"
"MD","barton","Barton"
"MD","bartonsville","Bartonsville"
"MD","beaver creek","Beaver Creek"
"MD","bel air","Bel Air"
"MD","bel air north","Bel Air North"
"MD","bel air south","Bel Air South"
"MD","beltsville","Beltsville"
"MD","benedict","Benedict"
"MD","bensville","Bensville"
"MD","berlin","Berlin"
"MD","berwyn heights","Berwyn Heights"
"MD","bethesda","Bethesda"
"MD","betterton","Betterton"
"MD","bier","Bier"
"MD","big pool","Big Pool"
"MD","big spring","Big Spring"
"MD","bishopville","Bishopville"
"MD","bivalve","Bivalve"
"MD","bladensburg","Bladensburg"
"MD","bloomington","Bloomington"
"MD","boonsboro","Boonsboro"
"MD","bowie","Bowie"
"MD","bowleys quarters","Bowleys Quarters"
"MD","bowling green","Bowling Green"
"MD","bowmans addition","Bowmans Addition"
"MD","braddock heights","Braddock Heights"
"MD","brandywine","Brandywine"
"MD","breathedsville","Breathedsville"
"MD","brentwood","Brentwood"
"MD","brock hall","Brock Hall"
"MD","brookeville","Brookeville"
"MD","brooklyn park","Brooklyn Park"
"MD","brookmont","Brookmont"
"MD","brookview","Brookview"
"MD","broomes island","Broomes Island"
"MD","brown station","Brown Station"
"MD","brownsville","Brownsville"
"MD","brunswick","Brunswick"
"MD","bryans road","Bryans Road"
"MD","bryantown","Bryantown"
"MD","buckeystown","Buckeystown"
"MD","burkittsville","Burkittsville"
"MD","burnt mills","Burnt Mills"
"MD","burtonsville","Burtonsville"
"MD","butlertown","Butlertown"
"MD","cabin john","Cabin John"
"MD","california","California"
"MD","callaway","Callaway"
"MD","calvert beach","Calvert Beach"
"MD","calverton","Calverton"
"MD","cambridge","Cambridge"
"MD","camp springs","Camp Springs"
"MD","cape st. claire","Cape St. Claire"
"MD","capitol heights","Capitol Heights"
"MD","carlos","Carlos"
"MD","carney","Carney"
"MD","catonsville","Catonsville"
"MD","cavetown","Cavetown"
"MD","cearfoss","Cearfoss"
"MD","cecilton","Cecilton"
"MD","cedar heights","Cedar Heights"
"MD","cedarville","Cedarville"
"MD","centreville","Centreville"
"MD","chance","Chance"
"MD","charlestown","Charlestown"
"MD","charlotte hall","Charlotte Hall"
"MD","charlton","Charlton"
"MD","chesapeake beach","Chesapeake Beach"
"MD","chesapeake city","Chesapeake City"
"MD","chesapeake landing","Chesapeake Landing"
"MD","chesapeake ranch estates","Chesapeake Ranch Estates"
"MD","chester","Chester"
"MD","chestertown","Chestertown"
"MD","cheverly","Cheverly"
"MD","chevy chase","Chevy Chase"
"MD","chevy chase section five","Chevy Chase Section Five"
"MD","chevy chase section three","Chevy Chase Section Three"
"MD","chevy chase view","Chevy Chase View"
"MD","chevy chase village","Chevy Chase Village"
"MD","chewsville","Chewsville"
"MD","chillum","Chillum"
"MD","choptank","Choptank"
"MD","church creek","Church Creek"
"MD","church hill","Church Hill"
"MD","clarksburg","Clarksburg"
"MD","clarysville","Clarysville"
"MD","clear spring","Clear Spring"
"MD","clinton","Clinton"
"MD","cloverly","Cloverly"
"MD","cobb island","Cobb Island"
"MD","cockeysville","Cockeysville"
"MD","colesville","Colesville"
"MD","college park","College Park"
"MD","colmar manor","Colmar Manor"
"MD","columbia","Columbia"
"MD","coral hills","Coral Hills"
"MD","cordova","Cordova"
"MD","corriganville","Corriganville"
"MD","cottage city","Cottage City"
"MD","crellin","Crellin"
"MD","cresaptown","Cresaptown"
"MD","crisfield","Crisfield"
"MD","crofton","Crofton"
"MD","croom","Croom"
"MD","crownsville","Crownsville"
"MD","crumpton","Crumpton"
"MD","cumberland","Cumberland"
"MD","damascus","Damascus"
"MD","dames quarter","Dames Quarter"
"MD","danville","Danville"
"MD","dargan","Dargan"
"MD","darlington","Darlington"
"MD","darnestown","Darnestown"
"MD","dawson","Dawson"
"MD","deal island","Deal Island"
"MD","deale","Deale"
"MD","deer park","Deer Park"
"MD","delmar","Delmar"
"MD","denton","Denton"
"MD","derwood","Derwood"
"MD","detmold","Detmold"
"MD","district heights","District Heights"
"MD","downsville","Downsville"
"MD","drum point","Drum Point"
"MD","dundalk","Dundalk"
"MD","dunkirk","Dunkirk"
"MD","eagle harbor","Eagle Harbor"
"MD","eakles mill","Eakles Mill"
"MD","east new market","East New Market"
"MD","east riverdale","East Riverdale"
"MD","easton","Easton"
"MD","eckhart mines","Eckhart Mines"
"MD","eden","Eden"
"MD","edesville","Edesville"
"MD","edgemere","Edgemere"
"MD","edgemont","Edgemont"
"MD","edgewater","Edgewater"
"MD","edgewood","Edgewood"
"MD","edmonston","Edmonston"
"MD","eldersburg","Eldersburg"
"MD","eldorado","Eldorado"
"MD","elkridge","Elkridge"
"MD","elkton","Elkton"
"MD","ellerslie","Ellerslie"
"MD","ellicott city","Ellicott City"
"MD","elliott","Elliott"
"MD","emmitsburg","Emmitsburg"
"MD","ernstville","Ernstville"
"MD","essex","Essex"
"MD","fairland","Fairland"
"MD","fairlee","Fairlee"
"MD","fairmount","Fairmount"
"MD","fairmount heights","Fairmount Heights"
"MD","fairplay","Fairplay"
"MD","fairview","Fairview"
"MD","fairwood","Fairwood"
"MD","fallston","Fallston"
"MD","federalsburg","Federalsburg"
"MD","ferndale","Ferndale"
"MD","finzel","Finzel"
"MD","fishing creek","Fishing Creek"
"MD","flintstone","Flintstone"
"MD","flower hill","Flower Hill"
"MD","forest glen","Forest Glen"
"MD","forest heights","Forest Heights"
"MD","forestville","Forestville"
"MD","fort meade","Fort Meade"
"MD","fort ritchie","Fort Ritchie"
"MD","fort washington","Fort Washington"
"MD","fountainhead-orchard hills","Fountainhead-Orchard Hills"
"MD","four corners","Four Corners"
"MD","franklin","Franklin"
"MD","frederick","Frederick"
"MD","frenchtown-rumbly","Frenchtown-Rumbly"
"MD","friendly","Friendly"
"MD","friendship","Friendship"
"MD","friendship heights village","Friendship Heights Village"
"MD","friendsville","Friendsville"
"MD","frostburg","Frostburg"
"MD","fruitland","Fruitland"
"MD","fulton","Fulton"
"MD","funkstown","Funkstown"
"MD","gaithersburg","Gaithersburg"
"MD","galena","Galena"
"MD","galestown","Galestown"
"MD","galesville","Galesville"
"MD","gambrills","Gambrills"
"MD","gapland","Gapland"
"MD","garrett park","Garrett Park"
"MD","garretts mill","Garretts Mill"
"MD","garrison","Garrison"
"MD","georgetown","Georgetown"
"MD","germantown","Germantown"
"MD","gilmore","Gilmore"
"MD","girdletree","Girdletree"
"MD","glassmanor","Glassmanor"
"MD","glen burnie","Glen Burnie"
"MD","glen echo","Glen Echo"
"MD","glenarden","Glenarden"
"MD","glenmont","Glenmont"
"MD","glenn dale","Glenn Dale"
"MD","golden beach","Golden Beach"
"MD","goldsboro","Goldsboro"
"MD","gorman","Gorman"
"MD","graceham","Graceham"
"MD","grahamtown","Grahamtown"
"MD","grantsville","Grantsville"
"MD","grasonville","Grasonville"
"MD","green valley","Green Valley"
"MD","greenbelt","Greenbelt"
"MD","greensboro","Greensboro"
"MD","greensburg","Greensburg"
"MD","hagerstown","Hagerstown"
"MD","halfway","Halfway"
"MD","hampstead","Hampstead"
"MD","hampton","Hampton"
"MD","hancock","Hancock"
"MD","havre de grace","Havre de Grace"
"MD","hebron","Hebron"
"MD","henderson","Henderson"
"MD","herald harbor","Herald Harbor"
"MD","highfield-cascade","Highfield-Cascade"
"MD","highland","Highland"
"MD","highland beach","Highland Beach"
"MD","hillandale","Hillandale"
"MD","hillcrest heights","Hillcrest Heights"
"MD","hillsboro","Hillsboro"
"MD","honeygo","Honeygo"
"MD","hughesville","Hughesville"
"MD","huntingtown","Huntingtown"
"MD","hurlock","Hurlock"
"MD","hutton","Hutton"
"MD","hyattsville","Hyattsville"
"MD","ilchester","Ilchester"
"MD","indian head","Indian Head"
"MD","indian springs","Indian Springs"
"MD","jarrettsville","Jarrettsville"
"MD","jefferson","Jefferson"
"MD","jennings","Jennings"
"MD","jessup","Jessup"
"MD","jesterville","Jesterville"
"MD","joppatowne","Joppatowne"
"MD","jugtown","Jugtown"
"MD","keedysville","Keedysville"
"MD","kemp mill","Kemp Mill"
"MD","kemps mill","Kemps Mill"
"MD","kennedyville","Kennedyville"
"MD","kensington","Kensington"
"MD","kent narrows","Kent Narrows"
"MD","kettering","Kettering"
"MD","kingstown","Kingstown"
"MD","kingsville","Kingsville"
"MD","kitzmiller","Kitzmiller"
"MD","klondike","Klondike"
"MD","konterra","Konterra"
"MD","la plata","La Plata"
"MD","la vale","La Vale"
"MD","lake arbor","Lake Arbor"
"MD","lake shore","Lake Shore"
"MD","landover","Landover"
"MD","landover hills","Landover Hills"
"MD","langley park","Langley Park"
"MD","lanham","Lanham"
"MD","lansdowne","Lansdowne"
"MD","largo","Largo"
"MD","laurel","Laurel"
"MD","layhill","Layhill"
"MD","laytonsville","Laytonsville"
"MD","leisure world","Leisure World"
"MD","leitersburg","Leitersburg"
"MD","leonardtown","Leonardtown"
"MD","lewistown","Lewistown"
"MD","lexington park","Lexington Park"
"MD","libertytown","Libertytown"
"MD","linganore","Linganore"
"MD","linthicum","Linthicum"
"MD","lisbon","Lisbon"
"MD","little orleans","Little Orleans"
"MD","loch lynn heights","Loch Lynn Heights"
"MD","lochearn","Lochearn"
"MD","lonaconing","Lonaconing"
"MD","long beach","Long Beach"
"MD","luke","Luke"
"MD","lusby","Lusby"
"MD","lutherville","Lutherville"
"MD","madison","Madison"
"MD","manchester","Manchester"
"MD","mapleville","Mapleville"
"MD","mardela springs","Mardela Springs"
"MD","marlboro meadows","Marlboro Meadows"
"MD","marlboro village","Marlboro Village"
"MD","marlow heights","Marlow Heights"
"MD","marlton","Marlton"
"MD","martin's additions","Martin's Additions"
"MD","marydel","Marydel"
"MD","maryland city","Maryland City"
"MD","maryland park","Maryland Park"
"MD","maugansville","Maugansville"
"MD","mayo","Mayo"
"MD","mays chapel","Mays Chapel"
"MD","mccoole","McCoole"
"MD","mechanicsville","Mechanicsville"
"MD","melwood","Melwood"
"MD","mercersville","Mercersville"
"MD","middle river","Middle River"
"MD","middleburg","Middleburg"
"MD","middletown","Middletown"
"MD","midland","Midland"
"MD","midlothian","Midlothian"
"MD","milford mill","Milford Mill"
"MD","millington","Millington"
"MD","mitchellville","Mitchellville"
"MD","monrovia","Monrovia"
"MD","montgomery village","Montgomery Village"
"MD","morningside","Morningside"
"MD","moscow","Moscow"
"MD","mount aetna","Mount Aetna"
"MD","mount airy","Mount Airy"
"MD","mount briar","Mount Briar"
"MD","mount lena","Mount Lena"
"MD","mount rainier","Mount Rainier"
"MD","mount savage","Mount Savage"
"MD","mount vernon","Mount Vernon"
"MD","mountain lake park","Mountain Lake Park"
"MD","myersville","Myersville"
"MD","nanticoke","Nanticoke"
"MD","nanticoke acres","Nanticoke Acres"
"MD","national","National"
"MD","national harbor","National Harbor"
"MD","naval academy","Naval Academy"
"MD","new carrollton","New Carrollton"
"MD","new market","New Market"
"MD","new windsor","New Windsor"
"MD","newark","Newark"
"MD","nikep","Nikep"
"MD","north beach","North Beach"
"MD","north bethesda","North Bethesda"
"MD","north brentwood","North Brentwood"
"MD","north chevy chase","North Chevy Chase"
"MD","north east","North East"
"MD","north kensington","North Kensington"
"MD","north laurel","North Laurel"
"MD","north potomac","North Potomac"
"MD","oakland","Oakland"
"MD","ocean","Ocean"
"MD","ocean city","Ocean City"
"MD","ocean pines","Ocean Pines"
"MD","odenton","Odenton"
"MD","oldtown","Oldtown"
"MD","olney","Olney"
"MD","overlea","Overlea"
"MD","owings","Owings"
"MD","owings mills","Owings Mills"
"MD","oxford","Oxford"
"MD","oxon hill","Oxon Hill"
"MD","paramount-long meadow","Paramount-Long Meadow"
"MD","parkville","Parkville"
"MD","parole","Parole"
"MD","parsonsburg","Parsonsburg"
"MD","pasadena","Pasadena"
"MD","pecktonville","Pecktonville"
"MD","peppermill village","Peppermill Village"
"MD","perry hall","Perry Hall"
"MD","perryman","Perryman"
"MD","perryville","Perryville"
"MD","pikesville","Pikesville"
"MD","pinesburg","Pinesburg"
"MD","piney point","Piney Point"
"MD","pittsville","Pittsville"
"MD","pleasant grove","Pleasant Grove"
"MD","pleasant hills","Pleasant Hills"
"MD","pocomoke city","Pocomoke City"
"MD","point of rocks","Point of Rocks"
"MD","pomfret","Pomfret"
"MD","pondsville","Pondsville"
"MD","poolesville","Poolesville"
"MD","port deposit","Port Deposit"
"MD","port tobacco village","Port Tobacco Village"
"MD","potomac","Potomac"
"MD","potomac heights","Potomac Heights"
"MD","potomac park","Potomac Park"
"MD","powellville","Powellville"
"MD","preston","Preston"
"MD","prince frederick","Prince Frederick"
"MD","princess anne","Princess Anne"
"MD","pylesville","Pylesville"
"MD","quantico","Quantico"
"MD","queen anne","Queen Anne"
"MD","queensland","Queensland"
"MD","queenstown","Queenstown"
"MD","randallstown","Randallstown"
"MD","rawlings","Rawlings"
"MD","redland","Redland"
"MD","reid","Reid"
"MD","reisterstown","Reisterstown"
"MD","ridgely","Ridgely"
"MD","ringgold","Ringgold"
"MD","rising sun","Rising Sun"
"MD","riva","Riva"
"MD","riverdale park","Riverdale Park"
"MD","riverside","Riverside"
"MD","riviera beach","Riviera Beach"
"MD","robinwood","Robinwood"
"MD","rock hall","Rock Hall"
"MD","rock point","Rock Point"
"MD","rockville","Rockville"
"MD","rohrersville","Rohrersville"
"MD","romancoke","Romancoke"
"MD","rosaryville","Rosaryville"
"MD","rosedale","Rosedale"
"MD","rosemont","Rosemont"
"MD","rossville","Rossville"
"MD","sabillasville","Sabillasville"
"MD","salisbury","Salisbury"
"MD","san mar","San Mar"
"MD","sandy hook","Sandy Hook"
"MD","savage","Savage"
"MD","scaggsville","Scaggsville"
"MD","seabrook","Seabrook"
"MD","seat pleasant","Seat Pleasant"
"MD","secretary","Secretary"
"MD","severn","Severn"
"MD","severna park","Severna Park"
"MD","shady side","Shady Side"
"MD","shaft","Shaft"
"MD","sharpsburg","Sharpsburg"
"MD","sharptown","Sharptown"
"MD","silver hill","Silver Hill"
"MD","silver spring","Silver Spring"
"MD","smith island","Smith Island"
"MD","smithsburg","Smithsburg"
"MD","snow hill","Snow Hill"
"MD","solomons","Solomons"
"MD","somerset","Somerset"
"MD","south kensington","South Kensington"
"MD","south laurel","South Laurel"
"MD","spencerville","Spencerville"
"MD","spring gap","Spring Gap"
"MD","spring ridge","Spring Ridge"
"MD","springdale","Springdale"
"MD","st. george island","St. George Island"
"MD","st. james","St. James"
"MD","st. leonard","St. Leonard"
"MD","st. michaels","St. Michaels"
"MD","stevensville","Stevensville"
"MD","still pond","Still Pond"
"MD","stockton","Stockton"
"MD","sudlersville","Sudlersville"
"MD","suitland","Suitland"
"MD","summerfield","Summerfield"
"MD","swanton","Swanton"
"MD","sykesville","Sykesville"
"MD","takoma park","Takoma Park"
"MD","tall timbers","Tall Timbers"
"MD","taneytown","Taneytown"
"MD","taylors island","Taylors Island"
"MD","temple hills","Temple Hills"
"MD","templeville","Templeville"
"MD","ten mile creek","Ten Mile Creek"
"MD","thurmont","Thurmont"
"MD","tilghman island","Tilghman Island"
"MD","tilghmanton","Tilghmanton"
"MD","timonium","Timonium"
"MD","tolchester","Tolchester"
"MD","towson","Towson"
"MD","trappe","Trappe"
"MD","travilah","Travilah"
"MD","trego-rohrersville station","Trego-Rohrersville Station"
"MD","tyaskin","Tyaskin"
"MD","union bridge","Union Bridge"
"MD","university park","University Park"
"MD","upper marlboro","Upper Marlboro"
"MD","urbana","Urbana"
"MD","vale summit","Vale Summit"
"MD","vienna","Vienna"
"MD","waldorf","Waldorf"
"MD","walker mill","Walker Mill"
"MD","walkersville","Walkersville"
"MD","washington grove","Washington Grove"
"MD","waterview","Waterview"
"MD","west denton","West Denton"
"MD","west laurel","West Laurel"
"MD","west ocean city","West Ocean City"
"MD","west pocomoke","West Pocomoke"
"MD","westernport","Westernport"
"MD","westminster","Westminster"
"MD","westphalia","Westphalia"
"MD","whaleyville","Whaleyville"
"MD","wheaton","Wheaton"
"MD","white marsh","White Marsh"
"MD","white oak","White Oak"
"MD","whitehaven","Whitehaven"
"MD","wildewood","Wildewood"
"MD","willards","Willards"
"MD","williamsport","Williamsport"
"MD","williston","Williston"
"MD","wilson-conococheague","Wilson-Conococheague"
"MD","woodland","Woodland"
"MD","woodlawn","Woodlawn"
"MD","woodmore","Woodmore"
"MD","woodsboro","Woodsboro"
"MD","worton","Worton"
"MD","yarrowsburg","Yarrowsburg"
"MD","zihlman","Zihlman"
"ME","alfred","Alfred"
"ME","anson","Anson"
"ME","ashland","Ashland"
"ME","auburn","Auburn"
"ME","augusta","Augusta"
"ME","bangor","Bangor"
"ME","bar harbor","Bar Harbor"
"ME","bath","Bath"
"ME","belfast","Belfast"
"ME","berwick","Berwick"
"ME","bethel","Bethel"
"ME","biddeford","Biddeford"
"ME","bingham","Bingham"
"ME","blaine","Blaine"
"ME","blue hill","Blue Hill"
"ME","boothbay harbor","Boothbay Harbor"
"ME","bowdoinham","Bowdoinham"
"ME","bradley","Bradley"
"ME","brewer","Brewer"
"ME","bridgton","Bridgton"
"ME","brownville junction","Brownville Junction"
"ME","brunswick","Brunswick"
"ME","bucksport","Bucksport"
"ME","calais","Calais"
"ME","camden","Camden"
"ME","cape neddick","Cape Neddick"
"ME","caribou","Caribou"
"ME","casco","Casco"
"ME","castine","Castine"
"ME","chisholm","Chisholm"
"ME","clinton","Clinton"
"ME","corinna","Corinna"
"ME","cornish","Cornish"
"ME","cousins island","Cousins Island"
"ME","cumberland center","Cumberland Center"
"ME","damariscotta","Damariscotta"
"ME","danforth","Danforth"
"ME","dexter","Dexter"
"ME","dixfield","Dixfield"
"ME","dover-foxcroft","Dover-Foxcroft"
"ME","dunstan","Dunstan"
"ME","eagle lake","Eagle Lake"
"ME","east millinocket","East Millinocket"
"ME","eastport","Eastport"
"ME","ellsworth","Ellsworth"
"ME","fairfield","Fairfield"
"ME","falmouth","Falmouth"
"ME","falmouth foreside","Falmouth Foreside"
"ME","farmingdale","Farmingdale"
"ME","farmington","Farmington"
"ME","fort fairfield","Fort Fairfield"
"ME","fort kent","Fort Kent"
"ME","freeport","Freeport"
"ME","fryeburg","Fryeburg"
"ME","gardiner","Gardiner"
"ME","gorham","Gorham"
"ME","grand isle","Grand Isle"
"ME","gray","Gray"
"ME","greene","Greene"
"ME","greenville","Greenville"
"ME","guilford","Guilford"
"ME","hallowell","Hallowell"
"ME","hampden","Hampden"
"ME","hartland","Hartland"
"ME","houlton","Houlton"
"ME","howland","Howland"
"ME","island falls","Island Falls"
"ME","jonesport","Jonesport"
"ME","kennebunk","Kennebunk"
"ME","kennebunkport","Kennebunkport"
"ME","kezar falls","Kezar Falls"
"ME","kingfield","Kingfield"
"ME","kittery","Kittery"
"ME","kittery point","Kittery Point"
"ME","lake arrowhead","Lake Arrowhead"
"ME","lewiston","Lewiston"
"ME","limestone","Limestone"
"ME","lincoln","Lincoln"
"ME","lisbon","Lisbon"
"ME","lisbon falls","Lisbon Falls"
"ME","little falls","Little Falls"
"ME","littlejohn island","Littlejohn Island"
"ME","livermore falls","Livermore Falls"
"ME","lubec","Lubec"
"ME","machias","Machias"
"ME","madawaska","Madawaska"
"ME","madison","Madison"
"ME","mapleton","Mapleton"
"ME","mars hill","Mars Hill"
"ME","mattawamkeag","Mattawamkeag"
"ME","mechanic falls","Mechanic Falls"
"ME","mexico","Mexico"
"ME","milbridge","Milbridge"
"ME","milford","Milford"
"ME","millinocket","Millinocket"
"ME","milo","Milo"
"ME","naples","Naples"
"ME","newcastle","Newcastle"
"ME","newport","Newport"
"ME","norridgewock","Norridgewock"
"ME","north anson","North Anson"
"ME","north berwick","North Berwick"
"ME","north windham","North Windham"
"ME","northeast harbor","Northeast Harbor"
"ME","norway","Norway"
"ME","oak hill","Oak Hill"
"ME","oakfield","Oakfield"
"ME","oakland","Oakland"
"ME","old orchard beach","Old Orchard Beach"
"ME","old town","Old Town"
"ME","orono","Orono"
"ME","oxford","Oxford"
"ME","patten","Patten"
"ME","pittsfield","Pittsfield"
"ME","portland","Portland"
"ME","presque isle","Presque Isle"
"ME","randolph","Randolph"
"ME","rangeley","Rangeley"
"ME","richmond","Richmond"
"ME","rockland","Rockland"
"ME","rumford","Rumford"
"ME","sabattus","Sabattus"
"ME","saco","Saco"
"ME","sanford","Sanford"
"ME","searsport","Searsport"
"ME","skowhegan","Skowhegan"
"ME","south berwick","South Berwick"
"ME","south eliot","South Eliot"
"ME","south paris","South Paris"
"ME","south portland","South Portland"
"ME","south windham","South Windham"
"ME","southwest harbor","Southwest Harbor"
"ME","standish","Standish"
"ME","steep falls","Steep Falls"
"ME","thomaston","Thomaston"
"ME","topsham","Topsham"
"ME","turner","Turner"
"ME","unity","Unity"
"ME","van buren","Van Buren"
"ME","vanceboro","Vanceboro"
"ME","veazie","Veazie"
"ME","waldoboro","Waldoboro"
"ME","washburn","Washburn"
"ME","waterville","Waterville"
"ME","west kennebunk","West Kennebunk"
"ME","westbrook","Westbrook"
"ME","wilton","Wilton"
"ME","winslow","Winslow"
"ME","winter harbor","Winter Harbor"
"ME","winterport","Winterport"
"ME","winthrop","Winthrop"
"ME","wiscasset","Wiscasset"
"ME","woodland","Woodland"
"ME","yarmouth","Yarmouth"
"ME","york harbor","York Harbor"
"MI","addison","Addison"
"MI","adrian","Adrian"
"MI","advance","Advance"
"MI","ahmeek","Ahmeek"
"MI","akron","Akron"
"MI","alanson","Alanson"
"MI","alba","Alba"
"MI","albion","Albion"
"MI","alden","Alden"
"MI","algonac","Algonac"
"MI","allegan","Allegan"
"MI","allen","Allen"
"MI","allen park","Allen Park"
"MI","allendale","Allendale"
"MI","alma","Alma"
"MI","almont","Almont"
"MI","alpena","Alpena"
"MI","alpha","Alpha"
"MI","amasa","Amasa"
"MI","ann arbor","Ann Arbor"
"MI","applegate","Applegate"
"MI","arcadia","Arcadia"
"MI","argentine","Argentine"
"MI","armada","Armada"
"MI","ashley","Ashley"
"MI","athens","Athens"
"MI","atlanta","Atlanta"
"MI","atlantic mine","Atlantic Mine"
"MI","attica","Attica"
"MI","au gres","Au Gres"
"MI","au sable","Au Sable"
"MI","auburn","Auburn"
"MI","auburn hills","Auburn Hills"
"MI","augusta","Augusta"
"MI","bad axe","Bad Axe"
"MI","baldwin","Baldwin"
"MI","bancroft","Bancroft"
"MI","bangor","Bangor"
"MI","baraga","Baraga"
"MI","barnes lake","Barnes Lake"
"MI","baroda","Baroda"
"MI","barryton","Barryton"
"MI","barton hills","Barton Hills"
"MI","bath","Bath"
"MI","battle creek","Battle Creek"
"MI","bay city","Bay City"
"MI","bay port","Bay Port"
"MI","bay shore","Bay Shore"
"MI","bay view","Bay View"
"MI","beal city","Beal City"
"MI","bear lake","Bear Lake"
"MI","beaverton","Beaverton"
"MI","beecher","Beecher"
"MI","beechwood","Beechwood"
"MI","belding","Belding"
"MI","bellaire","Bellaire"
"MI","belleville","Belleville"
"MI","bellevue","Bellevue"
"MI","bendon","Bendon"
"MI","benton harbor","Benton Harbor"
"MI","benton heights","Benton Heights"
"MI","benzonia","Benzonia"
"MI","bergland","Bergland"
"MI","berkley","Berkley"
"MI","berrien springs","Berrien Springs"
"MI","bessemer","Bessemer"
"MI","beulah","Beulah"
"MI","beverly hills","Beverly Hills"
"MI","big bay","Big Bay"
"MI","big rapids","Big Rapids"
"MI","bingham farms","Bingham Farms"
"MI","birch run","Birch Run"
"MI","birmingham","Birmingham"
"MI","blissfield","Blissfield"
"MI","bloomfield hills","Bloomfield Hills"
"MI","bloomingdale","Bloomingdale"
"MI","boon","Boon"
"MI","boyne city","Boyne City"
"MI","boyne falls","Boyne Falls"
"MI","breckenridge","Breckenridge"
"MI","breedsville","Breedsville"
"MI","brethren","Brethren"
"MI","bridgeport","Bridgeport"
"MI","bridgman","Bridgman"
"MI","brighton","Brighton"
"MI","brimley","Brimley"
"MI","britton","Britton"
"MI","bronson","Bronson"
"MI","brooklyn","Brooklyn"
"MI","brown city","Brown City"
"MI","brownlee park","Brownlee Park"
"MI","bruce crossing","Bruce Crossing"
"MI","brutus","Brutus"
"MI","buchanan","Buchanan"
"MI","buckley","Buckley"
"MI","buena vista","Buena Vista"
"MI","burlington","Burlington"
"MI","burr oak","Burr Oak"
"MI","burt","Burt"
"MI","burton","Burton"
"MI","byron","Byron"
"MI","byron center","Byron Center"
"MI","caberfae","Caberfae"
"MI","cadillac","Cadillac"
"MI","caledonia","Caledonia"
"MI","calumet","Calumet"
"MI","cambria","Cambria"
"MI","camden","Camden"
"MI","canada creek ranch","Canada Creek Ranch"
"MI","canadian lakes","Canadian Lakes"
"MI","cannonsburg","Cannonsburg"
"MI","capac","Capac"
"MI","carleton","Carleton"
"MI","carney","Carney"
"MI","caro","Caro"
"MI","carp lake","Carp Lake"
"MI","carson city","Carson City"
"MI","carsonville","Carsonville"
"MI","caseville","Caseville"
"MI","casnovia","Casnovia"
"MI","caspian","Caspian"
"MI","cass city","Cass City"
"MI","cassopolis","Cassopolis"
"MI","cedar","Cedar"
"MI","cedar springs","Cedar Springs"
"MI","cement city","Cement City"
"MI","center line","Center Line"
"MI","central lake","Central Lake"
"MI","centreville","Centreville"
"MI","charlevoix","Charlevoix"
"MI","charlotte","Charlotte"
"MI","chassell","Chassell"
"MI","chatham","Chatham"
"MI","cheboygan","Cheboygan"
"MI","chelsea","Chelsea"
"MI","chesaning","Chesaning"
"MI","chums corner","Chums Corner"
"MI","clare","Clare"
"MI","clarksville","Clarksville"
"MI","clawson","Clawson"
"MI","clayton","Clayton"
"MI","clifford","Clifford"
"MI","climax","Climax"
"MI","clinton","Clinton"
"MI","clio","Clio"
"MI","coldwater","Coldwater"
"MI","coleman","Coleman"
"MI","coloma","Coloma"
"MI","colon","Colon"
"MI","columbiaville","Columbiaville"
"MI","comstock northwest","Comstock Northwest"
"MI","comstock park","Comstock Park"
"MI","concord","Concord"
"MI","constantine","Constantine"
"MI","conway","Conway"
"MI","coopersville","Coopersville"
"MI","copemish","Copemish"
"MI","copper city","Copper City"
"MI","copper harbor","Copper Harbor"
"MI","corunna","Corunna"
"MI","covington","Covington"
"MI","cross village","Cross Village"
"MI","croswell","Croswell"
"MI","crystal","Crystal"
"MI","crystal downs country club","Crystal Downs Country Club"
"MI","crystal falls","Crystal Falls"
"MI","crystal mountain","Crystal Mountain"
"MI","custer","Custer"
"MI","cutlerville","Cutlerville"
"MI","daggett","Daggett"
"MI","dansville","Dansville"
"MI","davison","Davison"
"MI","de tour village","De Tour Village"
"MI","dearborn","Dearborn"
"MI","dearborn heights","Dearborn Heights"
"MI","decatur","Decatur"
"MI","deckerville","Deckerville"
"MI","deerfield","Deerfield"
"MI","delton","Delton"
"MI","detroit","Detroit"
"MI","detroit beach","Detroit Beach"
"MI","dewitt","DeWitt"
"MI","dexter","Dexter"
"MI","dimondale","Dimondale"
"MI","dodgeville","Dodgeville"
"MI","dollar bay","Dollar Bay"
"MI","dorr","Dorr"
"MI","douglas","Douglas"
"MI","dowagiac","Dowagiac"
"MI","dowling","Dowling"
"MI","dryden","Dryden"
"MI","dundee","Dundee"
"MI","durand","Durand"
"MI","eagle","Eagle"
"MI","eagle harbor","Eagle Harbor"
"MI","eagle river","Eagle River"
"MI","east grand rapids","East Grand Rapids"
"MI","east jordan","East Jordan"
"MI","east lansing","East Lansing"
"MI","east tawas","East Tawas"
"MI","eastlake","Eastlake"
"MI","eastpointe","Eastpointe"
"MI","eastport","Eastport"
"MI","eastwood","Eastwood"
"MI","eaton rapids","Eaton Rapids"
"MI","eau claire","Eau Claire"
"MI","ecorse","Ecorse"
"MI","edgemont park","Edgemont Park"
"MI","edmore","Edmore"
"MI","edwardsburg","Edwardsburg"
"MI","elberta","Elberta"
"MI","elk rapids","Elk Rapids"
"MI","elkton","Elkton"
"MI","ellsworth","Ellsworth"
"MI","elm hall","Elm Hall"
"MI","elsie","Elsie"
"MI","emmett","Emmett"
"MI","empire","Empire"
"MI","escanaba","Escanaba"
"MI","essexville","Essexville"
"MI","estral beach","Estral Beach"
"MI","eureka","Eureka"
"MI","evart","Evart"
"MI","ewen","Ewen"
"MI","fair plain","Fair Plain"
"MI","fairgrove","Fairgrove"
"MI","falmouth","Falmouth"
"MI","farmington","Farmington"
"MI","farmington hills","Farmington Hills"
"MI","farwell","Farwell"
"MI","fennville","Fennville"
"MI","fenton","Fenton"
"MI","ferndale","Ferndale"
"MI","ferrysburg","Ferrysburg"
"MI","fife lake","Fife Lake"
"MI","filer city","Filer City"
"MI","flat rock","Flat Rock"
"MI","flint","Flint"
"MI","flushing","Flushing"
"MI","forest hills","Forest Hills"
"MI","forestville","Forestville"
"MI","fostoria","Fostoria"
"MI","fountain","Fountain"
"MI","fowler","Fowler"
"MI","fowlerville","Fowlerville"
"MI","frankenmuth","Frankenmuth"
"MI","frankfort","Frankfort"
"MI","franklin","Franklin"
"MI","fraser","Fraser"
"MI","free soil","Free Soil"
"MI","freeland","Freeland"
"MI","freeport","Freeport"
"MI","fremont","Fremont"
"MI","fruitport","Fruitport"
"MI","fulton","Fulton"
"MI","gaastra","Gaastra"
"MI","gagetown","Gagetown"
"MI","gaines","Gaines"
"MI","galesburg","Galesburg"
"MI","galien","Galien"
"MI","garden","Garden"
"MI","garden city","Garden City"
"MI","gaylord","Gaylord"
"MI","gibraltar","Gibraltar"
"MI","gladstone","Gladstone"
"MI","gladwin","Gladwin"
"MI","glen arbor","Glen Arbor"
"MI","gobles","Gobles"
"MI","goodrich","Goodrich"
"MI","grand beach","Grand Beach"
"MI","grand blanc","Grand Blanc"
"MI","grand haven","Grand Haven"
"MI","grand ledge","Grand Ledge"
"MI","grand marais","Grand Marais"
"MI","grand rapids","Grand Rapids"
"MI","grandville","Grandville"
"MI","grant","Grant"
"MI","grass lake","Grass Lake"
"MI","grawn","Grawn"
"MI","grayling","Grayling"
"MI","greenland","Greenland"
"MI","greenville","Greenville"
"MI","greilickville","Greilickville"
"MI","grosse pointe","Grosse Pointe"
"MI","grosse pointe farms","Grosse Pointe Farms"
"MI","grosse pointe park","Grosse Pointe Park"
"MI","grosse pointe woods","Grosse Pointe Woods"
"MI","gwinn","Gwinn"
"MI","hamtramck","Hamtramck"
"MI","hancock","Hancock"
"MI","hanover","Hanover"
"MI","harbor beach","Harbor Beach"
"MI","harbor springs","Harbor Springs"
"MI","hardwood acres","Hardwood Acres"
"MI","haring","Haring"
"MI","harper woods","Harper Woods"
"MI","harrietta","Harrietta"
"MI","harrison","Harrison"
"MI","harrisville","Harrisville"
"MI","hart","Hart"
"MI","hartford","Hartford"
"MI","hartland","Hartland"
"MI","harvey","Harvey"
"MI","haslett","Haslett"
"MI","hastings","Hastings"
"MI","hazel park","Hazel Park"
"MI","hemlock","Hemlock"
"MI","henderson","Henderson"
"MI","hermansville","Hermansville"
"MI","hersey","Hersey"
"MI","hesperia","Hesperia"
"MI","hickory corners","Hickory Corners"
"MI","highland park","Highland Park"
"MI","hillman","Hillman"
"MI","hillsdale","Hillsdale"
"MI","holland","Holland"
"MI","holly","Holly"
"MI","holt","Holt"
"MI","homer","Homer"
"MI","honor","Honor"
"MI","hopkins","Hopkins"
"MI","horton bay","Horton Bay"
"MI","houghton","Houghton"
"MI","houghton lake","Houghton Lake"
"MI","howard city","Howard City"
"MI","howell","Howell"
"MI","hubbard lake","Hubbard Lake"
"MI","hubbardston","Hubbardston"
"MI","hubbell","Hubbell"
"MI","hudson","Hudson"
"MI","hudsonville","Hudsonville"
"MI","huntington woods","Huntington Woods"
"MI","hurontown","Hurontown"
"MI","ida","Ida"
"MI","imlay city","Imlay City"
"MI","indian river","Indian River"
"MI","inkster","Inkster"
"MI","interlochen","Interlochen"
"MI","ionia","Ionia"
"MI","iron mountain","Iron Mountain"
"MI","iron river","Iron River"
"MI","ironton","Ironton"
"MI","ironwood","Ironwood"
"MI","ishpeming","Ishpeming"
"MI","ithaca","Ithaca"
"MI","jackson","Jackson"
"MI","jasper","Jasper"
"MI","jenison","Jenison"
"MI","jennings","Jennings"
"MI","jonesville","Jonesville"
"MI","k. i. sawyer","K. I. Sawyer"
"MI","kalamazoo","Kalamazoo"
"MI","kaleva","Kaleva"
"MI","kalkaska","Kalkaska"
"MI","keego harbor","Keego Harbor"
"MI","kent city","Kent City"
"MI","kentwood","Kentwood"
"MI","kincheloe","Kincheloe"
"MI","kinde","Kinde"
"MI","kingsford","Kingsford"
"MI","kingsley","Kingsley"
"MI","kingston","Kingston"
"MI","laingsburg","Laingsburg"
"MI","lake angelus","Lake Angelus"
"MI","lake ann","Lake Ann"
"MI","lake city","Lake City"
"MI","lake fenton","Lake Fenton"
"MI","lake gogebic","Lake Gogebic"
"MI","lake isabella","Lake Isabella"
"MI","lake leann","Lake LeAnn"
"MI","lake leelanau","Lake Leelanau"
"MI","lake linden","Lake Linden"
"MI","lake michigan beach","Lake Michigan Beach"
"MI","lake odessa","Lake Odessa"
"MI","lake orion","Lake Orion"
"MI","lake victoria","Lake Victoria"
"MI","lakeport","Lakeport"
"MI","lakes of the north","Lakes of the North"
"MI","lakeview","Lakeview"
"MI","lakewood club","Lakewood Club"
"MI","lambertville","Lambertville"
"MI","lamont","Lamont"
"MI","l'anse","L'Anse"
"MI","lansing","Lansing"
"MI","lapeer","Lapeer"
"MI","lathrup village","Lathrup Village"
"MI","laurium","Laurium"
"MI","lawrence","Lawrence"
"MI","lawton","Lawton"
"MI","le roy","Le Roy"
"MI","leland","Leland"
"MI","lennon","Lennon"
"MI","leonard","Leonard"
"MI","leslie","Leslie"
"MI","level park-oak park","Level Park-Oak Park"
"MI","levering","Levering"
"MI","lewiston","Lewiston"
"MI","lexington","Lexington"
"MI","lincoln","Lincoln"
"MI","lincoln park","Lincoln Park"
"MI","linden","Linden"
"MI","litchfield","Litchfield"
"MI","livonia","Livonia"
"MI","loomis","Loomis"
"MI","lost lake woods","Lost Lake Woods"
"MI","lowell","Lowell"
"MI","ludington","Ludington"
"MI","luna pier","Luna Pier"
"MI","lupton","Lupton"
"MI","luther","Luther"
"MI","lyons","Lyons"
"MI","mackinac island","Mackinac Island"
"MI","mackinaw city","Mackinaw City"
"MI","madison heights","Madison Heights"
"MI","mancelona","Mancelona"
"MI","manchester","Manchester"
"MI","manistee","Manistee"
"MI","manistee lake","Manistee Lake"
"MI","manistique","Manistique"
"MI","manitou beach-devils lake","Manitou Beach-Devils Lake"
"MI","manton","Manton"
"MI","maple city","Maple City"
"MI","maple grove","Maple Grove"
"MI","maple rapids","Maple Rapids"
"MI","marcellus","Marcellus"
"MI","marenisco","Marenisco"
"MI","marine city","Marine City"
"MI","marion","Marion"
"MI","marlette","Marlette"
"MI","marquette","Marquette"
"MI","marshall","Marshall"
"MI","martin","Martin"
"MI","marysville","Marysville"
"MI","mason","Mason"
"MI","mass city","Mass City"
"MI","mattawan","Mattawan"
"MI","maybee","Maybee"
"MI","mayville","Mayville"
"MI","mcbain","McBain"
"MI","mcbride","McBride"
"MI","mears","Mears"
"MI","mecosta","Mecosta"
"MI","melvin","Melvin"
"MI","melvindale","Melvindale"
"MI","memphis","Memphis"
"MI","mendon","Mendon"
"MI","menominee","Menominee"
"MI","merrill","Merrill"
"MI","mesick","Mesick"
"MI","metamora","Metamora"
"MI","michiana","Michiana"
"MI","michigamme","Michigamme"
"MI","michigan center","Michigan Center"
"MI","middletown","Middletown"
"MI","middleville","Middleville"
"MI","midland","Midland"
"MI","milan","Milan"
"MI","milford","Milford"
"MI","millburg","Millburg"
"MI","millers lake","Millers Lake"
"MI","millersburg","Millersburg"
"MI","millington","Millington"
"MI","minden city","Minden City"
"MI","mio","Mio"
"MI","mohawk","Mohawk"
"MI","monroe","Monroe"
"MI","montague","Montague"
"MI","montgomery","Montgomery"
"MI","montrose","Montrose"
"MI","morenci","Morenci"
"MI","morley","Morley"
"MI","morrice","Morrice"
"MI","mount clemens","Mount Clemens"
"MI","mount morris","Mount Morris"
"MI","mount pleasant","Mount Pleasant"
"MI","muir","Muir"
"MI","mulliken","Mulliken"
"MI","munising","Munising"
"MI","muskegon","Muskegon"
"MI","muskegon heights","Muskegon Heights"
"MI","napoleon","Napoleon"
"MI","nashville","Nashville"
"MI","naubinway","Naubinway"
"MI","negaunee","Negaunee"
"MI","nessen city","Nessen City"
"MI","new baltimore","New Baltimore"
"MI","new buffalo","New Buffalo"
"MI","new era","New Era"
"MI","new haven","New Haven"
"MI","new lothrop","New Lothrop"
"MI","new troy","New Troy"
"MI","newaygo","Newaygo"
"MI","newberry","Newberry"
"MI","niles","Niles"
"MI","north adams","North Adams"
"MI","north branch","North Branch"
"MI","north muskegon","North Muskegon"
"MI","northport","Northport"
"MI","northview","Northview"
"MI","northville","Northville"
"MI","norton shores","Norton Shores"
"MI","norway","Norway"
"MI","norwood","Norwood"
"MI","novi","Novi"
"MI","nunica","Nunica"
"MI","oak hill","Oak Hill"
"MI","oak park","Oak Park"
"MI","oakley","Oakley"
"MI","oden","Oden"
"MI","okemos","Okemos"
"MI","olivet","Olivet"
"MI","omena","Omena"
"MI","omer","Omer"
"MI","onaway","Onaway"
"MI","onekama","Onekama"
"MI","onsted","Onsted"
"MI","ontonagon","Ontonagon"
"MI","orchard lake village","Orchard Lake Village"
"MI","ortonville","Ortonville"
"MI","oscoda","Oscoda"
"MI","ossineke","Ossineke"
"MI","otisville","Otisville"
"MI","otsego","Otsego"
"MI","otter lake","Otter Lake"
"MI","ovid","Ovid"
"MI","owendale","Owendale"
"MI","owosso","Owosso"
"MI","oxford","Oxford"
"MI","painesdale","Painesdale"
"MI","palmer","Palmer"
"MI","palo","Palo"
"MI","parchment","Parchment"
"MI","paris","Paris"
"MI","parkdale","Parkdale"
"MI","parma","Parma"
"MI","paw paw","Paw Paw"
"MI","paw paw lake","Paw Paw Lake"
"MI","pearl beach","Pearl Beach"
"MI","peck","Peck"
"MI","pelkie","Pelkie"
"MI","pellston","Pellston"
"MI","pentwater","Pentwater"
"MI","perrinton","Perrinton"
"MI","perry","Perry"
"MI","petersburg","Petersburg"
"MI","petoskey","Petoskey"
"MI","pewamo","Pewamo"
"MI","pierson","Pierson"
"MI","pigeon","Pigeon"
"MI","pilgrim","Pilgrim"
"MI","pinckney","Pinckney"
"MI","pinconning","Pinconning"
"MI","pittsford","Pittsford"
"MI","plainwell","Plainwell"
"MI","pleasant ridge","Pleasant Ridge"
"MI","plymouth","Plymouth"
"MI","pon-she-wa-ing","Pon-she-wa-ing"
"MI","pontiac","Pontiac"
"MI","port austin","Port Austin"
"MI","port hope","Port Hope"
"MI","port huron","Port Huron"
"MI","port sanilac","Port Sanilac"
"MI","portage","Portage"
"MI","portland","Portland"
"MI","posen","Posen"
"MI","potterville","Potterville"
"MI","powers","Powers"
"MI","prescott","Prescott"
"MI","presque isle harbor","Presque Isle Harbor"
"MI","prudenville","Prudenville"
"MI","quincy","Quincy"
"MI","quinnesec","Quinnesec"
"MI","ramsay","Ramsay"
"MI","rapid city","Rapid City"
"MI","rapid river","Rapid River"
"MI","ravenna","Ravenna"
"MI","reading","Reading"
"MI","reed city","Reed City"
"MI","reese","Reese"
"MI","republic","Republic"
"MI","richland","Richland"
"MI","richmond","Richmond"
"MI","river rouge","River Rouge"
"MI","riverdale","Riverdale"
"MI","riverview","Riverview"
"MI","robin glen-indiantown","Robin Glen-Indiantown"
"MI","rochester","Rochester"
"MI","rochester hills","Rochester Hills"
"MI","rock","Rock"
"MI","rockford","Rockford"
"MI","rockland","Rockland"
"MI","rockwood","Rockwood"
"MI","rogers city","Rogers City"
"MI","romeo","Romeo"
"MI","romulus","Romulus"
"MI","roosevelt park","Roosevelt Park"
"MI","roscommon","Roscommon"
"MI","rose city","Rose City"
"MI","rosebush","Rosebush"
"MI","roseville","Roseville"
"MI","rothbury","Rothbury"
"MI","royal oak","Royal Oak"
"MI","ruby","Ruby"
"MI","saginaw","Saginaw"
"MI","saline","Saline"
"MI","sand lake","Sand Lake"
"MI","sandusky","Sandusky"
"MI","sanford","Sanford"
"MI","saranac","Saranac"
"MI","saugatuck","Saugatuck"
"MI","sault ste. marie","Sault Ste. Marie"
"MI","schoolcraft","Schoolcraft"
"MI","scotts","Scotts"
"MI","scottville","Scottville"
"MI","sebewaing","Sebewaing"
"MI","shaftsburg","Shaftsburg"
"MI","shelby","Shelby"
"MI","shepherd","Shepherd"
"MI","sheridan","Sheridan"
"MI","sherwood","Sherwood"
"MI","shields","Shields"
"MI","shoreham","Shoreham"
"MI","shorewood-tower hills-harbert","Shorewood-Tower Hills-Harbert"
"MI","skanee","Skanee"
"MI","skidway lake","Skidway Lake"
"MI","snover","Snover"
"MI","south boardman","South Boardman"
"MI","south gull lake","South Gull Lake"
"MI","south haven","South Haven"
"MI","south lyon","South Lyon"
"MI","south monroe","South Monroe"
"MI","south range","South Range"
"MI","south rockwood","South Rockwood"
"MI","southfield","Southfield"
"MI","southgate","Southgate"
"MI","sparta","Sparta"
"MI","spring arbor","Spring Arbor"
"MI","spring lake","Spring Lake"
"MI","springfield","Springfield"
"MI","springport","Springport"
"MI","st. charles","St. Charles"
"MI","st. clair","St. Clair"
"MI","st. clair shores","St. Clair Shores"
"MI","st. helen","St. Helen"
"MI","st. ignace","St. Ignace"
"MI","st. james","St. James"
"MI","st. johns","St. Johns"
"MI","st. joseph","St. Joseph"
"MI","st. louis","St. Louis"
"MI","standish","Standish"
"MI","stanton","Stanton"
"MI","stanwood","Stanwood"
"MI","stephenson","Stephenson"
"MI","sterling","Sterling"
"MI","sterling heights","Sterling Heights"
"MI","stevensville","Stevensville"
"MI","stockbridge","Stockbridge"
"MI","stony point","Stony Point"
"MI","stronach","Stronach"
"MI","sturgis","Sturgis"
"MI","sunfield","Sunfield"
"MI","suttons bay","Suttons Bay"
"MI","swartz creek","Swartz Creek"
"MI","sylvan lake","Sylvan Lake"
"MI","tawas city","Tawas City"
"MI","taylor","Taylor"
"MI","tecumseh","Tecumseh"
"MI","tekonsha","Tekonsha"
"MI","temperance","Temperance"
"MI","thompsonville","Thompsonville"
"MI","three lakes","Three Lakes"
"MI","three oaks","Three Oaks"
"MI","three rivers","Three Rivers"
"MI","tower","Tower"
"MI","traverse city","Traverse City"
"MI","trenton","Trenton"
"MI","trimountain","Trimountain"
"MI","trowbridge park","Trowbridge Park"
"MI","troy","Troy"
"MI","trufant","Trufant"
"MI","turner","Turner"
"MI","tustin","Tustin"
"MI","twin lake","Twin Lake"
"MI","twining","Twining"
"MI","ubly","Ubly"
"MI","union city","Union City"
"MI","unionville","Unionville"
"MI","utica","Utica"
"MI","vandalia","Vandalia"
"MI","vanderbilt","Vanderbilt"
"MI","vandercook lake","Vandercook Lake"
"MI","vassar","Vassar"
"MI","vermontville","Vermontville"
"MI","vernon","Vernon"
"MI","vicksburg","Vicksburg"
"MI","village of clarkston","Village of Clarkston"
"MI","village of grosse pointe shores","Village of Grosse Pointe Shores"
"MI","vineyard lake","Vineyard Lake"
"MI","wacousta","Wacousta"
"MI","wakefield","Wakefield"
"MI","waldron","Waldron"
"MI","walker","Walker"
"MI","walkerville","Walkerville"
"MI","walled lake","Walled Lake"
"MI","walloon lake","Walloon Lake"
"MI","warren","Warren"
"MI","watersmeet","Watersmeet"
"MI","watervliet","Watervliet"
"MI","waverly","Waverly"
"MI","wayland","Wayland"
"MI","wayne","Wayne"
"MI","webberville","Webberville"
"MI","wedgewood","Wedgewood"
"MI","weidman","Weidman"
"MI","wellston","Wellston"
"MI","west branch","West Branch"
"MI","west ishpeming","West Ishpeming"
"MI","west monroe","West Monroe"
"MI","westland","Westland"
"MI","westphalia","Westphalia"
"MI","westwood","Westwood"
"MI","white cloud","White Cloud"
"MI","white pigeon","White Pigeon"
"MI","white pine","White Pine"
"MI","whitehall","Whitehall"
"MI","whitmore lake","Whitmore Lake"
"MI","whittemore","Whittemore"
"MI","williamston","Williamston"
"MI","winn","Winn"
"MI","wixom","Wixom"
"MI","wolf lake","Wolf Lake"
"MI","wolverine","Wolverine"
"MI","wolverine lake","Wolverine Lake"
"MI","woodhaven","Woodhaven"
"MI","woodland","Woodland"
"MI","woodland beach","Woodland Beach"
"MI","wyandotte","Wyandotte"
"MI","wyoming","Wyoming"
"MI","yale","Yale"
"MI","ypsilanti","Ypsilanti"
"MI","zeba","Zeba"
"MI","zeeland","Zeeland"
"MI","zilwaukee","Zilwaukee"
"MN","ada","Ada"
"MN","adams","Adams"
"MN","adrian","Adrian"
"MN","afton","Afton"
"MN","aitkin","Aitkin"
"MN","akeley","Akeley"
"MN","albany","Albany"
"MN","albert lea","Albert Lea"
"MN","alberta","Alberta"
"MN","albertville","Albertville"
"MN","alden","Alden"
"MN","aldrich","Aldrich"
"MN","alexandria","Alexandria"
"MN","alpha","Alpha"
"MN","altura","Altura"
"MN","alvarado","Alvarado"
"MN","amboy","Amboy"
"MN","andover","Andover"
"MN","angle inlet","Angle Inlet"
"MN","annandale","Annandale"
"MN","anoka","Anoka"
"MN","apple valley","Apple Valley"
"MN","appleton","Appleton"
"MN","arco","Arco"
"MN","arden hills","Arden Hills"
"MN","argyle","Argyle"
"MN","arlington","Arlington"
"MN","ashby","Ashby"
"MN","askov","Askov"
"MN","atwater","Atwater"
"MN","audubon","Audubon"
"MN","aurora","Aurora"
"MN","austin","Austin"
"MN","avoca","Avoca"
"MN","avon","Avon"
"MN","babbitt","Babbitt"
"MN","backus","Backus"
"MN","badger","Badger"
"MN","bagley","Bagley"
"MN","baker","Baker"
"MN","balaton","Balaton"
"MN","baldwin","Baldwin"
"MN","ball club","Ball Club"
"MN","barnesville","Barnesville"
"MN","barnum","Barnum"
"MN","barrett","Barrett"
"MN","barry","Barry"
"MN","battle lake","Battle Lake"
"MN","baudette","Baudette"
"MN","baxter","Baxter"
"MN","bayport","Bayport"
"MN","beardsley","Beardsley"
"MN","beaulieu","Beaulieu"
"MN","beaver bay","Beaver Bay"
"MN","beaver creek","Beaver Creek"
"MN","becker","Becker"
"MN","bejou","Bejou"
"MN","belgrade","Belgrade"
"MN","belle plaine","Belle Plaine"
"MN","bellechester","Bellechester"
"MN","bellingham","Bellingham"
"MN","beltrami","Beltrami"
"MN","belview","Belview"
"MN","bemidji","Bemidji"
"MN","bena","Bena"
"MN","benson","Benson"
"MN","bertha","Bertha"
"MN","bethel","Bethel"
"MN","big falls","Big Falls"
"MN","big lake","Big Lake"
"MN","bigelow","Bigelow"
"MN","bigfork","Bigfork"
"MN","bingham lake","Bingham Lake"
"MN","birchwood village","Birchwood Village"
"MN","bird island","Bird Island"
"MN","biscay","Biscay"
"MN","biwabik","Biwabik"
"MN","blackduck","Blackduck"
"MN","blaine","Blaine"
"MN","blomkest","Blomkest"
"MN","blooming prairie","Blooming Prairie"
"MN","bloomington","Bloomington"
"MN","blue earth","Blue Earth"
"MN","bluffton","Bluffton"
"MN","bock","Bock"
"MN","borup","Borup"
"MN","bovey","Bovey"
"MN","bowlus","Bowlus"
"MN","boy river","Boy River"
"MN","boyd","Boyd"
"MN","braham","Braham"
"MN","brainerd","Brainerd"
"MN","brandon","Brandon"
"MN","breckenridge","Breckenridge"
"MN","breezy point","Breezy Point"
"MN","brewster","Brewster"
"MN","bricelyn","Bricelyn"
"MN","brook park","Brook Park"
"MN","brooklyn center","Brooklyn Center"
"MN","brooklyn park","Brooklyn Park"
"MN","brooks","Brooks"
"MN","brookston","Brookston"
"MN","brooten","Brooten"
"MN","browerville","Browerville"
"MN","browns valley","Browns Valley"
"MN","brownsdale","Brownsdale"
"MN","brownsville","Brownsville"
"MN","brownton","Brownton"
"MN","bruno","Bruno"
"MN","buckman","Buckman"
"MN","buffalo","Buffalo"
"MN","buffalo lake","Buffalo Lake"
"MN","buhl","Buhl"
"MN","burnsville","Burnsville"
"MN","burtrum","Burtrum"
"MN","butterfield","Butterfield"
"MN","byron","Byron"
"MN","caledonia","Caledonia"
"MN","callaway","Callaway"
"MN","calumet","Calumet"
"MN","cambridge","Cambridge"
"MN","campbell","Campbell"
"MN","canby","Canby"
"MN","cannon falls","Cannon Falls"
"MN","canton","Canton"
"MN","carlos","Carlos"
"MN","carlton","Carlton"
"MN","carver","Carver"
"MN","cass lake","Cass Lake"
"MN","cedar mills","Cedar Mills"
"MN","center city","Center City"
"MN","centerville","Centerville"
"MN","ceylon","Ceylon"
"MN","champlin","Champlin"
"MN","chandler","Chandler"
"MN","chanhassen","Chanhassen"
"MN","chaska","Chaska"
"MN","chatfield","Chatfield"
"MN","chickamaw beach","Chickamaw Beach"
"MN","chisago city","Chisago City"
"MN","chisholm","Chisholm"
"MN","chokio","Chokio"
"MN","circle pines","Circle Pines"
"MN","clara city","Clara City"
"MN","claremont","Claremont"
"MN","clarissa","Clarissa"
"MN","clarkfield","Clarkfield"
"MN","clarks grove","Clarks Grove"
"MN","clear lake","Clear Lake"
"MN","clearbrook","Clearbrook"
"MN","clearwater","Clearwater"
"MN","clements","Clements"
"MN","cleveland","Cleveland"
"MN","climax","Climax"
"MN","clinton","Clinton"
"MN","clitherall","Clitherall"
"MN","clontarf","Clontarf"
"MN","cloquet","Cloquet"
"MN","coates","Coates"
"MN","cobden","Cobden"
"MN","cohasset","Cohasset"
"MN","cokato","Cokato"
"MN","cold spring","Cold Spring"
"MN","coleraine","Coleraine"
"MN","cologne","Cologne"
"MN","columbia heights","Columbia Heights"
"MN","columbus","Columbus"
"MN","comfrey","Comfrey"
"MN","comstock","Comstock"
"MN","conger","Conger"
"MN","cook","Cook"
"MN","coon rapids","Coon Rapids"
"MN","corcoran","Corcoran"
"MN","correll","Correll"
"MN","cosmos","Cosmos"
"MN","cottage grove","Cottage Grove"
"MN","cottonwood","Cottonwood"
"MN","courtland","Courtland"
"MN","credit river","Credit River"
"MN","cromwell","Cromwell"
"MN","crookston","Crookston"
"MN","crosby","Crosby"
"MN","crosslake","Crosslake"
"MN","crown college","Crown College"
"MN","crystal","Crystal"
"MN","currie","Currie"
"MN","cuyuna","Cuyuna"
"MN","cyrus","Cyrus"
"MN","dakota","Dakota"
"MN","dalton","Dalton"
"MN","danube","Danube"
"MN","danvers","Danvers"
"MN","darfur","Darfur"
"MN","darwin","Darwin"
"MN","dassel","Dassel"
"MN","dawson","Dawson"
"MN","dayton","Dayton"
"MN","de graff","De Graff"
"MN","deephaven","Deephaven"
"MN","deer creek","Deer Creek"
"MN","deer river","Deer River"
"MN","deerwood","Deerwood"
"MN","delano","Delano"
"MN","delavan","Delavan"
"MN","delhi","Delhi"
"MN","dellwood","Dellwood"
"MN","denham","Denham"
"MN","dennison","Dennison"
"MN","dent","Dent"
"MN","detroit lakes","Detroit Lakes"
"MN","dexter","Dexter"
"MN","dilworth","Dilworth"
"MN","dodge center","Dodge Center"
"MN","donaldson","Donaldson"
"MN","donnelly","Donnelly"
"MN","doran","Doran"
"MN","dover","Dover"
"MN","dovray","Dovray"
"MN","dresbach","Dresbach"
"MN","duluth","Duluth"
"MN","dumont","Dumont"
"MN","dundas","Dundas"
"MN","dundee","Dundee"
"MN","dunnell","Dunnell"
"MN","eagan","Eagan"
"MN","eagle bend","Eagle Bend"
"MN","eagle lake","Eagle Lake"
"MN","east bethel","East Bethel"
"MN","east grand forks","East Grand Forks"
"MN","east gull lake","East Gull Lake"
"MN","easton","Easton"
"MN","ebro","Ebro"
"MN","echo","Echo"
"MN","eden prairie","Eden Prairie"
"MN","eden valley","Eden Valley"
"MN","edgerton","Edgerton"
"MN","edina","Edina"
"MN","effie","Effie"
"MN","eitzen","Eitzen"
"MN","elba","Elba"
"MN","elbow lake","Elbow Lake"
"MN","elgin","Elgin"
"MN","elizabeth","Elizabeth"
"MN","elk river","Elk River"
"MN","elko new market","Elko New Market"
"MN","elkton","Elkton"
"MN","ellendale","Ellendale"
"MN","ellsworth","Ellsworth"
"MN","elmdale","Elmdale"
"MN","elmore","Elmore"
"MN","elrosa","Elrosa"
"MN","ely","Ely"
"MN","elysian","Elysian"
"MN","emily","Emily"
"MN","emmons","Emmons"
"MN","empire","Empire"
"MN","erhard","Erhard"
"MN","erskine","Erskine"
"MN","esko","Esko"
"MN","essig","Essig"
"MN","evan","Evan"
"MN","evansville","Evansville"
"MN","eveleth","Eveleth"
"MN","excelsior","Excelsior"
"MN","eyota","Eyota"
"MN","fairfax","Fairfax"
"MN","fairhaven","Fairhaven"
"MN","fairmont","Fairmont"
"MN","falcon heights","Falcon Heights"
"MN","faribault","Faribault"
"MN","farmington","Farmington"
"MN","farwell","Farwell"
"MN","federal dam","Federal Dam"
"MN","felton","Felton"
"MN","fergus falls","Fergus Falls"
"MN","fertile","Fertile"
"MN","fifty lakes","Fifty Lakes"
"MN","finland","Finland"
"MN","finlayson","Finlayson"
"MN","fish lake","Fish Lake"
"MN","fisher","Fisher"
"MN","flensburg","Flensburg"
"MN","floodwood","Floodwood"
"MN","florence","Florence"
"MN","foley","Foley"
"MN","forada","Forada"
"MN","forest lake","Forest Lake"
"MN","foreston","Foreston"
"MN","fort ripley","Fort Ripley"
"MN","fosston","Fosston"
"MN","fountain","Fountain"
"MN","foxhome","Foxhome"
"MN","franklin","Franklin"
"MN","frazee","Frazee"
"MN","freeborn","Freeborn"
"MN","freeport","Freeport"
"MN","fridley","Fridley"
"MN","frontenac","Frontenac"
"MN","frost","Frost"
"MN","fulda","Fulda"
"MN","funkley","Funkley"
"MN","garden city","Garden City"
"MN","garfield","Garfield"
"MN","garrison","Garrison"
"MN","garvin","Garvin"
"MN","gary","Gary"
"MN","gaylord","Gaylord"
"MN","gem lake","Gem Lake"
"MN","geneva","Geneva"
"MN","genola","Genola"
"MN","georgetown","Georgetown"
"MN","ghent","Ghent"
"MN","gibbon","Gibbon"
"MN","gilbert","Gilbert"
"MN","gilman","Gilman"
"MN","glencoe","Glencoe"
"MN","glenville","Glenville"
"MN","glenwood","Glenwood"
"MN","glyndon","Glyndon"
"MN","golden valley","Golden Valley"
"MN","gonvick","Gonvick"
"MN","good thunder","Good Thunder"
"MN","goodhue","Goodhue"
"MN","goodland","Goodland"
"MN","goodridge","Goodridge"
"MN","goodview","Goodview"
"MN","graceville","Graceville"
"MN","granada","Granada"
"MN","grand marais","Grand Marais"
"MN","grand meadow","Grand Meadow"
"MN","grand rapids","Grand Rapids"
"MN","granite falls","Granite Falls"
"MN","grant","Grant"
"MN","grasston","Grasston"
"MN","green isle","Green Isle"
"MN","greenbush","Greenbush"
"MN","greenfield","Greenfield"
"MN","greenwald","Greenwald"
"MN","greenwood","Greenwood"
"MN","grey eagle","Grey Eagle"
"MN","grove city","Grove City"
"MN","grygla","Grygla"
"MN","gully","Gully"
"MN","hackensack","Hackensack"
"MN","hadley","Hadley"
"MN","hallock","Hallock"
"MN","halma","Halma"
"MN","halstad","Halstad"
"MN","ham lake","Ham Lake"
"MN","hamburg","Hamburg"
"MN","hammond","Hammond"
"MN","hampton","Hampton"
"MN","hancock","Hancock"
"MN","hanley falls","Hanley Falls"
"MN","hanover","Hanover"
"MN","hanska","Hanska"
"MN","harding","Harding"
"MN","hardwick","Hardwick"
"MN","harmony","Harmony"
"MN","harris","Harris"
"MN","hartland","Hartland"
"MN","hastings","Hastings"
"MN","hatfield","Hatfield"
"MN","hawley","Hawley"
"MN","hayfield","Hayfield"
"MN","hayward","Hayward"
"MN","hazel run","Hazel Run"
"MN","hector","Hector"
"MN","heidelberg","Heidelberg"
"MN","henderson","Henderson"
"MN","hendricks","Hendricks"
"MN","hendrum","Hendrum"
"MN","henning","Henning"
"MN","henriette","Henriette"
"MN","herman","Herman"
"MN","hermantown","Hermantown"
"MN","heron lake","Heron Lake"
"MN","hewitt","Hewitt"
"MN","hibbing","Hibbing"
"MN","high forest","High Forest"
"MN","hill city","Hill City"
"MN","hillman","Hillman"
"MN","hills","Hills"
"MN","hilltop","Hilltop"
"MN","hinckley","Hinckley"
"MN","hitterdal","Hitterdal"
"MN","hoffman","Hoffman"
"MN","hokah","Hokah"
"MN","holdingford","Holdingford"
"MN","holland","Holland"
"MN","hollandale","Hollandale"
"MN","holloway","Holloway"
"MN","holt","Holt"
"MN","homer","Homer"
"MN","hopkins","Hopkins"
"MN","houston","Houston"
"MN","howard lake","Howard Lake"
"MN","hoyt lakes","Hoyt Lakes"
"MN","hubbard","Hubbard"
"MN","hugo","Hugo"
"MN","humboldt","Humboldt"
"MN","hutchinson","Hutchinson"
"MN","ihlen","Ihlen"
"MN","independence","Independence"
"MN","inger","Inger"
"MN","international falls","International Falls"
"MN","inver grove heights","Inver Grove Heights"
"MN","iona","Iona"
"MN","iron junction","Iron Junction"
"MN","ironton","Ironton"
"MN","isanti","Isanti"
"MN","isle","Isle"
"MN","ivanhoe","Ivanhoe"
"MN","jackson","Jackson"
"MN","janesville","Janesville"
"MN","jasper","Jasper"
"MN","jeffers","Jeffers"
"MN","jenkins","Jenkins"
"MN","johnson","Johnson"
"MN","jordan","Jordan"
"MN","kandiyohi","Kandiyohi"
"MN","karlstad","Karlstad"
"MN","kasota","Kasota"
"MN","kasson","Kasson"
"MN","keewatin","Keewatin"
"MN","kelliher","Kelliher"
"MN","kellogg","Kellogg"
"MN","kennedy","Kennedy"
"MN","kenneth","Kenneth"
"MN","kensington","Kensington"
"MN","kent","Kent"
"MN","kenyon","Kenyon"
"MN","kerkhoven","Kerkhoven"
"MN","kerrick","Kerrick"
"MN","kettle river","Kettle River"
"MN","kiester","Kiester"
"MN","kilkenny","Kilkenny"
"MN","kimball","Kimball"
"MN","kinbrae","Kinbrae"
"MN","kingston","Kingston"
"MN","kinney","Kinney"
"MN","knife river","Knife River"
"MN","la crescent","La Crescent"
"MN","la prairie","La Prairie"
"MN","la salle","La Salle"
"MN","lafayette","Lafayette"
"MN","lake benton","Lake Benton"
"MN","lake bronson","Lake Bronson"
"MN","lake city","Lake City"
"MN","lake crystal","Lake Crystal"
"MN","lake elmo","Lake Elmo"
"MN","lake george","Lake George"
"MN","lake henry","Lake Henry"
"MN","lake lillian","Lake Lillian"
"MN","lake park","Lake Park"
"MN","lake shore","Lake Shore"
"MN","lake st. croix beach","Lake St. Croix Beach"
"MN","lake wilson","Lake Wilson"
"MN","lakefield","Lakefield"
"MN","lakeland","Lakeland"
"MN","lakeland shores","Lakeland Shores"
"MN","lakeville","Lakeville"
"MN","lamberton","Lamberton"
"MN","lancaster","Lancaster"
"MN","landfall","Landfall"
"MN","lanesboro","Lanesboro"
"MN","lansing","Lansing"
"MN","laporte","Laporte"
"MN","lastrup","Lastrup"
"MN","lauderdale","Lauderdale"
"MN","le center","Le Center"
"MN","le roy","Le Roy"
"MN","le sueur","Le Sueur"
"MN","lengby","Lengby"
"MN","leonard","Leonard"
"MN","leonidas","Leonidas"
"MN","leota","Leota"
"MN","lester prairie","Lester Prairie"
"MN","lewiston","Lewiston"
"MN","lewisville","Lewisville"
"MN","lexington","Lexington"
"MN","lilydale","Lilydale"
"MN","lindstrom","Lindstrom"
"MN","lino lakes","Lino Lakes"
"MN","lismore","Lismore"
"MN","litchfield","Litchfield"
"MN","little canada","Little Canada"
"MN","little falls","Little Falls"
"MN","little rock","Little Rock"
"MN","littlefork","Littlefork"
"MN","long beach","Long Beach"
"MN","long lake","Long Lake"
"MN","long prairie","Long Prairie"
"MN","longville","Longville"
"MN","lonsdale","Lonsdale"
"MN","loretto","Loretto"
"MN","louisburg","Louisburg"
"MN","lowry","Lowry"
"MN","lucan","Lucan"
"MN","lutsen","Lutsen"
"MN","luverne","Luverne"
"MN","lyle","Lyle"
"MN","lynd","Lynd"
"MN","mabel","Mabel"
"MN","madelia","Madelia"
"MN","madison","Madison"
"MN","madison lake","Madison Lake"
"MN","magnolia","Magnolia"
"MN","mahnomen","Mahnomen"
"MN","mahtomedi","Mahtomedi"
"MN","mahtowa","Mahtowa"
"MN","manchester","Manchester"
"MN","manhattan beach","Manhattan Beach"
"MN","mankato","Mankato"
"MN","mantorville","Mantorville"
"MN","maple grove","Maple Grove"
"MN","maple lake","Maple Lake"
"MN","maple plain","Maple Plain"
"MN","mapleton","Mapleton"
"MN","mapleview","Mapleview"
"MN","maplewood","Maplewood"
"MN","marble","Marble"
"MN","marietta","Marietta"
"MN","marine on st. croix","Marine on St. Croix"
"MN","marion","Marion"
"MN","marshall","Marshall"
"MN","martin lake","Martin Lake"
"MN","mayer","Mayer"
"MN","maynard","Maynard"
"MN","mazeppa","Mazeppa"
"MN","mcgrath","McGrath"
"MN","mcgregor","McGregor"
"MN","mcintosh","McIntosh"
"MN","mckinley","McKinley"
"MN","meadowlands","Meadowlands"
"MN","medford","Medford"
"MN","medicine lake","Medicine Lake"
"MN","medina","Medina"
"MN","meire grove","Meire Grove"
"MN","melrose","Melrose"
"MN","menahga","Menahga"
"MN","mendota","Mendota"
"MN","mendota heights","Mendota Heights"
"MN","mentor","Mentor"
"MN","merrifield","Merrifield"
"MN","middle river","Middle River"
"MN","midway","Midway"
"MN","miesville","Miesville"
"MN","milaca","Milaca"
"MN","milan","Milan"
"MN","millerville","Millerville"
"MN","millville","Millville"
"MN","milroy","Milroy"
"MN","miltona","Miltona"
"MN","minneapolis","Minneapolis"
"MN","minneiska","Minneiska"
"MN","minneota","Minneota"
"MN","minnesota city","Minnesota City"
"MN","minnesota lake","Minnesota Lake"
"MN","minnetonka","Minnetonka"
"MN","minnetrista","Minnetrista"
"MN","mizpah","Mizpah"
"MN","montevideo","Montevideo"
"MN","montgomery","Montgomery"
"MN","monticello","Monticello"
"MN","montrose","Montrose"
"MN","moorhead","Moorhead"
"MN","moose lake","Moose Lake"
"MN","mora","Mora"
"MN","morgan","Morgan"
"MN","morris","Morris"
"MN","morristown","Morristown"
"MN","morton","Morton"
"MN","motley","Motley"
"MN","mound","Mound"
"MN","mounds view","Mounds View"
"MN","mountain iron","Mountain Iron"
"MN","mountain lake","Mountain Lake"
"MN","murdock","Murdock"
"MN","myrtle","Myrtle"
"MN","nashua","Nashua"
"MN","nashwauk","Nashwauk"
"MN","nassau","Nassau"
"MN","naytahwaush","Naytahwaush"
"MN","nelson","Nelson"
"MN","nerstrand","Nerstrand"
"MN","nett lake","Nett Lake"
"MN","nevis","Nevis"
"MN","new auburn","New Auburn"
"MN","new brighton","New Brighton"
"MN","new germany","New Germany"
"MN","new hope","New Hope"
"MN","new london","New London"
"MN","new munich","New Munich"
"MN","new prague","New Prague"
"MN","new richland","New Richland"
"MN","new trier","New Trier"
"MN","new ulm","New Ulm"
"MN","new york mills","New York Mills"
"MN","newfolden","Newfolden"
"MN","newport","Newport"
"MN","nicollet","Nicollet"
"MN","nielsville","Nielsville"
"MN","nimrod","Nimrod"
"MN","nisswa","Nisswa"
"MN","norcross","Norcross"
"MN","north branch","North Branch"
"MN","north mankato","North Mankato"
"MN","north oaks","North Oaks"
"MN","north st. paul","North St. Paul"
"MN","northfield","Northfield"
"MN","northome","Northome"
"MN","northrop","Northrop"
"MN","norwood young america","Norwood Young America"
"MN","nowthen","Nowthen"
"MN","oak grove","Oak Grove"
"MN","oak park heights","Oak Park Heights"
"MN","oakdale","Oakdale"
"MN","odessa","Odessa"
"MN","odin","Odin"
"MN","ogema","Ogema"
"MN","ogilvie","Ogilvie"
"MN","okabena","Okabena"
"MN","oklee","Oklee"
"MN","olivia","Olivia"
"MN","onamia","Onamia"
"MN","ormsby","Ormsby"
"MN","orono","Orono"
"MN","oronoco","Oronoco"
"MN","orr","Orr"
"MN","ortonville","Ortonville"
"MN","osage","Osage"
"MN","osakis","Osakis"
"MN","oslo","Oslo"
"MN","osseo","Osseo"
"MN","ostrander","Ostrander"
"MN","otsego","Otsego"
"MN","ottertail","Ottertail"
"MN","owatonna","Owatonna"
"MN","palisade","Palisade"
"MN","park rapids","Park Rapids"
"MN","parkers prairie","Parkers Prairie"
"MN","paynesville","Paynesville"
"MN","pease","Pease"
"MN","pelican rapids","Pelican Rapids"
"MN","pemberton","Pemberton"
"MN","pennock","Pennock"
"MN","pequot lakes","Pequot Lakes"
"MN","perham","Perham"
"MN","perley","Perley"
"MN","peterson","Peterson"
"MN","pickwick","Pickwick"
"MN","pierz","Pierz"
"MN","pillager","Pillager"
"MN","pine bend","Pine Bend"
"MN","pine city","Pine City"
"MN","pine island","Pine Island"
"MN","pine point","Pine Point"
"MN","pine river","Pine River"
"MN","pine springs","Pine Springs"
"MN","pipestone","Pipestone"
"MN","plainview","Plainview"
"MN","plato","Plato"
"MN","plummer","Plummer"
"MN","plymouth","Plymouth"
"MN","ponemah","Ponemah"
"MN","porter","Porter"
"MN","preston","Preston"
"MN","princeton","Princeton"
"MN","prinsburg","Prinsburg"
"MN","prior lake","Prior Lake"
"MN","proctor","Proctor"
"MN","quamba","Quamba"
"MN","racine","Racine"
"MN","ramsey","Ramsey"
"MN","randall","Randall"
"MN","randolph","Randolph"
"MN","ranier","Ranier"
"MN","raymond","Raymond"
"MN","red lake","Red Lake"
"MN","red lake falls","Red Lake Falls"
"MN","red wing","Red Wing"
"MN","redby","Redby"
"MN","redwood falls","Redwood Falls"
"MN","regal","Regal"
"MN","remer","Remer"
"MN","renville","Renville"
"MN","revere","Revere"
"MN","rice","Rice"
"MN","rice lake","Rice Lake"
"MN","richfield","Richfield"
"MN","richmond","Richmond"
"MN","richville","Richville"
"MN","riverland","Riverland"
"MN","riverton","Riverton"
"MN","robbinsdale","Robbinsdale"
"MN","rochester","Rochester"
"MN","rock creek","Rock Creek"
"MN","rockford","Rockford"
"MN","rockville","Rockville"
"MN","rogers","Rogers"
"MN","rollingstone","Rollingstone"
"MN","ronneby","Ronneby"
"MN","roosevelt","Roosevelt"
"MN","roscoe","Roscoe"
"MN","rose creek","Rose Creek"
"MN","roseau","Roseau"
"MN","rosemount","Rosemount"
"MN","roseville","Roseville"
"MN","rothsay","Rothsay"
"MN","round lake","Round Lake"
"MN","roy lake","Roy Lake"
"MN","royalton","Royalton"
"MN","rush city","Rush City"
"MN","rushford","Rushford"
"MN","rushford village","Rushford Village"
"MN","rushmore","Rushmore"
"MN","russell","Russell"
"MN","ruthton","Ruthton"
"MN","rutledge","Rutledge"
"MN","sabin","Sabin"
"MN","sacred heart","Sacred Heart"
"MN","sanborn","Sanborn"
"MN","sandstone","Sandstone"
"MN","sargeant","Sargeant"
"MN","sartell","Sartell"
"MN","sauk centre","Sauk Centre"
"MN","sauk rapids","Sauk Rapids"
"MN","savage","Savage"
"MN","scandia","Scandia"
"MN","scanlon","Scanlon"
"MN","seaforth","Seaforth"
"MN","searles","Searles"
"MN","sebeka","Sebeka"
"MN","sedan","Sedan"
"MN","shafer","Shafer"
"MN","shakopee","Shakopee"
"MN","shelly","Shelly"
"MN","sherburn","Sherburn"
"MN","shevlin","Shevlin"
"MN","shoreview","Shoreview"
"MN","shorewood","Shorewood"
"MN","silver bay","Silver Bay"
"MN","silver creek","Silver Creek"
"MN","silver lake","Silver Lake"
"MN","skyline","Skyline"
"MN","slayton","Slayton"
"MN","sleepy eye","Sleepy Eye"
"MN","sobieski","Sobieski"
"MN","solway","Solway"
"MN","soudan","Soudan"
"MN","south end","South End"
"MN","south haven","South Haven"
"MN","south st. paul","South St. Paul"
"MN","spicer","Spicer"
"MN","spring grove","Spring Grove"
"MN","spring hill","Spring Hill"
"MN","spring lake park","Spring Lake Park"
"MN","spring park","Spring Park"
"MN","spring valley","Spring Valley"
"MN","springfield","Springfield"
"MN","squaw lake","Squaw Lake"
"MN","st. anthony","St. Anthony"
"MN","st. augusta","St. Augusta"
"MN","st. bonifacius","St. Bonifacius"
"MN","st. charles","St. Charles"
"MN","st. clair","St. Clair"
"MN","st. cloud","St. Cloud"
"MN","st. francis","St. Francis"
"MN","st. hilaire","St. Hilaire"
"MN","st. james","St. James"
"MN","st. john's university","St. John's University"
"MN","st. joseph","St. Joseph"
"MN","st. leo","St. Leo"
"MN","st. louis park","St. Louis Park"
"MN","st. martin","St. Martin"
"MN","st. marys point","St. Marys Point"
"MN","st. michael","St. Michael"
"MN","st. paul","St. Paul"
"MN","st. paul park","St. Paul Park"
"MN","st. peter","St. Peter"
"MN","st. rosa","St. Rosa"
"MN","st. stephen","St. Stephen"
"MN","st. vincent","St. Vincent"
"MN","stacy","Stacy"
"MN","stanchfield","Stanchfield"
"MN","staples","Staples"
"MN","starbuck","Starbuck"
"MN","steen","Steen"
"MN","stephen","Stephen"
"MN","stewart","Stewart"
"MN","stewartville","Stewartville"
"MN","stillwater","Stillwater"
"MN","stockton","Stockton"
"MN","storden","Storden"
"MN","strandquist","Strandquist"
"MN","strathcona","Strathcona"
"MN","sturgeon lake","Sturgeon Lake"
"MN","sunburg","Sunburg"
"MN","sunfish lake","Sunfish Lake"
"MN","swanville","Swanville"
"MN","taconite","Taconite"
"MN","tamarack","Tamarack"
"MN","taopi","Taopi"
"MN","taunton","Taunton"
"MN","taylors falls","Taylors Falls"
"MN","tenstrike","Tenstrike"
"MN","the lakes","The Lakes"
"MN","the ranch","The Ranch"
"MN","thief river falls","Thief River Falls"
"MN","tintah","Tintah"
"MN","tonka bay","Tonka Bay"
"MN","tower","Tower"
"MN","tracy","Tracy"
"MN","trail","Trail"
"MN","trimont","Trimont"
"MN","trommald","Trommald"
"MN","trosky","Trosky"
"MN","truman","Truman"
"MN","turtle river","Turtle River"
"MN","twin lakes","Twin Lakes"
"MN","twin valley","Twin Valley"
"MN","two harbors","Two Harbors"
"MN","tyler","Tyler"
"MN","ulen","Ulen"
"MN","underwood","Underwood"
"MN","upsala","Upsala"
"MN","urbank","Urbank"
"MN","utica","Utica"
"MN","vadnais heights","Vadnais Heights"
"MN","vergas","Vergas"
"MN","vermillion","Vermillion"
"MN","verndale","Verndale"
"MN","vernon center","Vernon Center"
"MN","vesta","Vesta"
"MN","victoria","Victoria"
"MN","viking","Viking"
"MN","village of minnetonka beach","Village of Minnetonka Beach"
"MN","villard","Villard"
"MN","vineland","Vineland"
"MN","vining","Vining"
"MN","virginia","Virginia"
"MN","wabasha","Wabasha"
"MN","wabasso","Wabasso"
"MN","waconia","Waconia"
"MN","wadena","Wadena"
"MN","wahkon","Wahkon"
"MN","waite park","Waite Park"
"MN","waldorf","Waldorf"
"MN","walker","Walker"
"MN","walnut grove","Walnut Grove"
"MN","walters","Walters"
"MN","waltham","Waltham"
"MN","wanamingo","Wanamingo"
"MN","wanda","Wanda"
"MN","warba","Warba"
"MN","warren","Warren"
"MN","warroad","Warroad"
"MN","warsaw","Warsaw"
"MN","waseca","Waseca"
"MN","watertown","Watertown"
"MN","waterville","Waterville"
"MN","watkins","Watkins"
"MN","watson","Watson"
"MN","waubun","Waubun"
"MN","waverly","Waverly"
"MN","wayzata","Wayzata"
"MN","welcome","Welcome"
"MN","wells","Wells"
"MN","wendell","Wendell"
"MN","west concord","West Concord"
"MN","west roy lake","West Roy Lake"
"MN","west st. paul","West St. Paul"
"MN","west union","West Union"
"MN","westbrook","Westbrook"
"MN","westport","Westport"
"MN","whalan","Whalan"
"MN","wheaton","Wheaton"
"MN","whipholt","Whipholt"
"MN","white bear lake","White Bear Lake"
"MN","white earth","White Earth"
"MN","wilder","Wilder"
"MN","willernie","Willernie"
"MN","williams","Williams"
"MN","willmar","Willmar"
"MN","willow river","Willow River"
"MN","wilmont","Wilmont"
"MN","wilton","Wilton"
"MN","windom","Windom"
"MN","winger","Winger"
"MN","winnebago","Winnebago"
"MN","winona","Winona"
"MN","winsted","Winsted"
"MN","winthrop","Winthrop"
"MN","winton","Winton"
"MN","wolf lake","Wolf Lake"
"MN","wolverton","Wolverton"
"MN","wood lake","Wood Lake"
"MN","woodbury","Woodbury"
"MN","woodland","Woodland"
"MN","woodstock","Woodstock"
"MN","worthington","Worthington"
"MN","wrenshall","Wrenshall"
"MN","wright","Wright"
"MN","wykoff","Wykoff"
"MN","wyoming","Wyoming"
"MN","zemple","Zemple"
"MN","zimmerman","Zimmerman"
"MN","zumbro falls","Zumbro Falls"
"MN","zumbrota","Zumbrota"
"MO","adrian","Adrian"
"MO","advance","Advance"
"MO","affton","Affton"
"MO","agency","Agency"
"MO","airport drive","Airport Drive"
"MO","alba","Alba"
"MO","albany","Albany"
"MO","aldrich","Aldrich"
"MO","alexandria","Alexandria"
"MO","allendale","Allendale"
"MO","allenville","Allenville"
"MO","alma","Alma"
"MO","altamont","Altamont"
"MO","altenburg","Altenburg"
"MO","alton","Alton"
"MO","amazonia","Amazonia"
"MO","amity","Amity"
"MO","amoret","Amoret"
"MO","amsterdam","Amsterdam"
"MO","anderson","Anderson"
"MO","annada","Annada"
"MO","annapolis","Annapolis"
"MO","anniston","Anniston"
"MO","appleton city","Appleton City"
"MO","arbela","Arbela"
"MO","arbyrd","Arbyrd"
"MO","arcadia","Arcadia"
"MO","archie","Archie"
"MO","arcola","Arcola"
"MO","argyle","Argyle"
"MO","arkoe","Arkoe"
"MO","armstrong","Armstrong"
"MO","arnold","Arnold"
"MO","arrow point","Arrow Point"
"MO","arrow rock","Arrow Rock"
"MO","asbury","Asbury"
"MO","ash grove","Ash Grove"
"MO","ashburn","Ashburn"
"MO","ashland","Ashland"
"MO","ashley","Ashley"
"MO","atlanta","Atlanta"
"MO","augusta","Augusta"
"MO","aullville","Aullville"
"MO","aurora","Aurora"
"MO","aurora springs","Aurora Springs"
"MO","auxvasse","Auxvasse"
"MO","ava","Ava"
"MO","avalon","Avalon"
"MO","avilla","Avilla"
"MO","avondale","Avondale"
"MO","bagnell","Bagnell"
"MO","baker","Baker"
"MO","bakersfield","Bakersfield"
"MO","baldwin park","Baldwin Park"
"MO","ballwin","Ballwin"
"MO","baring","Baring"
"MO","barnard","Barnard"
"MO","barnett","Barnett"
"MO","barnhart","Barnhart"
"MO","bates city","Bates City"
"MO","battlefield","Battlefield"
"MO","bell city","Bell City"
"MO","bella villa","Bella Villa"
"MO","belle","Belle"
"MO","bellefontaine neighbors","Bellefontaine Neighbors"
"MO","bellerive acres","Bellerive Acres"
"MO","bellflower","Bellflower"
"MO","bel-nor","Bel-Nor"
"MO","bel-ridge","Bel-Ridge"
"MO","belton","Belton"
"MO","bennett springs","Bennett Springs"
"MO","bent tree harbor","Bent Tree Harbor"
"MO","benton","Benton"
"MO","benton city","Benton City"
"MO","berger","Berger"
"MO","berkeley","Berkeley"
"MO","bernie","Bernie"
"MO","bertrand","Bertrand"
"MO","bethany","Bethany"
"MO","bethel","Bethel"
"MO","beverly hills","Beverly Hills"
"MO","bevier","Bevier"
"MO","biehle","Biehle"
"MO","big lake","Big Lake"
"MO","big spring","Big Spring"
"MO","bigelow","Bigelow"
"MO","billings","Billings"
"MO","birch tree","Birch Tree"
"MO","birmingham","Birmingham"
"MO","bismarck","Bismarck"
"MO","black jack","Black Jack"
"MO","blackburn","Blackburn"
"MO","blackwater","Blackwater"
"MO","blairstown","Blairstown"
"MO","blanchard","Blanchard"
"MO","bland","Bland"
"MO","blodgett","Blodgett"
"MO","bloomfield","Bloomfield"
"MO","bloomsdale","Bloomsdale"
"MO","blue eye","Blue Eye"
"MO","blue springs","Blue Springs"
"MO","blue summit","Blue Summit"
"MO","blythedale","Blythedale"
"MO","bogard","Bogard"
"MO","bolckow","Bolckow"
"MO","bolivar","Bolivar"
"MO","bonne terre","Bonne Terre"
"MO","boonville","Boonville"
"MO","bosworth","Bosworth"
"MO","bourbon","Bourbon"
"MO","bowling green","Bowling Green"
"MO","bragg city","Bragg City"
"MO","brandsville","Brandsville"
"MO","branson","Branson"
"MO","branson west","Branson West"
"MO","brashear","Brashear"
"MO","braymer","Braymer"
"MO","breckenridge","Breckenridge"
"MO","breckenridge hills","Breckenridge Hills"
"MO","brentwood","Brentwood"
"MO","brewer","Brewer"
"MO","briarwood estates","Briarwood Estates"
"MO","bridgeton","Bridgeton"
"MO","brimson","Brimson"
"MO","bronaugh","Bronaugh"
"MO","brookfield","Brookfield"
"MO","brooklyn heights","Brooklyn Heights"
"MO","broseley","Broseley"
"MO","browning","Browning"
"MO","brownington","Brownington"
"MO","brumley","Brumley"
"MO","brunswick","Brunswick"
"MO","bucklin","Bucklin"
"MO","buckner","Buckner"
"MO","buell","Buell"
"MO","buffalo","Buffalo"
"MO","bull creek","Bull Creek"
"MO","bunceton","Bunceton"
"MO","bunker","Bunker"
"MO","burfordville","Burfordville"
"MO","burgess","Burgess"
"MO","burlington junction","Burlington Junction"
"MO","butler","Butler"
"MO","butterfield","Butterfield"
"MO","byrnes mill","Byrnes Mill"
"MO","cabool","Cabool"
"MO","cainsville","Cainsville"
"MO","cairo","Cairo"
"MO","caledonia","Caledonia"
"MO","calhoun","Calhoun"
"MO","california","California"
"MO","callao","Callao"
"MO","calverton park","Calverton Park"
"MO","camden","Camden"
"MO","camden point","Camden Point"
"MO","camdenton","Camdenton"
"MO","cameron","Cameron"
"MO","campbell","Campbell"
"MO","canalou","Canalou"
"MO","canton","Canton"
"MO","cape girardeau","Cape Girardeau"
"MO","cardwell","Cardwell"
"MO","carl junction","Carl Junction"
"MO","carrollton","Carrollton"
"MO","carterville","Carterville"
"MO","carthage","Carthage"
"MO","caruthersville","Caruthersville"
"MO","carytown","Carytown"
"MO","cassville","Cassville"
"MO","castle point","Castle Point"
"MO","catron","Catron"
"MO","cave","Cave"
"MO","cedar hill","Cedar Hill"
"MO","cedar hill lakes","Cedar Hill Lakes"
"MO","center","Center"
"MO","centertown","Centertown"
"MO","centerview","Centerview"
"MO","centerville","Centerville"
"MO","centralia","Centralia"
"MO","chaffee","Chaffee"
"MO","chain of rocks","Chain of Rocks"
"MO","chain-o-lakes","Chain-O-Lakes"
"MO","chamois","Chamois"
"MO","champ","Champ"
"MO","charlack","Charlack"
"MO","charleston","Charleston"
"MO","charmwood","Charmwood"
"MO","cherokee pass","Cherokee Pass"
"MO","chesapeake","Chesapeake"
"MO","chesterfield","Chesterfield"
"MO","chilhowee","Chilhowee"
"MO","chillicothe","Chillicothe"
"MO","chula","Chula"
"MO","clarence","Clarence"
"MO","clark","Clark"
"MO","clarksburg","Clarksburg"
"MO","clarksdale","Clarksdale"
"MO","clarkson valley","Clarkson Valley"
"MO","clarksville","Clarksville"
"MO","clarkton","Clarkton"
"MO","claycomo","Claycomo"
"MO","clayton","Clayton"
"MO","clearmont","Clearmont"
"MO","cleveland","Cleveland"
"MO","clever","Clever"
"MO","cliff village","Cliff Village"
"MO","clifton hill","Clifton Hill"
"MO","climax springs","Climax Springs"
"MO","clinton","Clinton"
"MO","clyde","Clyde"
"MO","cobalt","Cobalt"
"MO","coffey","Coffey"
"MO","cole camp","Cole Camp"
"MO","collins","Collins"
"MO","columbia","Columbia"
"MO","commerce","Commerce"
"MO","conception","Conception"
"MO","conception junction","Conception Junction"
"MO","concord","Concord"
"MO","concordia","Concordia"
"MO","coney island","Coney Island"
"MO","connelsville","Connelsville"
"MO","conway","Conway"
"MO","cool valley","Cool Valley"
"MO","cooter","Cooter"
"MO","corder","Corder"
"MO","corning","Corning"
"MO","cosby","Cosby"
"MO","cottleville","Cottleville"
"MO","country club","Country Club"
"MO","country club hills","Country Club Hills"
"MO","country life acres","Country Life Acres"
"MO","cowgill","Cowgill"
"MO","craig","Craig"
"MO","crane","Crane"
"MO","creighton","Creighton"
"MO","crestwood","Crestwood"
"MO","creve coeur","Creve Coeur"
"MO","crocker","Crocker"
"MO","cross timbers","Cross Timbers"
"MO","crystal city","Crystal City"
"MO","crystal lake park","Crystal Lake Park"
"MO","crystal lakes","Crystal Lakes"
"MO","cuba","Cuba"
"MO","curryville","Curryville"
"MO","dadeville","Dadeville"
"MO","dalton","Dalton"
"MO","danville","Danville"
"MO","dardenne prairie","Dardenne Prairie"
"MO","darlington","Darlington"
"MO","dawn","Dawn"
"MO","de kalb","De Kalb"
"MO","de soto","De Soto"
"MO","de witt","De Witt"
"MO","dearborn","Dearborn"
"MO","deepwater","Deepwater"
"MO","deerfield","Deerfield"
"MO","deering","Deering"
"MO","defiance","Defiance"
"MO","dellwood","Dellwood"
"MO","delta","Delta"
"MO","dennis acres","Dennis Acres"
"MO","denton","Denton"
"MO","denver","Denver"
"MO","des arc","Des Arc"
"MO","des peres","Des Peres"
"MO","desloge","Desloge"
"MO","dexter","Dexter"
"MO","diamond","Diamond"
"MO","diehlstadt","Diehlstadt"
"MO","diggins","Diggins"
"MO","dixon","Dixon"
"MO","doe run","Doe Run"
"MO","doniphan","Doniphan"
"MO","doolittle","Doolittle"
"MO","dover","Dover"
"MO","downing","Downing"
"MO","drexel","Drexel"
"MO","dudley","Dudley"
"MO","duenweg","Duenweg"
"MO","duquesne","Duquesne"
"MO","dutchtown","Dutchtown"
"MO","eagle rock","Eagle Rock"
"MO","eagleville","Eagleville"
"MO","east lynne","East Lynne"
"MO","east prairie","East Prairie"
"MO","easton","Easton"
"MO","edgar springs","Edgar Springs"
"MO","edgerton","Edgerton"
"MO","edina","Edina"
"MO","edinburg","Edinburg"
"MO","edmundson","Edmundson"
"MO","el dorado springs","El Dorado Springs"
"MO","eldon","Eldon"
"MO","ellington","Ellington"
"MO","ellisville","Ellisville"
"MO","ellsinore","Ellsinore"
"MO","elmer","Elmer"
"MO","elmira","Elmira"
"MO","elmo","Elmo"
"MO","elsberry","Elsberry"
"MO","emerald beach","Emerald Beach"
"MO","eminence","Eminence"
"MO","emma","Emma"
"MO","eolia","Eolia"
"MO","essex","Essex"
"MO","ethel","Ethel"
"MO","eugene","Eugene"
"MO","eureka","Eureka"
"MO","evergreen","Evergreen"
"MO","everton","Everton"
"MO","ewing","Ewing"
"MO","excello","Excello"
"MO","excelsior estates","Excelsior Estates"
"MO","excelsior springs","Excelsior Springs"
"MO","exeter","Exeter"
"MO","fair grove","Fair Grove"
"MO","fair play","Fair Play"
"MO","fairdealing","Fairdealing"
"MO","fairfax","Fairfax"
"MO","fairview","Fairview"
"MO","farber","Farber"
"MO","farley","Farley"
"MO","farmington","Farmington"
"MO","faucett","Faucett"
"MO","fayette","Fayette"
"MO","fenton","Fenton"
"MO","ferguson","Ferguson"
"MO","ferrelview","Ferrelview"
"MO","festus","Festus"
"MO","fidelity","Fidelity"
"MO","fillmore","Fillmore"
"MO","fisk","Fisk"
"MO","fleming","Fleming"
"MO","flemington","Flemington"
"MO","flint hill","Flint Hill"
"MO","flordell hills","Flordell Hills"
"MO","florida","Florida"
"MO","florissant","Florissant"
"MO","foley","Foley"
"MO","fordland","Fordland"
"MO","forest city","Forest City"
"MO","foristell","Foristell"
"MO","forsyth","Forsyth"
"MO","fort leonard wood","Fort Leonard Wood"
"MO","fortescue","Fortescue"
"MO","fortuna","Fortuna"
"MO","foster","Foster"
"MO","fountain n' lakes","Fountain N' Lakes"
"MO","frankclay","Frankclay"
"MO","frankford","Frankford"
"MO","franklin","Franklin"
"MO","fredericktown","Fredericktown"
"MO","freeburg","Freeburg"
"MO","freeman","Freeman"
"MO","freistatt","Freistatt"
"MO","fremont","Fremont"
"MO","fremont hills","Fremont Hills"
"MO","friedenswald","Friedenswald"
"MO","frisbee","Frisbee"
"MO","frohna","Frohna"
"MO","frontenac","Frontenac"
"MO","fulton","Fulton"
"MO","gainesville","Gainesville"
"MO","galena","Galena"
"MO","gallatin","Gallatin"
"MO","galt","Galt"
"MO","garden city","Garden City"
"MO","gasconade","Gasconade"
"MO","gentry","Gentry"
"MO","gerald","Gerald"
"MO","gerster","Gerster"
"MO","gibbs","Gibbs"
"MO","gideon","Gideon"
"MO","gilliam","Gilliam"
"MO","gilman city","Gilman City"
"MO","ginger blue","Ginger Blue"
"MO","gladstone","Gladstone"
"MO","glasgow","Glasgow"
"MO","glasgow village","Glasgow Village"
"MO","glen allen","Glen Allen"
"MO","glenaire","Glenaire"
"MO","glendale","Glendale"
"MO","glenwood","Glenwood"
"MO","golden","Golden"
"MO","golden city","Golden City"
"MO","goodman","Goodman"
"MO","goose creek lake","Goose Creek Lake"
"MO","gordonville","Gordonville"
"MO","goss","Goss"
"MO","gower","Gower"
"MO","graham","Graham"
"MO","grain valley","Grain Valley"
"MO","granby","Granby"
"MO","grand falls plaza","Grand Falls Plaza"
"MO","grand pass","Grand Pass"
"MO","grandin","Grandin"
"MO","grandview","Grandview"
"MO","granger","Granger"
"MO","grant city","Grant City"
"MO","grantwood village","Grantwood Village"
"MO","gravois mills","Gravois Mills"
"MO","gray summit","Gray Summit"
"MO","grayhawk","Grayhawk"
"MO","grayridge","Grayridge"
"MO","grayson","Grayson"
"MO","green castle","Green Castle"
"MO","green city","Green City"
"MO","green park","Green Park"
"MO","green ridge","Green Ridge"
"MO","greendale","Greendale"
"MO","greenfield","Greenfield"
"MO","greentop","Greentop"
"MO","greenville","Greenville"
"MO","greenwood","Greenwood"
"MO","grovespring","Grovespring"
"MO","guilford","Guilford"
"MO","gunn city","Gunn City"
"MO","hale","Hale"
"MO","halfway","Halfway"
"MO","hallsville","Hallsville"
"MO","halltown","Halltown"
"MO","hamilton","Hamilton"
"MO","hanley hills","Hanley Hills"
"MO","hannibal","Hannibal"
"MO","hardin","Hardin"
"MO","harris","Harris"
"MO","harrisburg","Harrisburg"
"MO","harrisonville","Harrisonville"
"MO","hartsburg","Hartsburg"
"MO","hartville","Hartville"
"MO","hartwell","Hartwell"
"MO","harviell","Harviell"
"MO","harwood","Harwood"
"MO","hawk point","Hawk Point"
"MO","hayti","Hayti"
"MO","hayti heights","Hayti Heights"
"MO","hayward","Hayward"
"MO","haywood city","Haywood City"
"MO","hazelwood","Hazelwood"
"MO","henrietta","Henrietta"
"MO","herculaneum","Herculaneum"
"MO","hermann","Hermann"
"MO","hermitage","Hermitage"
"MO","higbee","Higbee"
"MO","higginsville","Higginsville"
"MO","high hill","High Hill"
"MO","high ridge","High Ridge"
"MO","highlandville","Highlandville"
"MO","hillsboro","Hillsboro"
"MO","hillsdale","Hillsdale"
"MO","hoberg","Hoberg"
"MO","holcomb","Holcomb"
"MO","holden","Holden"
"MO","holland","Holland"
"MO","holliday","Holliday"
"MO","hollister","Hollister"
"MO","hollywood","Hollywood"
"MO","holt","Holt"
"MO","holts summit","Holts Summit"
"MO","homestead","Homestead"
"MO","homestown","Homestown"
"MO","hopkins","Hopkins"
"MO","horine","Horine"
"MO","hornersville","Hornersville"
"MO","houston","Houston"
"MO","houston lake","Houston Lake"
"MO","houstonia","Houstonia"
"MO","howardville","Howardville"
"MO","hughesville","Hughesville"
"MO","humansville","Humansville"
"MO","hume","Hume"
"MO","humphreys","Humphreys"
"MO","hunnewell","Hunnewell"
"MO","hunter","Hunter"
"MO","huntleigh","Huntleigh"
"MO","huntsdale","Huntsdale"
"MO","huntsville","Huntsville"
"MO","hurdland","Hurdland"
"MO","hurley","Hurley"
"MO","iantha","Iantha"
"MO","iatan","Iatan"
"MO","iberia","Iberia"
"MO","imperial","Imperial"
"MO","independence","Independence"
"MO","indian lake","Indian Lake"
"MO","indian point","Indian Point"
"MO","innsbrook","Innsbrook"
"MO","ionia","Ionia"
"MO","irena","Irena"
"MO","iron mountain lake","Iron Mountain Lake"
"MO","irondale","Irondale"
"MO","ironton","Ironton"
"MO","irwin","Irwin"
"MO","jackson","Jackson"
"MO","jacksonville","Jacksonville"
"MO","jameson","Jameson"
"MO","jamesport","Jamesport"
"MO","jamestown","Jamestown"
"MO","jane","Jane"
"MO","jasper","Jasper"
"MO","jefferson city","Jefferson City"
"MO","jennings","Jennings"
"MO","jerico springs","Jerico Springs"
"MO","jonesburg","Jonesburg"
"MO","joplin","Joplin"
"MO","josephville","Josephville"
"MO","junction city","Junction City"
"MO","kahoka","Kahoka"
"MO","kansas city","Kansas City"
"MO","kearney","Kearney"
"MO","kelso","Kelso"
"MO","kennett","Kennett"
"MO","keytesville","Keytesville"
"MO","kidder","Kidder"
"MO","kimberling city","Kimberling City"
"MO","kimmswick","Kimmswick"
"MO","king city","King City"
"MO","kingdom city","Kingdom City"
"MO","kingston","Kingston"
"MO","kingsville","Kingsville"
"MO","kinloch","Kinloch"
"MO","kirbyville","Kirbyville"
"MO","kirksville","Kirksville"
"MO","kirkwood","Kirkwood"
"MO","kissee mills","Kissee Mills"
"MO","knob lick","Knob Lick"
"MO","knob noster","Knob Noster"
"MO","knox city","Knox City"
"MO","koshkonong","Koshkonong"
"MO","la belle","La Belle"
"MO","la due","La Due"
"MO","la grange","La Grange"
"MO","la monte","La Monte"
"MO","la plata","La Plata"
"MO","la russell","La Russell"
"MO","la tour","La Tour"
"MO","labarque creek","LaBarque Creek"
"MO","laclede","Laclede"
"MO","laddonia","Laddonia"
"MO","ladue","Ladue"
"MO","lake annette","Lake Annette"
"MO","lake arrowhead","Lake Arrowhead"
"MO","lake lafayette","Lake Lafayette"
"MO","lake lotawana","Lake Lotawana"
"MO","lake ozark","Lake Ozark"
"MO","lake st. clair","Lake St. Clair"
"MO","lake st. louis","Lake St. Louis"
"MO","lake tapawingo","Lake Tapawingo"
"MO","lake tekakwitha","Lake Tekakwitha"
"MO","lake timberline","Lake Timberline"
"MO","lake viking","Lake Viking"
"MO","lake waukomis","Lake Waukomis"
"MO","lake winnebago","Lake Winnebago"
"MO","lakeshire","Lakeshire"
"MO","lakeside","Lakeside"
"MO","lamar","Lamar"
"MO","lamar heights","Lamar Heights"
"MO","lambert","Lambert"
"MO","lanagan","Lanagan"
"MO","lancaster","Lancaster"
"MO","laredo","Laredo"
"MO","latham","Latham"
"MO","lathrop","Lathrop"
"MO","laurie","Laurie"
"MO","lawson","Lawson"
"MO","leadington","Leadington"
"MO","leadwood","Leadwood"
"MO","leasburg","Leasburg"
"MO","leawood","Leawood"
"MO","lebanon","Lebanon"
"MO","lee's summit","Lee's Summit"
"MO","leeton","Leeton"
"MO","leisure lake","Leisure Lake"
"MO","lemay","Lemay"
"MO","leonard","Leonard"
"MO","leslie","Leslie"
"MO","levasy","Levasy"
"MO","lewis and clark village","Lewis and Clark Village"
"MO","lewistown","Lewistown"
"MO","lexington","Lexington"
"MO","liberal","Liberal"
"MO","liberty","Liberty"
"MO","licking","Licking"
"MO","lilbourn","Lilbourn"
"MO","lincoln","Lincoln"
"MO","linn","Linn"
"MO","linn creek","Linn Creek"
"MO","linneus","Linneus"
"MO","lithium","Lithium"
"MO","livonia","Livonia"
"MO","loch lloyd","Loch Lloyd"
"MO","lock springs","Lock Springs"
"MO","lockwood","Lockwood"
"MO","lohman","Lohman"
"MO","loma linda","Loma Linda"
"MO","lone jack","Lone Jack"
"MO","longtown","Longtown"
"MO","louisburg","Louisburg"
"MO","louisiana","Louisiana"
"MO","lowry city","Lowry City"
"MO","lucerne","Lucerne"
"MO","ludlow","Ludlow"
"MO","lupus","Lupus"
"MO","luray","Luray"
"MO","macks creek","Macks Creek"
"MO","macon","Macon"
"MO","madison","Madison"
"MO","maitland","Maitland"
"MO","malden","Malden"
"MO","malta bend","Malta Bend"
"MO","manchester","Manchester"
"MO","mansfield","Mansfield"
"MO","maplewood","Maplewood"
"MO","marble hill","Marble Hill"
"MO","marceline","Marceline"
"MO","marionville","Marionville"
"MO","marlborough","Marlborough"
"MO","marquand","Marquand"
"MO","marshall","Marshall"
"MO","marshfield","Marshfield"
"MO","marston","Marston"
"MO","marthasville","Marthasville"
"MO","martinsburg","Martinsburg"
"MO","maryland heights","Maryland Heights"
"MO","maryville","Maryville"
"MO","matthews","Matthews"
"MO","maysville","Maysville"
"MO","mayview","Mayview"
"MO","mcbaine","McBaine"
"MO","mccord bend","McCord Bend"
"MO","mcfall","McFall"
"MO","mckittrick","McKittrick"
"MO","meadville","Meadville"
"MO","medill","Medill"
"MO","mehlville","Mehlville"
"MO","memphis","Memphis"
"MO","mendon","Mendon"
"MO","mercer","Mercer"
"MO","merriam woods","Merriam Woods"
"MO","merwin","Merwin"
"MO","meta","Meta"
"MO","metz","Metz"
"MO","mexico","Mexico"
"MO","miami","Miami"
"MO","middle grove","Middle Grove"
"MO","middletown","Middletown"
"MO","milan","Milan"
"MO","milford","Milford"
"MO","mill spring","Mill Spring"
"MO","millard","Millard"
"MO","miller","Miller"
"MO","millersville","Millersville"
"MO","milo","Milo"
"MO","mindenmines","Mindenmines"
"MO","mine la motte","Mine La Motte"
"MO","miner","Miner"
"MO","mineral point","Mineral Point"
"MO","miramiguoa park","Miramiguoa Park"
"MO","missouri city","Missouri City"
"MO","moberly","Moberly"
"MO","mokane","Mokane"
"MO","moline acres","Moline Acres"
"MO","monett","Monett"
"MO","monroe city","Monroe City"
"MO","montgomery city","Montgomery City"
"MO","monticello","Monticello"
"MO","montier","Montier"
"MO","montreal","Montreal"
"MO","montrose","Montrose"
"MO","mooresville","Mooresville"
"MO","morehouse","Morehouse"
"MO","morley","Morley"
"MO","morrison","Morrison"
"MO","morrisville","Morrisville"
"MO","mosby","Mosby"
"MO","moscow mills","Moscow Mills"
"MO","mound city","Mound City"
"MO","moundville","Moundville"
"MO","mount leonard","Mount Leonard"
"MO","mount moriah","Mount Moriah"
"MO","mount vernon","Mount Vernon"
"MO","mountain grove","Mountain Grove"
"MO","mountain view","Mountain View"
"MO","murphy","Murphy"
"MO","napoleon","Napoleon"
"MO","naylor","Naylor"
"MO","neck city","Neck City"
"MO","neelyville","Neelyville"
"MO","nelson","Nelson"
"MO","neosho","Neosho"
"MO","nevada","Nevada"
"MO","new bloomfield","New Bloomfield"
"MO","new cambria","New Cambria"
"MO","new florence","New Florence"
"MO","new franklin","New Franklin"
"MO","new hamburg","New Hamburg"
"MO","new hampton","New Hampton"
"MO","new haven","New Haven"
"MO","new london","New London"
"MO","new madrid","New Madrid"
"MO","new market","New Market"
"MO","new melle","New Melle"
"MO","new wells","New Wells"
"MO","newark","Newark"
"MO","newburg","Newburg"
"MO","newtonia","Newtonia"
"MO","newtown","Newtown"
"MO","niangua","Niangua"
"MO","nixa","Nixa"
"MO","noel","Noel"
"MO","norborne","Norborne"
"MO","normandy","Normandy"
"MO","north kansas city","North Kansas City"
"MO","north lilbourn","North Lilbourn"
"MO","northmoor","Northmoor"
"MO","northwoods","Northwoods"
"MO","norwood","Norwood"
"MO","norwood court","Norwood Court"
"MO","novelty","Novelty"
"MO","novinger","Novinger"
"MO","oak grove","Oak Grove"
"MO","oak grove village","Oak Grove Village"
"MO","oak ridge","Oak Ridge"
"MO","oakland","Oakland"
"MO","oaks","Oaks"
"MO","oakview","Oakview"
"MO","oakville","Oakville"
"MO","oakwood","Oakwood"
"MO","oakwood park","Oakwood Park"
"MO","odessa","Odessa"
"MO","o'fallon","O'Fallon"
"MO","old appleton","Old Appleton"
"MO","old jamestown","Old Jamestown"
"MO","old monroe","Old Monroe"
"MO","olean","Olean"
"MO","olivette","Olivette"
"MO","olympian village","Olympian Village"
"MO","oran","Oran"
"MO","oregon","Oregon"
"MO","oronogo","Oronogo"
"MO","orrick","Orrick"
"MO","osage beach","Osage Beach"
"MO","osborn","Osborn"
"MO","osceola","Osceola"
"MO","osgood","Osgood"
"MO","otterville","Otterville"
"MO","overland","Overland"
"MO","owensville","Owensville"
"MO","oxly","Oxly"
"MO","ozark","Ozark"
"MO","ozora","Ozora"
"MO","pacific","Pacific"
"MO","pagedale","Pagedale"
"MO","palmyra","Palmyra"
"MO","paradise","Paradise"
"MO","paris","Paris"
"MO","park hills","Park Hills"
"MO","parkdale","Parkdale"
"MO","parkville","Parkville"
"MO","parkway","Parkway"
"MO","parma","Parma"
"MO","parnell","Parnell"
"MO","pasadena hills","Pasadena Hills"
"MO","pasadena park","Pasadena Park"
"MO","pascola","Pascola"
"MO","passaic","Passaic"
"MO","pattonsburg","Pattonsburg"
"MO","paynesville","Paynesville"
"MO","peaceful village","Peaceful Village"
"MO","peculiar","Peculiar"
"MO","pendleton","Pendleton"
"MO","penermon","Penermon"
"MO","perkins","Perkins"
"MO","perry","Perry"
"MO","perryville","Perryville"
"MO","pevely","Pevely"
"MO","phelps city","Phelps City"
"MO","philadelphia","Philadelphia"
"MO","phillipsburg","Phillipsburg"
"MO","pickering","Pickering"
"MO","piedmont","Piedmont"
"MO","pierce city","Pierce City"
"MO","pierpont","Pierpont"
"MO","pilot grove","Pilot Grove"
"MO","pilot knob","Pilot Knob"
"MO","pine lawn","Pine Lawn"
"MO","pineville","Pineville"
"MO","pinhook","Pinhook"
"MO","plato","Plato"
"MO","platte city","Platte City"
"MO","platte woods","Platte Woods"
"MO","plattsburg","Plattsburg"
"MO","pleasant hill","Pleasant Hill"
"MO","pleasant hope","Pleasant Hope"
"MO","pleasant valley","Pleasant Valley"
"MO","plevna","Plevna"
"MO","pocahontas","Pocahontas"
"MO","pollock","Pollock"
"MO","polo","Polo"
"MO","pomona","Pomona"
"MO","pontiac","Pontiac"
"MO","poplar bluff","Poplar Bluff"
"MO","portage des sioux","Portage Des Sioux"
"MO","portageville","Portageville"
"MO","potosi","Potosi"
"MO","powersville","Powersville"
"MO","prairie hill","Prairie Hill"
"MO","prairie home","Prairie Home"
"MO","prathersville","Prathersville"
"MO","preston","Preston"
"MO","princeton","Princeton"
"MO","purcell","Purcell"
"MO","purdin","Purdin"
"MO","purdy","Purdy"
"MO","puxico","Puxico"
"MO","queen city","Queen City"
"MO","quitman","Quitman"
"MO","qulin","Qulin"
"MO","raintree plantation","Raintree Plantation"
"MO","randolph","Randolph"
"MO","ravanna","Ravanna"
"MO","ravenwood","Ravenwood"
"MO","raymondville","Raymondville"
"MO","raymore","Raymore"
"MO","raytown","Raytown"
"MO","rayville","Rayville"
"MO","rea","Rea"
"MO","redings mill","Redings Mill"
"MO","reeds","Reeds"
"MO","reeds spring","Reeds Spring"
"MO","renick","Renick"
"MO","rensselaer","Rensselaer"
"MO","republic","Republic"
"MO","revere","Revere"
"MO","rhineland","Rhineland"
"MO","rich hill","Rich Hill"
"MO","richards","Richards"
"MO","richland","Richland"
"MO","richmond","Richmond"
"MO","richmond heights","Richmond Heights"
"MO","ridgely","Ridgely"
"MO","ridgeway","Ridgeway"
"MO","risco","Risco"
"MO","ritchey","Ritchey"
"MO","river bend","River Bend"
"MO","riverside","Riverside"
"MO","riverview","Riverview"
"MO","riverview estates","Riverview Estates"
"MO","rives","Rives"
"MO","rocheport","Rocheport"
"MO","rock hill","Rock Hill"
"MO","rock port","Rock Port"
"MO","rockaway beach","Rockaway Beach"
"MO","rockville","Rockville"
"MO","rocky comfort","Rocky Comfort"
"MO","rogersville","Rogersville"
"MO","rolla","Rolla"
"MO","roscoe","Roscoe"
"MO","rosebud","Rosebud"
"MO","rosendale","Rosendale"
"MO","rothville","Rothville"
"MO","rush hill","Rush Hill"
"MO","rushville","Rushville"
"MO","russellville","Russellville"
"MO","rutledge","Rutledge"
"MO","saddlebrooke","Saddlebrooke"
"MO","saginaw","Saginaw"
"MO","salem","Salem"
"MO","salisbury","Salisbury"
"MO","sappington","Sappington"
"MO","sarcoxie","Sarcoxie"
"MO","savannah","Savannah"
"MO","saverton","Saverton"
"MO","schell city","Schell City"
"MO","scotsdale","Scotsdale"
"MO","scott city","Scott City"
"MO","sedalia","Sedalia"
"MO","sedgewickville","Sedgewickville"
"MO","seligman","Seligman"
"MO","senath","Senath"
"MO","seneca","Seneca"
"MO","seymour","Seymour"
"MO","shakertowne","Shakertowne"
"MO","shawneetown","Shawneetown"
"MO","shelbina","Shelbina"
"MO","shelbyville","Shelbyville"
"MO","sheldon","Sheldon"
"MO","shell knob","Shell Knob"
"MO","sheridan","Sheridan"
"MO","shoal creek drive","Shoal Creek Drive"
"MO","shoal creek estates","Shoal Creek Estates"
"MO","shrewsbury","Shrewsbury"
"MO","sibley","Sibley"
"MO","sikeston","Sikeston"
"MO","silex","Silex"
"MO","skidmore","Skidmore"
"MO","slater","Slater"
"MO","smithton","Smithton"
"MO","smithville","Smithville"
"MO","south fork","South Fork"
"MO","south gifford","South Gifford"
"MO","south gorin","South Gorin"
"MO","south greenfield","South Greenfield"
"MO","south lineville","South Lineville"
"MO","southwest city","Southwest City"
"MO","spanish lake","Spanish Lake"
"MO","sparta","Sparta"
"MO","spickard","Spickard"
"MO","spokane","Spokane"
"MO","springfield","Springfield"
"MO","st. ann","St. Ann"
"MO","st. catharine","St. Catharine"
"MO","st. charles","St. Charles"
"MO","st. clair","St. Clair"
"MO","st. clement","St. Clement"
"MO","st. cloud","St. Cloud"
"MO","st. elizabeth","St. Elizabeth"
"MO","st. francisville","St. Francisville"
"MO","st. george","St. George"
"MO","st. james","St. James"
"MO","st. john","St. John"
"MO","st. joseph","St. Joseph"
"MO","st. louis","St. Louis"
"MO","st. martins","St. Martins"
"MO","st. mary","St. Mary"
"MO","st. paul","St. Paul"
"MO","st. peters","St. Peters"
"MO","st. robert","St. Robert"
"MO","st. thomas","St. Thomas"
"MO","stanberry","Stanberry"
"MO","stanton","Stanton"
"MO","stark city","Stark City"
"MO","ste. genevieve","Ste. Genevieve"
"MO","steele","Steele"
"MO","steelville","Steelville"
"MO","stella","Stella"
"MO","stewartsville","Stewartsville"
"MO","stockton","Stockton"
"MO","stotesbury","Stotesbury"
"MO","stotts city","Stotts City"
"MO","stoutland","Stoutland"
"MO","stoutsville","Stoutsville"
"MO","stover","Stover"
"MO","strafford","Strafford"
"MO","strasburg","Strasburg"
"MO","sturgeon","Sturgeon"
"MO","sugar creek","Sugar Creek"
"MO","sullivan","Sullivan"
"MO","summer set","Summer Set"
"MO","summersville","Summersville"
"MO","sumner","Sumner"
"MO","sundown","Sundown"
"MO","sunrise beach","Sunrise Beach"
"MO","sunset hills","Sunset Hills"
"MO","sweet springs","Sweet Springs"
"MO","sycamore hills","Sycamore Hills"
"MO","syracuse","Syracuse"
"MO","tallapoosa","Tallapoosa"
"MO","taneyville","Taneyville"
"MO","taos","Taos"
"MO","tarkio","Tarkio"
"MO","tarrants","Tarrants"
"MO","tarsney lakes","Tarsney Lakes"
"MO","tebbetts","Tebbetts"
"MO","terre du lac","Terre du Lac"
"MO","thayer","Thayer"
"MO","theodosia","Theodosia"
"MO","thomasville","Thomasville"
"MO","three creeks","Three Creeks"
"MO","tightwad","Tightwad"
"MO","tina","Tina"
"MO","tindall","Tindall"
"MO","tipton","Tipton"
"MO","town and country","Town and Country"
"MO","tracy","Tracy"
"MO","trenton","Trenton"
"MO","trimble","Trimble"
"MO","triplett","Triplett"
"MO","troy","Troy"
"MO","truesdale","Truesdale"
"MO","truxton","Truxton"
"MO","turney","Turney"
"MO","tuscumbia","Tuscumbia"
"MO","twin oaks","Twin Oaks"
"MO","umber view heights","Umber View Heights"
"MO","union","Union"
"MO","union star","Union Star"
"MO","unionville","Unionville"
"MO","unity village","Unity Village"
"MO","university city","University City"
"MO","uplands park","Uplands Park"
"MO","urbana","Urbana"
"MO","urich","Urich"
"MO","utica","Utica"
"MO","valley park","Valley Park"
"MO","van buren","Van Buren"
"MO","vandalia","Vandalia"
"MO","vandiver","Vandiver"
"MO","vanduser","Vanduser"
"MO","velda city","Velda City"
"MO","velda village hills","Velda Village Hills"
"MO","verona","Verona"
"MO","versailles","Versailles"
"MO","vibbard","Vibbard"
"MO","viburnum","Viburnum"
"MO","vienna","Vienna"
"MO","villa ridge","Villa Ridge"
"MO","village of four seasons","Village of Four Seasons"
"MO","vinita park","Vinita Park"
"MO","vista","Vista"
"MO","waco","Waco"
"MO","walker","Walker"
"MO","walnut grove","Walnut Grove"
"MO","wardell","Wardell"
"MO","wardsville","Wardsville"
"MO","warrensburg","Warrensburg"
"MO","warrenton","Warrenton"
"MO","warsaw","Warsaw"
"MO","warson woods","Warson Woods"
"MO","washburn","Washburn"
"MO","washington","Washington"
"MO","wasola","Wasola"
"MO","watson","Watson"
"MO","waverly","Waverly"
"MO","wayland","Wayland"
"MO","waynesville","Waynesville"
"MO","weatherby","Weatherby"
"MO","weatherby lake","Weatherby Lake"
"MO","weaubleau","Weaubleau"
"MO","webb city","Webb City"
"MO","webster groves","Webster Groves"
"MO","weingarten","Weingarten"
"MO","weldon spring","Weldon Spring"
"MO","weldon spring heights","Weldon Spring Heights"
"MO","wellington","Wellington"
"MO","wellston","Wellston"
"MO","wellsville","Wellsville"
"MO","wentworth","Wentworth"
"MO","wentzville","Wentzville"
"MO","west alton","West Alton"
"MO","west line","West Line"
"MO","west plains","West Plains"
"MO","west sullivan","West Sullivan"
"MO","westboro","Westboro"
"MO","weston","Weston"
"MO","westphalia","Westphalia"
"MO","westwood","Westwood"
"MO","wheatland","Wheatland"
"MO","wheaton","Wheaton"
"MO","wheeling","Wheeling"
"MO","white branch","White Branch"
"MO","white oak","White Oak"
"MO","whiteman afb","Whiteman AFB"
"MO","whiteside","Whiteside"
"MO","whitewater","Whitewater"
"MO","whiting","Whiting"
"MO","wilbur park","Wilbur Park"
"MO","wildwood","Wildwood"
"MO","willard","Willard"
"MO","williamstown","Williamstown"
"MO","williamsville","Williamsville"
"MO","willow springs","Willow Springs"
"MO","wilson city","Wilson City"
"MO","winchester","Winchester"
"MO","windsor","Windsor"
"MO","windsor place","Windsor Place"
"MO","winfield","Winfield"
"MO","winigan","Winigan"
"MO","winona","Winona"
"MO","winston","Winston"
"MO","wood heights","Wood Heights"
"MO","woodson terrace","Woodson Terrace"
"MO","wooldridge","Wooldridge"
"MO","worth","Worth"
"MO","wortham","Wortham"
"MO","worthington","Worthington"
"MO","wright city","Wright City"
"MO","wyaconda","Wyaconda"
"MO","wyatt","Wyatt"
"MO","zalma","Zalma"
"MS","abbeville","Abbeville"
"MS","aberdeen","Aberdeen"
"MS","ackerman","Ackerman"
"MS","agricola","Agricola"
"MS","alcorn state university","Alcorn State University"
"MS","algoma","Algoma"
"MS","alligator","Alligator"
"MS","amory","Amory"
"MS","anguilla","Anguilla"
"MS","arcola","Arcola"
"MS","arkabutla","Arkabutla"
"MS","arnold line","Arnold Line"
"MS","artesia","Artesia"
"MS","ashland","Ashland"
"MS","austin","Austin"
"MS","baldwyn","Baldwyn"
"MS","bassfield","Bassfield"
"MS","batesville","Batesville"
"MS","baxterville","Baxterville"
"MS","bay springs","Bay Springs"
"MS","bay st. louis","Bay St. Louis"
"MS","beaumont","Beaumont"
"MS","beauregard","Beauregard"
"MS","beechwood","Beechwood"
"MS","belmont","Belmont"
"MS","belzoni","Belzoni"
"MS","benndale","Benndale"
"MS","benoit","Benoit"
"MS","benton","Benton"
"MS","bentonia","Bentonia"
"MS","bethlehem","Bethlehem"
"MS","beulah","Beulah"
"MS","big creek","Big Creek"
"MS","big point","Big Point"
"MS","biggersville","Biggersville"
"MS","biloxi","Biloxi"
"MS","blue mountain","Blue Mountain"
"MS","blue springs","Blue Springs"
"MS","bobo","Bobo"
"MS","bogue chitto","Bogue Chitto"
"MS","bolivar","Bolivar"
"MS","bolton","Bolton"
"MS","bond","Bond"
"MS","booneville","Booneville"
"MS","bovina","Bovina"
"MS","boyle","Boyle"
"MS","brandon","Brandon"
"MS","braxton","Braxton"
"MS","bridgetown","Bridgetown"
"MS","brookhaven","Brookhaven"
"MS","brooksville","Brooksville"
"MS","bruce","Bruce"
"MS","buckatunna","Buckatunna"
"MS","bude","Bude"
"MS","burnsville","Burnsville"
"MS","byhalia","Byhalia"
"MS","byram","Byram"
"MS","caledonia","Caledonia"
"MS","calhoun city","Calhoun City"
"MS","canton","Canton"
"MS","carrollton","Carrollton"
"MS","carthage","Carthage"
"MS","cary","Cary"
"MS","centreville","Centreville"
"MS","chalybeate","Chalybeate"
"MS","charleston","Charleston"
"MS","chunky","Chunky"
"MS","clara","Clara"
"MS","clarksdale","Clarksdale"
"MS","cleary","Cleary"
"MS","cleveland","Cleveland"
"MS","clinton","Clinton"
"MS","cloverdale","Cloverdale"
"MS","coahoma","Coahoma"
"MS","coffeeville","Coffeeville"
"MS","coldwater","Coldwater"
"MS","collins","Collins"
"MS","collinsville","Collinsville"
"MS","columbia","Columbia"
"MS","columbus","Columbus"
"MS","columbus afb","Columbus AFB"
"MS","como","Como"
"MS","conehatta","Conehatta"
"MS","corinth","Corinth"
"MS","courtland","Courtland"
"MS","crawford","Crawford"
"MS","crenshaw","Crenshaw"
"MS","crosby","Crosby"
"MS","crowder","Crowder"
"MS","cruger","Cruger"
"MS","crystal springs","Crystal Springs"
"MS","darling","Darling"
"MS","de kalb","De Kalb"
"MS","de soto","De Soto"
"MS","decatur","Decatur"
"MS","delisle","DeLisle"
"MS","delta city","Delta City"
"MS","dennis","Dennis"
"MS","derma","Derma"
"MS","diamondhead","Diamondhead"
"MS","d'iberville","D'Iberville"
"MS","d'lo","D'Lo"
"MS","doddsville","Doddsville"
"MS","drew","Drew"
"MS","dublin","Dublin"
"MS","duck hill","Duck Hill"
"MS","dumas","Dumas"
"MS","duncan","Duncan"
"MS","dundee","Dundee"
"MS","durant","Durant"
"MS","eagle bend","Eagle Bend"
"MS","eastabuchie","Eastabuchie"
"MS","ecru","Ecru"
"MS","eden","Eden"
"MS","edwards","Edwards"
"MS","elizabeth","Elizabeth"
"MS","elliott","Elliott"
"MS","ellisville","Ellisville"
"MS","enterprise","Enterprise"
"MS","escatawpa","Escatawpa"
"MS","ethel","Ethel"
"MS","eudora","Eudora"
"MS","eupora","Eupora"
"MS","falcon","Falcon"
"MS","falkner","Falkner"
"MS","farmington","Farmington"
"MS","farrell","Farrell"
"MS","fayette","Fayette"
"MS","fernwood","Fernwood"
"MS","flora","Flora"
"MS","florence","Florence"
"MS","flowood","Flowood"
"MS","forest","Forest"
"MS","foxworth","Foxworth"
"MS","french camp","French Camp"
"MS","friars point","Friars Point"
"MS","fulton","Fulton"
"MS","gattman","Gattman"
"MS","gautier","Gautier"
"MS","georgetown","Georgetown"
"MS","glen","Glen"
"MS","glen allan","Glen Allan"
"MS","glendale","Glendale"
"MS","glendora","Glendora"
"MS","gloster","Gloster"
"MS","gluckstadt","Gluckstadt"
"MS","golden","Golden"
"MS","goodman","Goodman"
"MS","grace","Grace"
"MS","greenville","Greenville"
"MS","greenwood","Greenwood"
"MS","grenada","Grenada"
"MS","gulf hills","Gulf Hills"
"MS","gulf park estates","Gulf Park Estates"
"MS","gulfport","Gulfport"
"MS","gunnison","Gunnison"
"MS","guntown","Guntown"
"MS","hamilton","Hamilton"
"MS","harperville","Harperville"
"MS","hatley","Hatley"
"MS","hattiesburg","Hattiesburg"
"MS","hazlehurst","Hazlehurst"
"MS","heidelberg","Heidelberg"
"MS","helena","Helena"
"MS","henderson point","Henderson Point"
"MS","hermanville","Hermanville"
"MS","hernando","Hernando"
"MS","hickory","Hickory"
"MS","hickory flat","Hickory Flat"
"MS","hide-a-way lake","Hide-A-Way Lake"
"MS","hillsboro","Hillsboro"
"MS","holcomb","Holcomb"
"MS","hollandale","Hollandale"
"MS","holly springs","Holly Springs"
"MS","horn lake","Horn Lake"
"MS","houston","Houston"
"MS","hurley","Hurley"
"MS","independence","Independence"
"MS","indianola","Indianola"
"MS","inverness","Inverness"
"MS","isola","Isola"
"MS","itta bena","Itta Bena"
"MS","iuka","Iuka"
"MS","jacinto","Jacinto"
"MS","jackson","Jackson"
"MS","jonestown","Jonestown"
"MS","jumpertown","Jumpertown"
"MS","kearney park","Kearney Park"
"MS","kilmichael","Kilmichael"
"MS","kiln","Kiln"
"MS","kirkville","Kirkville"
"MS","kokomo","Kokomo"
"MS","kosciusko","Kosciusko"
"MS","kossuth","Kossuth"
"MS","lake","Lake"
"MS","lakeview","Lakeview"
"MS","lamar","Lamar"
"MS","lambert","Lambert"
"MS","latimer","Latimer"
"MS","lauderdale","Lauderdale"
"MS","laurel","Laurel"
"MS","leaf","Leaf"
"MS","leakesville","Leakesville"
"MS","learned","Learned"
"MS","leland","Leland"
"MS","lena","Lena"
"MS","lexington","Lexington"
"MS","liberty","Liberty"
"MS","long beach","Long Beach"
"MS","longview","Longview"
"MS","louin","Louin"
"MS","louise","Louise"
"MS","louisville","Louisville"
"MS","lucedale","Lucedale"
"MS","lula","Lula"
"MS","lumberton","Lumberton"
"MS","lyman","Lyman"
"MS","lynchburg","Lynchburg"
"MS","lyon","Lyon"
"MS","maben","Maben"
"MS","macon","Macon"
"MS","madison","Madison"
"MS","magee","Magee"
"MS","magnolia","Magnolia"
"MS","mantachie","Mantachie"
"MS","mantee","Mantee"
"MS","marietta","Marietta"
"MS","marion","Marion"
"MS","marks","Marks"
"MS","mathiston","Mathiston"
"MS","mayersville","Mayersville"
"MS","mccomb","McComb"
"MS","mccool","McCool"
"MS","mclain","McLain"
"MS","meadville","Meadville"
"MS","mendenhall","Mendenhall"
"MS","meridian","Meridian"
"MS","meridian station","Meridian Station"
"MS","merigold","Merigold"
"MS","metcalfe","Metcalfe"
"MS","mississippi state","Mississippi State"
"MS","mississippi valley state university","Mississippi Valley State University"
"MS","mize","Mize"
"MS","monticello","Monticello"
"MS","montrose","Montrose"
"MS","mooreville","Mooreville"
"MS","moorhead","Moorhead"
"MS","morgan city","Morgan City"
"MS","morgantown","Morgantown"
"MS","morton","Morton"
"MS","moselle","Moselle"
"MS","moss point","Moss Point"
"MS","mound bayou","Mound Bayou"
"MS","mount olive","Mount Olive"
"MS","mount pleasant","Mount Pleasant"
"MS","myrtle","Myrtle"
"MS","natchez","Natchez"
"MS","nellieburg","Nellieburg"
"MS","nettleton","Nettleton"
"MS","new albany","New Albany"
"MS","new augusta","New Augusta"
"MS","new hamilton","New Hamilton"
"MS","new hebron","New Hebron"
"MS","new hope","New Hope"
"MS","new houlka","New Houlka"
"MS","new site","New Site"
"MS","newton","Newton"
"MS","nicholson","Nicholson"
"MS","nitta yuma","Nitta Yuma"
"MS","north carrollton","North Carrollton"
"MS","north tunica","North Tunica"
"MS","noxapater","Noxapater"
"MS","oak grove","Oak Grove"
"MS","oakland","Oakland"
"MS","ocean springs","Ocean Springs"
"MS","okolona","Okolona"
"MS","olive branch","Olive Branch"
"MS","osyka","Osyka"
"MS","ovett","Ovett"
"MS","oxford","Oxford"
"MS","pace","Pace"
"MS","pachuta","Pachuta"
"MS","paden","Paden"
"MS","panther burn","Panther Burn"
"MS","paris","Paris"
"MS","pascagoula","Pascagoula"
"MS","pass christian","Pass Christian"
"MS","pattison","Pattison"
"MS","pearl","Pearl"
"MS","pearl river","Pearl River"
"MS","pearlington","Pearlington"
"MS","pelahatchie","Pelahatchie"
"MS","petal","Petal"
"MS","pheba","Pheba"
"MS","philadelphia","Philadelphia"
"MS","picayune","Picayune"
"MS","pickens","Pickens"
"MS","pittsboro","Pittsboro"
"MS","plantersville","Plantersville"
"MS","polkville","Polkville"
"MS","pontotoc","Pontotoc"
"MS","pope","Pope"
"MS","poplarville","Poplarville"
"MS","port gibson","Port Gibson"
"MS","porterville","Porterville"
"MS","potts camp","Potts Camp"
"MS","prentiss","Prentiss"
"MS","puckett","Puckett"
"MS","purvis","Purvis"
"MS","quitman","Quitman"
"MS","raleigh","Raleigh"
"MS","randolph","Randolph"
"MS","rawls springs","Rawls Springs"
"MS","raymond","Raymond"
"MS","red banks","Red Banks"
"MS","redwater","Redwater"
"MS","redwood","Redwood"
"MS","rena lara","Rena Lara"
"MS","renova","Renova"
"MS","richland","Richland"
"MS","richton","Richton"
"MS","ridgeland","Ridgeland"
"MS","rienzi","Rienzi"
"MS","ripley","Ripley"
"MS","robinhood","Robinhood"
"MS","rolling fork","Rolling Fork"
"MS","rosedale","Rosedale"
"MS","roxie","Roxie"
"MS","ruleville","Ruleville"
"MS","runnelstown","Runnelstown"
"MS","sallis","Sallis"
"MS","saltillo","Saltillo"
"MS","sandersville","Sandersville"
"MS","sardis","Sardis"
"MS","satartia","Satartia"
"MS","saucier","Saucier"
"MS","schlater","Schlater"
"MS","scooba","Scooba"
"MS","scott","Scott"
"MS","sebastopol","Sebastopol"
"MS","seminary","Seminary"
"MS","senatobia","Senatobia"
"MS","shannon","Shannon"
"MS","sharon","Sharon"
"MS","shaw","Shaw"
"MS","shelby","Shelby"
"MS","sherman","Sherman"
"MS","shubuta","Shubuta"
"MS","shuqualak","Shuqualak"
"MS","sidon","Sidon"
"MS","silver city","Silver City"
"MS","silver creek","Silver Creek"
"MS","skene","Skene"
"MS","slate springs","Slate Springs"
"MS","sledge","Sledge"
"MS","smithville","Smithville"
"MS","snow lake shores","Snow Lake Shores"
"MS","soso","Soso"
"MS","southaven","Southaven"
"MS","st. martin","St. Martin"
"MS","standing pine","Standing Pine"
"MS","starkville","Starkville"
"MS","state line","State Line"
"MS","stewart","Stewart"
"MS","stoneville","Stoneville"
"MS","stonewall","Stonewall"
"MS","strayhorn","Strayhorn"
"MS","sturgis","Sturgis"
"MS","summit","Summit"
"MS","sumner","Sumner"
"MS","sumrall","Sumrall"
"MS","sunflower","Sunflower"
"MS","sylvarena","Sylvarena"
"MS","symonds","Symonds"
"MS","taylor","Taylor"
"MS","taylorsville","Taylorsville"
"MS","tchula","Tchula"
"MS","terry","Terry"
"MS","thaxton","Thaxton"
"MS","tillatoba","Tillatoba"
"MS","tishomingo","Tishomingo"
"MS","toccopola","Toccopola"
"MS","toomsuba","Toomsuba"
"MS","tremont","Tremont"
"MS","tucker","Tucker"
"MS","tula","Tula"
"MS","tunica","Tunica"
"MS","tunica resorts","Tunica Resorts"
"MS","tupelo","Tupelo"
"MS","tutwiler","Tutwiler"
"MS","tylertown","Tylertown"
"MS","union","Union"
"MS","university","University"
"MS","utica","Utica"
"MS","vaiden","Vaiden"
"MS","valley park","Valley Park"
"MS","van vleet","Van Vleet"
"MS","vancleave","Vancleave"
"MS","vardaman","Vardaman"
"MS","verona","Verona"
"MS","vicksburg","Vicksburg"
"MS","victoria","Victoria"
"MS","wade","Wade"
"MS","walls","Walls"
"MS","walnut","Walnut"
"MS","walnut grove","Walnut Grove"
"MS","walthall","Walthall"
"MS","water valley","Water Valley"
"MS","waterford","Waterford"
"MS","waveland","Waveland"
"MS","waynesboro","Waynesboro"
"MS","webb","Webb"
"MS","weir","Weir"
"MS","wesson","Wesson"
"MS","west","West"
"MS","west hattiesburg","West Hattiesburg"
"MS","west point","West Point"
"MS","wheeler","Wheeler"
"MS","white oak","White Oak"
"MS","wiggins","Wiggins"
"MS","winona","Winona"
"MS","winstonville","Winstonville"
"MS","winterville","Winterville"
"MS","woodland","Woodland"
"MS","woodville","Woodville"
"MS","yazoo city","Yazoo City"
"MT","absarokee","Absarokee"
"MT","acton","Acton"
"MT","alberton","Alberton"
"MT","alder","Alder"
"MT","alzada","Alzada"
"MT","amsterdam","Amsterdam"
"MT","anaconda-deer lodge county","Anaconda-Deer Lodge County"
"MT","antelope","Antelope"
"MT","argenta","Argenta"
"MT","arlee","Arlee"
"MT","ashland","Ashland"
"MT","augusta","Augusta"
"MT","avon","Avon"
"MT","ayers ranch colony","Ayers Ranch Colony"
"MT","azure","Azure"
"MT","babb","Babb"
"MT","bainville","Bainville"
"MT","baker","Baker"
"MT","ballantine","Ballantine"
"MT","basin","Basin"
"MT","batavia","Batavia"
"MT","bear dance","Bear Dance"
"MT","bearcreek","Bearcreek"
"MT","beaver creek","Beaver Creek"
"MT","belfry","Belfry"
"MT","belgrade","Belgrade"
"MT","belknap","Belknap"
"MT","belt","Belt"
"MT","biddle","Biddle"
"MT","big arm","Big Arm"
"MT","big sandy","Big Sandy"
"MT","big sky","Big Sky"
"MT","big sky colony","Big Sky Colony"
"MT","big stone colony","Big Stone Colony"
"MT","big timber","Big Timber"
"MT","bigfork","Bigfork"
"MT","billings","Billings"
"MT","birch creek colony","Birch Creek Colony"
"MT","birney","Birney"
"MT","black eagle","Black Eagle"
"MT","blackfoot","Blackfoot"
"MT","bloomfield","Bloomfield"
"MT","boneau","Boneau"
"MT","bonner-west riverside","Bonner-West Riverside"
"MT","boulder","Boulder"
"MT","box elder","Box Elder"
"MT","boyd","Boyd"
"MT","bozeman","Bozeman"
"MT","brady","Brady"
"MT","brandon","Brandon"
"MT","bridger","Bridger"
"MT","broadus","Broadus"
"MT","broadview","Broadview"
"MT","brockton","Brockton"
"MT","brockway","Brockway"
"MT","brooks","Brooks"
"MT","browning","Browning"
"MT","bull lake","Bull Lake"
"MT","busby","Busby"
"MT","butte-silver bow (balance)","Butte-Silver Bow (balance)"
"MT","bynum","Bynum"
"MT","camas","Camas"
"MT","camp three","Camp Three"
"MT","camrose colony","Camrose Colony"
"MT","canyon creek","Canyon Creek"
"MT","cardwell","Cardwell"
"MT","carlton","Carlton"
"MT","carter","Carter"
"MT","cascade","Cascade"
"MT","cascade colony","Cascade Colony"
"MT","centerville","Centerville"
"MT","charlo","Charlo"
"MT","charlos heights","Charlos Heights"
"MT","chester","Chester"
"MT","chinook","Chinook"
"MT","choteau","Choteau"
"MT","churchill","Churchill"
"MT","circle","Circle"
"MT","clancy","Clancy"
"MT","clinton","Clinton"
"MT","clyde park","Clyde Park"
"MT","coffee creek","Coffee Creek"
"MT","colstrip","Colstrip"
"MT","columbia falls","Columbia Falls"
"MT","columbus","Columbus"
"MT","condon","Condon"
"MT","conner","Conner"
"MT","conrad","Conrad"
"MT","cooke city","Cooke City"
"MT","coram","Coram"
"MT","corvallis","Corvallis"
"MT","corwin springs","Corwin Springs"
"MT","craig","Craig"
"MT","crane","Crane"
"MT","crow agency","Crow Agency"
"MT","culbertson","Culbertson"
"MT","custer","Custer"
"MT","cut bank","Cut Bank"
"MT","cyr","Cyr"
"MT","danvers","Danvers"
"MT","darby","Darby"
"MT","dayton","Dayton"
"MT","de borgia","De Borgia"
"MT","deer lodge","Deer Lodge"
"MT","deerfield colony","Deerfield Colony"
"MT","dell","Dell"
"MT","denton","Denton"
"MT","dewey","Dewey"
"MT","dillon","Dillon"
"MT","dodson","Dodson"
"MT","drummond","Drummond"
"MT","duncan ranch colony","Duncan Ranch Colony"
"MT","dupuyer","Dupuyer"
"MT","dutton","Dutton"
"MT","eagle creek colony","Eagle Creek Colony"
"MT","east end colony","East End Colony"
"MT","east glacier park village","East Glacier Park Village"
"MT","east helena","East Helena"
"MT","east malta colony","East Malta Colony"
"MT","east missoula","East Missoula"
"MT","edgar","Edgar"
"MT","ekalaka","Ekalaka"
"MT","elkhorn","Elkhorn"
"MT","elliston","Elliston"
"MT","elmo","Elmo"
"MT","emigrant","Emigrant"
"MT","ennis","Ennis"
"MT","essex","Essex"
"MT","eureka","Eureka"
"MT","evaro","Evaro"
"MT","evergreen","Evergreen"
"MT","fair haven colony","Fair Haven Colony"
"MT","fairfield","Fairfield"
"MT","fairview","Fairview"
"MT","fallon","Fallon"
"MT","finley point","Finley Point"
"MT","fishtail","Fishtail"
"MT","flat willow colony","Flat Willow Colony"
"MT","flaxville","Flaxville"
"MT","florence","Florence"
"MT","floweree","Floweree"
"MT","fords creek colony","Fords Creek Colony"
"MT","forest hill village","Forest Hill Village"
"MT","forsyth","Forsyth"
"MT","fort belknap agency","Fort Belknap Agency"
"MT","fort benton","Fort Benton"
"MT","fort peck","Fort Peck"
"MT","fort shaw","Fort Shaw"
"MT","fort smith","Fort Smith"
"MT","fortine","Fortine"
"MT","forty mile colony","Forty Mile Colony"
"MT","four corners","Four Corners"
"MT","fox","Fox"
"MT","fox lake","Fox Lake"
"MT","frazer","Frazer"
"MT","frenchtown","Frenchtown"
"MT","froid","Froid"
"MT","fromberg","Fromberg"
"MT","gallatin gateway","Gallatin Gateway"
"MT","gallatin river ranch","Gallatin River Ranch"
"MT","gardiner","Gardiner"
"MT","garrison","Garrison"
"MT","geraldine","Geraldine"
"MT","geyser","Geyser"
"MT","gibson flats","Gibson Flats"
"MT","gildford","Gildford"
"MT","gildford colony","Gildford Colony"
"MT","gilman","Gilman"
"MT","glacier colony","Glacier Colony"
"MT","glasgow","Glasgow"
"MT","glen","Glen"
"MT","glendale colony","Glendale Colony"
"MT","glendive","Glendive"
"MT","goldcreek","Goldcreek"
"MT","golden valley colony","Golden Valley Colony"
"MT","grant","Grant"
"MT","grass range","Grass Range"
"MT","great falls","Great Falls"
"MT","greycliff","Greycliff"
"MT","hall","Hall"
"MT","hamilton","Hamilton"
"MT","happys inn","Happys Inn"
"MT","hardin","Hardin"
"MT","hardy","Hardy"
"MT","harlem","Harlem"
"MT","harlowton","Harlowton"
"MT","harrison","Harrison"
"MT","hartland colony","Hartland Colony"
"MT","haugan","Haugan"
"MT","havre","Havre"
"MT","havre north","Havre North"
"MT","hays","Hays"
"MT","heart butte","Heart Butte"
"MT","hebgen lake estates","Hebgen Lake Estates"
"MT","helena","Helena"
"MT","helena flats","Helena Flats"
"MT","helena valley northeast","Helena Valley Northeast"
"MT","helena valley northwest","Helena Valley Northwest"
"MT","helena valley southeast","Helena Valley Southeast"
"MT","helena valley west central","Helena Valley West Central"
"MT","helena west side","Helena West Side"
"MT","helmville","Helmville"
"MT","heron","Heron"
"MT","herron","Herron"
"MT","hidden lake colony","Hidden Lake Colony"
"MT","highwood","Highwood"
"MT","hilger","Hilger"
"MT","hilldale colony","Hilldale Colony"
"MT","hillside colony","Hillside Colony"
"MT","hingham","Hingham"
"MT","hinsdale","Hinsdale"
"MT","hobson","Hobson"
"MT","hogeland","Hogeland"
"MT","homestead","Homestead"
"MT","horizon colony","Horizon Colony"
"MT","hot springs","Hot Springs"
"MT","hungry horse","Hungry Horse"
"MT","huntley","Huntley"
"MT","huson","Huson"
"MT","hysham","Hysham"
"MT","indian springs","Indian Springs"
"MT","inverness","Inverness"
"MT","ismay","Ismay"
"MT","jackson","Jackson"
"MT","jardine","Jardine"
"MT","jeffers","Jeffers"
"MT","jefferson city","Jefferson City"
"MT","jette","Jette"
"MT","joliet","Joliet"
"MT","joplin","Joplin"
"MT","jordan","Jordan"
"MT","judith gap","Judith Gap"
"MT","kalispell","Kalispell"
"MT","kerr","Kerr"
"MT","kevin","Kevin"
"MT","kicking horse","Kicking Horse"
"MT","kila","Kila"
"MT","kilby butte colony","Kilby Butte Colony"
"MT","king arthur park","King Arthur Park"
"MT","king ranch colony","King Ranch Colony"
"MT","kings point","Kings Point"
"MT","kingsbury colony","Kingsbury Colony"
"MT","klein","Klein"
"MT","kremlin","Kremlin"
"MT","lake mary ronan","Lake Mary Ronan"
"MT","lakeside","Lakeside"
"MT","lakeview","Lakeview"
"MT","lame deer","Lame Deer"
"MT","landusky","Landusky"
"MT","laredo","Laredo"
"MT","laurel","Laurel"
"MT","lavina","Lavina"
"MT","lewistown","Lewistown"
"MT","lewistown heights","Lewistown Heights"
"MT","libby","Libby"
"MT","lima","Lima"
"MT","lincoln","Lincoln"
"MT","lindisfarne","Lindisfarne"
"MT","lindsay","Lindsay"
"MT","little bitterroot lake","Little Bitterroot Lake"
"MT","little browning","Little Browning"
"MT","livingston","Livingston"
"MT","lockwood","Lockwood"
"MT","lodge grass","Lodge Grass"
"MT","lodge pole","Lodge Pole"
"MT","logan","Logan"
"MT","lolo","Lolo"
"MT","loma","Loma"
"MT","lonepine","Lonepine"
"MT","loring colony","Loring Colony"
"MT","luther","Luther"
"MT","malmstrom afb","Malmstrom AFB"
"MT","malta","Malta"
"MT","mammoth","Mammoth"
"MT","manhattan","Manhattan"
"MT","marion","Marion"
"MT","martin city","Martin City"
"MT","martinsdale","Martinsdale"
"MT","martinsdale colony","Martinsdale Colony"
"MT","marysville","Marysville"
"MT","maverick mountain","Maverick Mountain"
"MT","maxville","Maxville"
"MT","mcallister","McAllister"
"MT","medicine lake","Medicine Lake"
"MT","melstone","Melstone"
"MT","midway colony","Midway Colony"
"MT","miles city","Miles City"
"MT","milford colony","Milford Colony"
"MT","miller colony","Miller Colony"
"MT","missoula","Missoula"
"MT","moccasin","Moccasin"
"MT","monarch","Monarch"
"MT","montana city","Montana City"
"MT","montaqua","Montaqua"
"MT","moore","Moore"
"MT","mountain view colony","Mountain View Colony"
"MT","muddy","Muddy"
"MT","musselshell","Musselshell"
"MT","nashua","Nashua"
"MT","neihart","Neihart"
"MT","new miami colony","New Miami Colony"
"MT","new rockport colony","New Rockport Colony"
"MT","niarada","Niarada"
"MT","nibbe","Nibbe"
"MT","norris","Norris"
"MT","north browning","North Browning"
"MT","north harlem colony","North Harlem Colony"
"MT","noxon","Noxon"
"MT","nye","Nye"
"MT","old agency","Old Agency"
"MT","olney","Olney"
"MT","opheim","Opheim"
"MT","orchard homes","Orchard Homes"
"MT","outlook","Outlook"
"MT","ovando","Ovando"
"MT","pablo","Pablo"
"MT","paradise","Paradise"
"MT","park city","Park City"
"MT","parker school","Parker School"
"MT","peerless","Peerless"
"MT","pendroy","Pendroy"
"MT","philipsburg","Philipsburg"
"MT","piltzville","Piltzville"
"MT","pine creek","Pine Creek"
"MT","pinesdale","Pinesdale"
"MT","pinnacle","Pinnacle"
"MT","pioneer junction","Pioneer Junction"
"MT","plains","Plains"
"MT","pleasant valley colony","Pleasant Valley Colony"
"MT","plentywood","Plentywood"
"MT","plevna","Plevna"
"MT","polebridge","Polebridge"
"MT","polson","Polson"
"MT","pompeys pillar","Pompeys Pillar"
"MT","pondera colony","Pondera Colony"
"MT","ponderosa pines","Ponderosa Pines"
"MT","pony","Pony"
"MT","poplar","Poplar"
"MT","potomac","Potomac"
"MT","power","Power"
"MT","prairie elk colony","Prairie Elk Colony"
"MT","pray","Pray"
"MT","pryor","Pryor"
"MT","racetrack","Racetrack"
"MT","rader creek","Rader Creek"
"MT","radersburg","Radersburg"
"MT","rapelje","Rapelje"
"MT","ravalli","Ravalli"
"MT","raynesford","Raynesford"
"MT","red lodge","Red Lodge"
"MT","redstone","Redstone"
"MT","reed point","Reed Point"
"MT","reserve","Reserve"
"MT","rexford","Rexford"
"MT","rhodes","Rhodes"
"MT","riceville","Riceville"
"MT","richey","Richey"
"MT","rimini","Rimini"
"MT","rimrock colony","Rimrock Colony"
"MT","riverbend","Riverbend"
"MT","riverview colony","Riverview Colony"
"MT","roberts","Roberts"
"MT","rockport colony","Rockport Colony"
"MT","rockvale","Rockvale"
"MT","rocky boy west","Rocky Boy West"
"MT","rocky boy's agency","Rocky Boy's Agency"
"MT","rocky point","Rocky Point"
"MT","rollins","Rollins"
"MT","ronan","Ronan"
"MT","roscoe","Roscoe"
"MT","rosebud","Rosebud"
"MT","roundup","Roundup"
"MT","roy","Roy"
"MT","rudyard","Rudyard"
"MT","ryegate","Ryegate"
"MT","säilã­p","SÄilÃ­p"
"MT","saco","Saco"
"MT","saddle butte","Saddle Butte"
"MT","sage creek colony","Sage Creek Colony"
"MT","saltese","Saltese"
"MT","sand coulee","Sand Coulee"
"MT","sangrey","Sangrey"
"MT","santa rita","Santa Rita"
"MT","sapphire ridge","Sapphire Ridge"
"MT","savage","Savage"
"MT","scobey","Scobey"
"MT","sedan","Sedan"
"MT","seeley lake","Seeley Lake"
"MT","seville colony","Seville Colony"
"MT","shawmut","Shawmut"
"MT","shelby","Shelby"
"MT","shepherd","Shepherd"
"MT","sheridan","Sheridan"
"MT","sidney","Sidney"
"MT","silesia","Silesia"
"MT","silver gate","Silver Gate"
"MT","silver star","Silver Star"
"MT","simms","Simms"
"MT","sleeping buffalo","Sleeping Buffalo"
"MT","snowslip","Snowslip"
"MT","somers","Somers"
"MT","south browning","South Browning"
"MT","south glastonbury","South Glastonbury"
"MT","south hills","South Hills"
"MT","spokane creek","Spokane Creek"
"MT","spring creek colony","Spring Creek Colony"
"MT","springdale","Springdale"
"MT","springdale colony","Springdale Colony"
"MT","springhill","Springhill"
"MT","springwater colony","Springwater Colony"
"MT","square butte","Square Butte"
"MT","st. ignatius","St. Ignatius"
"MT","st. marie","St. Marie"
"MT","st. mary","St. Mary"
"MT","st. pierre","St. Pierre"
"MT","st. regis","St. Regis"
"MT","st. xavier","St. Xavier"
"MT","stanford","Stanford"
"MT","starr school","Starr School"
"MT","stevensville","Stevensville"
"MT","stockett","Stockett"
"MT","stryker","Stryker"
"MT","sula","Sula"
"MT","sun prairie","Sun Prairie"
"MT","sun river","Sun River"
"MT","sunburst","Sunburst"
"MT","sunnybrook colony","Sunnybrook Colony"
"MT","superior","Superior"
"MT","surprise creek colony","Surprise Creek Colony"
"MT","swan lake","Swan Lake"
"MT","sweet grass","Sweet Grass"
"MT","sylvanite","Sylvanite"
"MT","terry","Terry"
"MT","the silos","The Silos"
"MT","thompson falls","Thompson Falls"
"MT","three forks","Three Forks"
"MT","toston","Toston"
"MT","townsend","Townsend"
"MT","tracy","Tracy"
"MT","trego","Trego"
"MT","trout creek","Trout Creek"
"MT","troy","Troy"
"MT","turah","Turah"
"MT","turner","Turner"
"MT","turner colony","Turner Colony"
"MT","turtle lake","Turtle Lake"
"MT","twin bridges","Twin Bridges"
"MT","twin creeks","Twin Creeks"
"MT","twin hills colony","Twin Hills Colony"
"MT","twodot","Twodot"
"MT","ulm","Ulm"
"MT","unionville","Unionville"
"MT","utica","Utica"
"MT","valier","Valier"
"MT","vaughn","Vaughn"
"MT","victor","Victor"
"MT","vida","Vida"
"MT","virginia city","Virginia City"
"MT","walkerville","Walkerville"
"MT","warm spring creek","Warm Spring Creek"
"MT","weeksville","Weeksville"
"MT","west glacier","West Glacier"
"MT","west glendive","West Glendive"
"MT","west havre","West Havre"
"MT","west kootenai","West Kootenai"
"MT","west yellowstone","West Yellowstone"
"MT","westby","Westby"
"MT","wheatland","Wheatland"
"MT","white haven","White Haven"
"MT","white sulphur springs","White Sulphur Springs"
"MT","whitefish","Whitefish"
"MT","whitehall","Whitehall"
"MT","whitetail","Whitetail"
"MT","whitewater","Whitewater"
"MT","whitlash","Whitlash"
"MT","wibaux","Wibaux"
"MT","willow creek","Willow Creek"
"MT","wilsall","Wilsall"
"MT","windham","Windham"
"MT","wineglass","Wineglass"
"MT","winifred","Winifred"
"MT","winnett","Winnett"
"MT","winston","Winston"
"MT","wisdom","Wisdom"
"MT","wise river","Wise River"
"MT","wolf creek","Wolf Creek"
"MT","wolf point","Wolf Point"
"MT","woods bay","Woods Bay"
"MT","worden","Worden"
"MT","wye","Wye"
"MT","wyola","Wyola"
"MT","yaak","Yaak"
"MT","york","York"
"MT","zenith colony","Zenith Colony"
"MT","zortman","Zortman"
"MT","zurich","Zurich"
"NC","aberdeen","Aberdeen"
"NC","advance","Advance"
"NC","ahoskie","Ahoskie"
"NC","alamance","Alamance"
"NC","albemarle","Albemarle"
"NC","alexis","Alexis"
"NC","alliance","Alliance"
"NC","altamahaw","Altamahaw"
"NC","anderson creek","Anderson Creek"
"NC","andrews","Andrews"
"NC","angier","Angier"
"NC","ansonville","Ansonville"
"NC","apex","Apex"
"NC","aquadale","Aquadale"
"NC","arapahoe","Arapahoe"
"NC","archdale","Archdale"
"NC","archer lodge","Archer Lodge"
"NC","arrowhead beach","Arrowhead Beach"
"NC","asheboro","Asheboro"
"NC","asheville","Asheville"
"NC","ashley heights","Ashley Heights"
"NC","askewville","Askewville"
"NC","atkinson","Atkinson"
"NC","atlantic","Atlantic"
"NC","atlantic beach","Atlantic Beach"
"NC","aulander","Aulander"
"NC","aurora","Aurora"
"NC","autryville","Autryville"
"NC","avery creek","Avery Creek"
"NC","avon","Avon"
"NC","ayden","Ayden"
"NC","badin","Badin"
"NC","bailey","Bailey"
"NC","bakersville","Bakersville"
"NC","bald head island","Bald Head Island"
"NC","balfour","Balfour"
"NC","banner elk","Banner Elk"
"NC","barbecue","Barbecue"
"NC","barker heights","Barker Heights"
"NC","barker ten mile","Barker Ten Mile"
"NC","barnardsville","Barnardsville"
"NC","bath","Bath"
"NC","bayboro","Bayboro"
"NC","bayshore","Bayshore"
"NC","bayview","Bayview"
"NC","bear grass","Bear Grass"
"NC","beaufort","Beaufort"
"NC","beech mountain","Beech Mountain"
"NC","belhaven","Belhaven"
"NC","bell arthur","Bell Arthur"
"NC","belmont","Belmont"
"NC","belville","Belville"
"NC","belvoir","Belvoir"
"NC","belwood","Belwood"
"NC","bennett","Bennett"
"NC","benson","Benson"
"NC","bent creek","Bent Creek"
"NC","bermuda run","Bermuda Run"
"NC","bessemer city","Bessemer City"
"NC","bethania","Bethania"
"NC","bethel","Bethel"
"NC","bethlehem","Bethlehem"
"NC","beulaville","Beulaville"
"NC","biltmore forest","Biltmore Forest"
"NC","biscoe","Biscoe"
"NC","black creek","Black Creek"
"NC","black mountain","Black Mountain"
"NC","bladenboro","Bladenboro"
"NC","blowing rock","Blowing Rock"
"NC","blue clay farms","Blue Clay Farms"
"NC","boardman","Boardman"
"NC","bogue","Bogue"
"NC","boiling spring lakes","Boiling Spring Lakes"
"NC","boiling springs","Boiling Springs"
"NC","bolivia","Bolivia"
"NC","bolton","Bolton"
"NC","bonnetsville","Bonnetsville"
"NC","boone","Boone"
"NC","boonville","Boonville"
"NC","bostic","Bostic"
"NC","bowdens","Bowdens"
"NC","bowmore","Bowmore"
"NC","brandywine bay","Brandywine Bay"
"NC","brevard","Brevard"
"NC","briar chapel","Briar Chapel"
"NC","brices creek","Brices Creek"
"NC","bridgeton","Bridgeton"
"NC","broad creek","Broad Creek"
"NC","broadway","Broadway"
"NC","brogden","Brogden"
"NC","brookford","Brookford"
"NC","brunswick","Brunswick"
"NC","bryson city","Bryson City"
"NC","buies creek","Buies Creek"
"NC","bunn","Bunn"
"NC","bunnlevel","Bunnlevel"
"NC","burgaw","Burgaw"
"NC","burlington","Burlington"
"NC","burnsville","Burnsville"
"NC","butner","Butner"
"NC","butters","Butters"
"NC","buxton","Buxton"
"NC","cajah's mountain","Cajah's Mountain"
"NC","calabash","Calabash"
"NC","calypso","Calypso"
"NC","camden","Camden"
"NC","cameron","Cameron"
"NC","candor","Candor"
"NC","canton","Canton"
"NC","cape carteret","Cape Carteret"
"NC","cape colony","Cape Colony"
"NC","caroleen","Caroleen"
"NC","carolina beach","Carolina Beach"
"NC","carolina meadows","Carolina Meadows"
"NC","carolina shores","Carolina Shores"
"NC","carrboro","Carrboro"
"NC","carthage","Carthage"
"NC","cary","Cary"
"NC","casar","Casar"
"NC","cashiers","Cashiers"
"NC","castalia","Castalia"
"NC","castle hayne","Castle Hayne"
"NC","caswell beach","Caswell Beach"
"NC","catawba","Catawba"
"NC","cedar point","Cedar Point"
"NC","cedar rock","Cedar Rock"
"NC","centerville","Centerville"
"NC","cerro gordo","Cerro Gordo"
"NC","chadbourn","Chadbourn"
"NC","chapel hill","Chapel Hill"
"NC","charlotte","Charlotte"
"NC","cherokee","Cherokee"
"NC","cherry branch","Cherry Branch"
"NC","cherryville","Cherryville"
"NC","chimney rock village","Chimney Rock Village"
"NC","china grove","China Grove"
"NC","chinquapin","Chinquapin"
"NC","chocowinity","Chocowinity"
"NC","chowan beach","Chowan Beach"
"NC","claremont","Claremont"
"NC","clarkton","Clarkton"
"NC","clayton","Clayton"
"NC","clemmons","Clemmons"
"NC","cleveland","Cleveland"
"NC","cliffside","Cliffside"
"NC","clinton","Clinton"
"NC","clyde","Clyde"
"NC","coats","Coats"
"NC","cofield","Cofield"
"NC","coinjock","Coinjock"
"NC","colerain","Colerain"
"NC","columbia","Columbia"
"NC","columbus","Columbus"
"NC","como","Como"
"NC","concord","Concord"
"NC","conetoe","Conetoe"
"NC","connelly springs","Connelly Springs"
"NC","conover","Conover"
"NC","conway","Conway"
"NC","cooleemee","Cooleemee"
"NC","cordova","Cordova"
"NC","cornelius","Cornelius"
"NC","cove city","Cove City"
"NC","cove creek","Cove Creek"
"NC","cramerton","Cramerton"
"NC","creedmoor","Creedmoor"
"NC","creswell","Creswell"
"NC","cricket","Cricket"
"NC","crossnore","Crossnore"
"NC","crouse","Crouse"
"NC","cullowhee","Cullowhee"
"NC","cypress landing","Cypress Landing"
"NC","dallas","Dallas"
"NC","dana","Dana"
"NC","danbury","Danbury"
"NC","davidson","Davidson"
"NC","davis","Davis"
"NC","deep run","Deep Run"
"NC","deercroft","Deercroft"
"NC","delco","Delco"
"NC","dellview","Dellview"
"NC","delway","Delway"
"NC","denton","Denton"
"NC","denver","Denver"
"NC","dillsboro","Dillsboro"
"NC","dobbins heights","Dobbins Heights"
"NC","dobson","Dobson"
"NC","dortches","Dortches"
"NC","dover","Dover"
"NC","drexel","Drexel"
"NC","dublin","Dublin"
"NC","duck","Duck"
"NC","dudley","Dudley"
"NC","dundarrach","Dundarrach"
"NC","dunn","Dunn"
"NC","durham","Durham"
"NC","earl","Earl"
"NC","east arcadia","East Arcadia"
"NC","east bend","East Bend"
"NC","east flat rock","East Flat Rock"
"NC","east rockingham","East Rockingham"
"NC","east spencer","East Spencer"
"NC","eastover","Eastover"
"NC","eden","Eden"
"NC","edenton","Edenton"
"NC","edneyville","Edneyville"
"NC","efland","Efland"
"NC","elizabeth city","Elizabeth City"
"NC","elizabethtown","Elizabethtown"
"NC","elk park","Elk Park"
"NC","elkin","Elkin"
"NC","ellenboro","Ellenboro"
"NC","ellerbe","Ellerbe"
"NC","elm city","Elm City"
"NC","elon","Elon"
"NC","elrod","Elrod"
"NC","elroy","Elroy"
"NC","emerald isle","Emerald Isle"
"NC","emma","Emma"
"NC","enfield","Enfield"
"NC","engelhard","Engelhard"
"NC","enochville","Enochville"
"NC","erwin","Erwin"
"NC","etowah","Etowah"
"NC","eureka","Eureka"
"NC","everetts","Everetts"
"NC","evergreen","Evergreen"
"NC","fair bluff","Fair Bluff"
"NC","fairfield","Fairfield"
"NC","fairfield harbour","Fairfield Harbour"
"NC","fairmont","Fairmont"
"NC","fairplains","Fairplains"
"NC","fairview","Fairview"
"NC","faison","Faison"
"NC","faith","Faith"
"NC","falcon","Falcon"
"NC","falkland","Falkland"
"NC","fallston","Fallston"
"NC","farmington","Farmington"
"NC","farmville","Farmville"
"NC","fayetteville","Fayetteville"
"NC","fearrington village","Fearrington Village"
"NC","five points","Five Points"
"NC","flat rock","Flat Rock"
"NC","fletcher","Fletcher"
"NC","fontana dam","Fontana Dam"
"NC","forest city","Forest City"
"NC","forest hills","Forest Hills"
"NC","forest oaks","Forest Oaks"
"NC","foscoe","Foscoe"
"NC","fountain","Fountain"
"NC","four oaks","Four Oaks"
"NC","foxfire","Foxfire"
"NC","franklin","Franklin"
"NC","franklinton","Franklinton"
"NC","franklinville","Franklinville"
"NC","fremont","Fremont"
"NC","frisco","Frisco"
"NC","fruitland","Fruitland"
"NC","fuquay-varina","Fuquay-Varina"
"NC","gamewell","Gamewell"
"NC","garland","Garland"
"NC","garner","Garner"
"NC","garysburg","Garysburg"
"NC","gaston","Gaston"
"NC","gastonia","Gastonia"
"NC","gatesville","Gatesville"
"NC","germanton","Germanton"
"NC","gerton","Gerton"
"NC","gibson","Gibson"
"NC","gibsonville","Gibsonville"
"NC","glen alpine","Glen Alpine"
"NC","glen raven","Glen Raven"
"NC","glenville","Glenville"
"NC","glenwood","Glenwood"
"NC","gloucester","Gloucester"
"NC","godwin","Godwin"
"NC","gold hill","Gold Hill"
"NC","goldsboro","Goldsboro"
"NC","goldston","Goldston"
"NC","gorman","Gorman"
"NC","governors club","Governors Club"
"NC","governors village","Governors Village"
"NC","graham","Graham"
"NC","graingers","Graingers"
"NC","grandfather village","Grandfather Village"
"NC","grandy","Grandy"
"NC","granite falls","Granite Falls"
"NC","granite quarry","Granite Quarry"
"NC","grantsboro","Grantsboro"
"NC","green level","Green Level"
"NC","greenevers","Greenevers"
"NC","greensboro","Greensboro"
"NC","greenville","Greenville"
"NC","grifton","Grifton"
"NC","grimesland","Grimesland"
"NC","grover","Grover"
"NC","gulf","Gulf"
"NC","half moon","Half Moon"
"NC","halifax","Halifax"
"NC","hallsboro","Hallsboro"
"NC","hamilton","Hamilton"
"NC","hamlet","Hamlet"
"NC","hampstead","Hampstead"
"NC","harkers island","Harkers Island"
"NC","harmony","Harmony"
"NC","harrells","Harrells"
"NC","harrellsville","Harrellsville"
"NC","harrisburg","Harrisburg"
"NC","hassell","Hassell"
"NC","hatteras","Hatteras"
"NC","havelock","Havelock"
"NC","haw river","Haw River"
"NC","hayesville","Hayesville"
"NC","hays","Hays"
"NC","hemby bridge","Hemby Bridge"
"NC","henderson","Henderson"
"NC","hendersonville","Hendersonville"
"NC","henrietta","Henrietta"
"NC","hertford","Hertford"
"NC","hickory","Hickory"
"NC","hiddenite","Hiddenite"
"NC","high point","High Point"
"NC","high shoals","High Shoals"
"NC","highlands","Highlands"
"NC","hightsville","Hightsville"
"NC","hildebran","Hildebran"
"NC","hillsborough","Hillsborough"
"NC","hobgood","Hobgood"
"NC","hobucken","Hobucken"
"NC","hoffman","Hoffman"
"NC","holden beach","Holden Beach"
"NC","hollister","Hollister"
"NC","holly ridge","Holly Ridge"
"NC","holly springs","Holly Springs"
"NC","hookerton","Hookerton"
"NC","hoopers creek","Hoopers Creek"
"NC","hope mills","Hope Mills"
"NC","horse shoe","Horse Shoe"
"NC","hot springs","Hot Springs"
"NC","hudson","Hudson"
"NC","huntersville","Huntersville"
"NC","icard","Icard"
"NC","indian beach","Indian Beach"
"NC","indian trail","Indian Trail"
"NC","ingold","Ingold"
"NC","iron station","Iron Station"
"NC","ivanhoe","Ivanhoe"
"NC","jaars","JAARS"
"NC","jackson","Jackson"
"NC","jackson heights","Jackson Heights"
"NC","jackson springs","Jackson Springs"
"NC","jacksonville","Jacksonville"
"NC","james city","James City"
"NC","jamestown","Jamestown"
"NC","jamesville","Jamesville"
"NC","jefferson","Jefferson"
"NC","jonesville","Jonesville"
"NC","kannapolis","Kannapolis"
"NC","keener","Keener"
"NC","kelford","Kelford"
"NC","kelly","Kelly"
"NC","kenansville","Kenansville"
"NC","kenly","Kenly"
"NC","kernersville","Kernersville"
"NC","kill devil hills","Kill Devil Hills"
"NC","king","King"
"NC","kings grant","Kings Grant"
"NC","kings mountain","Kings Mountain"
"NC","kingstown","Kingstown"
"NC","kinston","Kinston"
"NC","kittrell","Kittrell"
"NC","kitty hawk","Kitty Hawk"
"NC","knightdale","Knightdale"
"NC","kure beach","Kure Beach"
"NC","la grange","La Grange"
"NC","lake junaluska","Lake Junaluska"
"NC","lake lure","Lake Lure"
"NC","lake norman of catawba","Lake Norman of Catawba"
"NC","lake norman of iredell","Lake Norman of Iredell"
"NC","lake park","Lake Park"
"NC","lake royale","Lake Royale"
"NC","lake santeetlah","Lake Santeetlah"
"NC","lake waccamaw","Lake Waccamaw"
"NC","landis","Landis"
"NC","lansing","Lansing"
"NC","lasker","Lasker"
"NC","lattimore","Lattimore"
"NC","laurel hill","Laurel Hill"
"NC","laurel park","Laurel Park"
"NC","laurinburg","Laurinburg"
"NC","lawndale","Lawndale"
"NC","leggett","Leggett"
"NC","leland","Leland"
"NC","lenoir","Lenoir"
"NC","lewiston woodville","Lewiston Woodville"
"NC","lewisville","Lewisville"
"NC","lexington","Lexington"
"NC","liberty","Liberty"
"NC","light oak","Light Oak"
"NC","lilesville","Lilesville"
"NC","lillington","Lillington"
"NC","lincolnton","Lincolnton"
"NC","linden","Linden"
"NC","linville","Linville"
"NC","littleton","Littleton"
"NC","locust","Locust"
"NC","long creek","Long Creek"
"NC","long view","Long View"
"NC","louisburg","Louisburg"
"NC","love valley","Love Valley"
"NC","lowell","Lowell"
"NC","lowesville","Lowesville"
"NC","lowgap","Lowgap"
"NC","lucama","Lucama"
"NC","lumber bridge","Lumber Bridge"
"NC","lumberton","Lumberton"
"NC","macclesfield","Macclesfield"
"NC","macon","Macon"
"NC","madison","Madison"
"NC","maggie valley","Maggie Valley"
"NC","magnolia","Magnolia"
"NC","maiden","Maiden"
"NC","mamers","Mamers"
"NC","manns harbor","Manns Harbor"
"NC","manteo","Manteo"
"NC","marble","Marble"
"NC","marietta","Marietta"
"NC","marion","Marion"
"NC","mar-mac","Mar-Mac"
"NC","mars hill","Mars Hill"
"NC","marshall","Marshall"
"NC","marshallberg","Marshallberg"
"NC","marshville","Marshville"
"NC","marvin","Marvin"
"NC","matthews","Matthews"
"NC","maury","Maury"
"NC","maxton","Maxton"
"NC","mayodan","Mayodan"
"NC","maysville","Maysville"
"NC","mcadenville","McAdenville"
"NC","mcdonald","McDonald"
"NC","mcfarlan","McFarlan"
"NC","mcleansville","McLeansville"
"NC","mebane","Mebane"
"NC","mesic","Mesic"
"NC","micro","Micro"
"NC","middleburg","Middleburg"
"NC","middlesex","Middlesex"
"NC","midland","Midland"
"NC","midway","Midway"
"NC","millers creek","Millers Creek"
"NC","millingport","Millingport"
"NC","mills river","Mills River"
"NC","milton","Milton"
"NC","milwaukee","Milwaukee"
"NC","mineral springs","Mineral Springs"
"NC","minnesott beach","Minnesott Beach"
"NC","mint hill","Mint Hill"
"NC","misenheimer","Misenheimer"
"NC","mocksville","Mocksville"
"NC","momeyer","Momeyer"
"NC","moncure","Moncure"
"NC","monroe","Monroe"
"NC","montreat","Montreat"
"NC","mooresboro","Mooresboro"
"NC","mooresville","Mooresville"
"NC","moravian falls","Moravian Falls"
"NC","morehead city","Morehead City"
"NC","morganton","Morganton"
"NC","morrisville","Morrisville"
"NC","morven","Morven"
"NC","mount airy","Mount Airy"
"NC","mount gilead","Mount Gilead"
"NC","mount holly","Mount Holly"
"NC","mount olive","Mount Olive"
"NC","mount pleasant","Mount Pleasant"
"NC","mountain home","Mountain Home"
"NC","mountain view","Mountain View"
"NC","moyock","Moyock"
"NC","mulberry","Mulberry"
"NC","murfreesboro","Murfreesboro"
"NC","murphy","Murphy"
"NC","murraysville","Murraysville"
"NC","myrtle grove","Myrtle Grove"
"NC","nags head","Nags Head"
"NC","nashville","Nashville"
"NC","navassa","Navassa"
"NC","nebo","Nebo"
"NC","neuse forest","Neuse Forest"
"NC","new bern","New Bern"
"NC","new hope","New Hope"
"NC","new london","New London"
"NC","newland","Newland"
"NC","newport","Newport"
"NC","newton","Newton"
"NC","newton grove","Newton Grove"
"NC","norlina","Norlina"
"NC","norman","Norman"
"NC","north topsail beach","North Topsail Beach"
"NC","north wilkesboro","North Wilkesboro"
"NC","northchase","Northchase"
"NC","northlakes","Northlakes"
"NC","northwest","Northwest"
"NC","norwood","Norwood"
"NC","oak city","Oak City"
"NC","oak island","Oak Island"
"NC","oak ridge","Oak Ridge"
"NC","oakboro","Oakboro"
"NC","ocean isle beach","Ocean Isle Beach"
"NC","ocracoke","Ocracoke"
"NC","ogden","Ogden"
"NC","old fort","Old Fort"
"NC","old hundred","Old Hundred"
"NC","oriental","Oriental"
"NC","orrum","Orrum"
"NC","ossipee","Ossipee"
"NC","oxford","Oxford"
"NC","pantego","Pantego"
"NC","parkton","Parkton"
"NC","parmele","Parmele"
"NC","patterson springs","Patterson Springs"
"NC","peachland","Peachland"
"NC","peletier","Peletier"
"NC","pembroke","Pembroke"
"NC","pikeville","Pikeville"
"NC","pilot mountain","Pilot Mountain"
"NC","pine knoll shores","Pine Knoll Shores"
"NC","pine level","Pine Level"
"NC","pinebluff","Pinebluff"
"NC","pinehurst","Pinehurst"
"NC","pinetops","Pinetops"
"NC","pinetown","Pinetown"
"NC","pineville","Pineville"
"NC","piney green","Piney Green"
"NC","pink hill","Pink Hill"
"NC","pinnacle","Pinnacle"
"NC","pittsboro","Pittsboro"
"NC","plain view","Plain View"
"NC","pleasant garden","Pleasant Garden"
"NC","pleasant hill","Pleasant Hill"
"NC","plymouth","Plymouth"
"NC","polkton","Polkton"
"NC","polkville","Polkville"
"NC","pollocksville","Pollocksville"
"NC","porters neck","Porters Neck"
"NC","potters hill","Potters Hill"
"NC","powellsville","Powellsville"
"NC","princeton","Princeton"
"NC","princeville","Princeville"
"NC","proctorville","Proctorville"
"NC","prospect","Prospect"
"NC","pumpkin center","Pumpkin Center"
"NC","raeford","Raeford"
"NC","raemon","Raemon"
"NC","raleigh","Raleigh"
"NC","ramseur","Ramseur"
"NC","randleman","Randleman"
"NC","ranlo","Ranlo"
"NC","raynham","Raynham"
"NC","red cross","Red Cross"
"NC","red oak","Red Oak"
"NC","red springs","Red Springs"
"NC","reidsville","Reidsville"
"NC","rennert","Rennert"
"NC","rex","Rex"
"NC","rhodhiss","Rhodhiss"
"NC","rich square","Rich Square"
"NC","richfield","Richfield"
"NC","richlands","Richlands"
"NC","riegelwood","Riegelwood"
"NC","river bend","River Bend"
"NC","river road","River Road"
"NC","roanoke rapids","Roanoke Rapids"
"NC","robbins","Robbins"
"NC","robbinsville","Robbinsville"
"NC","roberdel","Roberdel"
"NC","robersonville","Robersonville"
"NC","rockfish","Rockfish"
"NC","rockingham","Rockingham"
"NC","rockwell","Rockwell"
"NC","rocky mount","Rocky Mount"
"NC","rocky point","Rocky Point"
"NC","rodanthe","Rodanthe"
"NC","rolesville","Rolesville"
"NC","ronda","Ronda"
"NC","roper","Roper"
"NC","rose hill","Rose Hill"
"NC","roseboro","Roseboro"
"NC","rosman","Rosman"
"NC","rougemont","Rougemont"
"NC","rowland","Rowland"
"NC","roxboro","Roxboro"
"NC","roxobel","Roxobel"
"NC","royal pines","Royal Pines"
"NC","ruffin","Ruffin"
"NC","rural hall","Rural Hall"
"NC","ruth","Ruth"
"NC","rutherford college","Rutherford College"
"NC","rutherfordton","Rutherfordton"
"NC","salem","Salem"
"NC","salemburg","Salemburg"
"NC","salisbury","Salisbury"
"NC","saluda","Saluda"
"NC","salvo","Salvo"
"NC","sandy creek","Sandy Creek"
"NC","sandyfield","Sandyfield"
"NC","sanford","Sanford"
"NC","saratoga","Saratoga"
"NC","sawmills","Sawmills"
"NC","saxapahaw","Saxapahaw"
"NC","scotch meadows","Scotch Meadows"
"NC","scotland neck","Scotland Neck"
"NC","sea breeze","Sea Breeze"
"NC","seaboard","Seaboard"
"NC","seagrove","Seagrove"
"NC","sedalia","Sedalia"
"NC","selma","Selma"
"NC","seven devils","Seven Devils"
"NC","seven lakes","Seven Lakes"
"NC","seven springs","Seven Springs"
"NC","severn","Severn"
"NC","shallotte","Shallotte"
"NC","shannon","Shannon"
"NC","sharpsburg","Sharpsburg"
"NC","shelby","Shelby"
"NC","siler city","Siler City"
"NC","silver city","Silver City"
"NC","silver lake","Silver Lake"
"NC","simpson","Simpson"
"NC","sims","Sims"
"NC","skippers corner","Skippers Corner"
"NC","smithfield","Smithfield"
"NC","smithtown","Smithtown"
"NC","sneads ferry","Sneads Ferry"
"NC","snow hill","Snow Hill"
"NC","south henderson","South Henderson"
"NC","south mills","South Mills"
"NC","south rosemary","South Rosemary"
"NC","south weldon","South Weldon"
"NC","southern pines","Southern Pines"
"NC","southern shores","Southern Shores"
"NC","southmont","Southmont"
"NC","southport","Southport"
"NC","sparta","Sparta"
"NC","speed","Speed"
"NC","spencer","Spencer"
"NC","spencer mountain","Spencer Mountain"
"NC","spindale","Spindale"
"NC","spivey's corner","Spivey's Corner"
"NC","spout springs","Spout Springs"
"NC","spring hope","Spring Hope"
"NC","spring lake","Spring Lake"
"NC","springdale","Springdale"
"NC","spruce pine","Spruce Pine"
"NC","st. helena","St. Helena"
"NC","st. james","St. James"
"NC","st. pauls","St. Pauls"
"NC","st. stephens","St. Stephens"
"NC","staley","Staley"
"NC","stallings","Stallings"
"NC","stanfield","Stanfield"
"NC","stanley","Stanley"
"NC","stantonsburg","Stantonsburg"
"NC","star","Star"
"NC","statesville","Statesville"
"NC","stedman","Stedman"
"NC","stem","Stem"
"NC","stokes","Stokes"
"NC","stokesdale","Stokesdale"
"NC","stoneville","Stoneville"
"NC","stonewall","Stonewall"
"NC","stony point","Stony Point"
"NC","stovall","Stovall"
"NC","sugar mountain","Sugar Mountain"
"NC","summerfield","Summerfield"
"NC","sunbury","Sunbury"
"NC","sunset beach","Sunset Beach"
"NC","surf city","Surf City"
"NC","swan quarter","Swan Quarter"
"NC","swannanoa","Swannanoa"
"NC","swansboro","Swansboro"
"NC","swepsonville","Swepsonville"
"NC","sylva","Sylva"
"NC","tabor city","Tabor City"
"NC","tar heel","Tar Heel"
"NC","tarboro","Tarboro"
"NC","taylorsville","Taylorsville"
"NC","taylortown","Taylortown"
"NC","teachey","Teachey"
"NC","thomasville","Thomasville"
"NC","toast","Toast"
"NC","tobaccoville","Tobaccoville"
"NC","topsail beach","Topsail Beach"
"NC","trent woods","Trent Woods"
"NC","trenton","Trenton"
"NC","trinity","Trinity"
"NC","troutman","Troutman"
"NC","troy","Troy"
"NC","tryon","Tryon"
"NC","turkey","Turkey"
"NC","tyro","Tyro"
"NC","unionville","Unionville"
"NC","valdese","Valdese"
"NC","valle crucis","Valle Crucis"
"NC","valley hill","Valley Hill"
"NC","vanceboro","Vanceboro"
"NC","vandemere","Vandemere"
"NC","vander","Vander"
"NC","vann crossroads","Vann Crossroads"
"NC","varnamtown","Varnamtown"
"NC","vass","Vass"
"NC","waco","Waco"
"NC","wade","Wade"
"NC","wadesboro","Wadesboro"
"NC","wagram","Wagram"
"NC","wake forest","Wake Forest"
"NC","wakulla","Wakulla"
"NC","walkertown","Walkertown"
"NC","wallace","Wallace"
"NC","wallburg","Wallburg"
"NC","walnut cove","Walnut Cove"
"NC","walnut creek","Walnut Creek"
"NC","walstonburg","Walstonburg"
"NC","wanchese","Wanchese"
"NC","warrenton","Warrenton"
"NC","warsaw","Warsaw"
"NC","washington","Washington"
"NC","washington park","Washington Park"
"NC","watha","Watha"
"NC","waves","Waves"
"NC","waxhaw","Waxhaw"
"NC","waynesville","Waynesville"
"NC","weaverville","Weaverville"
"NC","webster","Webster"
"NC","weddington","Weddington"
"NC","welcome","Welcome"
"NC","weldon","Weldon"
"NC","wendell","Wendell"
"NC","wentworth","Wentworth"
"NC","wesley chapel","Wesley Chapel"
"NC","west canton","West Canton"
"NC","west jefferson","West Jefferson"
"NC","west marion","West Marion"
"NC","westport","Westport"
"NC","whispering pines","Whispering Pines"
"NC","whitakers","Whitakers"
"NC","white lake","White Lake"
"NC","white oak","White Oak"
"NC","white plains","White Plains"
"NC","whiteville","Whiteville"
"NC","whitsett","Whitsett"
"NC","whittier","Whittier"
"NC","wilkesboro","Wilkesboro"
"NC","williamston","Williamston"
"NC","wilmington","Wilmington"
"NC","wilson","Wilson"
"NC","wilson's mills","Wilson's Mills"
"NC","windsor","Windsor"
"NC","winfall","Winfall"
"NC","wingate","Wingate"
"NC","winston-salem","Winston-Salem"
"NC","winterville","Winterville"
"NC","winton","Winton"
"NC","woodfin","Woodfin"
"NC","woodland","Woodland"
"NC","woodlawn","Woodlawn"
"NC","wrightsboro","Wrightsboro"
"NC","wrightsville beach","Wrightsville Beach"
"NC","yadkin college","Yadkin College"
"NC","yadkinville","Yadkinville"
"NC","yanceyville","Yanceyville"
"NC","youngsville","Youngsville"
"NC","zebulon","Zebulon"
"ND","abercrombie","Abercrombie"
"ND","adams","Adams"
"ND","alamo","Alamo"
"ND","alexander","Alexander"
"ND","alice","Alice"
"ND","almont","Almont"
"ND","alsen","Alsen"
"ND","ambrose","Ambrose"
"ND","amenia","Amenia"
"ND","amidon","Amidon"
"ND","anamoose","Anamoose"
"ND","aneta","Aneta"
"ND","antler","Antler"
"ND","apple valley","Apple Valley"
"ND","ardoch","Ardoch"
"ND","argusville","Argusville"
"ND","arnegard","Arnegard"
"ND","arthur","Arthur"
"ND","ashley","Ashley"
"ND","auburn","Auburn"
"ND","ayr","Ayr"
"ND","balfour","Balfour"
"ND","balta","Balta"
"ND","bantry","Bantry"
"ND","barney","Barney"
"ND","barton","Barton"
"ND","bathgate","Bathgate"
"ND","beach","Beach"
"ND","belcourt","Belcourt"
"ND","belfield","Belfield"
"ND","benedict","Benedict"
"ND","bergen","Bergen"
"ND","berlin","Berlin"
"ND","berthold","Berthold"
"ND","beulah","Beulah"
"ND","binford","Binford"
"ND","bisbee","Bisbee"
"ND","bismarck","Bismarck"
"ND","blacktail","Blacktail"
"ND","blanchard","Blanchard"
"ND","bottineau","Bottineau"
"ND","bowbells","Bowbells"
"ND","bowdon","Bowdon"
"ND","bowman","Bowman"
"ND","braddock","Braddock"
"ND","briarwood","Briarwood"
"ND","brinsmade","Brinsmade"
"ND","brocket","Brocket"
"ND","brooktree park","Brooktree Park"
"ND","buchanan","Buchanan"
"ND","bucyrus","Bucyrus"
"ND","buffalo","Buffalo"
"ND","burlington","Burlington"
"ND","butte","Butte"
"ND","buxton","Buxton"
"ND","caledonia","Caledonia"
"ND","calio","Calio"
"ND","calvin","Calvin"
"ND","cando","Cando"
"ND","cannon ball","Cannon Ball"
"ND","canton city (hensel)","Canton City (Hensel)"
"ND","carpio","Carpio"
"ND","carrington","Carrington"
"ND","carson","Carson"
"ND","casselton","Casselton"
"ND","cathay","Cathay"
"ND","cavalier","Cavalier"
"ND","cayuga","Cayuga"
"ND","center","Center"
"ND","christine","Christine"
"ND","churchs ferry","Churchs Ferry"
"ND","cleveland","Cleveland"
"ND","clifford","Clifford"
"ND","cogswell","Cogswell"
"ND","coleharbor","Coleharbor"
"ND","colfax","Colfax"
"ND","columbus","Columbus"
"ND","conway","Conway"
"ND","cooperstown","Cooperstown"
"ND","courtenay","Courtenay"
"ND","crary","Crary"
"ND","crosby","Crosby"
"ND","crystal","Crystal"
"ND","dahlen","Dahlen"
"ND","davenport","Davenport"
"ND","dawson","Dawson"
"ND","dazey","Dazey"
"ND","de lamere","De Lamere"
"ND","deering","Deering"
"ND","denhoff","Denhoff"
"ND","des lacs","Des Lacs"
"ND","devils lake","Devils Lake"
"ND","dickey","Dickey"
"ND","dickinson","Dickinson"
"ND","dodge","Dodge"
"ND","donnybrook","Donnybrook"
"ND","douglas","Douglas"
"ND","drake","Drake"
"ND","drayton","Drayton"
"ND","driscoll","Driscoll"
"ND","dunn center","Dunn Center"
"ND","dunseith","Dunseith"
"ND","dwight","Dwight"
"ND","east dunseith","East Dunseith"
"ND","east fairview","East Fairview"
"ND","edgeley","Edgeley"
"ND","edinburg","Edinburg"
"ND","edmore","Edmore"
"ND","egeland","Egeland"
"ND","elgin","Elgin"
"ND","ellendale","Ellendale"
"ND","elliott","Elliott"
"ND","embden","Embden"
"ND","emerado","Emerado"
"ND","enderlin","Enderlin"
"ND","englevale","Englevale"
"ND","epping","Epping"
"ND","erie","Erie"
"ND","esmond","Esmond"
"ND","fairdale","Fairdale"
"ND","fairmount","Fairmount"
"ND","fargo","Fargo"
"ND","fessenden","Fessenden"
"ND","fingal","Fingal"
"ND","finley","Finley"
"ND","flasher","Flasher"
"ND","flaxton","Flaxton"
"ND","forbes","Forbes"
"ND","fordville","Fordville"
"ND","forest river","Forest River"
"ND","forman","Forman"
"ND","fort ransom","Fort Ransom"
"ND","fort totten","Fort Totten"
"ND","fort yates","Fort Yates"
"ND","fortuna","Fortuna"
"ND","four bears village","Four Bears Village"
"ND","foxholm","Foxholm"
"ND","fredonia","Fredonia"
"ND","frontier","Frontier"
"ND","fullerton","Fullerton"
"ND","gackle","Gackle"
"ND","galesburg","Galesburg"
"ND","gardena","Gardena"
"ND","gardner","Gardner"
"ND","garrison","Garrison"
"ND","gascoyne","Gascoyne"
"ND","gilby","Gilby"
"ND","gladstone","Gladstone"
"ND","glen ullin","Glen Ullin"
"ND","glenburn","Glenburn"
"ND","glenfield","Glenfield"
"ND","golden valley","Golden Valley"
"ND","golva","Golva"
"ND","goodrich","Goodrich"
"ND","grace city","Grace City"
"ND","grafton","Grafton"
"ND","grand forks","Grand Forks"
"ND","grand forks afb","Grand Forks AFB"
"ND","grandin","Grandin"
"ND","grano","Grano"
"ND","granville","Granville"
"ND","great bend","Great Bend"
"ND","green acres","Green Acres"
"ND","grenora","Grenora"
"ND","gwinner","Gwinner"
"ND","hague","Hague"
"ND","halliday","Halliday"
"ND","hamberg","Hamberg"
"ND","hamilton","Hamilton"
"ND","hampden","Hampden"
"ND","hankinson","Hankinson"
"ND","hannaford","Hannaford"
"ND","hannah","Hannah"
"ND","hansboro","Hansboro"
"ND","harmon","Harmon"
"ND","harvey","Harvey"
"ND","harwood","Harwood"
"ND","hatton","Hatton"
"ND","havana","Havana"
"ND","haynes","Haynes"
"ND","hazelton","Hazelton"
"ND","hazen","Hazen"
"ND","hebron","Hebron"
"ND","heil","Heil"
"ND","heimdal","Heimdal"
"ND","hettinger","Hettinger"
"ND","hillsboro","Hillsboro"
"ND","hoople","Hoople"
"ND","hope","Hope"
"ND","horace","Horace"
"ND","hunter","Hunter"
"ND","hurdsfield","Hurdsfield"
"ND","inkster","Inkster"
"ND","jamestown","Jamestown"
"ND","jessie","Jessie"
"ND","jud","Jud"
"ND","karlsruhe","Karlsruhe"
"ND","kathryn","Kathryn"
"ND","kenmare","Kenmare"
"ND","kensal","Kensal"
"ND","kief","Kief"
"ND","killdeer","Killdeer"
"ND","kindred","Kindred"
"ND","knox","Knox"
"ND","kramer","Kramer"
"ND","kulm","Kulm"
"ND","lakota","Lakota"
"ND","lamoure","LaMoure"
"ND","landa","Landa"
"ND","langdon","Langdon"
"ND","lankin","Lankin"
"ND","lansford","Lansford"
"ND","larimore","Larimore"
"ND","larson","Larson"
"ND","lawton","Lawton"
"ND","leal","Leal"
"ND","leeds","Leeds"
"ND","lehr","Lehr"
"ND","leith","Leith"
"ND","leonard","Leonard"
"ND","lidgerwood","Lidgerwood"
"ND","lignite","Lignite"
"ND","lincoln","Lincoln"
"ND","linton","Linton"
"ND","lisbon","Lisbon"
"ND","litchville","Litchville"
"ND","logan","Logan"
"ND","loma","Loma"
"ND","long creek","Long Creek"
"ND","loraine","Loraine"
"ND","ludden","Ludden"
"ND","luverne","Luverne"
"ND","maddock","Maddock"
"ND","makoti","Makoti"
"ND","mandan","Mandan"
"ND","mandaree","Mandaree"
"ND","manning","Manning"
"ND","mantador","Mantador"
"ND","manvel","Manvel"
"ND","mapleton","Mapleton"
"ND","marion","Marion"
"ND","marmarth","Marmarth"
"ND","martin","Martin"
"ND","max","Max"
"ND","maxbass","Maxbass"
"ND","mayville","Mayville"
"ND","mcclusky","McClusky"
"ND","mcgregor","McGregor"
"ND","mchenry","McHenry"
"ND","mcleod","McLeod"
"ND","mcville","McVille"
"ND","medina","Medina"
"ND","medora","Medora"
"ND","menoken","Menoken"
"ND","mercer","Mercer"
"ND","michigan city","Michigan City"
"ND","milnor","Milnor"
"ND","milton","Milton"
"ND","minnewaukan","Minnewaukan"
"ND","minot","Minot"
"ND","minot afb","Minot AFB"
"ND","minto","Minto"
"ND","mohall","Mohall"
"ND","monango","Monango"
"ND","montpelier","Montpelier"
"ND","mooreton","Mooreton"
"ND","mott","Mott"
"ND","mountain","Mountain"
"ND","munich","Munich"
"ND","mylo","Mylo"
"ND","napoleon","Napoleon"
"ND","nash","Nash"
"ND","neche","Neche"
"ND","nekoma","Nekoma"
"ND","new england","New England"
"ND","new leipzig","New Leipzig"
"ND","new rockford","New Rockford"
"ND","new salem","New Salem"
"ND","new town","New Town"
"ND","newburg","Newburg"
"ND","niagara","Niagara"
"ND","nome","Nome"
"ND","noonan","Noonan"
"ND","north river","North River"
"ND","northwood","Northwood"
"ND","oakes","Oakes"
"ND","oberon","Oberon"
"ND","oriska","Oriska"
"ND","orrin","Orrin"
"ND","osnabrock","Osnabrock"
"ND","overly","Overly"
"ND","oxbow","Oxbow"
"ND","page","Page"
"ND","palermo","Palermo"
"ND","park river","Park River"
"ND","parshall","Parshall"
"ND","pekin","Pekin"
"ND","pembina","Pembina"
"ND","perth","Perth"
"ND","petersburg","Petersburg"
"ND","pettibone","Pettibone"
"ND","pick city","Pick City"
"ND","pillsbury","Pillsbury"
"ND","pingree","Pingree"
"ND","pisek","Pisek"
"ND","plaza","Plaza"
"ND","porcupine","Porcupine"
"ND","portal","Portal"
"ND","portland","Portland"
"ND","powers lake","Powers Lake"
"ND","prairie rose","Prairie Rose"
"ND","raleigh","Raleigh"
"ND","ray","Ray"
"ND","reeder","Reeder"
"ND","regan","Regan"
"ND","regent","Regent"
"ND","reile's acres","Reile's Acres"
"ND","reynolds","Reynolds"
"ND","rhame","Rhame"
"ND","richardton","Richardton"
"ND","riverdale","Riverdale"
"ND","robinson","Robinson"
"ND","rocklake","Rocklake"
"ND","rogers","Rogers"
"ND","rolette","Rolette"
"ND","rolla","Rolla"
"ND","ross","Ross"
"ND","rugby","Rugby"
"ND","ruso","Ruso"
"ND","ruthville","Ruthville"
"ND","rutland","Rutland"
"ND","ryder","Ryder"
"ND","sanborn","Sanborn"
"ND","sarles","Sarles"
"ND","sawyer","Sawyer"
"ND","scranton","Scranton"
"ND","selfridge","Selfridge"
"ND","selz","Selz"
"ND","sentinel butte","Sentinel Butte"
"ND","sharon","Sharon"
"ND","sheldon","Sheldon"
"ND","shell valley","Shell Valley"
"ND","sherwood","Sherwood"
"ND","sheyenne","Sheyenne"
"ND","sibley","Sibley"
"ND","solen","Solen"
"ND","souris","Souris"
"ND","south heart","South Heart"
"ND","spiritwood","Spiritwood"
"ND","spiritwood lake","Spiritwood Lake"
"ND","springbrook","Springbrook"
"ND","st. john","St. John"
"ND","st. thomas","St. Thomas"
"ND","stanley","Stanley"
"ND","stanton","Stanton"
"ND","starkweather","Starkweather"
"ND","steele","Steele"
"ND","strasburg","Strasburg"
"ND","streeter","Streeter"
"ND","surrey","Surrey"
"ND","sutton","Sutton"
"ND","sykeston","Sykeston"
"ND","tappen","Tappen"
"ND","taylor","Taylor"
"ND","thompson","Thompson"
"ND","tioga","Tioga"
"ND","tolley","Tolley"
"ND","tolna","Tolna"
"ND","tower city","Tower City"
"ND","towner","Towner"
"ND","trenton","Trenton"
"ND","turtle lake","Turtle Lake"
"ND","tuttle","Tuttle"
"ND","underwood","Underwood"
"ND","upham","Upham"
"ND","valley city","Valley City"
"ND","velva","Velva"
"ND","venturia","Venturia"
"ND","verona","Verona"
"ND","voltaire","Voltaire"
"ND","wahpeton","Wahpeton"
"ND","walcott","Walcott"
"ND","wales","Wales"
"ND","walhalla","Walhalla"
"ND","warwick","Warwick"
"ND","washburn","Washburn"
"ND","watford city","Watford City"
"ND","west fargo","West Fargo"
"ND","westhope","Westhope"
"ND","wheatland","Wheatland"
"ND","white earth","White Earth"
"ND","white shield","White Shield"
"ND","wildrose","Wildrose"
"ND","williston","Williston"
"ND","willow city","Willow City"
"ND","wilton","Wilton"
"ND","wimbledon","Wimbledon"
"ND","wing","Wing"
"ND","wishek","Wishek"
"ND","wolford","Wolford"
"ND","woodworth","Woodworth"
"ND","wyndmere","Wyndmere"
"ND","york","York"
"ND","ypsilanti","Ypsilanti"
"ND","zap","Zap"
"ND","zeeland","Zeeland"
"NE","abie","Abie"
"NE","adams","Adams"
"NE","agnew","Agnew"
"NE","ainsworth","Ainsworth"
"NE","albion","Albion"
"NE","alda","Alda"
"NE","alexandria","Alexandria"
"NE","allen","Allen"
"NE","alliance","Alliance"
"NE","alma","Alma"
"NE","alvo","Alvo"
"NE","ames","Ames"
"NE","amherst","Amherst"
"NE","anoka","Anoka"
"NE","anselmo","Anselmo"
"NE","ansley","Ansley"
"NE","arapahoe","Arapahoe"
"NE","arcadia","Arcadia"
"NE","archer","Archer"
"NE","arlington","Arlington"
"NE","arnold","Arnold"
"NE","arthur","Arthur"
"NE","ashland","Ashland"
"NE","ashton","Ashton"
"NE","aten","Aten"
"NE","atkinson","Atkinson"
"NE","atlanta","Atlanta"
"NE","auburn","Auburn"
"NE","aurora","Aurora"
"NE","avoca","Avoca"
"NE","axtell","Axtell"
"NE","ayr","Ayr"
"NE","bancroft","Bancroft"
"NE","barada","Barada"
"NE","barneston","Barneston"
"NE","bartlett","Bartlett"
"NE","bartley","Bartley"
"NE","bassett","Bassett"
"NE","battle creek","Battle Creek"
"NE","bayard","Bayard"
"NE","bazile mills","Bazile Mills"
"NE","beacon view","Beacon View"
"NE","beatrice","Beatrice"
"NE","beaver city","Beaver City"
"NE","beaver crossing","Beaver Crossing"
"NE","beaver lake","Beaver Lake"
"NE","bee","Bee"
"NE","beemer","Beemer"
"NE","belden","Belden"
"NE","belgrade","Belgrade"
"NE","bellevue","Bellevue"
"NE","bellwood","Bellwood"
"NE","belmar","Belmar"
"NE","belvidere","Belvidere"
"NE","benedict","Benedict"
"NE","benkelman","Benkelman"
"NE","bennet","Bennet"
"NE","bennington","Bennington"
"NE","berea","Berea"
"NE","bertrand","Bertrand"
"NE","berwyn","Berwyn"
"NE","big springs","Big Springs"
"NE","bladen","Bladen"
"NE","blair","Blair"
"NE","bloomfield","Bloomfield"
"NE","bloomington","Bloomington"
"NE","blue hill","Blue Hill"
"NE","blue springs","Blue Springs"
"NE","bow valley","Bow Valley"
"NE","boys town","Boys Town"
"NE","bradshaw","Bradshaw"
"NE","brady","Brady"
"NE","brainard","Brainard"
"NE","brewster","Brewster"
"NE","bridgeport","Bridgeport"
"NE","bristow","Bristow"
"NE","broadwater","Broadwater"
"NE","brock","Brock"
"NE","broken bow","Broken Bow"
"NE","brownlee","Brownlee"
"NE","brownville","Brownville"
"NE","brule","Brule"
"NE","bruning","Bruning"
"NE","bruno","Bruno"
"NE","brunswick","Brunswick"
"NE","buccaneer bay","Buccaneer Bay"
"NE","burchard","Burchard"
"NE","burr","Burr"
"NE","burton","Burton"
"NE","burwell","Burwell"
"NE","bushnell","Bushnell"
"NE","butte","Butte"
"NE","byron","Byron"
"NE","cairo","Cairo"
"NE","callaway","Callaway"
"NE","cambridge","Cambridge"
"NE","campbell","Campbell"
"NE","carleton","Carleton"
"NE","carroll","Carroll"
"NE","cedar bluffs","Cedar Bluffs"
"NE","cedar creek","Cedar Creek"
"NE","cedar rapids","Cedar Rapids"
"NE","center","Center"
"NE","central city","Central City"
"NE","ceresco","Ceresco"
"NE","chadron","Chadron"
"NE","chalco","Chalco"
"NE","chambers","Chambers"
"NE","champion","Champion"
"NE","chapman","Chapman"
"NE","chappell","Chappell"
"NE","cheney","Cheney"
"NE","chester","Chester"
"NE","clarks","Clarks"
"NE","clarkson","Clarkson"
"NE","clatonia","Clatonia"
"NE","clay center","Clay Center"
"NE","clearwater","Clearwater"
"NE","clinton","Clinton"
"NE","cody","Cody"
"NE","coleridge","Coleridge"
"NE","colon","Colon"
"NE","columbus","Columbus"
"NE","comstock","Comstock"
"NE","concord","Concord"
"NE","cook","Cook"
"NE","cordova","Cordova"
"NE","cornlea","Cornlea"
"NE","cortland","Cortland"
"NE","cotesfield","Cotesfield"
"NE","cowles","Cowles"
"NE","cozad","Cozad"
"NE","crab orchard","Crab Orchard"
"NE","craig","Craig"
"NE","crawford","Crawford"
"NE","creighton","Creighton"
"NE","creston","Creston"
"NE","crete","Crete"
"NE","crofton","Crofton"
"NE","crookston","Crookston"
"NE","culbertson","Culbertson"
"NE","curtis","Curtis"
"NE","cushing","Cushing"
"NE","dakota city","Dakota City"
"NE","dalton","Dalton"
"NE","danbury","Danbury"
"NE","dannebrog","Dannebrog"
"NE","davenport","Davenport"
"NE","davey","Davey"
"NE","david city","David City"
"NE","dawson","Dawson"
"NE","daykin","Daykin"
"NE","de witt","De Witt"
"NE","decatur","Decatur"
"NE","denton","Denton"
"NE","deshler","Deshler"
"NE","deweese","Deweese"
"NE","diller","Diller"
"NE","dix","Dix"
"NE","dixon","Dixon"
"NE","dodge","Dodge"
"NE","doniphan","Doniphan"
"NE","dorchester","Dorchester"
"NE","douglas","Douglas"
"NE","du bois","Du Bois"
"NE","dunbar","Dunbar"
"NE","duncan","Duncan"
"NE","dunning","Dunning"
"NE","dwight","Dwight"
"NE","eagle","Eagle"
"NE","eddyville","Eddyville"
"NE","edgar","Edgar"
"NE","edison","Edison"
"NE","elba","Elba"
"NE","elgin","Elgin"
"NE","elk creek","Elk Creek"
"NE","elm creek","Elm Creek"
"NE","elmwood","Elmwood"
"NE","elsie","Elsie"
"NE","elwood","Elwood"
"NE","elyria","Elyria"
"NE","emerald","Emerald"
"NE","emerson","Emerson"
"NE","emmet","Emmet"
"NE","enders","Enders"
"NE","endicott","Endicott"
"NE","ericson","Ericson"
"NE","eustis","Eustis"
"NE","ewing","Ewing"
"NE","exeter","Exeter"
"NE","fairbury","Fairbury"
"NE","fairfield","Fairfield"
"NE","fairmont","Fairmont"
"NE","falls city","Falls City"
"NE","farnam","Farnam"
"NE","farwell","Farwell"
"NE","filley","Filley"
"NE","firth","Firth"
"NE","fontanelle","Fontanelle"
"NE","fordyce","Fordyce"
"NE","fort calhoun","Fort Calhoun"
"NE","foster","Foster"
"NE","franklin","Franklin"
"NE","fremont","Fremont"
"NE","friend","Friend"
"NE","fullerton","Fullerton"
"NE","funk","Funk"
"NE","gandy","Gandy"
"NE","garland","Garland"
"NE","garrison","Garrison"
"NE","geneva","Geneva"
"NE","genoa","Genoa"
"NE","gering","Gering"
"NE","gibbon","Gibbon"
"NE","gilead","Gilead"
"NE","giltner","Giltner"
"NE","glenvil","Glenvil"
"NE","glenwood","Glenwood"
"NE","goehner","Goehner"
"NE","gordon","Gordon"
"NE","gothenburg","Gothenburg"
"NE","grafton","Grafton"
"NE","grand island","Grand Island"
"NE","grant","Grant"
"NE","greeley center","Greeley Center"
"NE","greenwood","Greenwood"
"NE","gresham","Gresham"
"NE","gretna","Gretna"
"NE","gross","Gross"
"NE","guide rock","Guide Rock"
"NE","gurley","Gurley"
"NE","hadar","Hadar"
"NE","haigler","Haigler"
"NE","hallam","Hallam"
"NE","halsey","Halsey"
"NE","hamlet","Hamlet"
"NE","hampton","Hampton"
"NE","harbine","Harbine"
"NE","hardy","Hardy"
"NE","harrisburg","Harrisburg"
"NE","harrison","Harrison"
"NE","hartington","Hartington"
"NE","harvard","Harvard"
"NE","hastings","Hastings"
"NE","hay springs","Hay Springs"
"NE","hayes center","Hayes Center"
"NE","hazard","Hazard"
"NE","heartwell","Heartwell"
"NE","hebron","Hebron"
"NE","hemingford","Hemingford"
"NE","henderson","Henderson"
"NE","hendley","Hendley"
"NE","henry","Henry"
"NE","herman","Herman"
"NE","hershey","Hershey"
"NE","hickman","Hickman"
"NE","hildreth","Hildreth"
"NE","holbrook","Holbrook"
"NE","holdrege","Holdrege"
"NE","holmesville","Holmesville"
"NE","holstein","Holstein"
"NE","homer","Homer"
"NE","hooper","Hooper"
"NE","hordville","Hordville"
"NE","hoskins","Hoskins"
"NE","howard city (boelus)","Howard City (Boelus)"
"NE","howells","Howells"
"NE","hubbard","Hubbard"
"NE","hubbell","Hubbell"
"NE","humboldt","Humboldt"
"NE","humphrey","Humphrey"
"NE","huntley","Huntley"
"NE","hyannis","Hyannis"
"NE","imperial","Imperial"
"NE","inavale","Inavale"
"NE","indianola","Indianola"
"NE","inglewood","Inglewood"
"NE","inland","Inland"
"NE","inman","Inman"
"NE","ithaca","Ithaca"
"NE","jackson","Jackson"
"NE","jansen","Jansen"
"NE","johnson","Johnson"
"NE","johnstown","Johnstown"
"NE","julian","Julian"
"NE","juniata","Juniata"
"NE","kearney","Kearney"
"NE","kenesaw","Kenesaw"
"NE","kennard","Kennard"
"NE","keystone","Keystone"
"NE","kilgore","Kilgore"
"NE","kimball","Kimball"
"NE","king lake","King Lake"
"NE","kramer","Kramer"
"NE","la platte","La Platte"
"NE","la vista","La Vista"
"NE","lake waconda","Lake Waconda"
"NE","lakeview","Lakeview"
"NE","lamar","Lamar"
"NE","laurel","Laurel"
"NE","lawrence","Lawrence"
"NE","lebanon","Lebanon"
"NE","leigh","Leigh"
"NE","lemoyne","Lemoyne"
"NE","leshara","Leshara"
"NE","lewellen","Lewellen"
"NE","lewiston","Lewiston"
"NE","lexington","Lexington"
"NE","liberty","Liberty"
"NE","lincoln","Lincoln"
"NE","lindsay","Lindsay"
"NE","lindy","Lindy"
"NE","linoma beach","Linoma Beach"
"NE","linwood","Linwood"
"NE","lisco","Lisco"
"NE","litchfield","Litchfield"
"NE","lodgepole","Lodgepole"
"NE","long pine","Long Pine"
"NE","loomis","Loomis"
"NE","lorenzo","Lorenzo"
"NE","loretto","Loretto"
"NE","lorton","Lorton"
"NE","louisville","Louisville"
"NE","loup city","Loup City"
"NE","lushton","Lushton"
"NE","lyman","Lyman"
"NE","lynch","Lynch"
"NE","lyons","Lyons"
"NE","macy","Macy"
"NE","madison","Madison"
"NE","madrid","Madrid"
"NE","magnet","Magnet"
"NE","malcolm","Malcolm"
"NE","malmo","Malmo"
"NE","manley","Manley"
"NE","marquette","Marquette"
"NE","martell","Martell"
"NE","martin","Martin"
"NE","martinsburg","Martinsburg"
"NE","maskell","Maskell"
"NE","mason city","Mason City"
"NE","max","Max"
"NE","maxwell","Maxwell"
"NE","maywood","Maywood"
"NE","mccook","McCook"
"NE","mccool junction","McCool Junction"
"NE","mcgrew","McGrew"
"NE","mclean","McLean"
"NE","mead","Mead"
"NE","meadow grove","Meadow Grove"
"NE","melbeta","Melbeta"
"NE","melia","Melia"
"NE","memphis","Memphis"
"NE","merna","Merna"
"NE","merriman","Merriman"
"NE","milford","Milford"
"NE","miller","Miller"
"NE","milligan","Milligan"
"NE","minatare","Minatare"
"NE","minden","Minden"
"NE","mitchell","Mitchell"
"NE","monowi","Monowi"
"NE","monroe","Monroe"
"NE","moorefield","Moorefield"
"NE","morrill","Morrill"
"NE","morse bluff","Morse Bluff"
"NE","mullen","Mullen"
"NE","murdock","Murdock"
"NE","murray","Murray"
"NE","naper","Naper"
"NE","naponee","Naponee"
"NE","nebraska city","Nebraska City"
"NE","nehawka","Nehawka"
"NE","neligh","Neligh"
"NE","nelson","Nelson"
"NE","nemaha","Nemaha"
"NE","nenzel","Nenzel"
"NE","newcastle","Newcastle"
"NE","newman grove","Newman Grove"
"NE","newport","Newport"
"NE","nickerson","Nickerson"
"NE","niobrara","Niobrara"
"NE","nora","Nora"
"NE","norfolk","Norfolk"
"NE","norman","Norman"
"NE","north bend","North Bend"
"NE","north loup","North Loup"
"NE","north platte","North Platte"
"NE","oak","Oak"
"NE","oakdale","Oakdale"
"NE","oakland","Oakland"
"NE","obert","Obert"
"NE","oconto","Oconto"
"NE","octavia","Octavia"
"NE","odell","Odell"
"NE","odessa","Odessa"
"NE","offutt afb","Offutt AFB"
"NE","ogallala","Ogallala"
"NE","ohiowa","Ohiowa"
"NE","omaha","Omaha"
"NE","o'neill","O'Neill"
"NE","ong","Ong"
"NE","orchard","Orchard"
"NE","ord","Ord"
"NE","orleans","Orleans"
"NE","osceola","Osceola"
"NE","oshkosh","Oshkosh"
"NE","osmond","Osmond"
"NE","otoe","Otoe"
"NE","overland","Overland"
"NE","overton","Overton"
"NE","oxford","Oxford"
"NE","page","Page"
"NE","palisade","Palisade"
"NE","palmer","Palmer"
"NE","palmyra","Palmyra"
"NE","panama","Panama"
"NE","papillion","Papillion"
"NE","parks","Parks"
"NE","pawnee city","Pawnee City"
"NE","paxton","Paxton"
"NE","pender","Pender"
"NE","peru","Peru"
"NE","petersburg","Petersburg"
"NE","phillips","Phillips"
"NE","pickrell","Pickrell"
"NE","pierce","Pierce"
"NE","pilger","Pilger"
"NE","plainview","Plainview"
"NE","platte center","Platte Center"
"NE","plattsmouth","Plattsmouth"
"NE","pleasant dale","Pleasant Dale"
"NE","pleasanton","Pleasanton"
"NE","plymouth","Plymouth"
"NE","polk","Polk"
"NE","ponca","Ponca"
"NE","poole","Poole"
"NE","potter","Potter"
"NE","prague","Prague"
"NE","prairie home","Prairie Home"
"NE","preston","Preston"
"NE","primrose","Primrose"
"NE","princeton","Princeton"
"NE","prosser","Prosser"
"NE","raeville","Raeville"
"NE","ragan","Ragan"
"NE","ralston","Ralston"
"NE","randolph","Randolph"
"NE","ravenna","Ravenna"
"NE","raymond","Raymond"
"NE","red cloud","Red Cloud"
"NE","republican city","Republican City"
"NE","reynolds","Reynolds"
"NE","richfield","Richfield"
"NE","richland","Richland"
"NE","rising city","Rising City"
"NE","riverdale","Riverdale"
"NE","riverton","Riverton"
"NE","roca","Roca"
"NE","rockville","Rockville"
"NE","rogers","Rogers"
"NE","rosalie","Rosalie"
"NE","roscoe","Roscoe"
"NE","roseland","Roseland"
"NE","royal","Royal"
"NE","rulo","Rulo"
"NE","rushville","Rushville"
"NE","ruskin","Ruskin"
"NE","salem","Salem"
"NE","santee","Santee"
"NE","sarben","Sarben"
"NE","sargent","Sargent"
"NE","saronville","Saronville"
"NE","schuyler","Schuyler"
"NE","scotia","Scotia"
"NE","scottsbluff","Scottsbluff"
"NE","scribner","Scribner"
"NE","seneca","Seneca"
"NE","seward","Seward"
"NE","shelby","Shelby"
"NE","shelton","Shelton"
"NE","shickley","Shickley"
"NE","sholes","Sholes"
"NE","shubert","Shubert"
"NE","sidney","Sidney"
"NE","silver creek","Silver Creek"
"NE","smithfield","Smithfield"
"NE","snyder","Snyder"
"NE","south bend","South Bend"
"NE","south sioux city","South Sioux City"
"NE","spalding","Spalding"
"NE","spencer","Spencer"
"NE","sprague","Sprague"
"NE","springfield","Springfield"
"NE","springview","Springview"
"NE","st. edward","St. Edward"
"NE","st. helena","St. Helena"
"NE","st. libory","St. Libory"
"NE","st. paul","St. Paul"
"NE","stamford","Stamford"
"NE","stanton","Stanton"
"NE","staplehurst","Staplehurst"
"NE","stapleton","Stapleton"
"NE","steele city","Steele City"
"NE","steinauer","Steinauer"
"NE","stella","Stella"
"NE","sterling","Sterling"
"NE","stockham","Stockham"
"NE","stockville","Stockville"
"NE","strang","Strang"
"NE","stratton","Stratton"
"NE","stromsburg","Stromsburg"
"NE","stuart","Stuart"
"NE","sumner","Sumner"
"NE","sunol","Sunol"
"NE","superior","Superior"
"NE","surprise","Surprise"
"NE","sutherland","Sutherland"
"NE","sutton","Sutton"
"NE","swanton","Swanton"
"NE","syracuse","Syracuse"
"NE","table rock","Table Rock"
"NE","talmage","Talmage"
"NE","tamora","Tamora"
"NE","tarnov","Tarnov"
"NE","taylor","Taylor"
"NE","tecumseh","Tecumseh"
"NE","tekamah","Tekamah"
"NE","terrytown","Terrytown"
"NE","thayer","Thayer"
"NE","thedford","Thedford"
"NE","thurston","Thurston"
"NE","tilden","Tilden"
"NE","tobias","Tobias"
"NE","trenton","Trenton"
"NE","trumbull","Trumbull"
"NE","tryon","Tryon"
"NE","uehling","Uehling"
"NE","ulysses","Ulysses"
"NE","unadilla","Unadilla"
"NE","union","Union"
"NE","upland","Upland"
"NE","utica","Utica"
"NE","valentine","Valentine"
"NE","valley","Valley"
"NE","valparaiso","Valparaiso"
"NE","venango","Venango"
"NE","venice","Venice"
"NE","verdel","Verdel"
"NE","verdigre","Verdigre"
"NE","verdon","Verdon"
"NE","virginia","Virginia"
"NE","waco","Waco"
"NE","wahoo","Wahoo"
"NE","wakefield","Wakefield"
"NE","wallace","Wallace"
"NE","walthill","Walthill"
"NE","walton","Walton"
"NE","wann","Wann"
"NE","washington","Washington"
"NE","waterbury","Waterbury"
"NE","waterloo","Waterloo"
"NE","wauneta","Wauneta"
"NE","wausa","Wausa"
"NE","waverly","Waverly"
"NE","wayne","Wayne"
"NE","weeping water","Weeping Water"
"NE","wellfleet","Wellfleet"
"NE","west point","West Point"
"NE","western","Western"
"NE","westerville","Westerville"
"NE","weston","Weston"
"NE","white clay","White Clay"
"NE","whitney","Whitney"
"NE","wilber","Wilber"
"NE","wilcox","Wilcox"
"NE","willow island","Willow Island"
"NE","wilsonville","Wilsonville"
"NE","winnebago","Winnebago"
"NE","winnetoon","Winnetoon"
"NE","winside","Winside"
"NE","winslow","Winslow"
"NE","wisner","Wisner"
"NE","wolbach","Wolbach"
"NE","wood lake","Wood Lake"
"NE","wood river","Wood River"
"NE","woodland hills","Woodland Hills"
"NE","woodland park","Woodland Park"
"NE","wymore","Wymore"
"NE","wynot","Wynot"
"NE","yankee hill","Yankee Hill"
"NE","york","York"
"NE","yutan","Yutan"
"NH","alton","Alton"
"NH","amherst","Amherst"
"NH","antrim","Antrim"
"NH","ashland","Ashland"
"NH","bartlett","Bartlett"
"NH","belmont","Belmont"
"NH","bennington","Bennington"
"NH","berlin","Berlin"
"NH","bethlehem","Bethlehem"
"NH","blodgett landing","Blodgett Landing"
"NH","bradford","Bradford"
"NH","bristol","Bristol"
"NH","canaan","Canaan"
"NH","center ossipee","Center Ossipee"
"NH","center sandwich","Center Sandwich"
"NH","charlestown","Charlestown"
"NH","claremont","Claremont"
"NH","colebrook","Colebrook"
"NH","concord","Concord"
"NH","contoocook","Contoocook"
"NH","conway","Conway"
"NH","derry","Derry"
"NH","dover","Dover"
"NH","durham","Durham"
"NH","east merrimack","East Merrimack"
"NH","enfield","Enfield"
"NH","epping","Epping"
"NH","exeter","Exeter"
"NH","farmington","Farmington"
"NH","francestown","Francestown"
"NH","franklin","Franklin"
"NH","goffstown","Goffstown"
"NH","gorham","Gorham"
"NH","greenville","Greenville"
"NH","groveton","Groveton"
"NH","hampton","Hampton"
"NH","hampton beach","Hampton Beach"
"NH","hancock","Hancock"
"NH","hanover","Hanover"
"NH","henniker","Henniker"
"NH","hillsborough","Hillsborough"
"NH","hinsdale","Hinsdale"
"NH","hooksett","Hooksett"
"NH","hudson","Hudson"
"NH","jaffrey","Jaffrey"
"NH","keene","Keene"
"NH","klondike corner","Klondike Corner"
"NH","laconia","Laconia"
"NH","lancaster","Lancaster"
"NH","lebanon","Lebanon"
"NH","lincoln","Lincoln"
"NH","lisbon","Lisbon"
"NH","littleton","Littleton"
"NH","londonderry","Londonderry"
"NH","loudon","Loudon"
"NH","manchester","Manchester"
"NH","marlborough","Marlborough"
"NH","melvin village","Melvin Village"
"NH","meredith","Meredith"
"NH","milford","Milford"
"NH","milton","Milton"
"NH","milton mills","Milton Mills"
"NH","mountain lakes","Mountain Lakes"
"NH","nashua","Nashua"
"NH","new boston","New Boston"
"NH","new hampton","New Hampton"
"NH","new london","New London"
"NH","newfields","Newfields"
"NH","newmarket","Newmarket"
"NH","newport","Newport"
"NH","north conway","North Conway"
"NH","north haverhill","North Haverhill"
"NH","north walpole","North Walpole"
"NH","north woodstock","North Woodstock"
"NH","peterborough","Peterborough"
"NH","pinardville","Pinardville"
"NH","pittsfield","Pittsfield"
"NH","plainfield","Plainfield"
"NH","plymouth","Plymouth"
"NH","portsmouth","Portsmouth"
"NH","raymond","Raymond"
"NH","rochester","Rochester"
"NH","sanbornville","Sanbornville"
"NH","seabrook beach","Seabrook Beach"
"NH","somersworth","Somersworth"
"NH","south hooksett","South Hooksett"
"NH","suissevale","Suissevale"
"NH","suncook","Suncook"
"NH","tilton northfield","Tilton Northfield"
"NH","troy","Troy"
"NH","union","Union"
"NH","walpole","Walpole"
"NH","warner","Warner"
"NH","west stewartstown","West Stewartstown"
"NH","west swanzey","West Swanzey"
"NH","whitefield","Whitefield"
"NH","wilton","Wilton"
"NH","winchester","Winchester"
"NH","wolfeboro","Wolfeboro"
"NH","woodsville","Woodsville"
"NJ","absecon","Absecon"
"NJ","absecon highlands","Absecon Highlands"
"NJ","allamuchy","Allamuchy"
"NJ","allendale","Allendale"
"NJ","allenhurst","Allenhurst"
"NJ","allentown","Allentown"
"NJ","allenwood","Allenwood"
"NJ","alloway","Alloway"
"NJ","alpha","Alpha"
"NJ","alpine","Alpine"
"NJ","ampere north","Ampere North"
"NJ","anderson","Anderson"
"NJ","andover","Andover"
"NJ","annandale","Annandale"
"NJ","arrowhead lake","Arrowhead Lake"
"NJ","asbury","Asbury"
"NJ","asbury park","Asbury Park"
"NJ","ashland","Ashland"
"NJ","atco","Atco"
"NJ","atlantic city","Atlantic City"
"NJ","atlantic highlands","Atlantic Highlands"
"NJ","auburn","Auburn"
"NJ","audubon","Audubon"
"NJ","audubon park","Audubon Park"
"NJ","avalon","Avalon"
"NJ","avenel","Avenel"
"NJ","avon-by-the-sea","Avon-by-the-Sea"
"NJ","barclay","Barclay"
"NJ","bargaintown","Bargaintown"
"NJ","barnegat","Barnegat"
"NJ","barnegat light","Barnegat Light"
"NJ","barrington","Barrington"
"NJ","basking ridge","Basking Ridge"
"NJ","bay head","Bay Head"
"NJ","bayonne","Bayonne"
"NJ","beach haven","Beach Haven"
"NJ","beach haven west","Beach Haven West"
"NJ","beachwood","Beachwood"
"NJ","beattystown","Beattystown"
"NJ","beckett","Beckett"
"NJ","bedminster","Bedminster"
"NJ","beesleys point","Beesleys Point"
"NJ","belford","Belford"
"NJ","belle mead","Belle Mead"
"NJ","belleplain","Belleplain"
"NJ","bellmawr","Bellmawr"
"NJ","belmar","Belmar"
"NJ","belvidere","Belvidere"
"NJ","bergenfield","Bergenfield"
"NJ","berlin","Berlin"
"NJ","bernardsville","Bernardsville"
"NJ","beverly","Beverly"
"NJ","blackwells mills","Blackwells Mills"
"NJ","blackwood","Blackwood"
"NJ","blairstown","Blairstown"
"NJ","blawenburg","Blawenburg"
"NJ","bloomingdale","Bloomingdale"
"NJ","bloomsbury","Bloomsbury"
"NJ","bogota","Bogota"
"NJ","boonton","Boonton"
"NJ","bordentown","Bordentown"
"NJ","bound brook","Bound Brook"
"NJ","bradley beach","Bradley Beach"
"NJ","bradley gardens","Bradley Gardens"
"NJ","brainards","Brainards"
"NJ","branchville","Branchville"
"NJ","brass castle","Brass Castle"
"NJ","bridgeport","Bridgeport"
"NJ","bridgeton","Bridgeton"
"NJ","bridgeville","Bridgeville"
"NJ","bridgewater center","Bridgewater Center"
"NJ","brielle","Brielle"
"NJ","brigantine","Brigantine"
"NJ","broadway","Broadway"
"NJ","brookdale","Brookdale"
"NJ","brookfield","Brookfield"
"NJ","brooklawn","Brooklawn"
"NJ","brookside","Brookside"
"NJ","browns mills","Browns Mills"
"NJ","brownville","Brownville"
"NJ","budd lake","Budd Lake"
"NJ","buena","Buena"
"NJ","burleigh","Burleigh"
"NJ","burlington","Burlington"
"NJ","butler","Butler"
"NJ","buttzville","Buttzville"
"NJ","byram center","Byram Center"
"NJ","caldwell","Caldwell"
"NJ","califon","Califon"
"NJ","camden","Camden"
"NJ","cape may","Cape May"
"NJ","cape may court house","Cape May Court House"
"NJ","cape may point","Cape May Point"
"NJ","carlls corner","Carlls Corner"
"NJ","carlstadt","Carlstadt"
"NJ","carneys point","Carneys Point"
"NJ","carteret","Carteret"
"NJ","cedar glen lakes","Cedar Glen Lakes"
"NJ","cedar glen west","Cedar Glen West"
"NJ","cedar knolls","Cedar Knolls"
"NJ","cedarville","Cedarville"
"NJ","centre grove","Centre Grove"
"NJ","chatham","Chatham"
"NJ","cherry hill mall","Cherry Hill Mall"
"NJ","chesilhurst","Chesilhurst"
"NJ","chester","Chester"
"NJ","clayton","Clayton"
"NJ","clearbrook","Clearbrook"
"NJ","clementon","Clementon"
"NJ","cliffside park","Cliffside Park"
"NJ","cliffwood beach","Cliffwood Beach"
"NJ","clifton","Clifton"
"NJ","clinton","Clinton"
"NJ","closter","Closter"
"NJ","clyde","Clyde"
"NJ","collings lakes","Collings Lakes"
"NJ","collingswood","Collingswood"
"NJ","cologne","Cologne"
"NJ","colonia","Colonia"
"NJ","columbia","Columbia"
"NJ","concordia","Concordia"
"NJ","connecticut farms","Connecticut Farms"
"NJ","cookstown","Cookstown"
"NJ","corbin city","Corbin City"
"NJ","country lake estates","Country Lake Estates"
"NJ","cranbury","Cranbury"
"NJ","crandon lakes","Crandon Lakes"
"NJ","cranford","Cranford"
"NJ","cream ridge","Cream Ridge"
"NJ","cresskill","Cresskill"
"NJ","crestwood village","Crestwood Village"
"NJ","crosswicks","Crosswicks"
"NJ","cumberland-hesstown","Cumberland-Hesstown"
"NJ","dayton","Dayton"
"NJ","deal","Deal"
"NJ","deans","Deans"
"NJ","deerfield street","Deerfield Street"
"NJ","delaware","Delaware"
"NJ","delaware park","Delaware Park"
"NJ","delmont","Delmont"
"NJ","demarest","Demarest"
"NJ","dennisville","Dennisville"
"NJ","diamond beach","Diamond Beach"
"NJ","dividing creek","Dividing Creek"
"NJ","dorchester","Dorchester"
"NJ","dorothy","Dorothy"
"NJ","dover","Dover"
"NJ","dover beaches north","Dover Beaches North"
"NJ","dover beaches south","Dover Beaches South"
"NJ","dumont","Dumont"
"NJ","dunellen","Dunellen"
"NJ","dutch neck","Dutch Neck"
"NJ","east franklin","East Franklin"
"NJ","east freehold","East Freehold"
"NJ","east millstone","East Millstone"
"NJ","east newark","East Newark"
"NJ","east orange","East Orange"
"NJ","east rocky hill","East Rocky Hill"
"NJ","east rutherford","East Rutherford"
"NJ","east vineland","East Vineland"
"NJ","eatontown","Eatontown"
"NJ","echelon","Echelon"
"NJ","edgewater","Edgewater"
"NJ","egg harbor city","Egg Harbor City"
"NJ","elizabeth","Elizabeth"
"NJ","ellisburg","Ellisburg"
"NJ","elmer","Elmer"
"NJ","elmwood park","Elmwood Park"
"NJ","elwood","Elwood"
"NJ","emerson","Emerson"
"NJ","encore at monroe","Encore at Monroe"
"NJ","englewood","Englewood"
"NJ","englewood cliffs","Englewood Cliffs"
"NJ","english creek","English Creek"
"NJ","englishtown","Englishtown"
"NJ","erma","Erma"
"NJ","essex fells","Essex Fells"
"NJ","estell manor","Estell Manor"
"NJ","fair haven","Fair Haven"
"NJ","fair lawn","Fair Lawn"
"NJ","fairton","Fairton"
"NJ","fairview","Fairview"
"NJ","fanwood","Fanwood"
"NJ","far hills","Far Hills"
"NJ","farmingdale","Farmingdale"
"NJ","fieldsboro","Fieldsboro"
"NJ","finderne","Finderne"
"NJ","finesville","Finesville"
"NJ","flagtown","Flagtown"
"NJ","flanders","Flanders"
"NJ","flemington","Flemington"
"NJ","florence","Florence"
"NJ","florham park","Florham Park"
"NJ","folsom","Folsom"
"NJ","fords","Fords"
"NJ","forked river","Forked River"
"NJ","forsgate","Forsgate"
"NJ","fort dix","Fort Dix"
"NJ","fort lee","Fort Lee"
"NJ","fortescue","Fortescue"
"NJ","franklin","Franklin"
"NJ","franklin center","Franklin Center"
"NJ","franklin lakes","Franklin Lakes"
"NJ","franklin park","Franklin Park"
"NJ","franklinville","Franklinville"
"NJ","freehold","Freehold"
"NJ","frenchtown","Frenchtown"
"NJ","gandys beach","Gandys Beach"
"NJ","garfield","Garfield"
"NJ","garwood","Garwood"
"NJ","germania","Germania"
"NJ","gibbsboro","Gibbsboro"
"NJ","gibbstown","Gibbstown"
"NJ","gillette","Gillette"
"NJ","glassboro","Glassboro"
"NJ","glen gardner","Glen Gardner"
"NJ","glen ridge","Glen Ridge"
"NJ","glen rock","Glen Rock"
"NJ","glendora","Glendora"
"NJ","gloucester city","Gloucester City"
"NJ","golden triangle","Golden Triangle"
"NJ","goshen","Goshen"
"NJ","gouldtown","Gouldtown"
"NJ","great meadows","Great Meadows"
"NJ","great notch","Great Notch"
"NJ","green knoll","Green Knoll"
"NJ","green village","Green Village"
"NJ","greentree","Greentree"
"NJ","greenwich","Greenwich"
"NJ","grenloch","Grenloch"
"NJ","griggstown","Griggstown"
"NJ","groveville","Groveville"
"NJ","guttenberg","Guttenberg"
"NJ","hackensack","Hackensack"
"NJ","hackettstown","Hackettstown"
"NJ","haddon heights","Haddon Heights"
"NJ","haddonfield","Haddonfield"
"NJ","hainesburg","Hainesburg"
"NJ","haledon","Haledon"
"NJ","hamburg","Hamburg"
"NJ","hamilton square","Hamilton Square"
"NJ","hammonton","Hammonton"
"NJ","hampton","Hampton"
"NJ","hancocks bridge","Hancocks Bridge"
"NJ","harlingen","Harlingen"
"NJ","harmony","Harmony"
"NJ","harrington park","Harrington Park"
"NJ","harrison","Harrison"
"NJ","harrisonville","Harrisonville"
"NJ","harvey cedars","Harvey Cedars"
"NJ","hasbrouck heights","Hasbrouck Heights"
"NJ","haworth","Haworth"
"NJ","hawthorne","Hawthorne"
"NJ","heathcote","Heathcote"
"NJ","heislerville","Heislerville"
"NJ","helmetta","Helmetta"
"NJ","hewitt","Hewitt"
"NJ","hibernia","Hibernia"
"NJ","high bridge","High Bridge"
"NJ","highland lakes","Highland Lakes"
"NJ","highland park","Highland Park"
"NJ","highlands","Highlands"
"NJ","hightstown","Hightstown"
"NJ","hillsborough","Hillsborough"
"NJ","hillsdale","Hillsdale"
"NJ","hi-nella","Hi-Nella"
"NJ","hoboken","Hoboken"
"NJ","ho-ho-kus","Ho-Ho-Kus"
"NJ","holiday city south","Holiday City South"
"NJ","holiday city-berkeley","Holiday City-Berkeley"
"NJ","holiday heights","Holiday Heights"
"NJ","hopatcong","Hopatcong"
"NJ","hope","Hope"
"NJ","hopelawn","Hopelawn"
"NJ","hopewell","Hopewell"
"NJ","hutchinson","Hutchinson"
"NJ","interlaken","Interlaken"
"NJ","iselin","Iselin"
"NJ","island heights","Island Heights"
"NJ","jamesburg","Jamesburg"
"NJ","jersey city","Jersey City"
"NJ","jobstown","Jobstown"
"NJ","johnsonburg","Johnsonburg"
"NJ","juliustown","Juliustown"
"NJ","kean university","Kean University"
"NJ","keansburg","Keansburg"
"NJ","kearny","Kearny"
"NJ","keasbey","Keasbey"
"NJ","kendall park","Kendall Park"
"NJ","kenilworth","Kenilworth"
"NJ","kenvil","Kenvil"
"NJ","keyport","Keyport"
"NJ","kingston","Kingston"
"NJ","kingston estates","Kingston Estates"
"NJ","kinnelon","Kinnelon"
"NJ","lake como","Lake Como"
"NJ","lake hiawatha","Lake Hiawatha"
"NJ","lake hopatcong","Lake Hopatcong"
"NJ","lake mohawk","Lake Mohawk"
"NJ","lake telemark","Lake Telemark"
"NJ","lakehurst","Lakehurst"
"NJ","lakeside-beebe run","Lakeside-Beebe Run"
"NJ","lakewood","Lakewood"
"NJ","lambertville","Lambertville"
"NJ","lamington","Lamington"
"NJ","landing","Landing"
"NJ","laurel heights","Laurel Heights"
"NJ","laurel lake","Laurel Lake"
"NJ","laurel springs","Laurel Springs"
"NJ","laurence harbor","Laurence Harbor"
"NJ","lavallette","Lavallette"
"NJ","lawnside","Lawnside"
"NJ","lawrenceville","Lawrenceville"
"NJ","layton","Layton"
"NJ","lebanon","Lebanon"
"NJ","ledgewood","Ledgewood"
"NJ","leeds point","Leeds Point"
"NJ","leesburg","Leesburg"
"NJ","leisure knoll","Leisure Knoll"
"NJ","leisure village","Leisure Village"
"NJ","leisure village east","Leisure Village East"
"NJ","leisure village west","Leisure Village West"
"NJ","leisuretowne","Leisuretowne"
"NJ","leonardo","Leonardo"
"NJ","leonia","Leonia"
"NJ","liberty corner","Liberty Corner"
"NJ","lincoln park","Lincoln Park"
"NJ","lincroft","Lincroft"
"NJ","linden","Linden"
"NJ","lindenwold","Lindenwold"
"NJ","linwood","Linwood"
"NJ","little ferry","Little Ferry"
"NJ","little silver","Little Silver"
"NJ","llewellyn park","Llewellyn Park"
"NJ","loch arbour","Loch Arbour"
"NJ","lodi","Lodi"
"NJ","long branch","Long Branch"
"NJ","long valley","Long Valley"
"NJ","longport","Longport"
"NJ","lopatcong overlook","Lopatcong Overlook"
"NJ","lower berkshire valley","Lower Berkshire Valley"
"NJ","lyons","Lyons"
"NJ","macopin","Macopin"
"NJ","madison","Madison"
"NJ","madison park","Madison Park"
"NJ","magnolia","Magnolia"
"NJ","malaga","Malaga"
"NJ","manahawkin","Manahawkin"
"NJ","manasquan","Manasquan"
"NJ","mantoloking","Mantoloking"
"NJ","manville","Manville"
"NJ","margate city","Margate City"
"NJ","marksboro","Marksboro"
"NJ","marlboro","Marlboro"
"NJ","marlton","Marlton"
"NJ","marmora","Marmora"
"NJ","marshallville","Marshallville"
"NJ","martinsville","Martinsville"
"NJ","matawan","Matawan"
"NJ","mauricetown","Mauricetown"
"NJ","mays landing","Mays Landing"
"NJ","maywood","Maywood"
"NJ","mcguire afb","McGuire AFB"
"NJ","mckee city","McKee City"
"NJ","medford lakes","Medford Lakes"
"NJ","mendham","Mendham"
"NJ","menlo park terrace","Menlo Park Terrace"
"NJ","mercerville","Mercerville"
"NJ","merchantville","Merchantville"
"NJ","metuchen","Metuchen"
"NJ","mickleton","Mickleton"
"NJ","middlebush","Middlebush"
"NJ","middlesex","Middlesex"
"NJ","midland park","Midland Park"
"NJ","milford","Milford"
"NJ","millington","Millington"
"NJ","millstone","Millstone"
"NJ","milltown","Milltown"
"NJ","millville","Millville"
"NJ","milmay","Milmay"
"NJ","mizpah","Mizpah"
"NJ","money island","Money Island"
"NJ","monmouth beach","Monmouth Beach"
"NJ","monmouth junction","Monmouth Junction"
"NJ","monroe manor","Monroe Manor"
"NJ","montclair state university","Montclair State University"
"NJ","montvale","Montvale"
"NJ","moonachie","Moonachie"
"NJ","moorestown-lenola","Moorestown-Lenola"
"NJ","morganville","Morganville"
"NJ","morris plains","Morris Plains"
"NJ","morristown","Morristown"
"NJ","mount arlington","Mount Arlington"
"NJ","mount ephraim","Mount Ephraim"
"NJ","mount hermon","Mount Hermon"
"NJ","mount hope","Mount Hope"
"NJ","mount royal","Mount Royal"
"NJ","mount tabor","Mount Tabor"
"NJ","mountain lake","Mountain Lake"
"NJ","mountain lakes","Mountain Lakes"
"NJ","mountainside","Mountainside"
"NJ","mullica hill","Mullica Hill"
"NJ","mystic island","Mystic Island"
"NJ","national park","National Park"
"NJ","navesink","Navesink"
"NJ","neptune city","Neptune City"
"NJ","nesco","Nesco"
"NJ","neshanic","Neshanic"
"NJ","neshanic station","Neshanic Station"
"NJ","netcong","Netcong"
"NJ","new brunswick","New Brunswick"
"NJ","new egypt","New Egypt"
"NJ","new gretna","New Gretna"
"NJ","new milford","New Milford"
"NJ","new providence","New Providence"
"NJ","new vernon","New Vernon"
"NJ","new village","New Village"
"NJ","newark","Newark"
"NJ","newfield","Newfield"
"NJ","newfoundland","Newfoundland"
"NJ","newport","Newport"
"NJ","newton","Newton"
"NJ","newtonville","Newtonville"
"NJ","north arlington","North Arlington"
"NJ","north beach haven","North Beach Haven"
"NJ","north caldwell","North Caldwell"
"NJ","north cape may","North Cape May"
"NJ","north haledon","North Haledon"
"NJ","north middletown","North Middletown"
"NJ","north plainfield","North Plainfield"
"NJ","north wildwood","North Wildwood"
"NJ","northfield","Northfield"
"NJ","northvale","Northvale"
"NJ","norwood","Norwood"
"NJ","oak ridge","Oak Ridge"
"NJ","oak valley","Oak Valley"
"NJ","oakhurst","Oakhurst"
"NJ","oakland","Oakland"
"NJ","oaklyn","Oaklyn"
"NJ","ocean acres","Ocean Acres"
"NJ","ocean city","Ocean City"
"NJ","ocean gate","Ocean Gate"
"NJ","ocean grove","Ocean Grove"
"NJ","ocean view","Ocean View"
"NJ","oceanport","Oceanport"
"NJ","oceanville","Oceanville"
"NJ","ogdensburg","Ogdensburg"
"NJ","old bridge","Old Bridge"
"NJ","old tappan","Old Tappan"
"NJ","oldwick","Oldwick"
"NJ","olivet","Olivet"
"NJ","oradell","Oradell"
"NJ","othello","Othello"
"NJ","oxford","Oxford"
"NJ","packanack lake","Packanack Lake"
"NJ","palermo","Palermo"
"NJ","palisades park","Palisades Park"
"NJ","palmyra","Palmyra"
"NJ","panther valley","Panther Valley"
"NJ","paramus","Paramus"
"NJ","park ridge","Park Ridge"
"NJ","parsippany","Parsippany"
"NJ","passaic","Passaic"
"NJ","paterson","Paterson"
"NJ","paulsboro","Paulsboro"
"NJ","peapack and gladstone","Peapack and Gladstone"
"NJ","pedricktown","Pedricktown"
"NJ","pemberton","Pemberton"
"NJ","pemberton heights","Pemberton Heights"
"NJ","pennington","Pennington"
"NJ","penns grove","Penns Grove"
"NJ","pennsville","Pennsville"
"NJ","perth amboy","Perth Amboy"
"NJ","phillipsburg","Phillipsburg"
"NJ","pine beach","Pine Beach"
"NJ","pine brook","Pine Brook"
"NJ","pine hill","Pine Hill"
"NJ","pine lake park","Pine Lake Park"
"NJ","pine ridge at crestwood","Pine Ridge at Crestwood"
"NJ","pines lake","Pines Lake"
"NJ","pitman","Pitman"
"NJ","plainfield","Plainfield"
"NJ","plainsboro center","Plainsboro Center"
"NJ","pleasant plains","Pleasant Plains"
"NJ","pleasantdale","Pleasantdale"
"NJ","pleasantville","Pleasantville"
"NJ","pluckemin","Pluckemin"
"NJ","point pleasant","Point Pleasant"
"NJ","point pleasant beach","Point Pleasant Beach"
"NJ","pomona","Pomona"
"NJ","pompton lakes","Pompton Lakes"
"NJ","pompton plains","Pompton Plains"
"NJ","port colden","Port Colden"
"NJ","port elizabeth","Port Elizabeth"
"NJ","port monmouth","Port Monmouth"
"NJ","port morris","Port Morris"
"NJ","port murray","Port Murray"
"NJ","port norris","Port Norris"
"NJ","port reading","Port Reading"
"NJ","port republic","Port Republic"
"NJ","pottersville","Pottersville"
"NJ","preakness","Preakness"
"NJ","presidential lakes estates","Presidential Lakes Estates"
"NJ","princeton","Princeton"
"NJ","princeton junction","Princeton Junction"
"NJ","princeton meadows","Princeton Meadows"
"NJ","prospect park","Prospect Park"
"NJ","quinton","Quinton"
"NJ","rahway","Rahway"
"NJ","rainbow lakes","Rainbow Lakes"
"NJ","ramapo college of new jersey","Ramapo College of New Jersey"
"NJ","ramblewood","Ramblewood"
"NJ","ramsey","Ramsey"
"NJ","ramtown","Ramtown"
"NJ","raritan","Raritan"
"NJ","red bank","Red Bank"
"NJ","regency at monroe","Regency at Monroe"
"NJ","renaissance at monroe","Renaissance at Monroe"
"NJ","richland","Richland"
"NJ","richwood","Richwood"
"NJ","ridgefield","Ridgefield"
"NJ","ridgefield park","Ridgefield Park"
"NJ","ridgewood","Ridgewood"
"NJ","ringoes","Ringoes"
"NJ","ringwood","Ringwood"
"NJ","rio grande","Rio Grande"
"NJ","river edge","River Edge"
"NJ","riverdale","Riverdale"
"NJ","riverton","Riverton"
"NJ","roadstown","Roadstown"
"NJ","robbinsville center","Robbinsville Center"
"NJ","robertsville","Robertsville"
"NJ","rockaway","Rockaway"
"NJ","rockleigh","Rockleigh"
"NJ","rocky hill","Rocky Hill"
"NJ","roebling","Roebling"
"NJ","roosevelt","Roosevelt"
"NJ","roseland","Roseland"
"NJ","roselle","Roselle"
"NJ","roselle park","Roselle Park"
"NJ","rosenhayn","Rosenhayn"
"NJ","ross corner","Ross Corner"
"NJ","rossmoor","Rossmoor"
"NJ","rumson","Rumson"
"NJ","runnemede","Runnemede"
"NJ","rutgers university-busch campus","Rutgers University-Busch Campus"
"NJ","rutgers university-livingston campus","Rutgers University-Livingston Campus"
"NJ","rutherford","Rutherford"
"NJ","saddle river","Saddle River"
"NJ","salem","Salem"
"NJ","sayreville","Sayreville"
"NJ","sea bright","Sea Bright"
"NJ","sea girt","Sea Girt"
"NJ","sea isle city","Sea Isle City"
"NJ","seabrook farms","Seabrook Farms"
"NJ","seaside heights","Seaside Heights"
"NJ","seaside park","Seaside Park"
"NJ","seaville","Seaville"
"NJ","secaucus","Secaucus"
"NJ","seeley","Seeley"
"NJ","sewaren","Sewaren"
"NJ","sewell","Sewell"
"NJ","shark river hills","Shark River Hills"
"NJ","sheppards mill","Sheppards Mill"
"NJ","shiloh","Shiloh"
"NJ","ship bottom","Ship Bottom"
"NJ","short hills","Short Hills"
"NJ","shrewsbury","Shrewsbury"
"NJ","sicklerville","Sicklerville"
"NJ","silver lake","Silver Lake"
"NJ","silver ridge","Silver Ridge"
"NJ","singac","Singac"
"NJ","six mile run","Six Mile Run"
"NJ","skillman","Skillman"
"NJ","smithville","Smithville"
"NJ","somerdale","Somerdale"
"NJ","somers point","Somers Point"
"NJ","somerset","Somerset"
"NJ","somerville","Somerville"
"NJ","south amboy","South Amboy"
"NJ","south bound brook","South Bound Brook"
"NJ","south dennis","South Dennis"
"NJ","south plainfield","South Plainfield"
"NJ","south river","South River"
"NJ","south seaville","South Seaville"
"NJ","south toms river","South Toms River"
"NJ","spotswood","Spotswood"
"NJ","spring lake","Spring Lake"
"NJ","spring lake heights","Spring Lake Heights"
"NJ","springdale","Springdale"
"NJ","springfield","Springfield"
"NJ","stanhope","Stanhope"
"NJ","stewartsville","Stewartsville"
"NJ","stirling","Stirling"
"NJ","stockton","Stockton"
"NJ","stockton university","Stockton University"
"NJ","stone harbor","Stone Harbor"
"NJ","stonebridge","Stonebridge"
"NJ","stratford","Stratford"
"NJ","strathmere","Strathmere"
"NJ","strathmore","Strathmore"
"NJ","succasunna","Succasunna"
"NJ","summit","Summit"
"NJ","sunset lake","Sunset Lake"
"NJ","surf city","Surf City"
"NJ","sussex","Sussex"
"NJ","swedesboro","Swedesboro"
"NJ","sweetwater","Sweetwater"
"NJ","tavistock","Tavistock"
"NJ","ten mile run","Ten Mile Run"
"NJ","tenafly","Tenafly"
"NJ","teterboro","Teterboro"
"NJ","the college of new jersey","The College of New Jersey"
"NJ","the hills","The Hills"
"NJ","the ponds","The Ponds"
"NJ","thorofare","Thorofare"
"NJ","three bridges","Three Bridges"
"NJ","tinton falls","Tinton Falls"
"NJ","titusville","Titusville"
"NJ","toms river","Toms River"
"NJ","totowa","Totowa"
"NJ","towaco","Towaco"
"NJ","trenton","Trenton"
"NJ","troy hills","Troy Hills"
"NJ","tuckahoe","Tuckahoe"
"NJ","tuckerton","Tuckerton"
"NJ","turnersville","Turnersville"
"NJ","twin rivers","Twin Rivers"
"NJ","union","Union"
"NJ","union beach","Union Beach"
"NJ","union city","Union City"
"NJ","upper greenwood lake","Upper Greenwood Lake"
"NJ","upper montclair","Upper Montclair"
"NJ","upper pohatcong","Upper Pohatcong"
"NJ","upper saddle river","Upper Saddle River"
"NJ","upper stewartsville","Upper Stewartsville"
"NJ","vauxhall","Vauxhall"
"NJ","ventnor city","Ventnor City"
"NJ","vernon center","Vernon Center"
"NJ","vernon valley","Vernon Valley"
"NJ","victory gardens","Victory Gardens"
"NJ","victory lakes","Victory Lakes"
"NJ","vienna","Vienna"
"NJ","villas","Villas"
"NJ","vincentown","Vincentown"
"NJ","vineland","Vineland"
"NJ","vista center","Vista Center"
"NJ","voorhees","Voorhees"
"NJ","waldwick","Waldwick"
"NJ","wallington","Wallington"
"NJ","wanamassa","Wanamassa"
"NJ","wanaque","Wanaque"
"NJ","waretown","Waretown"
"NJ","washington","Washington"
"NJ","washington crossing","Washington Crossing"
"NJ","watchung","Watchung"
"NJ","watsessing","Watsessing"
"NJ","wenonah","Wenonah"
"NJ","west belmar","West Belmar"
"NJ","west berlin","West Berlin"
"NJ","west cape may","West Cape May"
"NJ","west freehold","West Freehold"
"NJ","west long branch","West Long Branch"
"NJ","west new york","West New York"
"NJ","west park","West Park"
"NJ","west wildwood","West Wildwood"
"NJ","westfield","Westfield"
"NJ","westmont","Westmont"
"NJ","weston","Weston"
"NJ","westville","Westville"
"NJ","westwood","Westwood"
"NJ","wharton","Wharton"
"NJ","whippany","Whippany"
"NJ","white horse","White Horse"
"NJ","white house station","White House Station"
"NJ","white meadow lake","White Meadow Lake"
"NJ","whitesboro","Whitesboro"
"NJ","whittingham","Whittingham"
"NJ","wildwood","Wildwood"
"NJ","wildwood crest","Wildwood Crest"
"NJ","william paterson university of new jersey","William Paterson University of New Jersey"
"NJ","williamstown","Williamstown"
"NJ","windsor","Windsor"
"NJ","woodbine","Woodbine"
"NJ","woodbridge","Woodbridge"
"NJ","woodbury","Woodbury"
"NJ","woodbury heights","Woodbury Heights"
"NJ","woodcliff lake","Woodcliff Lake"
"NJ","woodland park","Woodland Park"
"NJ","woodlynne","Woodlynne"
"NJ","wood-ridge","Wood-Ridge"
"NJ","woodstown","Woodstown"
"NJ","wrightstown","Wrightstown"
"NJ","yardville","Yardville"
"NJ","yorketown","Yorketown"
"NJ","zarephath","Zarephath"
"NM","abeytas","Abeytas"
"NM","abiquiu","Abiquiu"
"NM","acomita lake","Acomita Lake"
"NM","adelino","Adelino"
"NM","agua fria","Agua Fria"
"NM","alamillo","Alamillo"
"NM","alamo","Alamo"
"NM","alamogordo","Alamogordo"
"NM","albuquerque","Albuquerque"
"NM","alcalde","Alcalde"
"NM","algodones","Algodones"
"NM","alma","Alma"
"NM","angel fire","Angel Fire"
"NM","angustura","Angustura"
"NM","animas","Animas"
"NM","anthony","Anthony"
"NM","anton chico","Anton Chico"
"NM","anzac village","Anzac Village"
"NM","apache creek","Apache Creek"
"NM","aragon","Aragon"
"NM","arenas valley","Arenas Valley"
"NM","arrey","Arrey"
"NM","arroyo hondo","Arroyo Hondo"
"NM","arroyo seco","Arroyo Seco"
"NM","artesia","Artesia"
"NM","atoka","Atoka"
"NM","aztec","Aztec"
"NM","barton","Barton"
"NM","bayard","Bayard"
"NM","becenti","Becenti"
"NM","beclabito","Beclabito"
"NM","belen","Belen"
"NM","bent","Bent"
"NM","berino","Berino"
"NM","bernalillo","Bernalillo"
"NM","bibo","Bibo"
"NM","black hat","Black Hat"
"NM","black rock","Black Rock"
"NM","blanco","Blanco"
"NM","bloomfield","Bloomfield"
"NM","bluewater","Bluewater"
"NM","bluewater village","Bluewater Village"
"NM","boles acres","Boles Acres"
"NM","borrego pass","Borrego Pass"
"NM","bosque farms","Bosque Farms"
"NM","brazos","Brazos"
"NM","brimhall nizhoni","Brimhall Nizhoni"
"NM","broadview","Broadview"
"NM","buckhorn","Buckhorn"
"NM","butterfield park","Butterfield Park"
"NM","caã±ada de los alamos","CaÃ±ada de los Alamos"
"NM","caã±on","CaÃ±on"
"NM","caã±oncito","CaÃ±oncito"
"NM","caã±ones","CaÃ±ones"
"NM","caballo","Caballo"
"NM","candy kitchen","Candy Kitchen"
"NM","canjilon","Canjilon"
"NM","cannon afb","Cannon AFB"
"NM","canova","Canova"
"NM","capitan","Capitan"
"NM","capulin","Capulin"
"NM","carlsbad","Carlsbad"
"NM","carnuel","Carnuel"
"NM","carrizozo","Carrizozo"
"NM","casa colorada","Casa Colorada"
"NM","casas adobes","Casas Adobes"
"NM","catalpa canyon","Catalpa Canyon"
"NM","causey","Causey"
"NM","cedar crest","Cedar Crest"
"NM","cedar grove","Cedar Grove"
"NM","cedar hill","Cedar Hill"
"NM","cedro","Cedro"
"NM","center point","Center Point"
"NM","chama","Chama"
"NM","chamberino","Chamberino"
"NM","chamisal","Chamisal"
"NM","chamita","Chamita"
"NM","chamizal","Chamizal"
"NM","chaparral","Chaparral"
"NM","chical","Chical"
"NM","chili","Chili"
"NM","chilili","Chilili"
"NM","chimayo","Chimayo"
"NM","chupadero","Chupadero"
"NM","church rock","Church Rock"
"NM","cimarron","Cimarron"
"NM","city of the sun","City of the Sun"
"NM","clayton","Clayton"
"NM","cliff","Cliff"
"NM","cloudcroft","Cloudcroft"
"NM","clovis","Clovis"
"NM","cobre","Cobre"
"NM","cochiti","Cochiti"
"NM","cochiti lake","Cochiti Lake"
"NM","columbus","Columbus"
"NM","conchas dam","Conchas Dam"
"NM","conejo","Conejo"
"NM","continental divide","Continental Divide"
"NM","cordova","Cordova"
"NM","corona","Corona"
"NM","corrales","Corrales"
"NM","costilla","Costilla"
"NM","cotton city","Cotton City"
"NM","coyote","Coyote"
"NM","crestview","Crestview"
"NM","crouch mesa","Crouch Mesa"
"NM","crownpoint","Crownpoint"
"NM","cruzville","Cruzville"
"NM","crystal","Crystal"
"NM","cuartelez","Cuartelez"
"NM","cuba","Cuba"
"NM","cubero","Cubero"
"NM","cundiyo","Cundiyo"
"NM","cuyamungue","Cuyamungue"
"NM","cuyamungue grant","Cuyamungue Grant"
"NM","datil","Datil"
"NM","deer canyon","Deer Canyon"
"NM","deming","Deming"
"NM","des moines","Des Moines"
"NM","dexter","Dexter"
"NM","dixon","Dixon"
"NM","doã±a ana","DoÃ±a Ana"
"NM","dora","Dora"
"NM","dulce","Dulce"
"NM","duran","Duran"
"NM","eagle nest","Eagle Nest"
"NM","east pecos","East Pecos"
"NM","edgewood","Edgewood"
"NM","edith enclave","Edith Enclave"
"NM","el cerro","El Cerro"
"NM","el cerro mission","El Cerro Mission"
"NM","el duende","El Duende"
"NM","el morro valley","El Morro Valley"
"NM","el rancho","El Rancho"
"NM","el rito","El Rito"
"NM","el valle de arroyo seco","El Valle de Arroyo Seco"
"NM","eldorado at santa fe","Eldorado at Santa Fe"
"NM","elephant butte","Elephant Butte"
"NM","elida","Elida"
"NM","encantado","Encantado"
"NM","encinal","Encinal"
"NM","encino","Encino"
"NM","ensenada","Ensenada"
"NM","escondida","Escondida"
"NM","escudilla bonita","Escudilla Bonita"
"NM","espaã±ola","EspaÃ±ola"
"NM","estancia","Estancia"
"NM","eunice","Eunice"
"NM","fairacres","Fairacres"
"NM","farmington","Farmington"
"NM","faywood","Faywood"
"NM","fence lake","Fence Lake"
"NM","flora vista","Flora Vista"
"NM","floyd","Floyd"
"NM","folsom","Folsom"
"NM","fort sumner","Fort Sumner"
"NM","fort wingate","Fort Wingate"
"NM","fruitland","Fruitland"
"NM","galisteo","Galisteo"
"NM","gallina","Gallina"
"NM","gallup","Gallup"
"NM","gamerco","Gamerco"
"NM","garfield","Garfield"
"NM","gila","Gila"
"NM","gila hot springs","Gila Hot Springs"
"NM","glen acres","Glen Acres"
"NM","glenwood","Glenwood"
"NM","glorieta","Glorieta"
"NM","golden","Golden"
"NM","golden acres","Golden Acres"
"NM","grady","Grady"
"NM","grants","Grants"
"NM","grenville","Grenville"
"NM","hachita","Hachita"
"NM","hagerman","Hagerman"
"NM","hanover","Hanover"
"NM","happy valley","Happy Valley"
"NM","hatch","Hatch"
"NM","haystack","Haystack"
"NM","hernandez","Hernandez"
"NM","high rolls","High Rolls"
"NM","highland meadows","Highland Meadows"
"NM","hillsboro","Hillsboro"
"NM","hobbs","Hobbs"
"NM","holloman afb","Holloman AFB"
"NM","homer c jones","Homer C Jones"
"NM","homestead","Homestead"
"NM","hope","Hope"
"NM","hot springs landing","Hot Springs Landing"
"NM","house","House"
"NM","hurley","Hurley"
"NM","hyde park","Hyde Park"
"NM","indian hills","Indian Hills"
"NM","isleta","Isleta"
"NM","iyanbito","Iyanbito"
"NM","jacona","Jacona"
"NM","jaconita","Jaconita"
"NM","jal","Jal"
"NM","jamestown","Jamestown"
"NM","jarales","Jarales"
"NM","jemez pueblo","Jemez Pueblo"
"NM","jemez springs","Jemez Springs"
"NM","keeler farm","Keeler Farm"
"NM","kingston","Kingston"
"NM","kirtland","Kirtland"
"NM","kirtland afb","Kirtland AFB"
"NM","la bajada","La Bajada"
"NM","la boca","La Boca"
"NM","la cienega","La Cienega"
"NM","la cueva","La Cueva"
"NM","la hacienda","La Hacienda"
"NM","la huerta","La Huerta"
"NM","la jara","La Jara"
"NM","la joya","La Joya"
"NM","la luz","La Luz"
"NM","la madera","La Madera"
"NM","la mesa","La Mesa"
"NM","la mesilla","La Mesilla"
"NM","la plata","La Plata"
"NM","la puebla","La Puebla"
"NM","la tierra","La Tierra"
"NM","la union","La Union"
"NM","la villita","La Villita"
"NM","laguna","Laguna"
"NM","lake arthur","Lake Arthur"
"NM","lake roberts","Lake Roberts"
"NM","lake roberts heights","Lake Roberts Heights"
"NM","lake sumner","Lake Sumner"
"NM","lake valley","Lake Valley"
"NM","lamy","Lamy"
"NM","las campanas","Las Campanas"
"NM","las cruces","Las Cruces"
"NM","las maravillas","Las Maravillas"
"NM","las nutrias","Las Nutrias"
"NM","las palomas","Las Palomas"
"NM","las tusas","Las Tusas"
"NM","las vegas","Las Vegas"
"NM","lee acres","Lee Acres"
"NM","lemitar","Lemitar"
"NM","lindrith","Lindrith"
"NM","little walnut village","Little Walnut Village"
"NM","livingston wheeler","Livingston Wheeler"
"NM","llano del medio","Llano del Medio"
"NM","lobo canyon","Lobo Canyon"
"NM","loco hills","Loco Hills"
"NM","logan","Logan"
"NM","lordsburg","Lordsburg"
"NM","los alamos","Los Alamos"
"NM","los cerrillos","Los Cerrillos"
"NM","los chaves","Los Chaves"
"NM","los luceros","Los Luceros"
"NM","los lunas","Los Lunas"
"NM","los ojos","Los Ojos"
"NM","los ranchos de albuquerque","Los Ranchos de Albuquerque"
"NM","loving","Loving"
"NM","lovington","Lovington"
"NM","lower frisco","Lower Frisco"
"NM","luis lopez","Luis Lopez"
"NM","lumberton","Lumberton"
"NM","luna","Luna"
"NM","lybrook","Lybrook"
"NM","lyden","Lyden"
"NM","madrid","Madrid"
"NM","madrone","Madrone"
"NM","magdalena","Magdalena"
"NM","malaga","Malaga"
"NM","manuelito","Manuelito"
"NM","manzano","Manzano"
"NM","manzano springs","Manzano Springs"
"NM","maxwell","Maxwell"
"NM","mayhill","Mayhill"
"NM","mccartys village","McCartys Village"
"NM","mcgaffey","McGaffey"
"NM","mcintosh","McIntosh"
"NM","meadow lake","Meadow Lake"
"NM","medanales","Medanales"
"NM","melrose","Melrose"
"NM","mescalero","Mescalero"
"NM","mesilla","Mesilla"
"NM","mesita","Mesita"
"NM","mesquite","Mesquite"
"NM","middle frisco","Middle Frisco"
"NM","middle mesa","Middle Mesa"
"NM","midway","Midway"
"NM","milan","Milan"
"NM","mimbres","Mimbres"
"NM","mogollon","Mogollon"
"NM","monterey park","Monterey Park"
"NM","monument","Monument"
"NM","moquino","Moquino"
"NM","mora","Mora"
"NM","moriarty","Moriarty"
"NM","morningside","Morningside"
"NM","mosquero","Mosquero"
"NM","mount taylor","Mount Taylor"
"NM","mountain view","Mountain View"
"NM","mountainair","Mountainair"
"NM","nadine","Nadine"
"NM","nageezi","Nageezi"
"NM","nakaibito","Nakaibito"
"NM","nambe","Nambe"
"NM","napi headquarters","Napi Headquarters"
"NM","nara visa","Nara Visa"
"NM","naschitti","Naschitti"
"NM","navajo","Navajo"
"NM","navajo dam","Navajo Dam"
"NM","nenahnezad","Nenahnezad"
"NM","newcomb","Newcomb"
"NM","newkirk","Newkirk"
"NM","nogal","Nogal"
"NM","north acomita village","North Acomita Village"
"NM","north hobbs","North Hobbs"
"NM","north hurley","North Hurley"
"NM","north light plant","North Light Plant"
"NM","north san ysidro","North San Ysidro"
"NM","north valley","North Valley"
"NM","oasis","Oasis"
"NM","ohkay owingeh","Ohkay Owingeh"
"NM","ojo amarillo","Ojo Amarillo"
"NM","ojo caliente","Ojo Caliente"
"NM","ojo encino","Ojo Encino"
"NM","ojo sarco","Ojo Sarco"
"NM","old town","Old Town"
"NM","organ","Organ"
"NM","orogrande","Orogrande"
"NM","paa-ko","Paa-Ko"
"NM","paguate","Paguate"
"NM","pajarito mesa","Pajarito Mesa"
"NM","paradise hills","Paradise Hills"
"NM","paraje","Paraje"
"NM","pastura","Pastura"
"NM","peã±a blanca","PeÃ±a Blanca"
"NM","peã±asco","PeÃ±asco"
"NM","peak place","Peak Place"
"NM","pecan park","Pecan Park"
"NM","pecos","Pecos"
"NM","peralta","Peralta"
"NM","picacho hills","Picacho Hills"
"NM","picuris pueblo","Picuris Pueblo"
"NM","pie town","Pie Town"
"NM","pinedale","Pinedale"
"NM","pinehaven","Pinehaven"
"NM","pinehill","Pinehill"
"NM","pinon","Pinon"
"NM","pinos altos","Pinos Altos"
"NM","placitas","Placitas"
"NM","playas","Playas"
"NM","pleasanton","Pleasanton"
"NM","pojoaque","Pojoaque"
"NM","polvadera","Polvadera"
"NM","ponderosa","Ponderosa"
"NM","ponderosa pine","Ponderosa Pine"
"NM","portales","Portales"
"NM","prewitt","Prewitt"
"NM","pueblito","Pueblito"
"NM","pueblitos","Pueblitos"
"NM","pueblo","Pueblo"
"NM","pueblo of sandia village","Pueblo of Sandia Village"
"NM","pueblo pintado","Pueblo Pintado"
"NM","puerto de luna","Puerto de Luna"
"NM","pulpotio bareas","Pulpotio Bareas"
"NM","punta de agua","Punta de Agua"
"NM","purty rock","Purty Rock"
"NM","quemado","Quemado"
"NM","questa","Questa"
"NM","radium springs","Radium Springs"
"NM","ramah","Ramah"
"NM","rancho grande","Rancho Grande"
"NM","ranchos de taos","Ranchos de Taos"
"NM","raton","Raton"
"NM","red river","Red River"
"NM","red rock ranch","Red Rock Ranch"
"NM","redrock","Redrock"
"NM","regina","Regina"
"NM","reserve","Reserve"
"NM","ribera","Ribera"
"NM","rincon","Rincon"
"NM","rio chiquito","Rio Chiquito"
"NM","rio communities","Rio Communities"
"NM","rio en medio","Rio en Medio"
"NM","rio lucio","Rio Lucio"
"NM","rio rancho","Rio Rancho"
"NM","rio rancho estates","Rio Rancho Estates"
"NM","rivers","Rivers"
"NM","rock springs","Rock Springs"
"NM","rodeo","Rodeo"
"NM","rodey","Rodey"
"NM","rosedale","Rosedale"
"NM","roswell","Roswell"
"NM","rowe","Rowe"
"NM","roy","Roy"
"NM","ruidoso","Ruidoso"
"NM","ruidoso downs","Ruidoso Downs"
"NM","sacramento","Sacramento"
"NM","sagar","Sagar"
"NM","salem","Salem"
"NM","san acacia","San Acacia"
"NM","san antonio","San Antonio"
"NM","san antonito","San Antonito"
"NM","san cristobal","San Cristobal"
"NM","san felipe pueblo","San Felipe Pueblo"
"NM","san fidel","San Fidel"
"NM","san ildefonso pueblo","San Ildefonso Pueblo"
"NM","san jon","San Jon"
"NM","san jose","San Jose"
"NM","san lorenzo","San Lorenzo"
"NM","san luis","San Luis"
"NM","san mateo","San Mateo"
"NM","san miguel","San Miguel"
"NM","san pablo","San Pablo"
"NM","san pedro","San Pedro"
"NM","san rafael","San Rafael"
"NM","san ysidro","San Ysidro"
"NM","sandia heights","Sandia Heights"
"NM","sandia knolls","Sandia Knolls"
"NM","sandia park","Sandia Park"
"NM","sanostee","Sanostee"
"NM","santa ana pueblo","Santa Ana Pueblo"
"NM","santa clara","Santa Clara"
"NM","santa clara pueblo","Santa Clara Pueblo"
"NM","santa cruz","Santa Cruz"
"NM","santa fe","Santa Fe"
"NM","santa fe foothills","Santa Fe Foothills"
"NM","santa rosa","Santa Rosa"
"NM","santa teresa","Santa Teresa"
"NM","santo domingo pueblo","Santo Domingo Pueblo"
"NM","sausal","Sausal"
"NM","seama","Seama"
"NM","seboyeta","Seboyeta"
"NM","sedillo","Sedillo"
"NM","sena","Sena"
"NM","seton village","Seton Village"
"NM","sheep springs","Sheep Springs"
"NM","shiprock","Shiprock"
"NM","silver city","Silver City"
"NM","skyline-ganipa","Skyline-Ganipa"
"NM","socorro","Socorro"
"NM","soham","Soham"
"NM","sombrillo","Sombrillo"
"NM","south acomita village","South Acomita Village"
"NM","south river","South River"
"NM","south valley","South Valley"
"NM","spencerville","Spencerville"
"NM","springer","Springer"
"NM","stanley","Stanley"
"NM","stoneridge","Stoneridge"
"NM","sullivan","Sullivan"
"NM","sundance","Sundance"
"NM","sunland park","Sunland Park"
"NM","sunlit hills","Sunlit Hills"
"NM","sunshine","Sunshine"
"NM","tajique","Tajique"
"NM","talpa","Talpa"
"NM","tano road","Tano Road"
"NM","taos","Taos"
"NM","taos pueblo","Taos Pueblo"
"NM","taos ski valley","Taos Ski Valley"
"NM","tatum","Tatum"
"NM","tecolote","Tecolote"
"NM","tecolotito","Tecolotito"
"NM","tesuque","Tesuque"
"NM","tesuque pueblo","Tesuque Pueblo"
"NM","texico","Texico"
"NM","thoreau","Thoreau"
"NM","thunder mountain","Thunder Mountain"
"NM","tierra amarilla","Tierra Amarilla"
"NM","tijeras","Tijeras"
"NM","timberlake","Timberlake"
"NM","timberon","Timberon"
"NM","tohatchi","Tohatchi"
"NM","tome","Tome"
"NM","torreon","Torreon"
"NM","tortugas","Tortugas"
"NM","totah vista","Totah Vista"
"NM","tres arroyos","Tres Arroyos"
"NM","trout valley","Trout Valley"
"NM","truchas","Truchas"
"NM","truth or consequences","Truth or Consequences"
"NM","tse bonito","Tse Bonito"
"NM","tucumcari","Tucumcari"
"NM","tularosa","Tularosa"
"NM","turley","Turley"
"NM","twin forks","Twin Forks"
"NM","twin lakes","Twin Lakes"
"NM","tyrone","Tyrone"
"NM","university park","University Park"
"NM","upper fruitland","Upper Fruitland"
"NM","ute park","Ute Park"
"NM","vadito","Vadito"
"NM","vado","Vado"
"NM","valencia","Valencia"
"NM","valle vista","Valle Vista"
"NM","vanderwagen","Vanderwagen"
"NM","vaughn","Vaughn"
"NM","veguita","Veguita"
"NM","velarde","Velarde"
"NM","ventura","Ventura"
"NM","villanueva","Villanueva"
"NM","virden","Virden"
"NM","wagon mound","Wagon Mound"
"NM","waterflow","Waterflow"
"NM","watrous","Watrous"
"NM","weed","Weed"
"NM","west hammond","West Hammond"
"NM","white cliffs","White Cliffs"
"NM","white rock","White Rock"
"NM","white sands","White Sands"
"NM","white signal","White Signal"
"NM","whites city","Whites City"
"NM","willard","Willard"
"NM","williams acres","Williams Acres"
"NM","williamsburg","Williamsburg"
"NM","windmill","Windmill"
"NM","winston","Winston"
"NM","yah-ta-hey","Yah-ta-hey"
"NM","youngsville","Youngsville"
"NM","zia pueblo","Zia Pueblo"
"NM","zuni pueblo","Zuni Pueblo"
"NV","alamo","Alamo"
"NV","amargosa valley","Amargosa Valley"
"NV","austin","Austin"
"NV","baker","Baker"
"NV","battle mountain","Battle Mountain"
"NV","beatty","Beatty"
"NV","beaverdam","Beaverdam"
"NV","bennett springs","Bennett Springs"
"NV","blue diamond","Blue Diamond"
"NV","boulder city","Boulder City"
"NV","bunkerville","Bunkerville"
"NV","caliente","Caliente"
"NV","cal-nev-ari","Cal-Nev-Ari"
"NV","carlin","Carlin"
"NV","carson","Carson"
"NV","carter springs","Carter Springs"
"NV","cold springs","Cold Springs"
"NV","crescent valley","Crescent Valley"
"NV","crystal bay","Crystal Bay"
"NV","dayton","Dayton"
"NV","denio","Denio"
"NV","double spring","Double Spring"
"NV","dry valley","Dry Valley"
"NV","dyer","Dyer"
"NV","east valley","East Valley"
"NV","elko","Elko"
"NV","ely","Ely"
"NV","empire","Empire"
"NV","enterprise","Enterprise"
"NV","eureka","Eureka"
"NV","fallon","Fallon"
"NV","fallon station","Fallon Station"
"NV","fernley","Fernley"
"NV","fish springs","Fish Springs"
"NV","fort mcdermitt","Fort McDermitt"
"NV","gabbs","Gabbs"
"NV","gardnerville","Gardnerville"
"NV","gardnerville ranchos","Gardnerville Ranchos"
"NV","genoa","Genoa"
"NV","gerlach","Gerlach"
"NV","glenbrook","Glenbrook"
"NV","golconda","Golconda"
"NV","golden valley","Golden Valley"
"NV","goldfield","Goldfield"
"NV","goodsprings","Goodsprings"
"NV","grass valley","Grass Valley"
"NV","hawthorne","Hawthorne"
"NV","henderson","Henderson"
"NV","hiko","Hiko"
"NV","humboldt river ranch","Humboldt River Ranch"
"NV","imlay","Imlay"
"NV","incline village","Incline Village"
"NV","indian hills","Indian Hills"
"NV","indian springs","Indian Springs"
"NV","jackpot","Jackpot"
"NV","jarbidge","Jarbidge"
"NV","johnson lane","Johnson Lane"
"NV","kingsbury","Kingsbury"
"NV","kingston","Kingston"
"NV","lakeridge","Lakeridge"
"NV","lamoille","Lamoille"
"NV","las vegas","Las Vegas"
"NV","laughlin","Laughlin"
"NV","lemmon valley","Lemmon Valley"
"NV","logan creek","Logan Creek"
"NV","lovelock","Lovelock"
"NV","lund","Lund"
"NV","mcdermitt","McDermitt"
"NV","mcgill","McGill"
"NV","mesquite","Mesquite"
"NV","midas","Midas"
"NV","mina","Mina"
"NV","minden","Minden"
"NV","moapa town","Moapa Town"
"NV","moapa valley","Moapa Valley"
"NV","mogul","Mogul"
"NV","montello","Montello"
"NV","mount charleston","Mount Charleston"
"NV","mount wilson","Mount Wilson"
"NV","mountain city","Mountain City"
"NV","nellis afb","Nellis AFB"
"NV","nelson","Nelson"
"NV","nixon","Nixon"
"NV","north las vegas","North Las Vegas"
"NV","orovada","Orovada"
"NV","osino","Osino"
"NV","owyhee","Owyhee"
"NV","pahrump","Pahrump"
"NV","panaca","Panaca"
"NV","paradise","Paradise"
"NV","paradise valley","Paradise Valley"
"NV","pioche","Pioche"
"NV","preston","Preston"
"NV","rachel","Rachel"
"NV","reno","Reno"
"NV","round hill village","Round Hill Village"
"NV","ruhenstroth","Ruhenstroth"
"NV","ruth","Ruth"
"NV","ryndon","Ryndon"
"NV","sandy valley","Sandy Valley"
"NV","schurz","Schurz"
"NV","searchlight","Searchlight"
"NV","silver city","Silver City"
"NV","silver peak","Silver Peak"
"NV","silver springs","Silver Springs"
"NV","skyland","Skyland"
"NV","smith valley","Smith Valley"
"NV","south fork","South Fork"
"NV","spanish springs","Spanish Springs"
"NV","sparks","Sparks"
"NV","spring creek","Spring Creek"
"NV","spring valley","Spring Valley"
"NV","stagecoach","Stagecoach"
"NV","stateline","Stateline"
"NV","summerlin south","Summerlin South"
"NV","sun valley","Sun Valley"
"NV","sunrise manor","Sunrise Manor"
"NV","sutcliffe","Sutcliffe"
"NV","tonopah","Tonopah"
"NV","topaz lake","Topaz Lake"
"NV","topaz ranch estates","Topaz Ranch Estates"
"NV","tuscarora","Tuscarora"
"NV","unionville","Unionville"
"NV","ursine","Ursine"
"NV","valmy","Valmy"
"NV","verdi","Verdi"
"NV","virginia city","Virginia City"
"NV","wadsworth","Wadsworth"
"NV","walker lake","Walker Lake"
"NV","washoe valley","Washoe Valley"
"NV","wells","Wells"
"NV","west wendover","West Wendover"
"NV","whitney","Whitney"
"NV","wildhorse","Wildhorse"
"NV","winchester","Winchester"
"NV","winnemucca","Winnemucca"
"NV","yerington","Yerington"
"NV","zephyr cove","Zephyr Cove"
"NY","accord","Accord"
"NY","adams","Adams"
"NY","adams center","Adams Center"
"NY","addison","Addison"
"NY","afton","Afton"
"NY","airmont","Airmont"
"NY","akron","Akron"
"NY","akwesasne","Akwesasne"
"NY","albany","Albany"
"NY","albertson","Albertson"
"NY","albion","Albion"
"NY","alden","Alden"
"NY","alexander","Alexander"
"NY","alexandria bay","Alexandria Bay"
"NY","alfred","Alfred"
"NY","allegany","Allegany"
"NY","almond","Almond"
"NY","altamont","Altamont"
"NY","altmar","Altmar"
"NY","altona","Altona"
"NY","amagansett","Amagansett"
"NY","amenia","Amenia"
"NY","ames","Ames"
"NY","amityville","Amityville"
"NY","amsterdam","Amsterdam"
"NY","andes","Andes"
"NY","andover","Andover"
"NY","angelica","Angelica"
"NY","angola","Angola"
"NY","angola on the lake","Angola on the Lake"
"NY","antwerp","Antwerp"
"NY","apalachin","Apalachin"
"NY","aquebogue","Aquebogue"
"NY","arcade","Arcade"
"NY","ardsley","Ardsley"
"NY","argyle","Argyle"
"NY","arkport","Arkport"
"NY","arlington","Arlington"
"NY","armonk","Armonk"
"NY","asharoken","Asharoken"
"NY","athens","Athens"
"NY","atlantic beach","Atlantic Beach"
"NY","attica","Attica"
"NY","au sable forks","Au Sable Forks"
"NY","auburn","Auburn"
"NY","aurora","Aurora"
"NY","averill park","Averill Park"
"NY","avoca","Avoca"
"NY","avon","Avon"
"NY","babylon","Babylon"
"NY","bainbridge","Bainbridge"
"NY","baiting hollow","Baiting Hollow"
"NY","baldwin","Baldwin"
"NY","baldwinsville","Baldwinsville"
"NY","ballston spa","Ballston Spa"
"NY","balmville","Balmville"
"NY","bard college","Bard College"
"NY","bardonia","Bardonia"
"NY","barker","Barker"
"NY","barneveld","Barneveld"
"NY","barnum island","Barnum Island"
"NY","barrytown","Barrytown"
"NY","barryville","Barryville"
"NY","batavia","Batavia"
"NY","bath","Bath"
"NY","baxter estates","Baxter Estates"
"NY","bay park","Bay Park"
"NY","bay shore","Bay Shore"
"NY","bayport","Bayport"
"NY","bayville","Bayville"
"NY","baywood","Baywood"
"NY","beacon","Beacon"
"NY","beaver dam lake","Beaver Dam Lake"
"NY","bedford","Bedford"
"NY","bedford hills","Bedford Hills"
"NY","belfast","Belfast"
"NY","belle terre","Belle Terre"
"NY","bellerose","Bellerose"
"NY","bellerose terrace","Bellerose Terrace"
"NY","belleville","Belleville"
"NY","bellmore","Bellmore"
"NY","bellport","Bellport"
"NY","belmont","Belmont"
"NY","bemus point","Bemus Point"
"NY","bergen","Bergen"
"NY","bethpage","Bethpage"
"NY","big flats","Big Flats"
"NY","billington heights","Billington Heights"
"NY","binghamton","Binghamton"
"NY","binghamton university","Binghamton University"
"NY","black river","Black River"
"NY","blasdell","Blasdell"
"NY","blauvelt","Blauvelt"
"NY","bliss","Bliss"
"NY","blodgett mills","Blodgett Mills"
"NY","bloomfield","Bloomfield"
"NY","bloomingburg","Bloomingburg"
"NY","bloomville","Bloomville"
"NY","blue point","Blue Point"
"NY","bohemia","Bohemia"
"NY","bolivar","Bolivar"
"NY","bolton landing","Bolton Landing"
"NY","boonville","Boonville"
"NY","brasher falls","Brasher Falls"
"NY","breesport","Breesport"
"NY","brentwood","Brentwood"
"NY","brewerton","Brewerton"
"NY","brewster","Brewster"
"NY","brewster heights","Brewster Heights"
"NY","brewster hill","Brewster Hill"
"NY","briarcliff manor","Briarcliff Manor"
"NY","bridgehampton","Bridgehampton"
"NY","bridgeport","Bridgeport"
"NY","bridgeville","Bridgeville"
"NY","bridgewater","Bridgewater"
"NY","brighton","Brighton"
"NY","brightwaters","Brightwaters"
"NY","brinckerhoff","Brinckerhoff"
"NY","broadalbin","Broadalbin"
"NY","brockport","Brockport"
"NY","brocton","Brocton"
"NY","bronxville","Bronxville"
"NY","brookhaven","Brookhaven"
"NY","brooktondale","Brooktondale"
"NY","brookville","Brookville"
"NY","brownville","Brownville"
"NY","brushton","Brushton"
"NY","buchanan","Buchanan"
"NY","buffalo","Buffalo"
"NY","burdett","Burdett"
"NY","burke","Burke"
"NY","burlington flats","Burlington Flats"
"NY","busti","Busti"
"NY","byersville","Byersville"
"NY","cadyville","Cadyville"
"NY","cairo","Cairo"
"NY","calcium","Calcium"
"NY","caledonia","Caledonia"
"NY","callicoon","Callicoon"
"NY","calverton","Calverton"
"NY","cambridge","Cambridge"
"NY","camden","Camden"
"NY","camillus","Camillus"
"NY","campbell","Campbell"
"NY","canajoharie","Canajoharie"
"NY","canandaigua","Canandaigua"
"NY","canaseraga","Canaseraga"
"NY","canastota","Canastota"
"NY","candor","Candor"
"NY","canisteo","Canisteo"
"NY","canton","Canton"
"NY","cape vincent","Cape Vincent"
"NY","captree","Captree"
"NY","carle place","Carle Place"
"NY","carmel","Carmel"
"NY","caroga lake","Caroga Lake"
"NY","carthage","Carthage"
"NY","cassadaga","Cassadaga"
"NY","castile","Castile"
"NY","castleton-on-hudson","Castleton-on-Hudson"
"NY","castorland","Castorland"
"NY","cato","Cato"
"NY","catskill","Catskill"
"NY","cattaraugus","Cattaraugus"
"NY","cayuga","Cayuga"
"NY","cayuga heights","Cayuga Heights"
"NY","cazenovia","Cazenovia"
"NY","cedarhurst","Cedarhurst"
"NY","celoron","Celoron"
"NY","cementon","Cementon"
"NY","center moriches","Center Moriches"
"NY","centereach","Centereach"
"NY","centerport","Centerport"
"NY","central bridge","Central Bridge"
"NY","central islip","Central Islip"
"NY","central square","Central Square"
"NY","centre island","Centre Island"
"NY","chadwicks","Chadwicks"
"NY","champlain","Champlain"
"NY","chappaqua","Chappaqua"
"NY","chateaugay","Chateaugay"
"NY","chatham","Chatham"
"NY","chaumont","Chaumont"
"NY","chautauqua","Chautauqua"
"NY","chazy","Chazy"
"NY","cheektowaga","Cheektowaga"
"NY","chelsea cove","Chelsea Cove"
"NY","chenango bridge","Chenango Bridge"
"NY","cherry creek","Cherry Creek"
"NY","cherry valley","Cherry Valley"
"NY","chester","Chester"
"NY","chestertown","Chestertown"
"NY","chestnut ridge","Chestnut Ridge"
"NY","chittenango","Chittenango"
"NY","churchville","Churchville"
"NY","clarence","Clarence"
"NY","clarence center","Clarence Center"
"NY","clark mills","Clark Mills"
"NY","clarkson","Clarkson"
"NY","claverack-red mills","Claverack-Red Mills"
"NY","clayton","Clayton"
"NY","clayville","Clayville"
"NY","cleveland","Cleveland"
"NY","clifton gardens","Clifton Gardens"
"NY","clifton knolls-mill creek","Clifton Knolls-Mill Creek"
"NY","clifton springs","Clifton Springs"
"NY","clinton","Clinton"
"NY","clintondale","Clintondale"
"NY","clyde","Clyde"
"NY","cobleskill","Cobleskill"
"NY","cohocton","Cohocton"
"NY","cohoes","Cohoes"
"NY","cold brook","Cold Brook"
"NY","cold spring","Cold Spring"
"NY","cold spring harbor","Cold Spring Harbor"
"NY","colonie","Colonie"
"NY","colton","Colton"
"NY","commack","Commack"
"NY","conesus","Conesus"
"NY","conesus lake","Conesus Lake"
"NY","congers","Congers"
"NY","constableville","Constableville"
"NY","constantia","Constantia"
"NY","coopers plains","Coopers Plains"
"NY","cooperstown","Cooperstown"
"NY","copake","Copake"
"NY","copake falls","Copake Falls"
"NY","copake lake","Copake Lake"
"NY","copenhagen","Copenhagen"
"NY","copiague","Copiague"
"NY","coram","Coram"
"NY","corfu","Corfu"
"NY","corinth","Corinth"
"NY","corning","Corning"
"NY","cornwall-on-hudson","Cornwall-on-Hudson"
"NY","cortland","Cortland"
"NY","cortland west","Cortland West"
"NY","country knolls","Country Knolls"
"NY","cove neck","Cove Neck"
"NY","coxsackie","Coxsackie"
"NY","cragsmoor","Cragsmoor"
"NY","cranberry lake","Cranberry Lake"
"NY","crest view heights","Crest View Heights"
"NY","croghan","Croghan"
"NY","crompond","Crompond"
"NY","croton-on-hudson","Croton-on-Hudson"
"NY","crown heights","Crown Heights"
"NY","crugers","Crugers"
"NY","crystal beach","Crystal Beach"
"NY","cuba","Cuba"
"NY","cumberland head","Cumberland Head"
"NY","cumminsville","Cumminsville"
"NY","cutchogue","Cutchogue"
"NY","cuylerville","Cuylerville"
"NY","dalton","Dalton"
"NY","danby","Danby"
"NY","dannemora","Dannemora"
"NY","dansville","Dansville"
"NY","davenport center","Davenport Center"
"NY","deer park","Deer Park"
"NY","deferiet","Deferiet"
"NY","dekalb junction","DeKalb Junction"
"NY","delanson","Delanson"
"NY","delevan","Delevan"
"NY","delhi","Delhi"
"NY","depauville","Depauville"
"NY","depew","Depew"
"NY","deposit","Deposit"
"NY","dering harbor","Dering Harbor"
"NY","deruyter","DeRuyter"
"NY","dewitt","DeWitt"
"NY","dexter","Dexter"
"NY","dix hills","Dix Hills"
"NY","dobbs ferry","Dobbs Ferry"
"NY","dolgeville","Dolgeville"
"NY","dover plains","Dover Plains"
"NY","downsville","Downsville"
"NY","dresden","Dresden"
"NY","dryden","Dryden"
"NY","duane lake","Duane Lake"
"NY","duanesburg","Duanesburg"
"NY","dundee","Dundee"
"NY","dunkirk","Dunkirk"
"NY","durhamville","Durhamville"
"NY","eagle bay","Eagle Bay"
"NY","earlville","Earlville"
"NY","east atlantic beach","East Atlantic Beach"
"NY","east aurora","East Aurora"
"NY","east avon","East Avon"
"NY","east durham","East Durham"
"NY","east farmingdale","East Farmingdale"
"NY","east frankfort","East Frankfort"
"NY","east glenville","East Glenville"
"NY","east greenbush","East Greenbush"
"NY","east hampton","East Hampton"
"NY","east hampton north","East Hampton North"
"NY","east herkimer","East Herkimer"
"NY","east hills","East Hills"
"NY","east islip","East Islip"
"NY","east ithaca","East Ithaca"
"NY","east kingston","East Kingston"
"NY","east marion","East Marion"
"NY","east massapequa","East Massapequa"
"NY","east meadow","East Meadow"
"NY","east moriches","East Moriches"
"NY","east nassau","East Nassau"
"NY","east northport","East Northport"
"NY","east norwich","East Norwich"
"NY","east patchogue","East Patchogue"
"NY","east quogue","East Quogue"
"NY","east randolph","East Randolph"
"NY","east rochester","East Rochester"
"NY","east rockaway","East Rockaway"
"NY","east setauket","East Setauket"
"NY","east shoreham","East Shoreham"
"NY","east syracuse","East Syracuse"
"NY","east williston","East Williston"
"NY","east worcester","East Worcester"
"NY","eastchester","Eastchester"
"NY","eastport","Eastport"
"NY","eatons neck","Eatons Neck"
"NY","eden","Eden"
"NY","edmeston","Edmeston"
"NY","edwards","Edwards"
"NY","eggertsville","Eggertsville"
"NY","elba","Elba"
"NY","elbridge","Elbridge"
"NY","eldred","Eldred"
"NY","elizabethtown","Elizabethtown"
"NY","ellenville","Ellenville"
"NY","ellicottville","Ellicottville"
"NY","ellisburg","Ellisburg"
"NY","elma center","Elma Center"
"NY","elmira","Elmira"
"NY","elmira heights","Elmira Heights"
"NY","elmont","Elmont"
"NY","elmsford","Elmsford"
"NY","elwood","Elwood"
"NY","endicott","Endicott"
"NY","endwell","Endwell"
"NY","erin","Erin"
"NY","esperance","Esperance"
"NY","evans mills","Evans Mills"
"NY","fabius","Fabius"
"NY","fair haven","Fair Haven"
"NY","fairmount","Fairmount"
"NY","fairport","Fairport"
"NY","fairview","Fairview"
"NY","falconer","Falconer"
"NY","fallsburg","Fallsburg"
"NY","farmingdale","Farmingdale"
"NY","farmingville","Farmingville"
"NY","farnham","Farnham"
"NY","fayetteville","Fayetteville"
"NY","felts mills","Felts Mills"
"NY","fillmore","Fillmore"
"NY","fire island","Fire Island"
"NY","firthcliffe","Firthcliffe"
"NY","fishers island","Fishers Island"
"NY","fishers landing","Fishers Landing"
"NY","fishkill","Fishkill"
"NY","flanders","Flanders"
"NY","fleischmanns","Fleischmanns"
"NY","floral park","Floral Park"
"NY","florida","Florida"
"NY","flower hill","Flower Hill"
"NY","fly creek","Fly Creek"
"NY","fonda","Fonda"
"NY","forest home","Forest Home"
"NY","forestville","Forestville"
"NY","fort ann","Fort Ann"
"NY","fort covington","Fort Covington"
"NY","fort drum","Fort Drum"
"NY","fort edward","Fort Edward"
"NY","fort johnson","Fort Johnson"
"NY","fort montgomery","Fort Montgomery"
"NY","fort plain","Fort Plain"
"NY","fort salonga","Fort Salonga"
"NY","fowlerville","Fowlerville"
"NY","frankfort","Frankfort"
"NY","franklin","Franklin"
"NY","franklin square","Franklin Square"
"NY","franklinville","Franklinville"
"NY","fredonia","Fredonia"
"NY","freedom plains","Freedom Plains"
"NY","freeport","Freeport"
"NY","freeville","Freeville"
"NY","frewsburg","Frewsburg"
"NY","friendship","Friendship"
"NY","fulton","Fulton"
"NY","fultonville","Fultonville"
"NY","gainesville","Gainesville"
"NY","galeville","Galeville"
"NY","galway","Galway"
"NY","gananda","Gananda"
"NY","gang mills","Gang Mills"
"NY","garden city","Garden City"
"NY","garden city park","Garden City Park"
"NY","garden city south","Garden City South"
"NY","gardiner","Gardiner"
"NY","gardnertown","Gardnertown"
"NY","garrattsville","Garrattsville"
"NY","gasport","Gasport"
"NY","gates","Gates"
"NY","geneseo","Geneseo"
"NY","geneva","Geneva"
"NY","germantown","Germantown"
"NY","ghent","Ghent"
"NY","gilbertsville","Gilbertsville"
"NY","gilgo","Gilgo"
"NY","glasco","Glasco"
"NY","glen aubrey","Glen Aubrey"
"NY","glen cove","Glen Cove"
"NY","glen head","Glen Head"
"NY","glen park","Glen Park"
"NY","glens falls","Glens Falls"
"NY","glens falls north","Glens Falls North"
"NY","glenwood landing","Glenwood Landing"
"NY","gloversville","Gloversville"
"NY","golden's bridge","Golden's Bridge"
"NY","gordon heights","Gordon Heights"
"NY","gorham","Gorham"
"NY","goshen","Goshen"
"NY","gouverneur","Gouverneur"
"NY","gowanda","Gowanda"
"NY","grahamsville","Grahamsville"
"NY","grand view-on-hudson","Grand View-on-Hudson"
"NY","grandyle village","Grandyle Village"
"NY","granville","Granville"
"NY","great bend","Great Bend"
"NY","great neck","Great Neck"
"NY","great neck estates","Great Neck Estates"
"NY","great neck gardens","Great Neck Gardens"
"NY","great neck plaza","Great Neck Plaza"
"NY","great river","Great River"
"NY","greece","Greece"
"NY","green island","Green Island"
"NY","greene","Greene"
"NY","greenlawn","Greenlawn"
"NY","greenport","Greenport"
"NY","greenport west","Greenport West"
"NY","greenvale","Greenvale"
"NY","greenville","Greenville"
"NY","greenwich","Greenwich"
"NY","greenwood lake","Greenwood Lake"
"NY","greigsville","Greigsville"
"NY","groton","Groton"
"NY","groveland station","Groveland Station"
"NY","guilford","Guilford"
"NY","hadley","Hadley"
"NY","hagaman","Hagaman"
"NY","hailesboro","Hailesboro"
"NY","haines falls","Haines Falls"
"NY","halesite","Halesite"
"NY","hall","Hall"
"NY","hamburg","Hamburg"
"NY","hamilton","Hamilton"
"NY","hamilton college","Hamilton College"
"NY","hamlin","Hamlin"
"NY","hammond","Hammond"
"NY","hammondsport","Hammondsport"
"NY","hampton bays","Hampton Bays"
"NY","hampton manor","Hampton Manor"
"NY","hancock","Hancock"
"NY","hankins","Hankins"
"NY","hannawa falls","Hannawa Falls"
"NY","hannibal","Hannibal"
"NY","harbor hills","Harbor Hills"
"NY","harbor isle","Harbor Isle"
"NY","harriman","Harriman"
"NY","harris hill","Harris Hill"
"NY","harrison","Harrison"
"NY","hartsdale","Hartsdale"
"NY","hartwick","Hartwick"
"NY","hartwick seminary","Hartwick Seminary"
"NY","hastings-on-hudson","Hastings-on-Hudson"
"NY","hauppauge","Hauppauge"
"NY","haverstraw","Haverstraw"
"NY","haviland","Haviland"
"NY","hawthorne","Hawthorne"
"NY","head of the harbor","Head of the Harbor"
"NY","hemlock","Hemlock"
"NY","hempstead","Hempstead"
"NY","henderson","Henderson"
"NY","heritage hills","Heritage Hills"
"NY","herkimer","Herkimer"
"NY","hermon","Hermon"
"NY","herricks","Herricks"
"NY","herrings","Herrings"
"NY","heuvelton","Heuvelton"
"NY","hewlett","Hewlett"
"NY","hewlett bay park","Hewlett Bay Park"
"NY","hewlett harbor","Hewlett Harbor"
"NY","hewlett neck","Hewlett Neck"
"NY","hicksville","Hicksville"
"NY","high falls","High Falls"
"NY","highland","Highland"
"NY","highland falls","Highland Falls"
"NY","highland-on-the-lake","Highland-on-the-Lake"
"NY","hillburn","Hillburn"
"NY","hillcrest","Hillcrest"
"NY","hillside","Hillside"
"NY","hillside lake","Hillside Lake"
"NY","hilton","Hilton"
"NY","hobart","Hobart"
"NY","holbrook","Holbrook"
"NY","holland","Holland"
"NY","holland patent","Holland Patent"
"NY","holley","Holley"
"NY","holtsville","Holtsville"
"NY","homer","Homer"
"NY","honeoye","Honeoye"
"NY","honeoye falls","Honeoye Falls"
"NY","hoosick falls","Hoosick Falls"
"NY","hopewell junction","Hopewell Junction"
"NY","hornell","Hornell"
"NY","horseheads","Horseheads"
"NY","horseheads north","Horseheads North"
"NY","hortonville","Hortonville"
"NY","houghton","Houghton"
"NY","hudson","Hudson"
"NY","hudson falls","Hudson Falls"
"NY","hunt","Hunt"
"NY","hunter","Hunter"
"NY","huntington","Huntington"
"NY","huntington bay","Huntington Bay"
"NY","huntington station","Huntington Station"
"NY","hurley","Hurley"
"NY","hurleyville","Hurleyville"
"NY","hyde park","Hyde Park"
"NY","ilion","Ilion"
"NY","interlaken","Interlaken"
"NY","inwood","Inwood"
"NY","irondequoit","Irondequoit"
"NY","irvington","Irvington"
"NY","island park","Island Park"
"NY","islandia","Islandia"
"NY","islip","Islip"
"NY","islip terrace","Islip Terrace"
"NY","ithaca","Ithaca"
"NY","jacksonville","Jacksonville"
"NY","jamesport","Jamesport"
"NY","jamestown","Jamestown"
"NY","jamestown west","Jamestown West"
"NY","jefferson","Jefferson"
"NY","jefferson heights","Jefferson Heights"
"NY","jefferson valley-yorktown","Jefferson Valley-Yorktown"
"NY","jeffersonville","Jeffersonville"
"NY","jericho","Jericho"
"NY","johnson city","Johnson City"
"NY","johnstown","Johnstown"
"NY","jordan","Jordan"
"NY","kaser","Kaser"
"NY","katonah","Katonah"
"NY","kauneonga lake","Kauneonga Lake"
"NY","keeseville","Keeseville"
"NY","kenmore","Kenmore"
"NY","kennedy","Kennedy"
"NY","kensington","Kensington"
"NY","kerhonkson","Kerhonkson"
"NY","keuka park","Keuka Park"
"NY","kiamesha lake","Kiamesha Lake"
"NY","kinderhook","Kinderhook"
"NY","kings park","Kings Park"
"NY","kings point","Kings Point"
"NY","kingston","Kingston"
"NY","kiryas joel","Kiryas Joel"
"NY","kysorville","Kysorville"
"NY","la fargeville","La Fargeville"
"NY","lackawanna","Lackawanna"
"NY","lacona","Lacona"
"NY","lake carmel","Lake Carmel"
"NY","lake delta","Lake Delta"
"NY","lake erie beach","Lake Erie Beach"
"NY","lake george","Lake George"
"NY","lake grove","Lake Grove"
"NY","lake huntington","Lake Huntington"
"NY","lake katrine","Lake Katrine"
"NY","lake luzerne","Lake Luzerne"
"NY","lake mohegan","Lake Mohegan"
"NY","lake placid","Lake Placid"
"NY","lake ronkonkoma","Lake Ronkonkoma"
"NY","lake success","Lake Success"
"NY","lakeland","Lakeland"
"NY","lakeview","Lakeview"
"NY","lakeville","Lakeville"
"NY","lakewood","Lakewood"
"NY","lancaster","Lancaster"
"NY","lansing","Lansing"
"NY","larchmont","Larchmont"
"NY","latham","Latham"
"NY","lattingtown","Lattingtown"
"NY","laurel","Laurel"
"NY","laurel hollow","Laurel Hollow"
"NY","laurens","Laurens"
"NY","lawrence","Lawrence"
"NY","le roy","Le Roy"
"NY","leeds","Leeds"
"NY","leicester","Leicester"
"NY","levittown","Levittown"
"NY","lewiston","Lewiston"
"NY","liberty","Liberty"
"NY","lido beach","Lido Beach"
"NY","lima","Lima"
"NY","lime lake","Lime Lake"
"NY","limestone","Limestone"
"NY","lincoln park","Lincoln Park"
"NY","lincolndale","Lincolndale"
"NY","lindenhurst","Lindenhurst"
"NY","linwood","Linwood"
"NY","lisle","Lisle"
"NY","little falls","Little Falls"
"NY","little valley","Little Valley"
"NY","liverpool","Liverpool"
"NY","livingston manor","Livingston Manor"
"NY","livonia","Livonia"
"NY","livonia center","Livonia Center"
"NY","lloyd harbor","Lloyd Harbor"
"NY","loch sheldrake","Loch Sheldrake"
"NY","lockport","Lockport"
"NY","locust valley","Locust Valley"
"NY","lodi","Lodi"
"NY","long beach","Long Beach"
"NY","long lake","Long Lake"
"NY","lorenz park","Lorenz Park"
"NY","lorraine","Lorraine"
"NY","loudonville","Loudonville"
"NY","lowville","Lowville"
"NY","lynbrook","Lynbrook"
"NY","lyncourt","Lyncourt"
"NY","lyndonville","Lyndonville"
"NY","lyon mountain","Lyon Mountain"
"NY","lyons","Lyons"
"NY","lyons falls","Lyons Falls"
"NY","macdonnell heights","MacDonnell Heights"
"NY","macedon","Macedon"
"NY","machias","Machias"
"NY","madison","Madison"
"NY","madrid","Madrid"
"NY","mahopac","Mahopac"
"NY","malden-on-hudson","Malden-on-Hudson"
"NY","malone","Malone"
"NY","malverne","Malverne"
"NY","malverne park oaks","Malverne Park Oaks"
"NY","mamaroneck","Mamaroneck"
"NY","manchester","Manchester"
"NY","manhasset","Manhasset"
"NY","manhasset hills","Manhasset Hills"
"NY","manlius","Manlius"
"NY","mannsville","Mannsville"
"NY","manorhaven","Manorhaven"
"NY","manorville","Manorville"
"NY","marathon","Marathon"
"NY","marcellus","Marcellus"
"NY","marcy","Marcy"
"NY","margaretville","Margaretville"
"NY","mariaville lake","Mariaville Lake"
"NY","marion","Marion"
"NY","marist college","Marist College"
"NY","marlboro","Marlboro"
"NY","massapequa","Massapequa"
"NY","massapequa park","Massapequa Park"
"NY","massena","Massena"
"NY","mastic","Mastic"
"NY","mastic beach","Mastic Beach"
"NY","matinecock","Matinecock"
"NY","mattituck","Mattituck"
"NY","mattydale","Mattydale"
"NY","maybrook","Maybrook"
"NY","mayfield","Mayfield"
"NY","mayville","Mayville"
"NY","mcgraw","McGraw"
"NY","mclean","McLean"
"NY","mechanicstown","Mechanicstown"
"NY","mechanicville","Mechanicville"
"NY","medford","Medford"
"NY","medina","Medina"
"NY","melrose park","Melrose Park"
"NY","melville","Melville"
"NY","menands","Menands"
"NY","meridian","Meridian"
"NY","merrick","Merrick"
"NY","merritt park","Merritt Park"
"NY","mexico","Mexico"
"NY","middle island","Middle Island"
"NY","middleburgh","Middleburgh"
"NY","middleport","Middleport"
"NY","middletown","Middletown"
"NY","middleville","Middleville"
"NY","milford","Milford"
"NY","mill neck","Mill Neck"
"NY","millbrook","Millbrook"
"NY","miller place","Miller Place"
"NY","millerton","Millerton"
"NY","millport","Millport"
"NY","millwood","Millwood"
"NY","milton","Milton"
"NY","mineola","Mineola"
"NY","minetto","Minetto"
"NY","mineville","Mineville"
"NY","minoa","Minoa"
"NY","mohawk","Mohawk"
"NY","mongaup valley","Mongaup Valley"
"NY","monroe","Monroe"
"NY","monsey","Monsey"
"NY","montauk","Montauk"
"NY","montebello","Montebello"
"NY","montgomery","Montgomery"
"NY","monticello","Monticello"
"NY","montour falls","Montour Falls"
"NY","montrose","Montrose"
"NY","mooers","Mooers"
"NY","moravia","Moravia"
"NY","moriches","Moriches"
"NY","morris","Morris"
"NY","morrisonville","Morrisonville"
"NY","morristown","Morristown"
"NY","morrisville","Morrisville"
"NY","mount ivy","Mount Ivy"
"NY","mount kisco","Mount Kisco"
"NY","mount morris","Mount Morris"
"NY","mount sinai","Mount Sinai"
"NY","mount vernon","Mount Vernon"
"NY","mount vision","Mount Vision"
"NY","mountain dale","Mountain Dale"
"NY","mountain lodge park","Mountain Lodge Park"
"NY","munnsville","Munnsville"
"NY","munsey park","Munsey Park"
"NY","munsons corners","Munsons Corners"
"NY","muttontown","Muttontown"
"NY","myers corner","Myers Corner"
"NY","nanuet","Nanuet"
"NY","napanoch","Napanoch"
"NY","napeague","Napeague"
"NY","naples","Naples"
"NY","narrowsburg","Narrowsburg"
"NY","nassau","Nassau"
"NY","nassau lake","Nassau Lake"
"NY","natural bridge","Natural Bridge"
"NY","nazareth college","Nazareth College"
"NY","nedrow","Nedrow"
"NY","nelliston","Nelliston"
"NY","nelsonville","Nelsonville"
"NY","nesconset","Nesconset"
"NY","new baltimore","New Baltimore"
"NY","new berlin","New Berlin"
"NY","new cassel","New Cassel"
"NY","new city","New City"
"NY","new hackensack","New Hackensack"
"NY","new hamburg","New Hamburg"
"NY","new hartford","New Hartford"
"NY","new hempstead","New Hempstead"
"NY","new hyde park","New Hyde Park"
"NY","new paltz","New Paltz"
"NY","new rochelle","New Rochelle"
"NY","new square","New Square"
"NY","new suffolk","New Suffolk"
"NY","new windsor","New Windsor"
"NY","new york","New York"
"NY","new york city","New York City"
"NY","new york mills","New York Mills"
"NY","newark","Newark"
"NY","newark valley","Newark Valley"
"NY","newburgh","Newburgh"
"NY","newfane","Newfane"
"NY","newfield","Newfield"
"NY","newport","Newport"
"NY","niagara falls","Niagara Falls"
"NY","niagara university","Niagara University"
"NY","nichols","Nichols"
"NY","niskayuna","Niskayuna"
"NY","nissequogue","Nissequogue"
"NY","niverville","Niverville"
"NY","norfolk","Norfolk"
"NY","north amityville","North Amityville"
"NY","north babylon","North Babylon"
"NY","north ballston spa","North Ballston Spa"
"NY","north bay","North Bay"
"NY","north bay shore","North Bay Shore"
"NY","north bellmore","North Bellmore"
"NY","north bellport","North Bellport"
"NY","north blenheim","North Blenheim"
"NY","north boston","North Boston"
"NY","north collins","North Collins"
"NY","north creek","North Creek"
"NY","north gates","North Gates"
"NY","north granville","North Granville"
"NY","north great river","North Great River"
"NY","north haven","North Haven"
"NY","north hills","North Hills"
"NY","north hornell","North Hornell"
"NY","north lindenhurst","North Lindenhurst"
"NY","north lynbrook","North Lynbrook"
"NY","north massapequa","North Massapequa"
"NY","north merrick","North Merrick"
"NY","north new hyde park","North New Hyde Park"
"NY","north patchogue","North Patchogue"
"NY","north rose","North Rose"
"NY","north sea","North Sea"
"NY","north syracuse","North Syracuse"
"NY","north tonawanda","North Tonawanda"
"NY","north valley stream","North Valley Stream"
"NY","north wantagh","North Wantagh"
"NY","northampton","Northampton"
"NY","northeast ithaca","Northeast Ithaca"
"NY","northport","Northport"
"NY","northville","Northville"
"NY","northwest harbor","Northwest Harbor"
"NY","northwest ithaca","Northwest Ithaca"
"NY","norwich","Norwich"
"NY","norwood","Norwood"
"NY","noyack","Noyack"
"NY","nunda","Nunda"
"NY","nyack","Nyack"
"NY","nyc","New York City"
"NY","oak beach","Oak Beach"
"NY","oakdale","Oakdale"
"NY","oakfield","Oakfield"
"NY","ocean beach","Ocean Beach"
"NY","oceanside","Oceanside"
"NY","odessa","Odessa"
"NY","ogdensburg","Ogdensburg"
"NY","olcott","Olcott"
"NY","old bethpage","Old Bethpage"
"NY","old brookville","Old Brookville"
"NY","old field","Old Field"
"NY","old forge","Old Forge"
"NY","old westbury","Old Westbury"
"NY","olean","Olean"
"NY","oneida","Oneida"
"NY","oneida castle","Oneida Castle"
"NY","oneonta","Oneonta"
"NY","ontario","Ontario"
"NY","orange lake","Orange Lake"
"NY","orangeburg","Orangeburg"
"NY","orchard park","Orchard Park"
"NY","orient","Orient"
"NY","oriskany","Oriskany"
"NY","oriskany falls","Oriskany Falls"
"NY","ossining","Ossining"
"NY","oswego","Oswego"
"NY","otego","Otego"
"NY","otisville","Otisville"
"NY","otter lake","Otter Lake"
"NY","ovid","Ovid"
"NY","owego","Owego"
"NY","oxbow","Oxbow"
"NY","oxford","Oxford"
"NY","oyster bay","Oyster Bay"
"NY","oyster bay cove","Oyster Bay Cove"
"NY","painted post","Painted Post"
"NY","palatine bridge","Palatine Bridge"
"NY","palenville","Palenville"
"NY","palmyra","Palmyra"
"NY","pamelia center","Pamelia Center"
"NY","panama","Panama"
"NY","parc","Parc"
"NY","parish","Parish"
"NY","parishville","Parishville"
"NY","patchogue","Patchogue"
"NY","paul smiths","Paul Smiths"
"NY","pavilion","Pavilion"
"NY","pawling","Pawling"
"NY","peach lake","Peach Lake"
"NY","pearl river","Pearl River"
"NY","peconic","Peconic"
"NY","peekskill","Peekskill"
"NY","pelham","Pelham"
"NY","pelham manor","Pelham Manor"
"NY","penn yan","Penn Yan"
"NY","perry","Perry"
"NY","perrysburg","Perrysburg"
"NY","peru","Peru"
"NY","phelps","Phelps"
"NY","philadelphia","Philadelphia"
"NY","philmont","Philmont"
"NY","phoenicia","Phoenicia"
"NY","phoenix","Phoenix"
"NY","piermont","Piermont"
"NY","pierrepont manor","Pierrepont Manor"
"NY","piffard","Piffard"
"NY","pike","Pike"
"NY","pine bush","Pine Bush"
"NY","pine hill","Pine Hill"
"NY","pine plains","Pine Plains"
"NY","pine valley","Pine Valley"
"NY","pittsford","Pittsford"
"NY","plainedge","Plainedge"
"NY","plainview","Plainview"
"NY","plandome","Plandome"
"NY","plandome heights","Plandome Heights"
"NY","plandome manor","Plandome Manor"
"NY","plattekill","Plattekill"
"NY","plattsburgh","Plattsburgh"
"NY","plattsburgh west","Plattsburgh West"
"NY","pleasant valley","Pleasant Valley"
"NY","pleasantville","Pleasantville"
"NY","plessis","Plessis"
"NY","poestenkill","Poestenkill"
"NY","point lookout","Point Lookout"
"NY","poland","Poland"
"NY","pomona","Pomona"
"NY","poquott","Poquott"
"NY","port byron","Port Byron"
"NY","port chester","Port Chester"
"NY","port dickinson","Port Dickinson"
"NY","port ewen","Port Ewen"
"NY","port gibson","Port Gibson"
"NY","port henry","Port Henry"
"NY","port jefferson","Port Jefferson"
"NY","port jefferson station","Port Jefferson Station"
"NY","port jervis","Port Jervis"
"NY","port leyden","Port Leyden"
"NY","port washington","Port Washington"
"NY","port washington north","Port Washington North"
"NY","portlandville","Portlandville"
"NY","portville","Portville"
"NY","potsdam","Potsdam"
"NY","pottersville","Pottersville"
"NY","poughkeepsie","Poughkeepsie"
"NY","prattsburgh","Prattsburgh"
"NY","prattsville","Prattsville"
"NY","preston-potter hollow","Preston-Potter Hollow"
"NY","prospect","Prospect"
"NY","pulaski","Pulaski"
"NY","pultneyville","Pultneyville"
"NY","putnam lake","Putnam Lake"
"NY","quiogue","Quiogue"
"NY","quogue","Quogue"
"NY","radisson","Radisson"
"NY","randolph","Randolph"
"NY","ransomville","Ransomville"
"NY","rapids","Rapids"
"NY","ravena","Ravena"
"NY","red creek","Red Creek"
"NY","red hook","Red Hook"
"NY","red oaks mill","Red Oaks Mill"
"NY","redford","Redford"
"NY","redwood","Redwood"
"NY","remsen","Remsen"
"NY","remsenburg-speonk","Remsenburg-Speonk"
"NY","rensselaer","Rensselaer"
"NY","rensselaer falls","Rensselaer Falls"
"NY","retsof","Retsof"
"NY","rhinebeck","Rhinebeck"
"NY","rhinecliff","Rhinecliff"
"NY","richburg","Richburg"
"NY","richfield springs","Richfield Springs"
"NY","richmondville","Richmondville"
"NY","richville","Richville"
"NY","ridge","Ridge"
"NY","rifton","Rifton"
"NY","ripley","Ripley"
"NY","riverhead","Riverhead"
"NY","riverside","Riverside"
"NY","rochester","Rochester"
"NY","rochester institute of technology","Rochester Institute of Technology"
"NY","rock hill","Rock Hill"
"NY","rockville centre","Rockville Centre"
"NY","rocky point","Rocky Point"
"NY","rodman","Rodman"
"NY","roessleville","Roessleville"
"NY","rome","Rome"
"NY","romulus","Romulus"
"NY","ronkonkoma","Ronkonkoma"
"NY","roosevelt","Roosevelt"
"NY","roscoe","Roscoe"
"NY","rosendale","Rosendale"
"NY","roslyn","Roslyn"
"NY","roslyn estates","Roslyn Estates"
"NY","roslyn harbor","Roslyn Harbor"
"NY","roslyn heights","Roslyn Heights"
"NY","rotterdam","Rotterdam"
"NY","round lake","Round Lake"
"NY","round top","Round Top"
"NY","rouses point","Rouses Point"
"NY","ruby","Ruby"
"NY","rushford","Rushford"
"NY","rushville","Rushville"
"NY","russell gardens","Russell Gardens"
"NY","rye","Rye"
"NY","rye brook","Rye Brook"
"NY","sackets harbor","Sackets Harbor"
"NY","saddle rock","Saddle Rock"
"NY","saddle rock estates","Saddle Rock Estates"
"NY","sag harbor","Sag Harbor"
"NY","sagaponack","Sagaponack"
"NY","salamanca","Salamanca"
"NY","salem","Salem"
"NY","salisbury","Salisbury"
"NY","salisbury center","Salisbury Center"
"NY","salisbury mills","Salisbury Mills"
"NY","salt point","Salt Point"
"NY","saltaire","Saltaire"
"NY","sanborn","Sanborn"
"NY","sand ridge","Sand Ridge"
"NY","sands point","Sands Point"
"NY","sandy creek","Sandy Creek"
"NY","saranac lake","Saranac Lake"
"NY","saratoga springs","Saratoga Springs"
"NY","saugerties","Saugerties"
"NY","saugerties south","Saugerties South"
"NY","savannah","Savannah"
"NY","savona","Savona"
"NY","sayville","Sayville"
"NY","scarsdale","Scarsdale"
"NY","schaghticoke","Schaghticoke"
"NY","schenectady","Schenectady"
"NY","schenevus","Schenevus"
"NY","schoharie","Schoharie"
"NY","schroon lake","Schroon Lake"
"NY","schuyler lake","Schuyler Lake"
"NY","schuylerville","Schuylerville"
"NY","scio","Scio"
"NY","scotchtown","Scotchtown"
"NY","scotia","Scotia"
"NY","scotts corners","Scotts Corners"
"NY","scottsburg","Scottsburg"
"NY","scottsville","Scottsville"
"NY","sea cliff","Sea Cliff"
"NY","seaford","Seaford"
"NY","searingtown","Searingtown"
"NY","selden","Selden"
"NY","seneca falls","Seneca Falls"
"NY","seneca knolls","Seneca Knolls"
"NY","setauket","Setauket"
"NY","sharon springs","Sharon Springs"
"NY","shelter island","Shelter Island"
"NY","shelter island heights","Shelter Island Heights"
"NY","shenorock","Shenorock"
"NY","sherburne","Sherburne"
"NY","sherman","Sherman"
"NY","sherrill","Sherrill"
"NY","shinnecock hills","Shinnecock Hills"
"NY","shirley","Shirley"
"NY","shokan","Shokan"
"NY","shoreham","Shoreham"
"NY","shorehaven","Shorehaven"
"NY","shortsville","Shortsville"
"NY","shrub oak","Shrub Oak"
"NY","sidney","Sidney"
"NY","siena college","Siena College"
"NY","silver creek","Silver Creek"
"NY","silver springs","Silver Springs"
"NY","sinclairville","Sinclairville"
"NY","skaneateles","Skaneateles"
"NY","slaterville springs","Slaterville Springs"
"NY","sleepy hollow","Sleepy Hollow"
"NY","sleepy hollow lake","Sleepy Hollow Lake"
"NY","sloan","Sloan"
"NY","sloatsburg","Sloatsburg"
"NY","smallwood","Smallwood"
"NY","smithtown","Smithtown"
"NY","smithville flats","Smithville Flats"
"NY","smyrna","Smyrna"
"NY","sodus","Sodus"
"NY","sodus point","Sodus Point"
"NY","solvay","Solvay"
"NY","sound beach","Sound Beach"
"NY","south blooming grove","South Blooming Grove"
"NY","south cairo","South Cairo"
"NY","south corning","South Corning"
"NY","south dayton","South Dayton"
"NY","south edmeston","South Edmeston"
"NY","south fallsburg","South Fallsburg"
"NY","south farmingdale","South Farmingdale"
"NY","south floral park","South Floral Park"
"NY","south glens falls","South Glens Falls"
"NY","south hempstead","South Hempstead"
"NY","south hill","South Hill"
"NY","south huntington","South Huntington"
"NY","south ilion","South Ilion"
"NY","south lansing","South Lansing"
"NY","south lima","South Lima"
"NY","south lockport","South Lockport"
"NY","south valley stream","South Valley Stream"
"NY","southampton","Southampton"
"NY","southold","Southold"
"NY","southport","Southport"
"NY","spackenkill","Spackenkill"
"NY","sparkill","Sparkill"
"NY","sparrow bush","Sparrow Bush"
"NY","speculator","Speculator"
"NY","spencer","Spencer"
"NY","spencerport","Spencerport"
"NY","spring valley","Spring Valley"
"NY","springfield center","Springfield Center"
"NY","springs","Springs"
"NY","springville","Springville"
"NY","springwater","Springwater"
"NY","st. bonaventure","St. Bonaventure"
"NY","st. james","St. James"
"NY","st. john fisher college","St. John Fisher College"
"NY","st. johnsville","St. Johnsville"
"NY","st. regis falls","St. Regis Falls"
"NY","staatsburg","Staatsburg"
"NY","stamford","Stamford"
"NY","stannards","Stannards"
"NY","star lake","Star Lake"
"NY","stewart manor","Stewart Manor"
"NY","stillwater","Stillwater"
"NY","stittville","Stittville"
"NY","stone ridge","Stone Ridge"
"NY","stony brook","Stony Brook"
"NY","stony brook university","Stony Brook University"
"NY","stony point","Stony Point"
"NY","stottville","Stottville"
"NY","strykersville","Strykersville"
"NY","suffern","Suffern"
"NY","sunset bay","Sunset Bay"
"NY","suny oswego","SUNY Oswego"
"NY","swan lake","Swan Lake"
"NY","sylvan beach","Sylvan Beach"
"NY","syosset","Syosset"
"NY","syracuse","Syracuse"
"NY","taconic shores","Taconic Shores"
"NY","tannersville","Tannersville"
"NY","tappan","Tappan"
"NY","tarrytown","Tarrytown"
"NY","terryville","Terryville"
"NY","thendara","Thendara"
"NY","theresa","Theresa"
"NY","thiells","Thiells"
"NY","thomaston","Thomaston"
"NY","thornwood","Thornwood"
"NY","thousand island park","Thousand Island Park"
"NY","three mile bay","Three Mile Bay"
"NY","ticonderoga","Ticonderoga"
"NY","tillson","Tillson"
"NY","tioga terrace","Tioga Terrace"
"NY","titusville","Titusville"
"NY","tivoli","Tivoli"
"NY","tonawanda","Tonawanda"
"NY","tonawanda town","Tonawanda Town"
"NY","town line","Town Line"
"NY","tribes hill","Tribes Hill"
"NY","troy","Troy"
"NY","trumansburg","Trumansburg"
"NY","tuckahoe","Tuckahoe"
"NY","tully","Tully"
"NY","tupper lake","Tupper Lake"
"NY","turin","Turin"
"NY","tuscarora","Tuscarora"
"NY","tuxedo","Tuxedo"
"NY","tuxedo park","Tuxedo Park"
"NY","unadilla","Unadilla"
"NY","unadilla forks","Unadilla Forks"
"NY","union springs","Union Springs"
"NY","uniondale","Uniondale"
"NY","unionville","Unionville"
"NY","university at buffalo","University at Buffalo"
"NY","university gardens","University Gardens"
"NY","upper brookville","Upper Brookville"
"NY","upper nyack","Upper Nyack"
"NY","upper red hook","Upper Red Hook"
"NY","utica","Utica"
"NY","vails gate","Vails Gate"
"NY","valatie","Valatie"
"NY","valhalla","Valhalla"
"NY","valley cottage","Valley Cottage"
"NY","valley falls","Valley Falls"
"NY","valley stream","Valley Stream"
"NY","van etten","Van Etten"
"NY","varna","Varna"
"NY","vassar college","Vassar College"
"NY","vernon","Vernon"
"NY","verona","Verona"
"NY","verplanck","Verplanck"
"NY","victor","Victor"
"NY","victory","Victory"
"NY","village green","Village Green"
"NY","village of the branch","Village of the Branch"
"NY","viola","Viola"
"NY","virgil","Virgil"
"NY","voorheesville","Voorheesville"
"NY","waddington","Waddington"
"NY","wading river","Wading River"
"NY","wadsworth","Wadsworth"
"NY","wainscott","Wainscott"
"NY","walden","Walden"
"NY","walker valley","Walker Valley"
"NY","wallkill","Wallkill"
"NY","walton","Walton"
"NY","walton park","Walton Park"
"NY","walworth","Walworth"
"NY","wampsville","Wampsville"
"NY","wanakah","Wanakah"
"NY","wantagh","Wantagh"
"NY","wappingers falls","Wappingers Falls"
"NY","warrensburg","Warrensburg"
"NY","warsaw","Warsaw"
"NY","warwick","Warwick"
"NY","washington heights","Washington Heights"
"NY","washington mills","Washington Mills"
"NY","washingtonville","Washingtonville"
"NY","wassaic","Wassaic"
"NY","watchtower","Watchtower"
"NY","water mill","Water Mill"
"NY","waterford","Waterford"
"NY","waterloo","Waterloo"
"NY","watertown","Watertown"
"NY","waterville","Waterville"
"NY","watervliet","Watervliet"
"NY","watkins glen","Watkins Glen"
"NY","waverly","Waverly"
"NY","wayland","Wayland"
"NY","webster","Webster"
"NY","websters crossing","Websters Crossing"
"NY","weedsport","Weedsport"
"NY","wells","Wells"
"NY","wells bridge","Wells Bridge"
"NY","wellsburg","Wellsburg"
"NY","wellsville","Wellsville"
"NY","wesley hills","Wesley Hills"
"NY","west babylon","West Babylon"
"NY","west bay shore","West Bay Shore"
"NY","west carthage","West Carthage"
"NY","west chazy","West Chazy"
"NY","west danby","West Danby"
"NY","west elmira","West Elmira"
"NY","west end","West End"
"NY","west glens falls","West Glens Falls"
"NY","west hampton dunes","West Hampton Dunes"
"NY","west haverstraw","West Haverstraw"
"NY","west hempstead","West Hempstead"
"NY","west hills","West Hills"
"NY","west hurley","West Hurley"
"NY","west islip","West Islip"
"NY","west kill","West Kill"
"NY","west nyack","West Nyack"
"NY","west point","West Point"
"NY","west sand lake","West Sand Lake"
"NY","west sayville","West Sayville"
"NY","west seneca","West Seneca"
"NY","west valley","West Valley"
"NY","west winfield","West Winfield"
"NY","westbury","Westbury"
"NY","westernville","Westernville"
"NY","westfield","Westfield"
"NY","westford","Westford"
"NY","westhampton","Westhampton"
"NY","westhampton beach","Westhampton Beach"
"NY","westmere","Westmere"
"NY","westmoreland","Westmoreland"
"NY","weston mills","Weston Mills"
"NY","westport","Westport"
"NY","westvale","Westvale"
"NY","wheatley heights","Wheatley Heights"
"NY","white lake","White Lake"
"NY","white plains","White Plains"
"NY","whitehall","Whitehall"
"NY","whitesboro","Whitesboro"
"NY","whitney point","Whitney Point"
"NY","williamson","Williamson"
"NY","williamsville","Williamsville"
"NY","williston park","Williston Park"
"NY","willsboro","Willsboro"
"NY","willsboro point","Willsboro Point"
"NY","wilmington","Wilmington"
"NY","wilson","Wilson"
"NY","windham","Windham"
"NY","windsor","Windsor"
"NY","wingdale","Wingdale"
"NY","winthrop","Winthrop"
"NY","witherbee","Witherbee"
"NY","wolcott","Wolcott"
"NY","woodbourne","Woodbourne"
"NY","woodbury","Woodbury"
"NY","woodmere","Woodmere"
"NY","woodridge","Woodridge"
"NY","woodsburgh","Woodsburgh"
"NY","woodstock","Woodstock"
"NY","woodsville","Woodsville"
"NY","worcester","Worcester"
"NY","wurtsboro","Wurtsboro"
"NY","wurtsboro hills","Wurtsboro Hills"
"NY","wyandanch","Wyandanch"
"NY","wynantskill","Wynantskill"
"NY","wyoming","Wyoming"
"NY","yaphank","Yaphank"
"NY","yonkers","Yonkers"
"NY","york","York"
"NY","yorkshire","Yorkshire"
"NY","yorktown heights","Yorktown Heights"
"NY","yorkville","Yorkville"
"NY","youngstown","Youngstown"
"NY","zena","Zena"
"OH","aberdeen","Aberdeen"
"OH","ada","Ada"
"OH","adamsville","Adamsville"
"OH","addyston","Addyston"
"OH","adelphi","Adelphi"
"OH","adena","Adena"
"OH","ai","Ai"
"OH","akron","Akron"
"OH","albany","Albany"
"OH","alexandria","Alexandria"
"OH","alger","Alger"
"OH","alliance","Alliance"
"OH","alvordton","Alvordton"
"OH","amanda","Amanda"
"OH","amberley","Amberley"
"OH","amelia","Amelia"
"OH","amesville","Amesville"
"OH","amherst","Amherst"
"OH","amsterdam","Amsterdam"
"OH","andersonville","Andersonville"
"OH","andover","Andover"
"OH","anna","Anna"
"OH","ansonia","Ansonia"
"OH","antioch","Antioch"
"OH","antwerp","Antwerp"
"OH","apple creek","Apple Creek"
"OH","apple valley","Apple Valley"
"OH","aquilla","Aquilla"
"OH","arcadia","Arcadia"
"OH","arcanum","Arcanum"
"OH","archbold","Archbold"
"OH","arlington","Arlington"
"OH","arlington heights","Arlington Heights"
"OH","ashland","Ashland"
"OH","ashley","Ashley"
"OH","ashtabula","Ashtabula"
"OH","ashville","Ashville"
"OH","athalia","Athalia"
"OH","athens","Athens"
"OH","attica","Attica"
"OH","atwater","Atwater"
"OH","aurora","Aurora"
"OH","austinburg","Austinburg"
"OH","austintown","Austintown"
"OH","avon","Avon"
"OH","avon lake","Avon Lake"
"OH","bailey lakes","Bailey Lakes"
"OH","bainbridge","Bainbridge"
"OH","bairdstown","Bairdstown"
"OH","ballville","Ballville"
"OH","baltic","Baltic"
"OH","baltimore","Baltimore"
"OH","bannock","Bannock"
"OH","barberton","Barberton"
"OH","barnesville","Barnesville"
"OH","barnhill","Barnhill"
"OH","bascom","Bascom"
"OH","bass lake","Bass Lake"
"OH","batavia","Batavia"
"OH","batesville","Batesville"
"OH","bay view","Bay View"
"OH","bay village","Bay Village"
"OH","beach city","Beach City"
"OH","beachwood","Beachwood"
"OH","beallsville","Beallsville"
"OH","beaver","Beaver"
"OH","beavercreek","Beavercreek"
"OH","beaverdam","Beaverdam"
"OH","beckett ridge","Beckett Ridge"
"OH","bedford","Bedford"
"OH","bedford heights","Bedford Heights"
"OH","beechwood trails","Beechwood Trails"
"OH","bellaire","Bellaire"
"OH","bellbrook","Bellbrook"
"OH","belle center","Belle Center"
"OH","belle valley","Belle Valley"
"OH","bellefontaine","Bellefontaine"
"OH","bellevue","Bellevue"
"OH","bellville","Bellville"
"OH","belmont","Belmont"
"OH","belmore","Belmore"
"OH","beloit","Beloit"
"OH","belpre","Belpre"
"OH","bentleyville","Bentleyville"
"OH","benton ridge","Benton Ridge"
"OH","bentonville","Bentonville"
"OH","berea","Berea"
"OH","bergholz","Bergholz"
"OH","berkey","Berkey"
"OH","berlin","Berlin"
"OH","berlin heights","Berlin Heights"
"OH","bethel","Bethel"
"OH","bethesda","Bethesda"
"OH","bettsville","Bettsville"
"OH","beulah beach","Beulah Beach"
"OH","beverly","Beverly"
"OH","bexley","Bexley"
"OH","bidwell","Bidwell"
"OH","birmingham","Birmingham"
"OH","blacklick estates","Blacklick Estates"
"OH","bladensburg","Bladensburg"
"OH","blaine","Blaine"
"OH","blakeslee","Blakeslee"
"OH","blanchester","Blanchester"
"OH","bloomdale","Bloomdale"
"OH","bloomingburg","Bloomingburg"
"OH","bloomingdale","Bloomingdale"
"OH","bloomingville","Bloomingville"
"OH","bloomville","Bloomville"
"OH","blue ash","Blue Ash"
"OH","blue jay","Blue Jay"
"OH","bluffton","Bluffton"
"OH","bolindale","Bolindale"
"OH","bolivar","Bolivar"
"OH","bolton","Bolton"
"OH","boston heights","Boston Heights"
"OH","botkins","Botkins"
"OH","bourneville","Bourneville"
"OH","bowerston","Bowerston"
"OH","bowersville","Bowersville"
"OH","bowling green","Bowling Green"
"OH","bradford","Bradford"
"OH","bradner","Bradner"
"OH","brady lake","Brady Lake"
"OH","brandt","Brandt"
"OH","bratenahl","Bratenahl"
"OH","brecksville","Brecksville"
"OH","brecon","Brecon"
"OH","bremen","Bremen"
"OH","brewster","Brewster"
"OH","brice","Brice"
"OH","bridgeport","Bridgeport"
"OH","bridgetown","Bridgetown"
"OH","brilliant","Brilliant"
"OH","brimfield","Brimfield"
"OH","brinkhaven","Brinkhaven"
"OH","broadview heights","Broadview Heights"
"OH","brook park","Brook Park"
"OH","brookfield center","Brookfield Center"
"OH","brooklyn","Brooklyn"
"OH","brooklyn heights","Brooklyn Heights"
"OH","brookside","Brookside"
"OH","brookville","Brookville"
"OH","broughton","Broughton"
"OH","brownsville","Brownsville"
"OH","brunersburg","Brunersburg"
"OH","brunswick","Brunswick"
"OH","bryan","Bryan"
"OH","buchtel","Buchtel"
"OH","buckeye lake","Buckeye Lake"
"OH","buckland","Buckland"
"OH","bucyrus","Bucyrus"
"OH","buffalo","Buffalo"
"OH","buford","Buford"
"OH","burbank","Burbank"
"OH","burgoon","Burgoon"
"OH","burkettsville","Burkettsville"
"OH","burlington","Burlington"
"OH","burton","Burton"
"OH","butler","Butler"
"OH","butlerville","Butlerville"
"OH","byesville","Byesville"
"OH","cadiz","Cadiz"
"OH","cairo","Cairo"
"OH","calcutta","Calcutta"
"OH","caldwell","Caldwell"
"OH","caledonia","Caledonia"
"OH","cambridge","Cambridge"
"OH","camden","Camden"
"OH","camp dennison","Camp Dennison"
"OH","campbell","Campbell"
"OH","canal fulton","Canal Fulton"
"OH","canal lewisville","Canal Lewisville"
"OH","canal winchester","Canal Winchester"
"OH","candlewood lake","Candlewood Lake"
"OH","canfield","Canfield"
"OH","canton","Canton"
"OH","carbon hill","Carbon Hill"
"OH","cardington","Cardington"
"OH","carey","Carey"
"OH","carlisle","Carlisle"
"OH","carroll","Carroll"
"OH","carrollton","Carrollton"
"OH","casstown","Casstown"
"OH","castalia","Castalia"
"OH","castine","Castine"
"OH","catawba","Catawba"
"OH","cecil","Cecil"
"OH","cedarville","Cedarville"
"OH","celeryville","Celeryville"
"OH","celina","Celina"
"OH","centerburg","Centerburg"
"OH","centerville","Centerville"
"OH","centerville (thurman)","Centerville (Thurman)"
"OH","chagrin falls","Chagrin Falls"
"OH","champion heights","Champion Heights"
"OH","chardon","Chardon"
"OH","chatfield","Chatfield"
"OH","chauncey","Chauncey"
"OH","cherry fork","Cherry Fork"
"OH","cherry grove","Cherry Grove"
"OH","chesapeake","Chesapeake"
"OH","cheshire","Cheshire"
"OH","chesterhill","Chesterhill"
"OH","chesterland","Chesterland"
"OH","chesterville","Chesterville"
"OH","cheviot","Cheviot"
"OH","chickasaw","Chickasaw"
"OH","chillicothe","Chillicothe"
"OH","chilo","Chilo"
"OH","chippewa lake","Chippewa Lake"
"OH","chippewa park","Chippewa Park"
"OH","choctaw lake","Choctaw Lake"
"OH","christiansburg","Christiansburg"
"OH","churchill","Churchill"
"OH","cincinnati","Cincinnati"
"OH","cinnamon lake","Cinnamon Lake"
"OH","circleville","Circleville"
"OH","clarington","Clarington"
"OH","clarksburg","Clarksburg"
"OH","clarksville","Clarksville"
"OH","clarktown","Clarktown"
"OH","clay center","Clay Center"
"OH","clayton","Clayton"
"OH","cleveland","Cleveland"
"OH","cleveland heights","Cleveland Heights"
"OH","cleves","Cleves"
"OH","clifton","Clifton"
"OH","clinton","Clinton"
"OH","cloverdale","Cloverdale"
"OH","clyde","Clyde"
"OH","coal grove","Coal Grove"
"OH","coalton","Coalton"
"OH","coldstream","Coldstream"
"OH","coldwater","Coldwater"
"OH","college corner","College Corner"
"OH","collins","Collins"
"OH","columbiana","Columbiana"
"OH","columbus","Columbus"
"OH","columbus grove","Columbus Grove"
"OH","commercial point","Commercial Point"
"OH","concorde hills","Concorde Hills"
"OH","conesville","Conesville"
"OH","congress","Congress"
"OH","conneaut","Conneaut"
"OH","connorville","Connorville"
"OH","continental","Continental"
"OH","convoy","Convoy"
"OH","coolville","Coolville"
"OH","corning","Corning"
"OH","cortland","Cortland"
"OH","corwin","Corwin"
"OH","coshocton","Coshocton"
"OH","covedale","Covedale"
"OH","covington","Covington"
"OH","craig beach","Craig Beach"
"OH","crestline","Crestline"
"OH","creston","Creston"
"OH","cridersville","Cridersville"
"OH","crooksville","Crooksville"
"OH","crown city","Crown City"
"OH","crystal lakes","Crystal Lakes"
"OH","crystal rock","Crystal Rock"
"OH","cumberland","Cumberland"
"OH","curtice","Curtice"
"OH","custar","Custar"
"OH","cuyahoga falls","Cuyahoga Falls"
"OH","cuyahoga heights","Cuyahoga Heights"
"OH","cygnet","Cygnet"
"OH","cynthiana","Cynthiana"
"OH","dalton","Dalton"
"OH","damascus","Damascus"
"OH","danville","Danville"
"OH","darbydale","Darbydale"
"OH","darbyville","Darbyville"
"OH","darrtown","Darrtown"
"OH","day heights","Day Heights"
"OH","dayton","Dayton"
"OH","de graff","De Graff"
"OH","deer park","Deer Park"
"OH","deersville","Deersville"
"OH","defiance","Defiance"
"OH","delaware","Delaware"
"OH","delhi hills","Delhi Hills"
"OH","dellroy","Dellroy"
"OH","delphos","Delphos"
"OH","delshire","Delshire"
"OH","delta","Delta"
"OH","dennison","Dennison"
"OH","dent","Dent"
"OH","derby","Derby"
"OH","deshler","Deshler"
"OH","devola","Devola"
"OH","dexter city","Dexter City"
"OH","dillonvale","Dillonvale"
"OH","dola","Dola"
"OH","donnelsville","Donnelsville"
"OH","dover","Dover"
"OH","doylestown","Doylestown"
"OH","dresden","Dresden"
"OH","drexel","Drexel"
"OH","dry ridge","Dry Ridge"
"OH","dry run","Dry Run"
"OH","dublin","Dublin"
"OH","duncan falls","Duncan Falls"
"OH","dundee","Dundee"
"OH","dunkirk","Dunkirk"
"OH","dunlap","Dunlap"
"OH","dupont","Dupont"
"OH","east alliance","East Alliance"
"OH","east canton","East Canton"
"OH","east cleveland","East Cleveland"
"OH","east fultonham","East Fultonham"
"OH","east liberty","East Liberty"
"OH","east liverpool","East Liverpool"
"OH","east palestine","East Palestine"
"OH","east rochester","East Rochester"
"OH","east sparta","East Sparta"
"OH","east springfield","East Springfield"
"OH","eastlake","Eastlake"
"OH","eaton","Eaton"
"OH","eaton estates","Eaton Estates"
"OH","edgerton","Edgerton"
"OH","edgewood","Edgewood"
"OH","edison","Edison"
"OH","edon","Edon"
"OH","eldorado","Eldorado"
"OH","elgin","Elgin"
"OH","elida","Elida"
"OH","elizabethtown","Elizabethtown"
"OH","elmore","Elmore"
"OH","elmwood place","Elmwood Place"
"OH","elyria","Elyria"
"OH","empire","Empire"
"OH","englewood","Englewood"
"OH","enon","Enon"
"OH","etna","Etna"
"OH","euclid","Euclid"
"OH","evendale","Evendale"
"OH","fairborn","Fairborn"
"OH","fairfax","Fairfax"
"OH","fairfield","Fairfield"
"OH","fairfield beach","Fairfield Beach"
"OH","fairlawn","Fairlawn"
"OH","fairport harbor","Fairport Harbor"
"OH","fairview","Fairview"
"OH","fairview park","Fairview Park"
"OH","farmersville","Farmersville"
"OH","fayette","Fayette"
"OH","fayetteville","Fayetteville"
"OH","felicity","Felicity"
"OH","findlay","Findlay"
"OH","finneytown","Finneytown"
"OH","five points","Five Points"
"OH","flat rock","Flat Rock"
"OH","fletcher","Fletcher"
"OH","florida","Florida"
"OH","flushing","Flushing"
"OH","forest","Forest"
"OH","forest park","Forest Park"
"OH","forestville","Forestville"
"OH","fort jennings","Fort Jennings"
"OH","fort loramie","Fort Loramie"
"OH","fort mckinley","Fort McKinley"
"OH","fort recovery","Fort Recovery"
"OH","fort seneca","Fort Seneca"
"OH","fort shawnee","Fort Shawnee"
"OH","fostoria","Fostoria"
"OH","four bridges","Four Bridges"
"OH","frankfort","Frankfort"
"OH","franklin","Franklin"
"OH","franklin furnace","Franklin Furnace"
"OH","frazeysburg","Frazeysburg"
"OH","fredericksburg","Fredericksburg"
"OH","fredericktown","Fredericktown"
"OH","freeport","Freeport"
"OH","fremont","Fremont"
"OH","fresno","Fresno"
"OH","friendship","Friendship"
"OH","fruit hill","Fruit Hill"
"OH","fulton","Fulton"
"OH","fultonham","Fultonham"
"OH","gahanna","Gahanna"
"OH","galena","Galena"
"OH","galion","Galion"
"OH","gallipolis","Gallipolis"
"OH","gambier","Gambier"
"OH","garfield heights","Garfield Heights"
"OH","garrettsville","Garrettsville"
"OH","gates mills","Gates Mills"
"OH","geneva","Geneva"
"OH","geneva-on-the-lake","Geneva-on-the-Lake"
"OH","genoa","Genoa"
"OH","georgetown","Georgetown"
"OH","germantown","Germantown"
"OH","gettysburg","Gettysburg"
"OH","gibsonburg","Gibsonburg"
"OH","gilboa","Gilboa"
"OH","girard","Girard"
"OH","glandorf","Glandorf"
"OH","glencoe","Glencoe"
"OH","glendale","Glendale"
"OH","glenford","Glenford"
"OH","glenmont","Glenmont"
"OH","glenmoor","Glenmoor"
"OH","glenwillow","Glenwillow"
"OH","gloria glens park","Gloria Glens Park"
"OH","glouster","Glouster"
"OH","gnadenhutten","Gnadenhutten"
"OH","golf manor","Golf Manor"
"OH","gomer","Gomer"
"OH","good hope","Good Hope"
"OH","gordon","Gordon"
"OH","goshen","Goshen"
"OH","grafton","Grafton"
"OH","grand rapids","Grand Rapids"
"OH","grand river","Grand River"
"OH","grandview","Grandview"
"OH","grandview heights","Grandview Heights"
"OH","granville","Granville"
"OH","granville south","Granville South"
"OH","gratiot","Gratiot"
"OH","gratis","Gratis"
"OH","graysville","Graysville"
"OH","green","Green"
"OH","green camp","Green Camp"
"OH","green meadows","Green Meadows"
"OH","green springs","Green Springs"
"OH","greenfield","Greenfield"
"OH","greenhills","Greenhills"
"OH","greentown","Greentown"
"OH","greenville","Greenville"
"OH","greenwich","Greenwich"
"OH","groesbeck","Groesbeck"
"OH","grove city","Grove City"
"OH","groveport","Groveport"
"OH","grover hill","Grover Hill"
"OH","guilford lake","Guilford Lake"
"OH","hamburg","Hamburg"
"OH","hamden","Hamden"
"OH","hamersville","Hamersville"
"OH","hamilton","Hamilton"
"OH","hamler","Hamler"
"OH","hanging rock","Hanging Rock"
"OH","hannibal","Hannibal"
"OH","hanover","Hanover"
"OH","hanoverton","Hanoverton"
"OH","harbor hills","Harbor Hills"
"OH","harbor view","Harbor View"
"OH","harpster","Harpster"
"OH","harrisburg","Harrisburg"
"OH","harrison","Harrison"
"OH","harrisville","Harrisville"
"OH","harrod","Harrod"
"OH","hartford (croton)","Hartford (Croton)"
"OH","hartville","Hartville"
"OH","harveysburg","Harveysburg"
"OH","haskins","Haskins"
"OH","haviland","Haviland"
"OH","haydenville","Haydenville"
"OH","hayesville","Hayesville"
"OH","heath","Heath"
"OH","hebron","Hebron"
"OH","helena","Helena"
"OH","hemlock","Hemlock"
"OH","hessville","Hessville"
"OH","hicksville","Hicksville"
"OH","hidden lakes","Hidden Lakes"
"OH","hide-a-way hills","Hide-A-Way Hills"
"OH","higginsport","Higginsport"
"OH","highland","Highland"
"OH","highland heights","Highland Heights"
"OH","highland hills","Highland Hills"
"OH","highland holiday","Highland Holiday"
"OH","highpoint","Highpoint"
"OH","hilliard","Hilliard"
"OH","hills and dales","Hills and Dales"
"OH","hillsboro","Hillsboro"
"OH","hilltop","Hilltop"
"OH","hiram","Hiram"
"OH","hockingport","Hockingport"
"OH","holgate","Holgate"
"OH","holiday city","Holiday City"
"OH","holiday lakes","Holiday Lakes"
"OH","holiday valley","Holiday Valley"
"OH","holland","Holland"
"OH","hollansburg","Hollansburg"
"OH","holloway","Holloway"
"OH","holmesville","Holmesville"
"OH","homeworth","Homeworth"
"OH","hooven","Hooven"
"OH","hopedale","Hopedale"
"OH","howard","Howard"
"OH","howland center","Howland Center"
"OH","hoytville","Hoytville"
"OH","hubbard","Hubbard"
"OH","huber heights","Huber Heights"
"OH","huber ridge","Huber Ridge"
"OH","hudson","Hudson"
"OH","hunter","Hunter"
"OH","hunting valley","Hunting Valley"
"OH","huntsville","Huntsville"
"OH","huron","Huron"
"OH","iberia","Iberia"
"OH","independence","Independence"
"OH","irondale","Irondale"
"OH","ironton","Ironton"
"OH","ithaca","Ithaca"
"OH","jackson","Jackson"
"OH","jackson center","Jackson Center"
"OH","jacksonburg","Jacksonburg"
"OH","jacksontown","Jacksontown"
"OH","jacksonville","Jacksonville"
"OH","jamestown","Jamestown"
"OH","jefferson","Jefferson"
"OH","jeffersonville","Jeffersonville"
"OH","jenera","Jenera"
"OH","jeromesville","Jeromesville"
"OH","jerry city","Jerry City"
"OH","jersey","Jersey"
"OH","jerusalem","Jerusalem"
"OH","jewett","Jewett"
"OH","johnstown","Johnstown"
"OH","junction city","Junction City"
"OH","kalida","Kalida"
"OH","kanauga","Kanauga"
"OH","kansas","Kansas"
"OH","kelleys island","Kelleys Island"
"OH","kent","Kent"
"OH","kenton","Kenton"
"OH","kenwood","Kenwood"
"OH","kettering","Kettering"
"OH","kettlersville","Kettlersville"
"OH","kidron","Kidron"
"OH","kilbourne","Kilbourne"
"OH","killbuck","Killbuck"
"OH","kimbolton","Kimbolton"
"OH","kings mills","Kings Mills"
"OH","kingston","Kingston"
"OH","kingsville","Kingsville"
"OH","kinsman center","Kinsman Center"
"OH","kipton","Kipton"
"OH","kirby","Kirby"
"OH","kirkersville","Kirkersville"
"OH","kirtland","Kirtland"
"OH","kirtland hills","Kirtland Hills"
"OH","kunkle","Kunkle"
"OH","la croft","La Croft"
"OH","la rue","La Rue"
"OH","lafayette","Lafayette"
"OH","lafferty","Lafferty"
"OH","lagrange","LaGrange"
"OH","lake buckhorn","Lake Buckhorn"
"OH","lake darby","Lake Darby"
"OH","lake lakengren","Lake Lakengren"
"OH","lake lorelei","Lake Lorelei"
"OH","lake milton","Lake Milton"
"OH","lake mohawk","Lake Mohawk"
"OH","lake seneca","Lake Seneca"
"OH","lake tomahawk","Lake Tomahawk"
"OH","lake waynoka","Lake Waynoka"
"OH","lakeline","Lakeline"
"OH","lakemore","Lakemore"
"OH","lakeside","Lakeside"
"OH","lakeview","Lakeview"
"OH","lakewood","Lakewood"
"OH","lancaster","Lancaster"
"OH","landen","Landen"
"OH","lansing","Lansing"
"OH","latty","Latty"
"OH","laura","Laura"
"OH","laurelville","Laurelville"
"OH","lawrenceville","Lawrenceville"
"OH","leavittsburg","Leavittsburg"
"OH","lebanon","Lebanon"
"OH","leesburg","Leesburg"
"OH","leesville","Leesville"
"OH","leetonia","Leetonia"
"OH","leipsic","Leipsic"
"OH","lewisburg","Lewisburg"
"OH","lewistown","Lewistown"
"OH","lewisville","Lewisville"
"OH","lexington","Lexington"
"OH","liberty center","Liberty Center"
"OH","lima","Lima"
"OH","limaville","Limaville"
"OH","lincoln heights","Lincoln Heights"
"OH","lincoln village","Lincoln Village"
"OH","lindsey","Lindsey"
"OH","linndale","Linndale"
"OH","lisbon","Lisbon"
"OH","lithopolis","Lithopolis"
"OH","little hocking","Little Hocking"
"OH","lloydsville","Lloydsville"
"OH","lockbourne","Lockbourne"
"OH","lockington","Lockington"
"OH","lockland","Lockland"
"OH","lodi","Lodi"
"OH","logan","Logan"
"OH","logan elm village","Logan Elm Village"
"OH","london","London"
"OH","lorain","Lorain"
"OH","lordstown","Lordstown"
"OH","lore city","Lore City"
"OH","loudonville","Loudonville"
"OH","louisville","Louisville"
"OH","loveland","Loveland"
"OH","loveland park","Loveland Park"
"OH","lowell","Lowell"
"OH","lowellville","Lowellville"
"OH","lower salem","Lower Salem"
"OH","lucas","Lucas"
"OH","lucasville","Lucasville"
"OH","luckey","Luckey"
"OH","ludlow falls","Ludlow Falls"
"OH","lynchburg","Lynchburg"
"OH","lyndhurst","Lyndhurst"
"OH","lyons","Lyons"
"OH","macedonia","Macedonia"
"OH","mack","Mack"
"OH","macksburg","Macksburg"
"OH","madeira","Madeira"
"OH","madison","Madison"
"OH","madison place","Madison Place"
"OH","magnetic springs","Magnetic Springs"
"OH","magnolia","Magnolia"
"OH","maineville","Maineville"
"OH","malinta","Malinta"
"OH","malta","Malta"
"OH","malvern","Malvern"
"OH","manchester","Manchester"
"OH","mansfield","Mansfield"
"OH","mantua","Mantua"
"OH","maple heights","Maple Heights"
"OH","maple ridge","Maple Ridge"
"OH","maplewood park","Maplewood Park"
"OH","marathon","Marathon"
"OH","marble cliff","Marble Cliff"
"OH","marblehead","Marblehead"
"OH","marengo","Marengo"
"OH","maria stein","Maria Stein"
"OH","mariemont","Mariemont"
"OH","marietta","Marietta"
"OH","marion","Marion"
"OH","marlboro","Marlboro"
"OH","marne","Marne"
"OH","marseilles","Marseilles"
"OH","marshallville","Marshallville"
"OH","martins ferry","Martins Ferry"
"OH","martinsburg","Martinsburg"
"OH","martinsville","Martinsville"
"OH","marysville","Marysville"
"OH","mason","Mason"
"OH","massieville","Massieville"
"OH","massillon","Massillon"
"OH","masury","Masury"
"OH","matamoras (new matamoras)","Matamoras (New Matamoras)"
"OH","maumee","Maumee"
"OH","mayfield","Mayfield"
"OH","mayfield heights","Mayfield Heights"
"OH","mcarthur","McArthur"
"OH","mcclure","McClure"
"OH","mccomb","McComb"
"OH","mcconnelsville","McConnelsville"
"OH","mccutchenville","McCutchenville"
"OH","mcdermott","McDermott"
"OH","mcdonald","McDonald"
"OH","mcguffey","McGuffey"
"OH","mckinley heights","McKinley Heights"
"OH","mechanicsburg","Mechanicsburg"
"OH","medina","Medina"
"OH","medway","Medway"
"OH","melmore","Melmore"
"OH","melrose","Melrose"
"OH","mendon","Mendon"
"OH","mentor","Mentor"
"OH","mentor-on-the-lake","Mentor-on-the-Lake"
"OH","metamora","Metamora"
"OH","meyers lake","Meyers Lake"
"OH","miami heights","Miami Heights"
"OH","miamisburg","Miamisburg"
"OH","miamitown","Miamitown"
"OH","miamiville","Miamiville"
"OH","middle point","Middle Point"
"OH","middlebranch","Middlebranch"
"OH","middleburg heights","Middleburg Heights"
"OH","middlefield","Middlefield"
"OH","middleport","Middleport"
"OH","middletown","Middletown"
"OH","midland","Midland"
"OH","midvale","Midvale"
"OH","midway","Midway"
"OH","mifflin","Mifflin"
"OH","milan","Milan"
"OH","milford","Milford"
"OH","milford center","Milford Center"
"OH","millbury","Millbury"
"OH","milledgeville","Milledgeville"
"OH","miller","Miller"
"OH","miller city","Miller City"
"OH","millersburg","Millersburg"
"OH","millersport","Millersport"
"OH","millfield","Millfield"
"OH","millville","Millville"
"OH","milton center","Milton Center"
"OH","miltonsburg","Miltonsburg"
"OH","mineral city","Mineral City"
"OH","mineral ridge","Mineral Ridge"
"OH","minerva","Minerva"
"OH","minerva park","Minerva Park"
"OH","minford","Minford"
"OH","mingo junction","Mingo Junction"
"OH","minster","Minster"
"OH","mitiwanga","Mitiwanga"
"OH","mogadore","Mogadore"
"OH","monfort heights","Monfort Heights"
"OH","monroe","Monroe"
"OH","monroeville","Monroeville"
"OH","montezuma","Montezuma"
"OH","montgomery","Montgomery"
"OH","montpelier","Montpelier"
"OH","montrose-ghent","Montrose-Ghent"
"OH","moraine","Moraine"
"OH","moreland hills","Moreland Hills"
"OH","morgandale","Morgandale"
"OH","morral","Morral"
"OH","morristown","Morristown"
"OH","morrow","Morrow"
"OH","moscow","Moscow"
"OH","mount blanchard","Mount Blanchard"
"OH","mount carmel","Mount Carmel"
"OH","mount cory","Mount Cory"
"OH","mount eaton","Mount Eaton"
"OH","mount gilead","Mount Gilead"
"OH","mount healthy","Mount Healthy"
"OH","mount healthy heights","Mount Healthy Heights"
"OH","mount hope","Mount Hope"
"OH","mount orab","Mount Orab"
"OH","mount pleasant","Mount Pleasant"
"OH","mount repose","Mount Repose"
"OH","mount sterling","Mount Sterling"
"OH","mount vernon","Mount Vernon"
"OH","mount victory","Mount Victory"
"OH","mowrystown","Mowrystown"
"OH","mulberry","Mulberry"
"OH","munroe falls","Munroe Falls"
"OH","murray city","Murray City"
"OH","mutual","Mutual"
"OH","nankin","Nankin"
"OH","napoleon","Napoleon"
"OH","nashport","Nashport"
"OH","nashville","Nashville"
"OH","navarre","Navarre"
"OH","neapolis","Neapolis"
"OH","neffs","Neffs"
"OH","negley","Negley"
"OH","nellie","Nellie"
"OH","nelsonville","Nelsonville"
"OH","nettle lake","Nettle Lake"
"OH","nevada","Nevada"
"OH","neville","Neville"
"OH","new albany","New Albany"
"OH","new alexandria","New Alexandria"
"OH","new athens","New Athens"
"OH","new baltimore","New Baltimore"
"OH","new bavaria","New Bavaria"
"OH","new bloomington","New Bloomington"
"OH","new boston","New Boston"
"OH","new bremen","New Bremen"
"OH","new burlington","New Burlington"
"OH","new california","New California"
"OH","new carlisle","New Carlisle"
"OH","new concord","New Concord"
"OH","new franklin","New Franklin"
"OH","new hampshire","New Hampshire"
"OH","new haven","New Haven"
"OH","new holland","New Holland"
"OH","new knoxville","New Knoxville"
"OH","new lebanon","New Lebanon"
"OH","new lexington","New Lexington"
"OH","new london","New London"
"OH","new madison","New Madison"
"OH","new marshfield","New Marshfield"
"OH","new miami","New Miami"
"OH","new middletown","New Middletown"
"OH","new paris","New Paris"
"OH","new philadelphia","New Philadelphia"
"OH","new pittsburg","New Pittsburg"
"OH","new richmond","New Richmond"
"OH","new riegel","New Riegel"
"OH","new springfield","New Springfield"
"OH","new straitsville","New Straitsville"
"OH","new vienna","New Vienna"
"OH","new washington","New Washington"
"OH","new waterford","New Waterford"
"OH","new weston","New Weston"
"OH","newark","Newark"
"OH","newburgh heights","Newburgh Heights"
"OH","newcomerstown","Newcomerstown"
"OH","newport","Newport"
"OH","newton falls","Newton Falls"
"OH","newtown","Newtown"
"OH","ney","Ney"
"OH","niles","Niles"
"OH","north baltimore","North Baltimore"
"OH","north bend","North Bend"
"OH","north canton","North Canton"
"OH","north college hill","North College Hill"
"OH","north fairfield","North Fairfield"
"OH","north hampton","North Hampton"
"OH","north industry","North Industry"
"OH","north kingsville","North Kingsville"
"OH","north lawrence","North Lawrence"
"OH","north lewisburg","North Lewisburg"
"OH","north lima","North Lima"
"OH","north madison","North Madison"
"OH","north olmsted","North Olmsted"
"OH","north perry","North Perry"
"OH","north randall","North Randall"
"OH","north ridgeville","North Ridgeville"
"OH","north robinson","North Robinson"
"OH","north royalton","North Royalton"
"OH","north star","North Star"
"OH","north zanesville","North Zanesville"
"OH","northbrook","Northbrook"
"OH","northfield","Northfield"
"OH","northgate","Northgate"
"OH","northridge","Northridge"
"OH","northwood","Northwood"
"OH","norton","Norton"
"OH","norwalk","Norwalk"
"OH","norwich","Norwich"
"OH","norwood","Norwood"
"OH","oak harbor","Oak Harbor"
"OH","oak hill","Oak Hill"
"OH","oakwood","Oakwood"
"OH","oberlin","Oberlin"
"OH","obetz","Obetz"
"OH","oceola","Oceola"
"OH","octa","Octa"
"OH","ohio city","Ohio City"
"OH","old fort","Old Fort"
"OH","old washington","Old Washington"
"OH","olde west chester","Olde West Chester"
"OH","olmsted falls","Olmsted Falls"
"OH","ontario","Ontario"
"OH","orange","Orange"
"OH","orangeville","Orangeville"
"OH","oregon","Oregon"
"OH","orient","Orient"
"OH","orrville","Orrville"
"OH","orwell","Orwell"
"OH","osgood","Osgood"
"OH","ostrander","Ostrander"
"OH","ottawa","Ottawa"
"OH","ottawa hills","Ottawa Hills"
"OH","ottoville","Ottoville"
"OH","otway","Otway"
"OH","owensville","Owensville"
"OH","oxford","Oxford"
"OH","painesville","Painesville"
"OH","palestine","Palestine"
"OH","pancoastburg","Pancoastburg"
"OH","pandora","Pandora"
"OH","park layne","Park Layne"
"OH","parkman","Parkman"
"OH","parma","Parma"
"OH","parma heights","Parma Heights"
"OH","parral","Parral"
"OH","pataskala","Pataskala"
"OH","patterson","Patterson"
"OH","paulding","Paulding"
"OH","payne","Payne"
"OH","peebles","Peebles"
"OH","pekin","Pekin"
"OH","pemberville","Pemberville"
"OH","peninsula","Peninsula"
"OH","pepper pike","Pepper Pike"
"OH","perry","Perry"
"OH","perry heights","Perry Heights"
"OH","perrysburg","Perrysburg"
"OH","perrysville","Perrysville"
"OH","petersburg","Petersburg"
"OH","pettisville","Pettisville"
"OH","pheasant run","Pheasant Run"
"OH","phillipsburg","Phillipsburg"
"OH","philo","Philo"
"OH","pickerington","Pickerington"
"OH","pigeon creek","Pigeon Creek"
"OH","piketon","Piketon"
"OH","pioneer","Pioneer"
"OH","piqua","Piqua"
"OH","pitsburg","Pitsburg"
"OH","plain city","Plain City"
"OH","plainfield","Plainfield"
"OH","plainville","Plainville"
"OH","pleasant city","Pleasant City"
"OH","pleasant grove","Pleasant Grove"
"OH","pleasant hill","Pleasant Hill"
"OH","pleasant hills","Pleasant Hills"
"OH","pleasant plain","Pleasant Plain"
"OH","pleasant run","Pleasant Run"
"OH","pleasant run farm","Pleasant Run Farm"
"OH","pleasantville","Pleasantville"
"OH","plumwood","Plumwood"
"OH","plymouth","Plymouth"
"OH","poland","Poland"
"OH","polk","Polk"
"OH","pomeroy","Pomeroy"
"OH","port clinton","Port Clinton"
"OH","port jefferson","Port Jefferson"
"OH","port washington","Port Washington"
"OH","port william","Port William"
"OH","portage","Portage"
"OH","portage lakes","Portage Lakes"
"OH","portsmouth","Portsmouth"
"OH","potsdam","Potsdam"
"OH","pottery addition","Pottery Addition"
"OH","powell","Powell"
"OH","powhatan point","Powhatan Point"
"OH","proctorville","Proctorville"
"OH","prospect","Prospect"
"OH","pulaski","Pulaski"
"OH","put-in-bay","Put-in-Bay"
"OH","quaker city","Quaker City"
"OH","quincy","Quincy"
"OH","racine","Racine"
"OH","radnor","Radnor"
"OH","rarden","Rarden"
"OH","ravenna","Ravenna"
"OH","rawson","Rawson"
"OH","rayland","Rayland"
"OH","raymond","Raymond"
"OH","reading","Reading"
"OH","reedurban","Reedurban"
"OH","reminderville","Reminderville"
"OH","remington","Remington"
"OH","rendville","Rendville"
"OH","reno","Reno"
"OH","reno beach","Reno Beach"
"OH","republic","Republic"
"OH","reynoldsburg","Reynoldsburg"
"OH","richfield","Richfield"
"OH","richmond","Richmond"
"OH","richmond dale","Richmond Dale"
"OH","richmond heights","Richmond Heights"
"OH","richville","Richville"
"OH","richwood","Richwood"
"OH","ridgeville corners","Ridgeville Corners"
"OH","ridgeway","Ridgeway"
"OH","ridgewood","Ridgewood"
"OH","rio grande","Rio Grande"
"OH","ripley","Ripley"
"OH","risingsun","Risingsun"
"OH","rittman","Rittman"
"OH","riverlea","Riverlea"
"OH","riverside","Riverside"
"OH","roachester","Roachester"
"OH","roaming shores","Roaming Shores"
"OH","robertsville","Robertsville"
"OH","rochester","Rochester"
"OH","rock creek","Rock Creek"
"OH","rockbridge","Rockbridge"
"OH","rockford","Rockford"
"OH","rocky fork point","Rocky Fork Point"
"OH","rocky ridge","Rocky Ridge"
"OH","rocky river","Rocky River"
"OH","rogers","Rogers"
"OH","rome","Rome"
"OH","rose farm","Rose Farm"
"OH","roseland","Roseland"
"OH","rosemount","Rosemount"
"OH","roseville","Roseville"
"OH","rosewood","Rosewood"
"OH","ross","Ross"
"OH","rossburg","Rossburg"
"OH","rossford","Rossford"
"OH","rossmoyne","Rossmoyne"
"OH","roswell","Roswell"
"OH","rudolph","Rudolph"
"OH","rushsylvania","Rushsylvania"
"OH","rushville","Rushville"
"OH","russells point","Russells Point"
"OH","russellville","Russellville"
"OH","russia","Russia"
"OH","rutland","Rutland"
"OH","sabina","Sabina"
"OH","salem","Salem"
"OH","salem heights","Salem Heights"
"OH","salesville","Salesville"
"OH","salineville","Salineville"
"OH","sandusky","Sandusky"
"OH","sandyville","Sandyville"
"OH","sarahsville","Sarahsville"
"OH","sardinia","Sardinia"
"OH","sardis","Sardis"
"OH","savannah","Savannah"
"OH","sawyerwood","Sawyerwood"
"OH","saybrook-on-the-lake","Saybrook-on-the-Lake"
"OH","scio","Scio"
"OH","sciotodale","Sciotodale"
"OH","scott","Scott"
"OH","seaman","Seaman"
"OH","sebring","Sebring"
"OH","senecaville","Senecaville"
"OH","seven hills","Seven Hills"
"OH","seven mile","Seven Mile"
"OH","seville","Seville"
"OH","shadyside","Shadyside"
"OH","shaker heights","Shaker Heights"
"OH","sharon center","Sharon Center"
"OH","sharonville","Sharonville"
"OH","shawnee","Shawnee"
"OH","shawnee hills","Shawnee Hills"
"OH","sheffield","Sheffield"
"OH","sheffield lake","Sheffield Lake"
"OH","shelby","Shelby"
"OH","sherrodsville","Sherrodsville"
"OH","sherwood","Sherwood"
"OH","shiloh","Shiloh"
"OH","shreve","Shreve"
"OH","sidney","Sidney"
"OH","silver lake","Silver Lake"
"OH","silverton","Silverton"
"OH","sinking spring","Sinking Spring"
"OH","sixteen mile stand","Sixteen Mile Stand"
"OH","skyline acres","Skyline Acres"
"OH","smithville","Smithville"
"OH","solon","Solon"
"OH","somerset","Somerset"
"OH","somerville","Somerville"
"OH","south amherst","South Amherst"
"OH","south bloomfield","South Bloomfield"
"OH","south canal","South Canal"
"OH","south charleston","South Charleston"
"OH","south euclid","South Euclid"
"OH","south lebanon","South Lebanon"
"OH","south mount vernon","South Mount Vernon"
"OH","south point","South Point"
"OH","south russell","South Russell"
"OH","south salem","South Salem"
"OH","south solon","South Solon"
"OH","south vienna","South Vienna"
"OH","south webster","South Webster"
"OH","south zanesville","South Zanesville"
"OH","sparta","Sparta"
"OH","spencer","Spencer"
"OH","spencerville","Spencerville"
"OH","spring valley","Spring Valley"
"OH","springboro","Springboro"
"OH","springdale","Springdale"
"OH","springfield","Springfield"
"OH","st. bernard","St. Bernard"
"OH","st. clairsville","St. Clairsville"
"OH","st. henry","St. Henry"
"OH","st. johns","St. Johns"
"OH","st. louisville","St. Louisville"
"OH","st. martin","St. Martin"
"OH","st. marys","St. Marys"
"OH","st. paris","St. Paris"
"OH","stafford","Stafford"
"OH","sterling","Sterling"
"OH","steubenville","Steubenville"
"OH","stewart","Stewart"
"OH","stockdale","Stockdale"
"OH","stockport","Stockport"
"OH","stone creek","Stone Creek"
"OH","stony prairie","Stony Prairie"
"OH","stony ridge","Stony Ridge"
"OH","stoutsville","Stoutsville"
"OH","stow","Stow"
"OH","strasburg","Strasburg"
"OH","stratton","Stratton"
"OH","streetsboro","Streetsboro"
"OH","strongsville","Strongsville"
"OH","struthers","Struthers"
"OH","stryker","Stryker"
"OH","suffield","Suffield"
"OH","sugar bush knolls","Sugar Bush Knolls"
"OH","sugar grove","Sugar Grove"
"OH","sugarcreek","Sugarcreek"
"OH","sullivan","Sullivan"
"OH","sulphur springs","Sulphur Springs"
"OH","summerfield","Summerfield"
"OH","summerside","Summerside"
"OH","summitville","Summitville"
"OH","sunbury","Sunbury"
"OH","swanton","Swanton"
"OH","sycamore","Sycamore"
"OH","sylvania","Sylvania"
"OH","syracuse","Syracuse"
"OH","tallmadge","Tallmadge"
"OH","tarlton","Tarlton"
"OH","taylor creek","Taylor Creek"
"OH","tedrow","Tedrow"
"OH","terrace park","Terrace Park"
"OH","the plains","The Plains"
"OH","the village of indian hill","The Village of Indian Hill"
"OH","thornport","Thornport"
"OH","thornville","Thornville"
"OH","thurston","Thurston"
"OH","tiffin","Tiffin"
"OH","tiltonsville","Tiltonsville"
"OH","timberlake","Timberlake"
"OH","tipp city","Tipp City"
"OH","tippecanoe","Tippecanoe"
"OH","tiro","Tiro"
"OH","toledo","Toledo"
"OH","tontogany","Tontogany"
"OH","toronto","Toronto"
"OH","tremont city","Tremont City"
"OH","trenton","Trenton"
"OH","trimble","Trimble"
"OH","trinway","Trinway"
"OH","trotwood","Trotwood"
"OH","troy","Troy"
"OH","tuppers plains","Tuppers Plains"
"OH","turpin hills","Turpin Hills"
"OH","tuscarawas","Tuscarawas"
"OH","twinsburg","Twinsburg"
"OH","twinsburg heights","Twinsburg Heights"
"OH","uhrichsville","Uhrichsville"
"OH","union","Union"
"OH","union city","Union City"
"OH","uniontown","Uniontown"
"OH","unionville center","Unionville Center"
"OH","uniopolis","Uniopolis"
"OH","university heights","University Heights"
"OH","upper arlington","Upper Arlington"
"OH","upper sandusky","Upper Sandusky"
"OH","urbana","Urbana"
"OH","urbancrest","Urbancrest"
"OH","utica","Utica"
"OH","valley city","Valley City"
"OH","valley hi","Valley Hi"
"OH","valley view","Valley View"
"OH","valleyview","Valleyview"
"OH","van buren","Van Buren"
"OH","van wert","Van Wert"
"OH","vandalia","Vandalia"
"OH","vanlue","Vanlue"
"OH","vaughnsville","Vaughnsville"
"OH","venedocia","Venedocia"
"OH","vermilion","Vermilion"
"OH","verona","Verona"
"OH","versailles","Versailles"
"OH","vickery","Vickery"
"OH","vienna center","Vienna Center"
"OH","vincent","Vincent"
"OH","vinton","Vinton"
"OH","wadsworth","Wadsworth"
"OH","waite hill","Waite Hill"
"OH","wakeman","Wakeman"
"OH","walbridge","Walbridge"
"OH","waldo","Waldo"
"OH","walnut creek","Walnut Creek"
"OH","walton hills","Walton Hills"
"OH","wapakoneta","Wapakoneta"
"OH","warren","Warren"
"OH","warrensville heights","Warrensville Heights"
"OH","warsaw","Warsaw"
"OH","washington court house","Washington Court House"
"OH","washingtonville","Washingtonville"
"OH","waterford","Waterford"
"OH","waterville","Waterville"
"OH","wauseon","Wauseon"
"OH","waverly","Waverly"
"OH","wayne","Wayne"
"OH","wayne lakes","Wayne Lakes"
"OH","waynesburg","Waynesburg"
"OH","waynesfield","Waynesfield"
"OH","waynesville","Waynesville"
"OH","wellington","Wellington"
"OH","wellston","Wellston"
"OH","wellsville","Wellsville"
"OH","west alexandria","West Alexandria"
"OH","west carrollton","West Carrollton"
"OH","west elkton","West Elkton"
"OH","west farmington","West Farmington"
"OH","west hill","West Hill"
"OH","west jefferson","West Jefferson"
"OH","west lafayette","West Lafayette"
"OH","west leipsic","West Leipsic"
"OH","west liberty","West Liberty"
"OH","west logan","West Logan"
"OH","west manchester","West Manchester"
"OH","west mansfield","West Mansfield"
"OH","west millgrove","West Millgrove"
"OH","west milton","West Milton"
"OH","west portsmouth","West Portsmouth"
"OH","west rushville","West Rushville"
"OH","west salem","West Salem"
"OH","west union","West Union"
"OH","west unity","West Unity"
"OH","westerville","Westerville"
"OH","westfield center","Westfield Center"
"OH","westlake","Westlake"
"OH","westminster","Westminster"
"OH","weston","Weston"
"OH","wetherington","Wetherington"
"OH","wharton","Wharton"
"OH","wheelersburg","Wheelersburg"
"OH","white oak","White Oak"
"OH","whitehall","Whitehall"
"OH","whitehouse","Whitehouse"
"OH","whites landing","Whites Landing"
"OH","wickliffe","Wickliffe"
"OH","wightmans grove","Wightmans Grove"
"OH","wilberforce","Wilberforce"
"OH","wilkesville","Wilkesville"
"OH","wilkshire hills","Wilkshire Hills"
"OH","willard","Willard"
"OH","williamsburg","Williamsburg"
"OH","williamsdale","Williamsdale"
"OH","williamsport","Williamsport"
"OH","williston","Williston"
"OH","willoughby","Willoughby"
"OH","willoughby hills","Willoughby Hills"
"OH","willowick","Willowick"
"OH","willshire","Willshire"
"OH","wilmington","Wilmington"
"OH","wilmot","Wilmot"
"OH","wilson","Wilson"
"OH","winchester","Winchester"
"OH","windham","Windham"
"OH","winesburg","Winesburg"
"OH","wintersville","Wintersville"
"OH","withamsville","Withamsville"
"OH","wolfhurst","Wolfhurst"
"OH","woodlawn","Woodlawn"
"OH","woodmere","Woodmere"
"OH","woodsdale","Woodsdale"
"OH","woodsfield","Woodsfield"
"OH","woodstock","Woodstock"
"OH","woodville","Woodville"
"OH","woodworth","Woodworth"
"OH","wooster","Wooster"
"OH","worthington","Worthington"
"OH","wren","Wren"
"OH","wright-patterson afb","Wright-Patterson AFB"
"OH","wyoming","Wyoming"
"OH","xenia","Xenia"
"OH","yankee lake","Yankee Lake"
"OH","yellow springs","Yellow Springs"
"OH","yorkshire","Yorkshire"
"OH","yorkville","Yorkville"
"OH","youngstown","Youngstown"
"OH","zaleski","Zaleski"
"OH","zanesfield","Zanesfield"
"OH","zanesville","Zanesville"
"OH","zoar","Zoar"
"OK","achille","Achille"
"OK","ada","Ada"
"OK","adair","Adair"
"OK","adams","Adams"
"OK","adamson","Adamson"
"OK","addington","Addington"
"OK","afton","Afton"
"OK","agra","Agra"
"OK","akins","Akins"
"OK","albany","Albany"
"OK","albion","Albion"
"OK","alderson","Alderson"
"OK","alex","Alex"
"OK","aline","Aline"
"OK","allen","Allen"
"OK","altus","Altus"
"OK","alva","Alva"
"OK","amber","Amber"
"OK","ames","Ames"
"OK","amorita","Amorita"
"OK","anadarko","Anadarko"
"OK","antlers","Antlers"
"OK","apache","Apache"
"OK","arapaho","Arapaho"
"OK","arcadia","Arcadia"
"OK","ardmore","Ardmore"
"OK","arkoma","Arkoma"
"OK","armstrong","Armstrong"
"OK","arnett","Arnett"
"OK","arpelar","Arpelar"
"OK","asher","Asher"
"OK","ashland","Ashland"
"OK","atoka","Atoka"
"OK","atwood","Atwood"
"OK","avant","Avant"
"OK","avard","Avard"
"OK","bache","Bache"
"OK","badger lee","Badger Lee"
"OK","baker","Baker"
"OK","ballou","Ballou"
"OK","barber","Barber"
"OK","barnsdall","Barnsdall"
"OK","baron","Baron"
"OK","bartlesville","Bartlesville"
"OK","bearden","Bearden"
"OK","beaver","Beaver"
"OK","bee","Bee"
"OK","beggs","Beggs"
"OK","belfonte","Belfonte"
"OK","bell","Bell"
"OK","bennington","Bennington"
"OK","bentley","Bentley"
"OK","bernice","Bernice"
"OK","bessie","Bessie"
"OK","bethany","Bethany"
"OK","bethel acres","Bethel Acres"
"OK","big cabin","Big Cabin"
"OK","billings","Billings"
"OK","binger","Binger"
"OK","bison","Bison"
"OK","bixby","Bixby"
"OK","blackburn","Blackburn"
"OK","blackgum","Blackgum"
"OK","blackwell","Blackwell"
"OK","blair","Blair"
"OK","blanchard","Blanchard"
"OK","blanco","Blanco"
"OK","blue","Blue"
"OK","bluejacket","Bluejacket"
"OK","boise city","Boise City"
"OK","bokchito","Bokchito"
"OK","bokoshe","Bokoshe"
"OK","boley","Boley"
"OK","boswell","Boswell"
"OK","bowlegs","Bowlegs"
"OK","bowring","Bowring"
"OK","box","Box"
"OK","boynton","Boynton"
"OK","bradley","Bradley"
"OK","braggs","Braggs"
"OK","braman","Braman"
"OK","bray","Bray"
"OK","breckenridge","Breckenridge"
"OK","brent","Brent"
"OK","briartown","Briartown"
"OK","bridge creek","Bridge Creek"
"OK","bridgeport","Bridgeport"
"OK","briggs","Briggs"
"OK","bristow","Bristow"
"OK","broken arrow","Broken Arrow"
"OK","broken bow","Broken Bow"
"OK","bromide","Bromide"
"OK","brooksville","Brooksville"
"OK","brush creek","Brush Creek"
"OK","brushy","Brushy"
"OK","bryant","Bryant"
"OK","buffalo","Buffalo"
"OK","bug tussle","Bug Tussle"
"OK","bull hollow","Bull Hollow"
"OK","bunch","Bunch"
"OK","burbank","Burbank"
"OK","burlington","Burlington"
"OK","burneyville","Burneyville"
"OK","burns flat","Burns Flat"
"OK","bushyhead","Bushyhead"
"OK","butler","Butler"
"OK","byars","Byars"
"OK","byng","Byng"
"OK","byron","Byron"
"OK","cache","Cache"
"OK","caddo","Caddo"
"OK","calera","Calera"
"OK","calumet","Calumet"
"OK","calvin","Calvin"
"OK","camargo","Camargo"
"OK","cameron","Cameron"
"OK","canadian","Canadian"
"OK","canadian shores","Canadian Shores"
"OK","caney","Caney"
"OK","caney ridge","Caney Ridge"
"OK","canton","Canton"
"OK","canute","Canute"
"OK","capron","Capron"
"OK","carlisle","Carlisle"
"OK","carlton landing","Carlton Landing"
"OK","carmen","Carmen"
"OK","carnegie","Carnegie"
"OK","carney","Carney"
"OK","carrier","Carrier"
"OK","carter","Carter"
"OK","cartwright","Cartwright"
"OK","cashion","Cashion"
"OK","castle","Castle"
"OK","catoosa","Catoosa"
"OK","cave spring","Cave Spring"
"OK","cayuga","Cayuga"
"OK","cedar crest","Cedar Crest"
"OK","cedar lake","Cedar Lake"
"OK","cedar valley","Cedar Valley"
"OK","cement","Cement"
"OK","centrahoma","Centrahoma"
"OK","central high","Central High"
"OK","chance","Chance"
"OK","chandler","Chandler"
"OK","chattanooga","Chattanooga"
"OK","checotah","Checotah"
"OK","chelsea","Chelsea"
"OK","cherokee","Cherokee"
"OK","cherry tree","Cherry Tree"
"OK","chester","Chester"
"OK","chewey","Chewey"
"OK","cheyenne","Cheyenne"
"OK","chickasha","Chickasha"
"OK","choctaw","Choctaw"
"OK","chouteau","Chouteau"
"OK","christie","Christie"
"OK","cimarron city","Cimarron City"
"OK","claremore","Claremore"
"OK","clarita","Clarita"
"OK","clarksville","Clarksville"
"OK","clayton","Clayton"
"OK","clearview","Clearview"
"OK","cleo springs","Cleo Springs"
"OK","cleora","Cleora"
"OK","cleveland","Cleveland"
"OK","clinton","Clinton"
"OK","cloud creek","Cloud Creek"
"OK","coalgate","Coalgate"
"OK","colbert","Colbert"
"OK","colcord","Colcord"
"OK","cole","Cole"
"OK","coleman","Coleman"
"OK","collinsville","Collinsville"
"OK","colony","Colony"
"OK","comanche","Comanche"
"OK","commerce","Commerce"
"OK","connerville","Connerville"
"OK","cookson","Cookson"
"OK","cooperton","Cooperton"
"OK","copan","Copan"
"OK","copeland","Copeland"
"OK","corn","Corn"
"OK","cornish","Cornish"
"OK","cottonwood","Cottonwood"
"OK","council hill","Council Hill"
"OK","covington","Covington"
"OK","coweta","Coweta"
"OK","cowlington","Cowlington"
"OK","coyle","Coyle"
"OK","crescent","Crescent"
"OK","crescent springs","Crescent Springs"
"OK","cromwell","Cromwell"
"OK","crowder","Crowder"
"OK","cumberland","Cumberland"
"OK","cushing","Cushing"
"OK","custer city","Custer City"
"OK","cyril","Cyril"
"OK","dacoma","Dacoma"
"OK","dale","Dale"
"OK","davenport","Davenport"
"OK","davidson","Davidson"
"OK","davis","Davis"
"OK","deer creek","Deer Creek"
"OK","deer lick","Deer Lick"
"OK","del city","Del City"
"OK","delaware","Delaware"
"OK","dennis","Dennis"
"OK","depew","Depew"
"OK","devol","Devol"
"OK","dewar","Dewar"
"OK","dewey","Dewey"
"OK","dibble","Dibble"
"OK","dickson","Dickson"
"OK","dill city","Dill City"
"OK","disney","Disney"
"OK","dixon","Dixon"
"OK","dodge","Dodge"
"OK","dotyville","Dotyville"
"OK","dougherty","Dougherty"
"OK","douglas","Douglas"
"OK","dover","Dover"
"OK","dripping springs","Dripping Springs"
"OK","drowning creek","Drowning Creek"
"OK","drummond","Drummond"
"OK","drumright","Drumright"
"OK","dry creek","Dry Creek"
"OK","duchess landing","Duchess Landing"
"OK","duncan","Duncan"
"OK","durant","Durant"
"OK","durham","Durham"
"OK","dustin","Dustin"
"OK","dwight mission","Dwight Mission"
"OK","eagle city","Eagle City"
"OK","eagletown","Eagletown"
"OK","eakly","Eakly"
"OK","earl","Earl"
"OK","earlsboro","Earlsboro"
"OK","east duke","East Duke"
"OK","edgewater park","Edgewater Park"
"OK","edmond","Edmond"
"OK","el reno","El Reno"
"OK","eldon","Eldon"
"OK","eldorado","Eldorado"
"OK","elgin","Elgin"
"OK","elk city","Elk City"
"OK","elm grove","Elm Grove"
"OK","elmer","Elmer"
"OK","elmore city","Elmore City"
"OK","elohim city","Elohim City"
"OK","emet","Emet"
"OK","empire city","Empire City"
"OK","enid","Enid"
"OK","enterprise","Enterprise"
"OK","erick","Erick"
"OK","erin springs","Erin Springs"
"OK","etowah","Etowah"
"OK","etta","Etta"
"OK","eufaula","Eufaula"
"OK","evening shade","Evening Shade"
"OK","fair oaks","Fair Oaks"
"OK","fairfax","Fairfax"
"OK","fairfield","Fairfield"
"OK","fairland","Fairland"
"OK","fairmont","Fairmont"
"OK","fairview","Fairview"
"OK","fallis","Fallis"
"OK","fanshawe","Fanshawe"
"OK","fargo","Fargo"
"OK","faxon","Faxon"
"OK","fay","Fay"
"OK","felt","Felt"
"OK","finley","Finley"
"OK","fittstown","Fittstown"
"OK","fitzhugh","Fitzhugh"
"OK","fletcher","Fletcher"
"OK","flint creek","Flint Creek"
"OK","flute springs","Flute Springs"
"OK","foraker","Foraker"
"OK","forest park","Forest Park"
"OK","forgan","Forgan"
"OK","fort cobb","Fort Cobb"
"OK","fort coffee","Fort Coffee"
"OK","fort gibson","Fort Gibson"
"OK","fort supply","Fort Supply"
"OK","fort towson","Fort Towson"
"OK","foss","Foss"
"OK","foster","Foster"
"OK","fox","Fox"
"OK","foyil","Foyil"
"OK","francis","Francis"
"OK","frederick","Frederick"
"OK","freedom","Freedom"
"OK","friendship","Friendship"
"OK","gage","Gage"
"OK","gans","Gans"
"OK","garber","Garber"
"OK","garvin","Garvin"
"OK","gate","Gate"
"OK","geary","Geary"
"OK","gene autry","Gene Autry"
"OK","geronimo","Geronimo"
"OK","gerty","Gerty"
"OK","gideon","Gideon"
"OK","glencoe","Glencoe"
"OK","glenpool","Glenpool"
"OK","golden","Golden"
"OK","goldsby","Goldsby"
"OK","goltry","Goltry"
"OK","goodwell","Goodwell"
"OK","gore","Gore"
"OK","gotebo","Gotebo"
"OK","gould","Gould"
"OK","gowen","Gowen"
"OK","gracemont","Gracemont"
"OK","grainola","Grainola"
"OK","grand lake towne","Grand Lake Towne"
"OK","grandfield","Grandfield"
"OK","grandview","Grandview"
"OK","granite","Granite"
"OK","grant","Grant"
"OK","grayson","Grayson"
"OK","greasy","Greasy"
"OK","greenfield","Greenfield"
"OK","greenville","Greenville"
"OK","gregory","Gregory"
"OK","grove","Grove"
"OK","guthrie","Guthrie"
"OK","guymon","Guymon"
"OK","haileyville","Haileyville"
"OK","hallett","Hallett"
"OK","hammon","Hammon"
"OK","hanna","Hanna"
"OK","hanson","Hanson"
"OK","hardesty","Hardesty"
"OK","harrah","Harrah"
"OK","hartshorne","Hartshorne"
"OK","haskell","Haskell"
"OK","hastings","Hastings"
"OK","haworth","Haworth"
"OK","haywood","Haywood"
"OK","headrick","Headrick"
"OK","healdton","Healdton"
"OK","heavener","Heavener"
"OK","helena","Helena"
"OK","hendrix","Hendrix"
"OK","hennepin","Hennepin"
"OK","hennessey","Hennessey"
"OK","henryetta","Henryetta"
"OK","hickory","Hickory"
"OK","hillsdale","Hillsdale"
"OK","hinton","Hinton"
"OK","hitchcock","Hitchcock"
"OK","hitchita","Hitchita"
"OK","hobart","Hobart"
"OK","hochatown","Hochatown"
"OK","hodgen","Hodgen"
"OK","hoffman","Hoffman"
"OK","holdenville","Holdenville"
"OK","hollis","Hollis"
"OK","hollister","Hollister"
"OK","homestead","Homestead"
"OK","hominy","Hominy"
"OK","honey hill","Honey Hill"
"OK","hooker","Hooker"
"OK","hoot owl","Hoot Owl"
"OK","hopeton","Hopeton"
"OK","horntown","Horntown"
"OK","hough","Hough"
"OK","howe","Howe"
"OK","hoyt","Hoyt"
"OK","hugo","Hugo"
"OK","hulbert","Hulbert"
"OK","hunter","Hunter"
"OK","hydro","Hydro"
"OK","idabel","Idabel"
"OK","indiahoma","Indiahoma"
"OK","indianola","Indianola"
"OK","ingalls","Ingalls"
"OK","inola","Inola"
"OK","iron post","Iron Post"
"OK","isabella","Isabella"
"OK","ixl","IXL"
"OK","jay","Jay"
"OK","jefferson","Jefferson"
"OK","jenks","Jenks"
"OK","jennings","Jennings"
"OK","jet","Jet"
"OK","johnson","Johnson"
"OK","johnson prairie","Johnson Prairie"
"OK","jones","Jones"
"OK","justice","Justice"
"OK","kansas","Kansas"
"OK","katie","Katie"
"OK","kaw city","Kaw City"
"OK","keefton","Keefton"
"OK","kellyville","Kellyville"
"OK","kemp","Kemp"
"OK","kendrick","Kendrick"
"OK","kenefic","Kenefic"
"OK","kenton","Kenton"
"OK","kenwood","Kenwood"
"OK","keota","Keota"
"OK","ketchum","Ketchum"
"OK","keyes","Keyes"
"OK","keys","Keys"
"OK","kiefer","Kiefer"
"OK","kildare","Kildare"
"OK","kingfisher","Kingfisher"
"OK","kingston","Kingston"
"OK","kinta","Kinta"
"OK","kiowa","Kiowa"
"OK","knowles","Knowles"
"OK","konawa","Konawa"
"OK","krebs","Krebs"
"OK","kremlin","Kremlin"
"OK","lahoma","Lahoma"
"OK","lake aluma","Lake Aluma"
"OK","lake ellsworth addition","Lake Ellsworth Addition"
"OK","lakeside village","Lakeside Village"
"OK","lamar","Lamar"
"OK","lambert","Lambert"
"OK","lamont","Lamont"
"OK","lane","Lane"
"OK","langley","Langley"
"OK","langston","Langston"
"OK","latta","Latta"
"OK","laverne","Laverne"
"OK","lawrence creek","Lawrence Creek"
"OK","lawton","Lawton"
"OK","lawtonka acres","Lawtonka Acres"
"OK","le flore","Le Flore"
"OK","leach","Leach"
"OK","lebanon","Lebanon"
"OK","leedey","Leedey"
"OK","lehigh","Lehigh"
"OK","lenapah","Lenapah"
"OK","leon","Leon"
"OK","leonard","Leonard"
"OK","lequire","Lequire"
"OK","lexington","Lexington"
"OK","liberty","Liberty"
"OK","lima","Lima"
"OK","limestone","Limestone"
"OK","lindsay","Lindsay"
"OK","little city","Little City"
"OK","little ponderosa","Little Ponderosa"
"OK","little rock","Little Rock"
"OK","loco","Loco"
"OK","locust grove","Locust Grove"
"OK","lone chimney","Lone Chimney"
"OK","lone grove","Lone Grove"
"OK","lone wolf","Lone Wolf"
"OK","long","Long"
"OK","longdale","Longdale"
"OK","longtown","Longtown"
"OK","lookeba","Lookeba"
"OK","lost city","Lost City"
"OK","lotsee","Lotsee"
"OK","loveland","Loveland"
"OK","lovell","Lovell"
"OK","lowrey","Lowrey"
"OK","loyal","Loyal"
"OK","lucien","Lucien"
"OK","luther","Luther"
"OK","lyons switch","Lyons Switch"
"OK","macomb","Macomb"
"OK","madill","Madill"
"OK","mallard bay","Mallard Bay"
"OK","manchester","Manchester"
"OK","mangum","Mangum"
"OK","manitou","Manitou"
"OK","mannford","Mannford"
"OK","mannsville","Mannsville"
"OK","maramec","Maramec"
"OK","marble city","Marble City"
"OK","marietta","Marietta"
"OK","marland","Marland"
"OK","marlow","Marlow"
"OK","marshall","Marshall"
"OK","martha","Martha"
"OK","maud","Maud"
"OK","may","May"
"OK","maysville","Maysville"
"OK","mazie","Mazie"
"OK","mcalester","McAlester"
"OK","mcbride","McBride"
"OK","mccord","McCord"
"OK","mccurtain","McCurtain"
"OK","mcloud","McLoud"
"OK","mead","Mead"
"OK","medford","Medford"
"OK","medicine park","Medicine Park"
"OK","meeker","Meeker"
"OK","mehan","Mehan"
"OK","meno","Meno"
"OK","meridian","Meridian"
"OK","miami","Miami"
"OK","middleberg","Middleberg"
"OK","midwest city","Midwest City"
"OK","milburn","Milburn"
"OK","milfay","Milfay"
"OK","mill creek","Mill Creek"
"OK","millerton","Millerton"
"OK","minco","Minco"
"OK","moffett","Moffett"
"OK","monroe","Monroe"
"OK","moodys","Moodys"
"OK","moore","Moore"
"OK","mooreland","Mooreland"
"OK","morris","Morris"
"OK","morrison","Morrison"
"OK","mounds","Mounds"
"OK","mountain park","Mountain Park"
"OK","mountain view","Mountain View"
"OK","moyers","Moyers"
"OK","mulberry","Mulberry"
"OK","muldrow","Muldrow"
"OK","mule barn","Mule Barn"
"OK","mulhall","Mulhall"
"OK","murphy","Murphy"
"OK","muskogee","Muskogee"
"OK","mustang","Mustang"
"OK","mutual","Mutual"
"OK","narcissa","Narcissa"
"OK","nardin","Nardin"
"OK","nash","Nash"
"OK","nashoba","Nashoba"
"OK","nelagoney","Nelagoney"
"OK","nescatunga","Nescatunga"
"OK","new alluwe","New Alluwe"
"OK","new cordell","New Cordell"
"OK","new eucha","New Eucha"
"OK","new woodville","New Woodville"
"OK","newcastle","Newcastle"
"OK","newkirk","Newkirk"
"OK","nichols hills","Nichols Hills"
"OK","nicoma park","Nicoma Park"
"OK","nicut","Nicut"
"OK","ninnekah","Ninnekah"
"OK","noble","Noble"
"OK","norge","Norge"
"OK","norman","Norman"
"OK","north enid","North Enid"
"OK","north miami","North Miami"
"OK","norwood","Norwood"
"OK","notchietown","Notchietown"
"OK","nowata","Nowata"
"OK","oak grove","Oak Grove"
"OK","oak hill-piney","Oak Hill-Piney"
"OK","oakhurst","Oakhurst"
"OK","oakland","Oakland"
"OK","oaks","Oaks"
"OK","oakwood","Oakwood"
"OK","ochelata","Ochelata"
"OK","oilton","Oilton"
"OK","okarche","Okarche"
"OK","okay","Okay"
"OK","okeene","Okeene"
"OK","okemah","Okemah"
"OK","oklahoma city","Oklahoma City"
"OK","okmulgee","Okmulgee"
"OK","oktaha","Oktaha"
"OK","old eucha","Old Eucha"
"OK","old green","Old Green"
"OK","olive","Olive"
"OK","olustee","Olustee"
"OK","oologah","Oologah"
"OK","optima","Optima"
"OK","orlando","Orlando"
"OK","osage","Osage"
"OK","owasso","Owasso"
"OK","paden","Paden"
"OK","panama","Panama"
"OK","panola","Panola"
"OK","paoli","Paoli"
"OK","paradise hill","Paradise Hill"
"OK","park hill","Park Hill"
"OK","pauls valley","Pauls Valley"
"OK","pawhuska","Pawhuska"
"OK","pawnee","Pawnee"
"OK","peavine","Peavine"
"OK","peckham","Peckham"
"OK","peggs","Peggs"
"OK","pensacola","Pensacola"
"OK","peoria","Peoria"
"OK","perkins","Perkins"
"OK","perry","Perry"
"OK","pershing","Pershing"
"OK","pettit","Pettit"
"OK","phillips","Phillips"
"OK","pickett","Pickett"
"OK","piedmont","Piedmont"
"OK","pin oak acres","Pin Oak Acres"
"OK","piney","Piney"
"OK","pinhook corner","Pinhook Corner"
"OK","pink","Pink"
"OK","pittsburg","Pittsburg"
"OK","platter","Platter"
"OK","pocasset","Pocasset"
"OK","pocola","Pocola"
"OK","ponca city","Ponca City"
"OK","pond creek","Pond Creek"
"OK","pontotoc","Pontotoc"
"OK","porter","Porter"
"OK","porum","Porum"
"OK","poteau","Poteau"
"OK","prague","Prague"
"OK","preston","Preston"
"OK","proctor","Proctor"
"OK","prue","Prue"
"OK","pryor creek","Pryor Creek"
"OK","pump back","Pump Back"
"OK","pumpkin hollow","Pumpkin Hollow"
"OK","purcell","Purcell"
"OK","putnam","Putnam"
"OK","quapaw","Quapaw"
"OK","quay","Quay"
"OK","quinlan","Quinlan"
"OK","quinton","Quinton"
"OK","ralston","Ralston"
"OK","ramona","Ramona"
"OK","randlett","Randlett"
"OK","ratliff city","Ratliff City"
"OK","rattan","Rattan"
"OK","ravia","Ravia"
"OK","reagan","Reagan"
"OK","red oak","Red Oak"
"OK","red rock","Red Rock"
"OK","redbird","Redbird"
"OK","redbird smith","Redbird Smith"
"OK","remy","Remy"
"OK","renfrow","Renfrow"
"OK","rentiesville","Rentiesville"
"OK","reydon","Reydon"
"OK","ringling","Ringling"
"OK","ringwood","Ringwood"
"OK","ripley","Ripley"
"OK","river bottom","River Bottom"
"OK","rock island","Rock Island"
"OK","rocky","Rocky"
"OK","rocky ford","Rocky Ford"
"OK","rocky mountain","Rocky Mountain"
"OK","rocky point","Rocky Point"
"OK","roff","Roff"
"OK","roland","Roland"
"OK","roosevelt","Roosevelt"
"OK","rose","Rose"
"OK","rosedale","Rosedale"
"OK","rosston","Rosston"
"OK","rush springs","Rush Springs"
"OK","ryan","Ryan"
"OK","salina","Salina"
"OK","sallisaw","Sallisaw"
"OK","sams corner","Sams Corner"
"OK","sand hill","Sand Hill"
"OK","sand point","Sand Point"
"OK","sand springs","Sand Springs"
"OK","sapulpa","Sapulpa"
"OK","sasakwa","Sasakwa"
"OK","savanna","Savanna"
"OK","sawyer","Sawyer"
"OK","sayre","Sayre"
"OK","schulter","Schulter"
"OK","scipio","Scipio"
"OK","seiling","Seiling"
"OK","selman","Selman"
"OK","seminole","Seminole"
"OK","sentinel","Sentinel"
"OK","sequoyah","Sequoyah"
"OK","seward","Seward"
"OK","shady grove","Shady Grove"
"OK","shady point","Shady Point"
"OK","shamrock","Shamrock"
"OK","sharon","Sharon"
"OK","shattuck","Shattuck"
"OK","shawnee","Shawnee"
"OK","shidler","Shidler"
"OK","short","Short"
"OK","silo","Silo"
"OK","simms","Simms"
"OK","skedee","Skedee"
"OK","skiatook","Skiatook"
"OK","slaughterville","Slaughterville"
"OK","slick","Slick"
"OK","smith village","Smith Village"
"OK","smithville","Smithville"
"OK","snake creek","Snake Creek"
"OK","snyder","Snyder"
"OK","soper","Soper"
"OK","sour john","Sour John"
"OK","south coffeyville","South Coffeyville"
"OK","sparks","Sparks"
"OK","sparrowhawk","Sparrowhawk"
"OK","spaulding","Spaulding"
"OK","spavinaw","Spavinaw"
"OK","spencer","Spencer"
"OK","sperry","Sperry"
"OK","spiro","Spiro"
"OK","sportmans shores","Sportmans Shores"
"OK","sportsmen acres","Sportsmen Acres"
"OK","springer","Springer"
"OK","st. louis","St. Louis"
"OK","steely hollow","Steely Hollow"
"OK","sterling","Sterling"
"OK","stidham","Stidham"
"OK","stigler","Stigler"
"OK","stillwater","Stillwater"
"OK","stilwell","Stilwell"
"OK","stonewall","Stonewall"
"OK","stoney point","Stoney Point"
"OK","strang","Strang"
"OK","stratford","Stratford"
"OK","stringtown","Stringtown"
"OK","strong city","Strong City"
"OK","stroud","Stroud"
"OK","stuart","Stuart"
"OK","sugden","Sugden"
"OK","sulphur","Sulphur"
"OK","summit","Summit"
"OK","sumner","Sumner"
"OK","sunray","Sunray"
"OK","sweetwater","Sweetwater"
"OK","swink","Swink"
"OK","sycamore","Sycamore"
"OK","taft","Taft"
"OK","tagg flats","Tagg Flats"
"OK","tahlequah","Tahlequah"
"OK","talala","Talala"
"OK","talihina","Talihina"
"OK","taloga","Taloga"
"OK","tamaha","Tamaha"
"OK","tatums","Tatums"
"OK","taylor ferry","Taylor Ferry"
"OK","tecumseh","Tecumseh"
"OK","temple","Temple"
"OK","tenkiller","Tenkiller"
"OK","teresita","Teresita"
"OK","terlton","Terlton"
"OK","terral","Terral"
"OK","texanna","Texanna"
"OK","texhoma","Texhoma"
"OK","texola","Texola"
"OK","thackerville","Thackerville"
"OK","the village","The Village"
"OK","thomas","Thomas"
"OK","tiawah","Tiawah"
"OK","tipton","Tipton"
"OK","tishomingo","Tishomingo"
"OK","titanic","Titanic"
"OK","tonkawa","Tonkawa"
"OK","tonkawa tribal housing","Tonkawa Tribal Housing"
"OK","toppers","Toppers"
"OK","tribbey","Tribbey"
"OK","tryon","Tryon"
"OK","tullahassee","Tullahassee"
"OK","tulsa","Tulsa"
"OK","tupelo","Tupelo"
"OK","turley","Turley"
"OK","turpin","Turpin"
"OK","tushka","Tushka"
"OK","tuskahoma","Tuskahoma"
"OK","tuttle","Tuttle"
"OK","twin lakes","Twin Lakes"
"OK","twin oaks","Twin Oaks"
"OK","tyrone","Tyrone"
"OK","union city","Union City"
"OK","utica","Utica"
"OK","valley brook","Valley Brook"
"OK","valley park","Valley Park"
"OK","valliant","Valliant"
"OK","vanoss","Vanoss"
"OK","velma","Velma"
"OK","vera","Vera"
"OK","verden","Verden"
"OK","verdigris","Verdigris"
"OK","vernon","Vernon"
"OK","vian","Vian"
"OK","vici","Vici"
"OK","vinita","Vinita"
"OK","wagoner","Wagoner"
"OK","wainwright","Wainwright"
"OK","wakita","Wakita"
"OK","walters","Walters"
"OK","wanette","Wanette"
"OK","wann","Wann"
"OK","wapanucka","Wapanucka"
"OK","wardville","Wardville"
"OK","warner","Warner"
"OK","warr acres","Warr Acres"
"OK","warwick","Warwick"
"OK","washington","Washington"
"OK","washita","Washita"
"OK","watonga","Watonga"
"OK","watova","Watova"
"OK","watts","Watts"
"OK","wauhillau","Wauhillau"
"OK","waukomis","Waukomis"
"OK","waurika","Waurika"
"OK","wayne","Wayne"
"OK","waynoka","Waynoka"
"OK","weatherford","Weatherford"
"OK","webb city","Webb City"
"OK","webbers falls","Webbers Falls"
"OK","welch","Welch"
"OK","weleetka","Weleetka"
"OK","welling","Welling"
"OK","wellston","Wellston"
"OK","welty","Welty"
"OK","west peavine","West Peavine"
"OK","west siloam springs","West Siloam Springs"
"OK","westport","Westport"
"OK","westville","Westville"
"OK","wetumka","Wetumka"
"OK","wewoka","Wewoka"
"OK","whippoorwill","Whippoorwill"
"OK","white eagle","White Eagle"
"OK","white oak","White Oak"
"OK","white water","White Water"
"OK","whitefield","Whitefield"
"OK","whitehorn cove","Whitehorn Cove"
"OK","whitesboro","Whitesboro"
"OK","wickliffe","Wickliffe"
"OK","wilburton","Wilburton"
"OK","willow","Willow"
"OK","wilson","Wilson"
"OK","winchester","Winchester"
"OK","wister","Wister"
"OK","woodall","Woodall"
"OK","woodlawn park","Woodlawn Park"
"OK","woodward","Woodward"
"OK","wright city","Wright City"
"OK","wyandotte","Wyandotte"
"OK","wynnewood","Wynnewood"
"OK","wynona","Wynona"
"OK","yale","Yale"
"OK","yeager","Yeager"
"OK","yukon","Yukon"
"OK","zeb","Zeb"
"OK","zena","Zena"
"OK","zion","Zion"
"OR","adair village","Adair Village"
"OR","adams","Adams"
"OR","adrian","Adrian"
"OR","albany","Albany"
"OR","aloha","Aloha"
"OR","alpine","Alpine"
"OR","alsea","Alsea"
"OR","altamont","Altamont"
"OR","amity","Amity"
"OR","annex","Annex"
"OR","antelope","Antelope"
"OR","arlington","Arlington"
"OR","ashland","Ashland"
"OR","astoria","Astoria"
"OR","athena","Athena"
"OR","aumsville","Aumsville"
"OR","aurora","Aurora"
"OR","baker city","Baker City"
"OR","bandon","Bandon"
"OR","banks","Banks"
"OR","barlow","Barlow"
"OR","barnesdale","Barnesdale"
"OR","barview","Barview"
"OR","bay city","Bay City"
"OR","bayshore","Bayshore"
"OR","bayside gardens","Bayside Gardens"
"OR","beatty","Beatty"
"OR","beaver","Beaver"
"OR","beaver marsh","Beaver Marsh"
"OR","beavercreek","Beavercreek"
"OR","beaverton","Beaverton"
"OR","bellfountain","Bellfountain"
"OR","bend","Bend"
"OR","bethany","Bethany"
"OR","biggs junction","Biggs Junction"
"OR","black butte ranch","Black Butte Ranch"
"OR","blodgett","Blodgett"
"OR","bly","Bly"
"OR","boardman","Boardman"
"OR","bonanza","Bonanza"
"OR","boring","Boring"
"OR","brogan","Brogan"
"OR","brookings","Brookings"
"OR","brooks","Brooks"
"OR","brownsville","Brownsville"
"OR","bull mountain","Bull Mountain"
"OR","bunker hill","Bunker Hill"
"OR","burns","Burns"
"OR","butte falls","Butte Falls"
"OR","butteville","Butteville"
"OR","camp sherman","Camp Sherman"
"OR","canby","Canby"
"OR","cannon beach","Cannon Beach"
"OR","canyon city","Canyon City"
"OR","canyonville","Canyonville"
"OR","cape meares","Cape Meares"
"OR","carlton","Carlton"
"OR","cascade locks","Cascade Locks"
"OR","cascadia","Cascadia"
"OR","cave junction","Cave Junction"
"OR","cayuse","Cayuse"
"OR","cedar hills","Cedar Hills"
"OR","cedar mill","Cedar Mill"
"OR","central point","Central Point"
"OR","chemult","Chemult"
"OR","chenoweth","Chenoweth"
"OR","cherry grove","Cherry Grove"
"OR","cheshire","Cheshire"
"OR","chiloquin","Chiloquin"
"OR","clatskanie","Clatskanie"
"OR","cloverdale","Cloverdale"
"OR","coburg","Coburg"
"OR","columbia city","Columbia City"
"OR","condon","Condon"
"OR","coos bay","Coos Bay"
"OR","coquille","Coquille"
"OR","cornelius","Cornelius"
"OR","corvallis","Corvallis"
"OR","cottage grove","Cottage Grove"
"OR","cove","Cove"
"OR","crabtree","Crabtree"
"OR","crane","Crane"
"OR","crawfordsville","Crawfordsville"
"OR","crescent","Crescent"
"OR","crescent lake","Crescent Lake"
"OR","creswell","Creswell"
"OR","crooked river ranch","Crooked River Ranch"
"OR","culver","Culver"
"OR","dallas","Dallas"
"OR","damascus","Damascus"
"OR","days creek","Days Creek"
"OR","dayton","Dayton"
"OR","dayville","Dayville"
"OR","deer island","Deer Island"
"OR","depoe bay","Depoe Bay"
"OR","deschutes river woods","Deschutes River Woods"
"OR","detroit","Detroit"
"OR","dexter","Dexter"
"OR","dillard","Dillard"
"OR","dilley","Dilley"
"OR","donald","Donald"
"OR","drain","Drain"
"OR","dufur","Dufur"
"OR","dundee","Dundee"
"OR","dunes city","Dunes City"
"OR","dunthorpe","Dunthorpe"
"OR","durham","Durham"
"OR","eagle crest","Eagle Crest"
"OR","eagle point","Eagle Point"
"OR","echo","Echo"
"OR","elgin","Elgin"
"OR","elkton","Elkton"
"OR","elmira","Elmira"
"OR","enterprise","Enterprise"
"OR","eola","Eola"
"OR","estacada","Estacada"
"OR","eugene","Eugene"
"OR","fair oaks","Fair Oaks"
"OR","fairview","Fairview"
"OR","falcon heights","Falcon Heights"
"OR","falls city","Falls City"
"OR","florence","Florence"
"OR","foots creek","Foots Creek"
"OR","forest grove","Forest Grove"
"OR","fort hill","Fort Hill"
"OR","fort klamath","Fort Klamath"
"OR","fossil","Fossil"
"OR","four corners","Four Corners"
"OR","garden home-whitford","Garden Home-Whitford"
"OR","gardiner","Gardiner"
"OR","garibaldi","Garibaldi"
"OR","gaston","Gaston"
"OR","gates","Gates"
"OR","gearhart","Gearhart"
"OR","gervais","Gervais"
"OR","gilchrist","Gilchrist"
"OR","gladstone","Gladstone"
"OR","glasgow","Glasgow"
"OR","glendale","Glendale"
"OR","glide","Glide"
"OR","gold beach","Gold Beach"
"OR","gold hill","Gold Hill"
"OR","gopher flats","Gopher Flats"
"OR","government camp","Government Camp"
"OR","grand ronde","Grand Ronde"
"OR","granite","Granite"
"OR","grants pass","Grants Pass"
"OR","grass valley","Grass Valley"
"OR","green","Green"
"OR","green meadows","Green Meadows"
"OR","greenhorn","Greenhorn"
"OR","gresham","Gresham"
"OR","haines","Haines"
"OR","halfway","Halfway"
"OR","halsey","Halsey"
"OR","happy valley","Happy Valley"
"OR","harbor","Harbor"
"OR","harper","Harper"
"OR","harrisburg","Harrisburg"
"OR","hayesville","Hayesville"
"OR","hebo","Hebo"
"OR","heceta beach","Heceta Beach"
"OR","helix","Helix"
"OR","heppner","Heppner"
"OR","hermiston","Hermiston"
"OR","hillsboro","Hillsboro"
"OR","hines","Hines"
"OR","holley","Holley"
"OR","hood river","Hood River"
"OR","hubbard","Hubbard"
"OR","huntington","Huntington"
"OR","idanha","Idanha"
"OR","idaville","Idaville"
"OR","imbler","Imbler"
"OR","independence","Independence"
"OR","ione","Ione"
"OR","irrigon","Irrigon"
"OR","island city","Island City"
"OR","jacksonville","Jacksonville"
"OR","jasper","Jasper"
"OR","jeffers gardens","Jeffers Gardens"
"OR","jefferson","Jefferson"
"OR","jennings lodge","Jennings Lodge"
"OR","john day","John Day"
"OR","johnson city","Johnson City"
"OR","jordan valley","Jordan Valley"
"OR","joseph","Joseph"
"OR","junction city","Junction City"
"OR","juniper canyon","Juniper Canyon"
"OR","juntura","Juntura"
"OR","keizer","Keizer"
"OR","keno","Keno"
"OR","kerby","Kerby"
"OR","king city","King City"
"OR","kings valley","Kings Valley"
"OR","kirkpatrick","Kirkpatrick"
"OR","klamath falls","Klamath Falls"
"OR","knappa","Knappa"
"OR","la grande","La Grande"
"OR","la pine","La Pine"
"OR","labish village","Labish Village"
"OR","lacomb","Lacomb"
"OR","lafayette","Lafayette"
"OR","lake oswego","Lake Oswego"
"OR","lakeside","Lakeside"
"OR","lakeview","Lakeview"
"OR","langlois","Langlois"
"OR","lebanon","Lebanon"
"OR","lexington","Lexington"
"OR","lincoln beach","Lincoln Beach"
"OR","lincoln city","Lincoln City"
"OR","lonerock","Lonerock"
"OR","long creek","Long Creek"
"OR","lookingglass","Lookingglass"
"OR","lostine","Lostine"
"OR","lowell","Lowell"
"OR","lyons","Lyons"
"OR","madras","Madras"
"OR","malin","Malin"
"OR","manzanita","Manzanita"
"OR","mapleton","Mapleton"
"OR","marcola","Marcola"
"OR","marion","Marion"
"OR","marlene village","Marlene Village"
"OR","maupin","Maupin"
"OR","maywood park","Maywood Park"
"OR","mckay","McKay"
"OR","mcminnville","McMinnville"
"OR","meacham","Meacham"
"OR","medford","Medford"
"OR","mehama","Mehama"
"OR","melrose","Melrose"
"OR","merlin","Merlin"
"OR","merrill","Merrill"
"OR","metolius","Metolius"
"OR","metzger","Metzger"
"OR","mill city","Mill City"
"OR","millersburg","Millersburg"
"OR","milton-freewater","Milton-Freewater"
"OR","milwaukie","Milwaukie"
"OR","mission","Mission"
"OR","mitchell","Mitchell"
"OR","molalla","Molalla"
"OR","monmouth","Monmouth"
"OR","monroe","Monroe"
"OR","monument","Monument"
"OR","moro","Moro"
"OR","mosier","Mosier"
"OR","mount angel","Mount Angel"
"OR","mount hood","Mount Hood"
"OR","mount hood villages","Mount Hood Villages"
"OR","mount vernon","Mount Vernon"
"OR","mulino","Mulino"
"OR","myrtle creek","Myrtle Creek"
"OR","myrtle point","Myrtle Point"
"OR","neahkahnie","Neahkahnie"
"OR","nehalem","Nehalem"
"OR","neotsu","Neotsu"
"OR","nesika beach","Nesika Beach"
"OR","neskowin","Neskowin"
"OR","netarts","Netarts"
"OR","new hope","New Hope"
"OR","new pine creek","New Pine Creek"
"OR","newberg","Newberg"
"OR","newport","Newport"
"OR","north bend","North Bend"
"OR","north plains","North Plains"
"OR","north powder","North Powder"
"OR","nyssa","Nyssa"
"OR","oak grove","Oak Grove"
"OR","oak hills","Oak Hills"
"OR","oakland","Oakland"
"OR","oakridge","Oakridge"
"OR","oatfield","Oatfield"
"OR","o'brien","O'Brien"
"OR","oceanside","Oceanside"
"OR","ochoco west","Ochoco West"
"OR","odell","Odell"
"OR","ontario","Ontario"
"OR","oregon city","Oregon City"
"OR","oregon shores","Oregon Shores"
"OR","orient","Orient"
"OR","pacific city","Pacific City"
"OR","paisley","Paisley"
"OR","parkdale","Parkdale"
"OR","pendleton","Pendleton"
"OR","peoria","Peoria"
"OR","philomath","Philomath"
"OR","phoenix","Phoenix"
"OR","pilot rock","Pilot Rock"
"OR","pine grove","Pine Grove"
"OR","pine hollow","Pine Hollow"
"OR","pistol river","Pistol River"
"OR","pleasant valley","Pleasant Valley"
"OR","plush","Plush"
"OR","port orford","Port Orford"
"OR","portland","Portland"
"OR","powers","Powers"
"OR","prairie city","Prairie City"
"OR","prescott","Prescott"
"OR","prineville","Prineville"
"OR","prineville lake acres","Prineville Lake Acres"
"OR","pronghorn","Pronghorn"
"OR","prospect","Prospect"
"OR","rainier","Rainier"
"OR","raleigh hills","Raleigh Hills"
"OR","redmond","Redmond"
"OR","redwood","Redwood"
"OR","reedsport","Reedsport"
"OR","rhododendron","Rhododendron"
"OR","richland","Richland"
"OR","rickreall","Rickreall"
"OR","riddle","Riddle"
"OR","river point","River Point"
"OR","river road","River Road"
"OR","rivergrove","Rivergrove"
"OR","riverside","Riverside"
"OR","rockaway beach","Rockaway Beach"
"OR","rockcreek","Rockcreek"
"OR","rocky point","Rocky Point"
"OR","rogue river","Rogue River"
"OR","rose lodge","Rose Lodge"
"OR","roseburg","Roseburg"
"OR","roseburg north","Roseburg North"
"OR","rowena","Rowena"
"OR","ruch","Ruch"
"OR","rufus","Rufus"
"OR","running y ranch","Running Y Ranch"
"OR","salem","Salem"
"OR","san marine","San Marine"
"OR","sandy","Sandy"
"OR","santa clara","Santa Clara"
"OR","saunders lake","Saunders Lake"
"OR","scappoose","Scappoose"
"OR","scio","Scio"
"OR","scotts mills","Scotts Mills"
"OR","seaside","Seaside"
"OR","selma","Selma"
"OR","seneca","Seneca"
"OR","seventh mountain","Seventh Mountain"
"OR","shady cove","Shady Cove"
"OR","shaniko","Shaniko"
"OR","shedd","Shedd"
"OR","sheridan","Sheridan"
"OR","sherwood","Sherwood"
"OR","siletz","Siletz"
"OR","silver lake","Silver Lake"
"OR","silverton","Silverton"
"OR","sisters","Sisters"
"OR","sodaville","Sodaville"
"OR","south lebanon","South Lebanon"
"OR","sportsmans park","Sportsmans Park"
"OR","sprague river","Sprague River"
"OR","spray","Spray"
"OR","springfield","Springfield"
"OR","st. helens","St. Helens"
"OR","st. paul","St. Paul"
"OR","stafford","Stafford"
"OR","stanfield","Stanfield"
"OR","stayton","Stayton"
"OR","sublimity","Sublimity"
"OR","summerville","Summerville"
"OR","summit","Summit"
"OR","sumpter","Sumpter"
"OR","sunriver","Sunriver"
"OR","sutherlin","Sutherlin"
"OR","svensen","Svensen"
"OR","sweet home","Sweet Home"
"OR","takilma","Takilma"
"OR","talent","Talent"
"OR","tangent","Tangent"
"OR","terrebonne","Terrebonne"
"OR","tetherow","Tetherow"
"OR","the dalles","The Dalles"
"OR","three rivers","Three Rivers"
"OR","tigard","Tigard"
"OR","tillamook","Tillamook"
"OR","toledo","Toledo"
"OR","trail","Trail"
"OR","trent","Trent"
"OR","tri-city","Tri-City"
"OR","troutdale","Troutdale"
"OR","tualatin","Tualatin"
"OR","tumalo","Tumalo"
"OR","turner","Turner"
"OR","tutuilla","Tutuilla"
"OR","tygh valley","Tygh Valley"
"OR","ukiah","Ukiah"
"OR","umapine","Umapine"
"OR","umatilla","Umatilla"
"OR","union","Union"
"OR","unity","Unity"
"OR","vale","Vale"
"OR","veneta","Veneta"
"OR","vernonia","Vernonia"
"OR","waldport","Waldport"
"OR","wallowa","Wallowa"
"OR","wallowa lake","Wallowa Lake"
"OR","wamic","Wamic"
"OR","warm springs","Warm Springs"
"OR","warren","Warren"
"OR","warrenton","Warrenton"
"OR","wasco","Wasco"
"OR","waterloo","Waterloo"
"OR","wedderburn","Wedderburn"
"OR","west haven-sylvan","West Haven-Sylvan"
"OR","west linn","West Linn"
"OR","west scio","West Scio"
"OR","west slope","West Slope"
"OR","westfir","Westfir"
"OR","weston","Weston"
"OR","westport","Westport"
"OR","wheeler","Wheeler"
"OR","white city","White City"
"OR","willamina","Willamina"
"OR","williams","Williams"
"OR","wilsonville","Wilsonville"
"OR","wimer","Wimer"
"OR","winchester bay","Winchester Bay"
"OR","winston","Winston"
"OR","wood village","Wood Village"
"OR","woodburn","Woodburn"
"OR","yachats","Yachats"
"OR","yamhill","Yamhill"
"OR","yoncalla","Yoncalla"
"PA","aaronsburg","Aaronsburg"
"PA","abbottstown","Abbottstown"
"PA","ackermanville","Ackermanville"
"PA","acosta","Acosta"
"PA","adamsburg","Adamsburg"
"PA","adamstown","Adamstown"
"PA","adamsville","Adamsville"
"PA","addison","Addison"
"PA","akron","Akron"
"PA","alba","Alba"
"PA","albion","Albion"
"PA","albrightsville","Albrightsville"
"PA","alburtis","Alburtis"
"PA","aldan","Aldan"
"PA","alexandria","Alexandria"
"PA","alfarata","Alfarata"
"PA","aliquippa","Aliquippa"
"PA","alleghenyville","Alleghenyville"
"PA","allenport","Allenport"
"PA","allensville","Allensville"
"PA","allentown","Allentown"
"PA","allenwood","Allenwood"
"PA","allison","Allison"
"PA","allison park","Allison Park"
"PA","allport","Allport"
"PA","almedia","Almedia"
"PA","alsace manor","Alsace Manor"
"PA","altamont","Altamont"
"PA","altoona","Altoona"
"PA","alverda","Alverda"
"PA","ambler","Ambler"
"PA","ambridge","Ambridge"
"PA","ambridge heights","Ambridge Heights"
"PA","amity gardens","Amity Gardens"
"PA","ancient oaks","Ancient Oaks"
"PA","andalusia","Andalusia"
"PA","annville","Annville"
"PA","apollo","Apollo"
"PA","applewold","Applewold"
"PA","arcadia university","Arcadia University"
"PA","archbald","Archbald"
"PA","ardmore","Ardmore"
"PA","arendtsville","Arendtsville"
"PA","aristes","Aristes"
"PA","arlington heights","Arlington Heights"
"PA","armagh","Armagh"
"PA","arnold","Arnold"
"PA","arnold city","Arnold City"
"PA","arnot","Arnot"
"PA","arona","Arona"
"PA","ashland","Ashland"
"PA","ashley","Ashley"
"PA","ashville","Ashville"
"PA","aspers","Aspers"
"PA","aspinwall","Aspinwall"
"PA","atglen","Atglen"
"PA","athens","Athens"
"PA","atkinson mills","Atkinson Mills"
"PA","atlantic","Atlantic"
"PA","atlas","Atlas"
"PA","atlasburg","Atlasburg"
"PA","atwood","Atwood"
"PA","auburn","Auburn"
"PA","audubon","Audubon"
"PA","austin","Austin"
"PA","avalon","Avalon"
"PA","avella","Avella"
"PA","avis","Avis"
"PA","avoca","Avoca"
"PA","avon","Avon"
"PA","avondale","Avondale"
"PA","avonia","Avonia"
"PA","avonmore","Avonmore"
"PA","baden","Baden"
"PA","baidland","Baidland"
"PA","baileyville","Baileyville"
"PA","bainbridge","Bainbridge"
"PA","bairdford","Bairdford"
"PA","bakerstown","Bakerstown"
"PA","bala cynwyd","Bala Cynwyd"
"PA","bald eagle","Bald Eagle"
"PA","baldwin","Baldwin"
"PA","bally","Bally"
"PA","bangor","Bangor"
"PA","barkeyville","Barkeyville"
"PA","barrville","Barrville"
"PA","bath","Bath"
"PA","baumstown","Baumstown"
"PA","beallsville","Beallsville"
"PA","bear creek village","Bear Creek Village"
"PA","bear lake","Bear Lake"
"PA","bear rocks","Bear Rocks"
"PA","beaver","Beaver"
"PA","beaver falls","Beaver Falls"
"PA","beaver meadows","Beaver Meadows"
"PA","beaver springs","Beaver Springs"
"PA","beaverdale","Beaverdale"
"PA","beavertown","Beavertown"
"PA","bechtelsville","Bechtelsville"
"PA","bedford","Bedford"
"PA","beech creek","Beech Creek"
"PA","beech mountain lakes","Beech Mountain Lakes"
"PA","belfast","Belfast"
"PA","bell acres","Bell Acres"
"PA","belle vernon","Belle Vernon"
"PA","bellefonte","Bellefonte"
"PA","belleville","Belleville"
"PA","bellevue","Bellevue"
"PA","bellwood","Bellwood"
"PA","belmont","Belmont"
"PA","belsano","Belsano"
"PA","ben avon","Ben Avon"
"PA","ben avon heights","Ben Avon Heights"
"PA","bendersville","Bendersville"
"PA","benson","Benson"
"PA","bentleyville","Bentleyville"
"PA","benton","Benton"
"PA","berlin","Berlin"
"PA","bernville","Bernville"
"PA","berrysburg","Berrysburg"
"PA","berwick","Berwick"
"PA","berwyn","Berwyn"
"PA","bessemer","Bessemer"
"PA","bethany","Bethany"
"PA","bethel","Bethel"
"PA","bethel park","Bethel Park"
"PA","bethlehem","Bethlehem"
"PA","beurys lake","Beurys Lake"
"PA","big bass lake","Big Bass Lake"
"PA","big beaver","Big Beaver"
"PA","big run","Big Run"
"PA","bigler","Bigler"
"PA","biglerville","Biglerville"
"PA","birchwood lakes","Birchwood Lakes"
"PA","bird-in-hand","Bird-in-Hand"
"PA","birdsboro","Birdsboro"
"PA","birmingham","Birmingham"
"PA","black lick","Black Lick"
"PA","blain","Blain"
"PA","blain city","Blain City"
"PA","blaine hill","Blaine Hill"
"PA","blairsville","Blairsville"
"PA","blakely","Blakely"
"PA","blanchard","Blanchard"
"PA","blandburg","Blandburg"
"PA","blandon","Blandon"
"PA","blawnox","Blawnox"
"PA","bloomfield","Bloomfield"
"PA","blooming glen","Blooming Glen"
"PA","blooming valley","Blooming Valley"
"PA","bloomsburg","Bloomsburg"
"PA","blossburg","Blossburg"
"PA","blue ball","Blue Ball"
"PA","blue bell","Blue Bell"
"PA","blue knob","Blue Knob"
"PA","blue ridge summit","Blue Ridge Summit"
"PA","boalsburg","Boalsburg"
"PA","bobtown","Bobtown"
"PA","boiling springs","Boiling Springs"
"PA","bolivar","Bolivar"
"PA","bonneauville","Bonneauville"
"PA","boothwyn","Boothwyn"
"PA","boston","Boston"
"PA","boswell","Boswell"
"PA","bowers","Bowers"
"PA","bowmanstown","Bowmanstown"
"PA","bowmansville","Bowmansville"
"PA","boyers","Boyers"
"PA","boyertown","Boyertown"
"PA","brackenridge","Brackenridge"
"PA","braddock","Braddock"
"PA","braddock hills","Braddock Hills"
"PA","bradenville","Bradenville"
"PA","bradford","Bradford"
"PA","bradford woods","Bradford Woods"
"PA","branchdale","Branchdale"
"PA","brandonville","Brandonville"
"PA","brave","Brave"
"PA","breinigsville","Breinigsville"
"PA","brentwood","Brentwood"
"PA","bressler","Bressler"
"PA","briar creek","Briar Creek"
"PA","brickerville","Brickerville"
"PA","bridgeport","Bridgeport"
"PA","bridgeville","Bridgeville"
"PA","bridgewater","Bridgewater"
"PA","brisbin","Brisbin"
"PA","bristol","Bristol"
"PA","brittany farms-the highlands","Brittany Farms-The Highlands"
"PA","broad top city","Broad Top City"
"PA","brockton","Brockton"
"PA","brockway","Brockway"
"PA","brodheadsville","Brodheadsville"
"PA","brookhaven","Brookhaven"
"PA","brooks mill","Brooks Mill"
"PA","brookville","Brookville"
"PA","broomall","Broomall"
"PA","browndale","Browndale"
"PA","brownstown","Brownstown"
"PA","brownsville","Brownsville"
"PA","browntown","Browntown"
"PA","bruin","Bruin"
"PA","bryn athyn","Bryn Athyn"
"PA","bryn mawr","Bryn Mawr"
"PA","buck run","Buck Run"
"PA","buckhorn","Buckhorn"
"PA","buena vista","Buena Vista"
"PA","buffington","Buffington"
"PA","bulger","Bulger"
"PA","bunola","Bunola"
"PA","burgettstown","Burgettstown"
"PA","burlington","Burlington"
"PA","burnham","Burnham"
"PA","burnside","Burnside"
"PA","burnt cabins","Burnt Cabins"
"PA","butler","Butler"
"PA","byrnedale","Byrnedale"
"PA","cairnbrook","Cairnbrook"
"PA","california","California"
"PA","callensburg","Callensburg"
"PA","callery","Callery"
"PA","callimont","Callimont"
"PA","caln","Caln"
"PA","calumet","Calumet"
"PA","cambridge","Cambridge"
"PA","cambridge springs","Cambridge Springs"
"PA","camp hill","Camp Hill"
"PA","campbelltown","Campbelltown"
"PA","canadohta lake","Canadohta Lake"
"PA","canan station","Canan Station"
"PA","canoe creek","Canoe Creek"
"PA","canonsburg","Canonsburg"
"PA","canton","Canton"
"PA","carbondale","Carbondale"
"PA","carlisle","Carlisle"
"PA","carlisle barracks","Carlisle Barracks"
"PA","carmichaels","Carmichaels"
"PA","carnegie","Carnegie"
"PA","carnot-moon","Carnot-Moon"
"PA","carroll valley","Carroll Valley"
"PA","carrolltown","Carrolltown"
"PA","carson valley","Carson Valley"
"PA","casanova","Casanova"
"PA","cashtown","Cashtown"
"PA","cassandra","Cassandra"
"PA","casselman","Casselman"
"PA","cassville","Cassville"
"PA","castanea","Castanea"
"PA","castle shannon","Castle Shannon"
"PA","catasauqua","Catasauqua"
"PA","catawissa","Catawissa"
"PA","cecil-bishop","Cecil-Bishop"
"PA","cedar crest","Cedar Crest"
"PA","cementon","Cementon"
"PA","centerport","Centerport"
"PA","centerville","Centerville"
"PA","central city","Central City"
"PA","centralia","Centralia"
"PA","centre hall","Centre Hall"
"PA","cetronia","Cetronia"
"PA","chadds ford","Chadds Ford"
"PA","chalfant","Chalfant"
"PA","chalfont","Chalfont"
"PA","chalkhill","Chalkhill"
"PA","chambersburg","Chambersburg"
"PA","chapman","Chapman"
"PA","charleroi","Charleroi"
"PA","charlottsville","Charlottsville"
"PA","chase","Chase"
"PA","cheltenham village","Cheltenham Village"
"PA","cherry tree","Cherry Tree"
"PA","cherry valley","Cherry Valley"
"PA","cherryville","Cherryville"
"PA","chest springs","Chest Springs"
"PA","chester","Chester"
"PA","chester heights","Chester Heights"
"PA","chester hill","Chester Hill"
"PA","chesterbrook","Chesterbrook"
"PA","chestnut hill","Chestnut Hill"
"PA","cheswick","Cheswick"
"PA","chevy chase heights","Chevy Chase Heights"
"PA","chewton","Chewton"
"PA","cheyney university","Cheyney University"
"PA","chicora","Chicora"
"PA","chinchilla","Chinchilla"
"PA","christiana","Christiana"
"PA","church hill","Church Hill"
"PA","churchill","Churchill"
"PA","churchtown","Churchtown"
"PA","churchville","Churchville"
"PA","clairton","Clairton"
"PA","clappertown","Clappertown"
"PA","clarence","Clarence"
"PA","clarendon","Clarendon"
"PA","clarion","Clarion"
"PA","clark","Clark"
"PA","clarks green","Clarks Green"
"PA","clarks summit","Clarks Summit"
"PA","clarksville","Clarksville"
"PA","clay","Clay"
"PA","claysburg","Claysburg"
"PA","claysville","Claysville"
"PA","clearfield","Clearfield"
"PA","clearville","Clearville"
"PA","cleona","Cleona"
"PA","clifton heights","Clifton Heights"
"PA","clinton","Clinton"
"PA","clintondale","Clintondale"
"PA","clintonville","Clintonville"
"PA","clymer","Clymer"
"PA","coal center","Coal Center"
"PA","coaldale","Coaldale"
"PA","coalmont","Coalmont"
"PA","coalport","Coalport"
"PA","coatesville","Coatesville"
"PA","coburn","Coburn"
"PA","cochranton","Cochranton"
"PA","cochranville","Cochranville"
"PA","cokeburg","Cokeburg"
"PA","collegeville","Collegeville"
"PA","collingdale","Collingdale"
"PA","collinsburg","Collinsburg"
"PA","colonial park","Colonial Park"
"PA","colony park","Colony Park"
"PA","columbia","Columbia"
"PA","columbus","Columbus"
"PA","colver","Colver"
"PA","colwyn","Colwyn"
"PA","commodore","Commodore"
"PA","conashaugh lakes","Conashaugh Lakes"
"PA","conestoga","Conestoga"
"PA","confluence","Confluence"
"PA","conneaut lake","Conneaut Lake"
"PA","conneaut lakeshore","Conneaut Lakeshore"
"PA","conneautville","Conneautville"
"PA","connellsville","Connellsville"
"PA","connoquenessing","Connoquenessing"
"PA","conshohocken","Conshohocken"
"PA","continental courts","Continental Courts"
"PA","conway","Conway"
"PA","conyngham","Conyngham"
"PA","coopersburg","Coopersburg"
"PA","cooperstown","Cooperstown"
"PA","coplay","Coplay"
"PA","coral","Coral"
"PA","coraopolis","Coraopolis"
"PA","cornwall","Cornwall"
"PA","cornwells heights","Cornwells Heights"
"PA","corry","Corry"
"PA","corsica","Corsica"
"PA","cotton town","Cotton Town"
"PA","coudersport","Coudersport"
"PA","coulter","Coulter"
"PA","courtdale","Courtdale"
"PA","cove forge","Cove Forge"
"PA","crabtree","Crabtree"
"PA","crafton","Crafton"
"PA","cranesville","Cranesville"
"PA","creekside","Creekside"
"PA","crenshaw","Crenshaw"
"PA","cresson","Cresson"
"PA","cressona","Cressona"
"PA","cross creek","Cross Creek"
"PA","cross keys","Cross Keys"
"PA","cross roads","Cross Roads"
"PA","crown","Crown"
"PA","croydon","Croydon"
"PA","crucible","Crucible"
"PA","culp","Culp"
"PA","cumbola","Cumbola"
"PA","curryville","Curryville"
"PA","curtisville","Curtisville"
"PA","curwensville","Curwensville"
"PA","daisytown","Daisytown"
"PA","dale","Dale"
"PA","dallas","Dallas"
"PA","dallastown","Dallastown"
"PA","dalmatia","Dalmatia"
"PA","dalton","Dalton"
"PA","danville","Danville"
"PA","darby","Darby"
"PA","darlington","Darlington"
"PA","dauberville","Dauberville"
"PA","dauphin","Dauphin"
"PA","davidsville","Davidsville"
"PA","dawson","Dawson"
"PA","dayton","Dayton"
"PA","deemston","Deemston"
"PA","deer lake","Deer Lake"
"PA","defiance","Defiance"
"PA","delano","Delano"
"PA","delaware water gap","Delaware Water Gap"
"PA","delmont","Delmont"
"PA","delta","Delta"
"PA","denver","Denver"
"PA","derry","Derry"
"PA","desales university","DeSales University"
"PA","devon","Devon"
"PA","dewart","Dewart"
"PA","dickson city","Dickson City"
"PA","dillsburg","Dillsburg"
"PA","dilworthtown","Dilworthtown"
"PA","distant","Distant"
"PA","dixonville","Dixonville"
"PA","donaldson","Donaldson"
"PA","donegal","Donegal"
"PA","donora","Donora"
"PA","dormont","Dormont"
"PA","dorneyville","Dorneyville"
"PA","dorseyville","Dorseyville"
"PA","douglassville","Douglassville"
"PA","dover","Dover"
"PA","downingtown","Downingtown"
"PA","doylestown","Doylestown"
"PA","dravosburg","Dravosburg"
"PA","drexel hill","Drexel Hill"
"PA","drifting","Drifting"
"PA","driftwood","Driftwood"
"PA","dry tavern","Dry Tavern"
"PA","dryville","Dryville"
"PA","dublin","Dublin"
"PA","dubois","DuBois"
"PA","duboistown","Duboistown"
"PA","dudley","Dudley"
"PA","dumb hundred","Dumb Hundred"
"PA","dunbar","Dunbar"
"PA","duncannon","Duncannon"
"PA","duncansville","Duncansville"
"PA","dunlevy","Dunlevy"
"PA","dunlo","Dunlo"
"PA","dunmore","Dunmore"
"PA","dunnstown","Dunnstown"
"PA","dupont","Dupont"
"PA","duquesne","Duquesne"
"PA","duryea","Duryea"
"PA","dushore","Dushore"
"PA","eagle","Eagle"
"PA","eagle creek","Eagle Creek"
"PA","eagle lake","Eagle Lake"
"PA","eagles mere","Eagles Mere"
"PA","eagleview","Eagleview"
"PA","eagleville","Eagleville"
"PA","earlston","Earlston"
"PA","east altoona","East Altoona"
"PA","east bangor","East Bangor"
"PA","east berlin","East Berlin"
"PA","east berwick","East Berwick"
"PA","east brady","East Brady"
"PA","east butler","East Butler"
"PA","east conemaugh","East Conemaugh"
"PA","east earl","East Earl"
"PA","east freedom","East Freedom"
"PA","east greenville","East Greenville"
"PA","east lansdowne","East Lansdowne"
"PA","east marianna","East Marianna"
"PA","east mckeesport","East McKeesport"
"PA","east petersburg","East Petersburg"
"PA","east pittsburgh","East Pittsburgh"
"PA","east prospect","East Prospect"
"PA","east rochester","East Rochester"
"PA","east salem","East Salem"
"PA","east sharpsburg","East Sharpsburg"
"PA","east side","East Side"
"PA","east smithfield","East Smithfield"
"PA","east stroudsburg","East Stroudsburg"
"PA","east uniontown","East Uniontown"
"PA","east vandergrift","East Vandergrift"
"PA","east washington","East Washington"
"PA","east waterford","East Waterford"
"PA","east york","East York"
"PA","eastlawn gardens","Eastlawn Gardens"
"PA","easton","Easton"
"PA","eastvale","Eastvale"
"PA","eau claire","Eau Claire"
"PA","ebensburg","Ebensburg"
"PA","economy","Economy"
"PA","eddington","Eddington"
"PA","eddystone","Eddystone"
"PA","edenborn","Edenborn"
"PA","edenburg","Edenburg"
"PA","edgewood","Edgewood"
"PA","edgeworth","Edgeworth"
"PA","edie","Edie"
"PA","edinboro","Edinboro"
"PA","edinburg","Edinburg"
"PA","edwardsville","Edwardsville"
"PA","effort","Effort"
"PA","egypt","Egypt"
"PA","ehrenfeld","Ehrenfeld"
"PA","eighty four","Eighty Four"
"PA","elberta","Elberta"
"PA","elco","Elco"
"PA","elderton","Elderton"
"PA","eldorado","Eldorado"
"PA","eldred","Eldred"
"PA","elgin","Elgin"
"PA","elim","Elim"
"PA","elizabeth","Elizabeth"
"PA","elizabethtown","Elizabethtown"
"PA","elizabethville","Elizabethville"
"PA","elk grove","Elk Grove"
"PA","elkins park","Elkins Park"
"PA","elkland","Elkland"
"PA","ellport","Ellport"
"PA","ellsworth","Ellsworth"
"PA","ellwood city","Ellwood City"
"PA","elmora","Elmora"
"PA","elrama","Elrama"
"PA","elverson","Elverson"
"PA","elysburg","Elysburg"
"PA","emeigh","Emeigh"
"PA","emerald lakes","Emerald Lakes"
"PA","emigsville","Emigsville"
"PA","emlenton","Emlenton"
"PA","emmaus","Emmaus"
"PA","emporium","Emporium"
"PA","emsworth","Emsworth"
"PA","englewood","Englewood"
"PA","enhaut","Enhaut"
"PA","enlow","Enlow"
"PA","enola","Enola"
"PA","enon valley","Enon Valley"
"PA","ephrata","Ephrata"
"PA","erie","Erie"
"PA","ernest","Ernest"
"PA","espy","Espy"
"PA","etna","Etna"
"PA","evans city","Evans City"
"PA","evansburg","Evansburg"
"PA","everett","Everett"
"PA","everson","Everson"
"PA","exeter","Exeter"
"PA","export","Export"
"PA","exton","Exton"
"PA","eyers grove","Eyers Grove"
"PA","factoryville","Factoryville"
"PA","fairchance","Fairchance"
"PA","fairdale","Fairdale"
"PA","fairfield","Fairfield"
"PA","fairhope","Fairhope"
"PA","fairless hills","Fairless Hills"
"PA","fairview","Fairview"
"PA","fairview-ferndale","Fairview-Ferndale"
"PA","falls creek","Falls Creek"
"PA","fallston","Fallston"
"PA","falmouth","Falmouth"
"PA","farmersville","Farmersville"
"PA","farmington","Farmington"
"PA","farrell","Farrell"
"PA","farwell","Farwell"
"PA","fawn grove","Fawn Grove"
"PA","fawn lake forest","Fawn Lake Forest"
"PA","faxon","Faxon"
"PA","fayette city","Fayette City"
"PA","fayetteville","Fayetteville"
"PA","feasterville","Feasterville"
"PA","fellsburg","Fellsburg"
"PA","felton","Felton"
"PA","fenelton","Fenelton"
"PA","ferndale","Ferndale"
"PA","fernville","Fernville"
"PA","finleyville","Finleyville"
"PA","fisherville","Fisherville"
"PA","fivepointville","Fivepointville"
"PA","fleetwood","Fleetwood"
"PA","flemington","Flemington"
"PA","flinton","Flinton"
"PA","flourtown","Flourtown"
"PA","flying hills","Flying Hills"
"PA","folcroft","Folcroft"
"PA","folsom","Folsom"
"PA","foot of ten","Foot of Ten"
"PA","force","Force"
"PA","ford city","Ford City"
"PA","ford cliff","Ford Cliff"
"PA","forest city","Forest City"
"PA","forest hills","Forest Hills"
"PA","forest lake","Forest Lake"
"PA","forestville","Forestville"
"PA","forksville","Forksville"
"PA","fort fetter","Fort Fetter"
"PA","fort indiantown gap","Fort Indiantown Gap"
"PA","fort loudon","Fort Loudon"
"PA","fort washington","Fort Washington"
"PA","forty fort","Forty Fort"
"PA","foster brook","Foster Brook"
"PA","fostoria","Fostoria"
"PA","foundryville","Foundryville"
"PA","fountain hill","Fountain Hill"
"PA","fountain springs","Fountain Springs"
"PA","fox chapel","Fox Chapel"
"PA","fox chase","Fox Chase"
"PA","foxburg","Foxburg"
"PA","frackville","Frackville"
"PA","frankfort springs","Frankfort Springs"
"PA","franklin","Franklin"
"PA","franklin forge","Franklin Forge"
"PA","franklin park","Franklin Park"
"PA","franklintown","Franklintown"
"PA","frankstown","Frankstown"
"PA","frazer","Frazer"
"PA","fredericksburg","Fredericksburg"
"PA","fredericktown","Fredericktown"
"PA","fredonia","Fredonia"
"PA","freeburg","Freeburg"
"PA","freedom","Freedom"
"PA","freeland","Freeland"
"PA","freemansburg","Freemansburg"
"PA","freeport","Freeport"
"PA","frenchville","Frenchville"
"PA","friedens","Friedens"
"PA","friedensburg","Friedensburg"
"PA","friendsville","Friendsville"
"PA","friesville","Friesville"
"PA","frisco","Frisco"
"PA","frizzleburg","Frizzleburg"
"PA","frystown","Frystown"
"PA","fullerton","Fullerton"
"PA","galeton","Galeton"
"PA","gallitzin","Gallitzin"
"PA","ganister","Ganister"
"PA","gap","Gap"
"PA","garden view","Garden View"
"PA","gardners","Gardners"
"PA","garrett","Garrett"
"PA","gastonville","Gastonville"
"PA","geeseytown","Geeseytown"
"PA","geistown","Geistown"
"PA","genesee","Genesee"
"PA","geneva","Geneva"
"PA","georgetown","Georgetown"
"PA","gettysburg","Gettysburg"
"PA","gibraltar","Gibraltar"
"PA","gibsonia","Gibsonia"
"PA","gilberton","Gilberton"
"PA","gilbertsville","Gilbertsville"
"PA","girard","Girard"
"PA","girardville","Girardville"
"PA","glasgow","Glasgow"
"PA","glassport","Glassport"
"PA","glen campbell","Glen Campbell"
"PA","glen hope","Glen Hope"
"PA","glen lyon","Glen Lyon"
"PA","glen osborne","Glen Osborne"
"PA","glen richey","Glen Richey"
"PA","glen rock","Glen Rock"
"PA","glenburn","Glenburn"
"PA","glendale","Glendale"
"PA","glendon","Glendon"
"PA","glenfield","Glenfield"
"PA","glenmoore","Glenmoore"
"PA","glenolden","Glenolden"
"PA","glenshaw","Glenshaw"
"PA","glenside","Glenside"
"PA","gold key lake","Gold Key Lake"
"PA","goldsboro","Goldsboro"
"PA","goodville","Goodville"
"PA","gordon","Gordon"
"PA","gordonville","Gordonville"
"PA","gouglersville","Gouglersville"
"PA","gouldsboro","Gouldsboro"
"PA","graceton","Graceton"
"PA","grampian","Grampian"
"PA","grantley","Grantley"
"PA","granville","Granville"
"PA","grapeville","Grapeville"
"PA","grassflat","Grassflat"
"PA","gratz","Gratz"
"PA","gray","Gray"
"PA","grazierville","Grazierville"
"PA","great bend","Great Bend"
"PA","green hills","Green Hills"
"PA","green lane","Green Lane"
"PA","green tree","Green Tree"
"PA","greencastle","Greencastle"
"PA","greenfields","Greenfields"
"PA","greenock","Greenock"
"PA","greens landing","Greens Landing"
"PA","greensboro","Greensboro"
"PA","greensburg","Greensburg"
"PA","greenville","Greenville"
"PA","greenwood","Greenwood"
"PA","grier city","Grier City"
"PA","grill","Grill"
"PA","grindstone","Grindstone"
"PA","grove city","Grove City"
"PA","guilford","Guilford"
"PA","guys mills","Guys Mills"
"PA","halfway house","Halfway House"
"PA","halifax","Halifax"
"PA","hallam","Hallam"
"PA","hallstead","Hallstead"
"PA","hamburg","Hamburg"
"PA","hamorton","Hamorton"
"PA","hampton","Hampton"
"PA","hannasville","Hannasville"
"PA","hanover","Hanover"
"PA","harford","Harford"
"PA","harlansburg","Harlansburg"
"PA","harleigh","Harleigh"
"PA","harleysville","Harleysville"
"PA","harmonsburg","Harmonsburg"
"PA","harmony","Harmony"
"PA","harrisburg","Harrisburg"
"PA","harrison city","Harrison City"
"PA","harrisville","Harrisville"
"PA","hartleton","Hartleton"
"PA","hartstown","Hartstown"
"PA","harveys lake","Harveys Lake"
"PA","harwick","Harwick"
"PA","hasson heights","Hasson Heights"
"PA","hastings","Hastings"
"PA","hatboro","Hatboro"
"PA","hatfield","Hatfield"
"PA","haverford college","Haverford College"
"PA","hawk run","Hawk Run"
"PA","hawley","Hawley"
"PA","hawthorn","Hawthorn"
"PA","haysville","Haysville"
"PA","hayti","Hayti"
"PA","hazen","Hazen"
"PA","hazleton","Hazleton"
"PA","hebron","Hebron"
"PA","heckscherville","Heckscherville"
"PA","hegins","Hegins"
"PA","heidelberg","Heidelberg"
"PA","heidlersburg","Heidlersburg"
"PA","heilwood","Heilwood"
"PA","hellertown","Hellertown"
"PA","hemlock farms","Hemlock Farms"
"PA","hendersonville","Hendersonville"
"PA","henrietta","Henrietta"
"PA","hereford","Hereford"
"PA","herminie","Herminie"
"PA","hermitage","Hermitage"
"PA","herndon","Herndon"
"PA","hershey","Hershey"
"PA","hickory","Hickory"
"PA","hickory hills","Hickory Hills"
"PA","highland park","Highland Park"
"PA","highspire","Highspire"
"PA","hilldale","Hilldale"
"PA","hiller","Hiller"
"PA","hillsville","Hillsville"
"PA","hinkletown","Hinkletown"
"PA","hokendauqua","Hokendauqua"
"PA","holiday pocono","Holiday Pocono"
"PA","hollidaysburg","Hollidaysburg"
"PA","holters crossing","Holters Crossing"
"PA","homeacre-lyndora","Homeacre-Lyndora"
"PA","homer city","Homer City"
"PA","homestead","Homestead"
"PA","hometown","Hometown"
"PA","homewood","Homewood"
"PA","homewood at martinsburg","Homewood at Martinsburg"
"PA","honesdale","Honesdale"
"PA","honey brook","Honey Brook"
"PA","hookstown","Hookstown"
"PA","hooversville","Hooversville"
"PA","hop bottom","Hop Bottom"
"PA","hopeland","Hopeland"
"PA","hopewell","Hopewell"
"PA","hopwood","Hopwood"
"PA","horsham","Horsham"
"PA","hostetter","Hostetter"
"PA","houserville","Houserville"
"PA","houston","Houston"
"PA","houtzdale","Houtzdale"
"PA","howard","Howard"
"PA","hublersburg","Hublersburg"
"PA","hudson","Hudson"
"PA","hughestown","Hughestown"
"PA","hughesville","Hughesville"
"PA","hulmeville","Hulmeville"
"PA","hummels wharf","Hummels Wharf"
"PA","hummelstown","Hummelstown"
"PA","hunker","Hunker"
"PA","hunterstown","Hunterstown"
"PA","huntingdon","Huntingdon"
"PA","hustontown","Hustontown"
"PA","hyde","Hyde"
"PA","hyde park","Hyde Park"
"PA","hydetown","Hydetown"
"PA","hyndman","Hyndman"
"PA","hyner","Hyner"
"PA","ickesburg","Ickesburg"
"PA","idaville","Idaville"
"PA","imperial","Imperial"
"PA","indian lake","Indian Lake"
"PA","indian mountain lake","Indian Mountain Lake"
"PA","indian rocks","Indian Rocks"
"PA","indiana","Indiana"
"PA","industry","Industry"
"PA","ingram","Ingram"
"PA","inkerman","Inkerman"
"PA","intercourse","Intercourse"
"PA","iola","Iola"
"PA","ironville","Ironville"
"PA","irvona","Irvona"
"PA","irwin","Irwin"
"PA","ivyland","Ivyland"
"PA","jackson center","Jackson Center"
"PA","jacksonville","Jacksonville"
"PA","jacksonwald","Jacksonwald"
"PA","jacobus","Jacobus"
"PA","james city","James City"
"PA","jamestown","Jamestown"
"PA","jamison city","Jamison City"
"PA","jeannette","Jeannette"
"PA","jeddo","Jeddo"
"PA","jefferson","Jefferson"
"PA","jefferson hills","Jefferson Hills"
"PA","jenkintown","Jenkintown"
"PA","jennerstown","Jennerstown"
"PA","jermyn","Jermyn"
"PA","jerome","Jerome"
"PA","jersey shore","Jersey Shore"
"PA","jerseytown","Jerseytown"
"PA","jessup","Jessup"
"PA","jim thorpe","Jim Thorpe"
"PA","joffre","Joffre"
"PA","johnsonburg","Johnsonburg"
"PA","johnstown","Johnstown"
"PA","jonestown","Jonestown"
"PA","jugtown","Jugtown"
"PA","julian","Julian"
"PA","juniata gap","Juniata Gap"
"PA","juniata terrace","Juniata Terrace"
"PA","kane","Kane"
"PA","kapp heights","Kapp Heights"
"PA","karns city","Karns City"
"PA","karthaus","Karthaus"
"PA","kelayres","Kelayres"
"PA","kempton","Kempton"
"PA","kenhorst","Kenhorst"
"PA","kenilworth","Kenilworth"
"PA","kenmar","Kenmar"
"PA","kennerdell","Kennerdell"
"PA","kennett square","Kennett Square"
"PA","kerrtown","Kerrtown"
"PA","kersey","Kersey"
"PA","kimberton","Kimberton"
"PA","king of prussia","King of Prussia"
"PA","kingston","Kingston"
"PA","kirkwood","Kirkwood"
"PA","kiskimere","Kiskimere"
"PA","kistler","Kistler"
"PA","kittanning","Kittanning"
"PA","klahr","Klahr"
"PA","klingerstown","Klingerstown"
"PA","knox","Knox"
"PA","knoxville","Knoxville"
"PA","koppel","Koppel"
"PA","kratzerville","Kratzerville"
"PA","kreamer","Kreamer"
"PA","kulpmont","Kulpmont"
"PA","kulpsville","Kulpsville"
"PA","kutztown","Kutztown"
"PA","kutztown university","Kutztown University"
"PA","kylertown","Kylertown"
"PA","laboratory","Laboratory"
"PA","laceyville","Laceyville"
"PA","laflin","Laflin"
"PA","lake arthur estates","Lake Arthur Estates"
"PA","lake city","Lake City"
"PA","lake heritage","Lake Heritage"
"PA","lake latonka","Lake Latonka"
"PA","lake meade","Lake Meade"
"PA","lake wallenpaupack estates","Lake Wallenpaupack Estates"
"PA","lake winola","Lake Winola"
"PA","lake wynonah","Lake Wynonah"
"PA","lakemont","Lakemont"
"PA","lakeside","Lakeside"
"PA","lamar","Lamar"
"PA","lampeter","Lampeter"
"PA","lancaster","Lancaster"
"PA","landingville","Landingville"
"PA","landisburg","Landisburg"
"PA","landisville","Landisville"
"PA","lanesboro","Lanesboro"
"PA","langeloth","Langeloth"
"PA","langhorne","Langhorne"
"PA","langhorne manor","Langhorne Manor"
"PA","lansdale","Lansdale"
"PA","lansdowne","Lansdowne"
"PA","lanse","Lanse"
"PA","lansford","Lansford"
"PA","laporte","Laporte"
"PA","larke","Larke"
"PA","larksville","Larksville"
"PA","latrobe","Latrobe"
"PA","lattimer","Lattimer"
"PA","laurel lake","Laurel Lake"
"PA","laurel mountain","Laurel Mountain"
"PA","laurel run","Laurel Run"
"PA","laureldale","Laureldale"
"PA","laurelton","Laurelton"
"PA","laurys station","Laurys Station"
"PA","lavelle","Lavelle"
"PA","lawnton","Lawnton"
"PA","lawrence","Lawrence"
"PA","lawrence park","Lawrence Park"
"PA","lawrenceville","Lawrenceville"
"PA","lawson heights","Lawson Heights"
"PA","leamersville","Leamersville"
"PA","lebanon","Lebanon"
"PA","lebanon south","Lebanon South"
"PA","leechburg","Leechburg"
"PA","leeper","Leeper"
"PA","leesport","Leesport"
"PA","leetsdale","Leetsdale"
"PA","lehighton","Lehighton"
"PA","leith-hatfield","Leith-Hatfield"
"PA","lemont","Lemont"
"PA","lemont furnace","Lemont Furnace"
"PA","lemoyne","Lemoyne"
"PA","lenape heights","Lenape Heights"
"PA","lenhartsville","Lenhartsville"
"PA","lenkerville","Lenkerville"
"PA","leola","Leola"
"PA","leraysville","LeRaysville"
"PA","level green","Level Green"
"PA","levittown","Levittown"
"PA","lewis run","Lewis Run"
"PA","lewisberry","Lewisberry"
"PA","lewisburg","Lewisburg"
"PA","lewistown","Lewistown"
"PA","liberty","Liberty"
"PA","lightstreet","Lightstreet"
"PA","ligonier","Ligonier"
"PA","lilly","Lilly"
"PA","lima","Lima"
"PA","lime ridge","Lime Ridge"
"PA","lincoln","Lincoln"
"PA","lincoln park","Lincoln Park"
"PA","lincoln university","Lincoln University"
"PA","lincolnville","Lincolnville"
"PA","linds crossing","Linds Crossing"
"PA","linesville","Linesville"
"PA","linglestown","Linglestown"
"PA","linntown","Linntown"
"PA","linwood","Linwood"
"PA","lionville","Lionville"
"PA","lititz","Lititz"
"PA","little britain","Little Britain"
"PA","little meadows","Little Meadows"
"PA","littlestown","Littlestown"
"PA","liverpool","Liverpool"
"PA","llewellyn","Llewellyn"
"PA","lock haven","Lock Haven"
"PA","locust gap","Locust Gap"
"PA","locustdale","Locustdale"
"PA","loganton","Loganton"
"PA","loganville","Loganville"
"PA","long branch","Long Branch"
"PA","longfellow","Longfellow"
"PA","loop","Loop"
"PA","lorain","Lorain"
"PA","lorane","Lorane"
"PA","loretto","Loretto"
"PA","lower allen","Lower Allen"
"PA","lower burrell","Lower Burrell"
"PA","loyalhanna","Loyalhanna"
"PA","loysville","Loysville"
"PA","lucerne mines","Lucerne Mines"
"PA","lumber city","Lumber City"
"PA","luthersburg","Luthersburg"
"PA","luzerne","Luzerne"
"PA","lykens","Lykens"
"PA","lynnwood-pricedale","Lynnwood-Pricedale"
"PA","lyons","Lyons"
"PA","mackeyville","Mackeyville"
"PA","macungie","Macungie"
"PA","madera","Madera"
"PA","madison","Madison"
"PA","madisonburg","Madisonburg"
"PA","mahaffey","Mahaffey"
"PA","mahanoy city","Mahanoy City"
"PA","mainesburg","Mainesburg"
"PA","mainville","Mainville"
"PA","maitland","Maitland"
"PA","malvern","Malvern"
"PA","mammoth","Mammoth"
"PA","manchester","Manchester"
"PA","manheim","Manheim"
"PA","manns choice","Manns Choice"
"PA","manor","Manor"
"PA","manorville","Manorville"
"PA","mansfield","Mansfield"
"PA","maple glen","Maple Glen"
"PA","mapleton","Mapleton"
"PA","mapletown","Mapletown"
"PA","marcus hook","Marcus Hook"
"PA","marianna","Marianna"
"PA","marianne","Marianne"
"PA","marienville","Marienville"
"PA","marietta","Marietta"
"PA","marion","Marion"
"PA","marion center","Marion Center"
"PA","marion heights","Marion Heights"
"PA","marklesburg","Marklesburg"
"PA","markleysburg","Markleysburg"
"PA","marlin","Marlin"
"PA","mars","Mars"
"PA","marshallton","Marshallton"
"PA","martins creek","Martins Creek"
"PA","martinsburg","Martinsburg"
"PA","martinsburg junction","Martinsburg Junction"
"PA","maryd","Maryd"
"PA","marysville","Marysville"
"PA","masontown","Masontown"
"PA","masthope","Masthope"
"PA","matamoras","Matamoras"
"PA","mather","Mather"
"PA","mattawana","Mattawana"
"PA","maxatawny","Maxatawny"
"PA","mayfield","Mayfield"
"PA","maytown","Maytown"
"PA","mcadoo","McAdoo"
"PA","mcalisterville","McAlisterville"
"PA","mcclure","McClure"
"PA","mcconnellsburg","McConnellsburg"
"PA","mcconnellstown","McConnellstown"
"PA","mcdonald","McDonald"
"PA","mcelhattan","McElhattan"
"PA","mcewensville","McEwensville"
"PA","mcgovern","McGovern"
"PA","mckean","McKean"
"PA","mckeansburg","McKeansburg"
"PA","mckee","McKee"
"PA","mckees rocks","McKees Rocks"
"PA","mckeesport","McKeesport"
"PA","mckinley","McKinley"
"PA","mcknightstown","McKnightstown"
"PA","mcmurray","McMurray"
"PA","mcsherrystown","McSherrystown"
"PA","mcveytown","McVeytown"
"PA","meadowlands","Meadowlands"
"PA","meadowood","Meadowood"
"PA","meadville","Meadville"
"PA","mechanicsburg","Mechanicsburg"
"PA","mechanicsville","Mechanicsville"
"PA","media","Media"
"PA","mehoopany","Mehoopany"
"PA","melrose park","Melrose Park"
"PA","mercer","Mercer"
"PA","mercersburg","Mercersburg"
"PA","meridian","Meridian"
"PA","merion station","Merion Station"
"PA","mertztown","Mertztown"
"PA","meshoppen","Meshoppen"
"PA","messiah college","Messiah College"
"PA","mexico","Mexico"
"PA","meyersdale","Meyersdale"
"PA","middleburg","Middleburg"
"PA","middleport","Middleport"
"PA","middletown","Middletown"
"PA","midland","Midland"
"PA","midway","Midway"
"PA","mifflin","Mifflin"
"PA","mifflinburg","Mifflinburg"
"PA","mifflintown","Mifflintown"
"PA","mifflinville","Mifflinville"
"PA","mildred","Mildred"
"PA","milesburg","Milesburg"
"PA","milford","Milford"
"PA","milford square","Milford Square"
"PA","mill creek","Mill Creek"
"PA","mill hall","Mill Hall"
"PA","mill run","Mill Run"
"PA","mill village","Mill Village"
"PA","millbourne","Millbourne"
"PA","millersburg","Millersburg"
"PA","millerstown","Millerstown"
"PA","millersville","Millersville"
"PA","millerton","Millerton"
"PA","millheim","Millheim"
"PA","millsboro","Millsboro"
"PA","millvale","Millvale"
"PA","millville","Millville"
"PA","millwood","Millwood"
"PA","milroy","Milroy"
"PA","milton","Milton"
"PA","mineral springs","Mineral Springs"
"PA","minersville","Minersville"
"PA","mingoville","Mingoville"
"PA","misericordia university","Misericordia University"
"PA","mocanaqua","Mocanaqua"
"PA","modena","Modena"
"PA","mohnton","Mohnton"
"PA","mohrsville","Mohrsville"
"PA","monaca","Monaca"
"PA","monessen","Monessen"
"PA","monongahela","Monongahela"
"PA","monroe","Monroe"
"PA","monroeville","Monroeville"
"PA","mont alto","Mont Alto"
"PA","mont clare","Mont Clare"
"PA","montandon","Montandon"
"PA","montgomery","Montgomery"
"PA","montgomeryville","Montgomeryville"
"PA","montoursville","Montoursville"
"PA","montrose","Montrose"
"PA","montrose manor","Montrose Manor"
"PA","monument","Monument"
"PA","moores mill","Moores Mill"
"PA","moose run","Moose Run"
"PA","moosic","Moosic"
"PA","morea","Morea"
"PA","morgan hill","Morgan Hill"
"PA","morgantown","Morgantown"
"PA","morris run","Morris Run"
"PA","morrisdale","Morrisdale"
"PA","morrisville","Morrisville"
"PA","morton","Morton"
"PA","moscow","Moscow"
"PA","moshannon","Moshannon"
"PA","mount aetna","Mount Aetna"
"PA","mount bethel","Mount Bethel"
"PA","mount carbon","Mount Carbon"
"PA","mount carmel","Mount Carmel"
"PA","mount cobb","Mount Cobb"
"PA","mount eagle","Mount Eagle"
"PA","mount gretna","Mount Gretna"
"PA","mount gretna heights","Mount Gretna Heights"
"PA","mount holly springs","Mount Holly Springs"
"PA","mount jackson","Mount Jackson"
"PA","mount jewett","Mount Jewett"
"PA","mount joy","Mount Joy"
"PA","mount lebanon","Mount Lebanon"
"PA","mount morris","Mount Morris"
"PA","mount oliver","Mount Oliver"
"PA","mount penn","Mount Penn"
"PA","mount pleasant","Mount Pleasant"
"PA","mount pleasant mills","Mount Pleasant Mills"
"PA","mount pocono","Mount Pocono"
"PA","mount royal","Mount Royal"
"PA","mount union","Mount Union"
"PA","mount wolf","Mount Wolf"
"PA","mountain top","Mountain Top"
"PA","mountainhome","Mountainhome"
"PA","mountville","Mountville"
"PA","muhlenberg park","Muhlenberg Park"
"PA","muir","Muir"
"PA","muncy","Muncy"
"PA","mundys corner","Mundys Corner"
"PA","munhall","Munhall"
"PA","murrysville","Murrysville"
"PA","muse","Muse"
"PA","myerstown","Myerstown"
"PA","nanticoke","Nanticoke"
"PA","nanty-glo","Nanty-Glo"
"PA","naomi","Naomi"
"PA","narberth","Narberth"
"PA","natrona","Natrona"
"PA","natrona heights","Natrona Heights"
"PA","nazareth","Nazareth"
"PA","nealmont","Nealmont"
"PA","needmore","Needmore"
"PA","nemacolin","Nemacolin"
"PA","nescopeck","Nescopeck"
"PA","nesquehoning","Nesquehoning"
"PA","new albany","New Albany"
"PA","new alexandria","New Alexandria"
"PA","new baltimore","New Baltimore"
"PA","new beaver","New Beaver"
"PA","new bedford","New Bedford"
"PA","new berlin","New Berlin"
"PA","new berlinville","New Berlinville"
"PA","new bethlehem","New Bethlehem"
"PA","new boston","New Boston"
"PA","new brighton","New Brighton"
"PA","new britain","New Britain"
"PA","new buffalo","New Buffalo"
"PA","new castle","New Castle"
"PA","new castle northwest","New Castle Northwest"
"PA","new centerville","New Centerville"
"PA","new columbia","New Columbia"
"PA","new columbus","New Columbus"
"PA","new cumberland","New Cumberland"
"PA","new eagle","New Eagle"
"PA","new florence","New Florence"
"PA","new freedom","New Freedom"
"PA","new freeport","New Freeport"
"PA","new galilee","New Galilee"
"PA","new holland","New Holland"
"PA","new hope","New Hope"
"PA","new jerusalem","New Jerusalem"
"PA","new kensington","New Kensington"
"PA","new kingstown","New Kingstown"
"PA","new lebanon","New Lebanon"
"PA","new market","New Market"
"PA","new milford","New Milford"
"PA","new morgan","New Morgan"
"PA","new oxford","New Oxford"
"PA","new paris","New Paris"
"PA","new philadelphia","New Philadelphia"
"PA","new ringgold","New Ringgold"
"PA","new salem","New Salem"
"PA","new schaefferstown","New Schaefferstown"
"PA","new stanton","New Stanton"
"PA","new tripoli","New Tripoli"
"PA","new washington","New Washington"
"PA","new wilmington","New Wilmington"
"PA","newburg","Newburg"
"PA","newell","Newell"
"PA","newmanstown","Newmanstown"
"PA","newport","Newport"
"PA","newry","Newry"
"PA","newton hamilton","Newton Hamilton"
"PA","newtown","Newtown"
"PA","newtown grant","Newtown Grant"
"PA","newville","Newville"
"PA","nicholson","Nicholson"
"PA","nicktown","Nicktown"
"PA","nittany","Nittany"
"PA","nixon","Nixon"
"PA","noblestown","Noblestown"
"PA","norristown","Norristown"
"PA","north apollo","North Apollo"
"PA","north belle vernon","North Belle Vernon"
"PA","north bend","North Bend"
"PA","north braddock","North Braddock"
"PA","north catasauqua","North Catasauqua"
"PA","north charleroi","North Charleroi"
"PA","north east","North East"
"PA","north irwin","North Irwin"
"PA","north philipsburg","North Philipsburg"
"PA","north towanda","North Towanda"
"PA","north vandergrift","North Vandergrift"
"PA","north wales","North Wales"
"PA","north warren","North Warren"
"PA","north washington","North Washington"
"PA","north york","North York"
"PA","northampton","Northampton"
"PA","northern cambria","Northern Cambria"
"PA","northumberland","Northumberland"
"PA","northwest harborcreek","Northwest Harborcreek"
"PA","northwood","Northwood"
"PA","norvelt","Norvelt"
"PA","norwood","Norwood"
"PA","nottingham","Nottingham"
"PA","noxen","Noxen"
"PA","nuangola","Nuangola"
"PA","numidia","Numidia"
"PA","nuremberg","Nuremberg"
"PA","oak hills","Oak Hills"
"PA","oak lane","Oak Lane"
"PA","oakdale","Oakdale"
"PA","oakland","Oakland"
"PA","oakmont","Oakmont"
"PA","oaks","Oaks"
"PA","oakwood","Oakwood"
"PA","oberlin","Oberlin"
"PA","ohiopyle","Ohiopyle"
"PA","ohioville","Ohioville"
"PA","oil city","Oil City"
"PA","oklahoma","Oklahoma"
"PA","old forge","Old Forge"
"PA","old orchard","Old Orchard"
"PA","oley","Oley"
"PA","oliver","Oliver"
"PA","olivia","Olivia"
"PA","olyphant","Olyphant"
"PA","oneida","Oneida"
"PA","orangeville","Orangeville"
"PA","orbisonia","Orbisonia"
"PA","orchard hills","Orchard Hills"
"PA","ore hill","Ore Hill"
"PA","oreland","Oreland"
"PA","oreminea","Oreminea"
"PA","orrstown","Orrstown"
"PA","orrtanna","Orrtanna"
"PA","orviston","Orviston"
"PA","orwigsburg","Orwigsburg"
"PA","orwin","Orwin"
"PA","osceola mills","Osceola Mills"
"PA","oswayo","Oswayo"
"PA","oval","Oval"
"PA","oxford","Oxford"
"PA","paint","Paint"
"PA","palmdale","Palmdale"
"PA","palmer heights","Palmer Heights"
"PA","palmerton","Palmerton"
"PA","palmyra","Palmyra"
"PA","palo alto","Palo Alto"
"PA","paoli","Paoli"
"PA","paradise","Paradise"
"PA","pardeesville","Pardeesville"
"PA","paris","Paris"
"PA","park crest","Park Crest"
"PA","park forest village","Park Forest Village"
"PA","park place","Park Place"
"PA","parker","Parker"
"PA","parkesburg","Parkesburg"
"PA","parkhill","Parkhill"
"PA","parkland","Parkland"
"PA","parkside","Parkside"
"PA","parkville","Parkville"
"PA","parryville","Parryville"
"PA","patterson heights","Patterson Heights"
"PA","patton","Patton"
"PA","paxtang","Paxtang"
"PA","paxtonia","Paxtonia"
"PA","paxtonville","Paxtonville"
"PA","pen argyl","Pen Argyl"
"PA","pen mar","Pen Mar"
"PA","penbrook","Penbrook"
"PA","penfield","Penfield"
"PA","penn","Penn"
"PA","penn estates","Penn Estates"
"PA","penn farms","Penn Farms"
"PA","penn hills","Penn Hills"
"PA","penn lake park","Penn Lake Park"
"PA","penn state berks","Penn State Berks"
"PA","penn state erie (behrend)","Penn State Erie (Behrend)"
"PA","penn wynne","Penn Wynne"
"PA","penndel","Penndel"
"PA","penns creek","Penns Creek"
"PA","pennsburg","Pennsburg"
"PA","pennsbury village","Pennsbury Village"
"PA","pennside","Pennside"
"PA","pennville","Pennville"
"PA","pennwyn","Pennwyn"
"PA","penryn","Penryn"
"PA","perkasie","Perkasie"
"PA","perryopolis","Perryopolis"
"PA","peru","Peru"
"PA","petersburg","Petersburg"
"PA","petrolia","Petrolia"
"PA","philadelphia","Philadelphia"
"PA","philipsburg","Philipsburg"
"PA","phoenixville","Phoenixville"
"PA","picture rocks","Picture Rocks"
"PA","pikes creek","Pikes Creek"
"PA","pillow","Pillow"
"PA","pine glen","Pine Glen"
"PA","pine grove","Pine Grove"
"PA","pine grove mills","Pine Grove Mills"
"PA","pine ridge","Pine Ridge"
"PA","pine run","Pine Run"
"PA","pinecroft","Pinecroft"
"PA","pitcairn","Pitcairn"
"PA","pittsburgh","Pittsburgh"
"PA","pittston","Pittston"
"PA","plainfield","Plainfield"
"PA","plains","Plains"
"PA","platea","Platea"
"PA","pleasant gap","Pleasant Gap"
"PA","pleasant hill","Pleasant Hill"
"PA","pleasant hills","Pleasant Hills"
"PA","pleasant view","Pleasant View"
"PA","pleasantville","Pleasantville"
"PA","pleasureville","Pleasureville"
"PA","plum","Plum"
"PA","plumsteadville","Plumsteadville"
"PA","plumville","Plumville"
"PA","plymouth","Plymouth"
"PA","plymouth meeting","Plymouth Meeting"
"PA","plymptonville","Plymptonville"
"PA","pocono mountain lake estates","Pocono Mountain Lake Estates"
"PA","pocono pines","Pocono Pines"
"PA","pocono ranch lands","Pocono Ranch Lands"
"PA","pocono springs","Pocono Springs"
"PA","pocono woodland lakes","Pocono Woodland Lakes"
"PA","point marion","Point Marion"
"PA","point view","Point View"
"PA","polk","Polk"
"PA","pomeroy","Pomeroy"
"PA","port allegany","Port Allegany"
"PA","port carbon","Port Carbon"
"PA","port clinton","Port Clinton"
"PA","port matilda","Port Matilda"
"PA","port royal","Port Royal"
"PA","port trevorton","Port Trevorton"
"PA","port vue","Port Vue"
"PA","portage","Portage"
"PA","portersville","Portersville"
"PA","portland","Portland"
"PA","potlicker flats","Potlicker Flats"
"PA","potters mills","Potters Mills"
"PA","pottsgrove","Pottsgrove"
"PA","pottstown","Pottstown"
"PA","pottsville","Pottsville"
"PA","pringle","Pringle"
"PA","progress","Progress"
"PA","prompton","Prompton"
"PA","prospect","Prospect"
"PA","prospect park","Prospect Park"
"PA","pughtown","Pughtown"
"PA","pulaski","Pulaski"
"PA","punxsutawney","Punxsutawney"
"PA","puzzletown","Puzzletown"
"PA","pymatuning central","Pymatuning Central"
"PA","pymatuning north","Pymatuning North"
"PA","pymatuning south","Pymatuning South"
"PA","quakertown","Quakertown"
"PA","quarryville","Quarryville"
"PA","queens gate","Queens Gate"
"PA","quentin","Quentin"
"PA","railroad","Railroad"
"PA","rainsburg","Rainsburg"
"PA","ramblewood","Ramblewood"
"PA","ramey","Ramey"
"PA","rankin","Rankin"
"PA","ranshaw","Ranshaw"
"PA","raubsville","Raubsville"
"PA","rauchtown","Rauchtown"
"PA","ravine","Ravine"
"PA","reading","Reading"
"PA","reamstown","Reamstown"
"PA","rebersburg","Rebersburg"
"PA","red hill","Red Hill"
"PA","red lion","Red Lion"
"PA","reedsville","Reedsville"
"PA","reese","Reese"
"PA","refton","Refton"
"PA","rehrersburg","Rehrersburg"
"PA","reiffton","Reiffton"
"PA","reightown","Reightown"
"PA","reinerton","Reinerton"
"PA","reinholds","Reinholds"
"PA","renfrew","Renfrew"
"PA","rennerdale","Rennerdale"
"PA","renningers","Renningers"
"PA","renovo","Renovo"
"PA","republic","Republic"
"PA","reservoir","Reservoir"
"PA","revloc","Revloc"
"PA","rew","Rew"
"PA","reynolds heights","Reynolds Heights"
"PA","reynoldsville","Reynoldsville"
"PA","rheems","Rheems"
"PA","rices landing","Rices Landing"
"PA","riceville","Riceville"
"PA","richboro","Richboro"
"PA","richfield","Richfield"
"PA","richland","Richland"
"PA","richlandtown","Richlandtown"
"PA","riddlesburg","Riddlesburg"
"PA","ridgway","Ridgway"
"PA","ridley park","Ridley Park"
"PA","riegelsville","Riegelsville"
"PA","rimersburg","Rimersburg"
"PA","ringtown","Ringtown"
"PA","riverside","Riverside"
"PA","riverview park","Riverview Park"
"PA","roaring spring","Roaring Spring"
"PA","robertsdale","Robertsdale"
"PA","robeson extension","Robeson Extension"
"PA","robesonia","Robesonia"
"PA","robinson","Robinson"
"PA","rochester","Rochester"
"PA","rockdale acres","Rockdale Acres"
"PA","rockhill","Rockhill"
"PA","rockledge","Rockledge"
"PA","rockwood","Rockwood"
"PA","rogersville","Rogersville"
"PA","rohrerstown","Rohrerstown"
"PA","rohrsburg","Rohrsburg"
"PA","rome","Rome"
"PA","ronco","Ronco"
"PA","ronks","Ronks"
"PA","roots","Roots"
"PA","roscoe","Roscoe"
"PA","rose valley","Rose Valley"
"PA","rosebud","Rosebud"
"PA","rosemont","Rosemont"
"PA","roseto","Roseto"
"PA","roseville","Roseville"
"PA","roslyn","Roslyn"
"PA","rossiter","Rossiter"
"PA","rosslyn farms","Rosslyn Farms"
"PA","rote","Rote"
"PA","rothsville","Rothsville"
"PA","roulette","Roulette"
"PA","rouseville","Rouseville"
"PA","rouzerville","Rouzerville"
"PA","rowes run","Rowes Run"
"PA","royalton","Royalton"
"PA","royer","Royer"
"PA","royersford","Royersford"
"PA","runville","Runville"
"PA","rupert","Rupert"
"PA","rural valley","Rural Valley"
"PA","russell","Russell"
"PA","russellton","Russellton"
"PA","rutherford","Rutherford"
"PA","rutledge","Rutledge"
"PA","s.n.p.j","S.N.P.J."
"PA","sabinsville","Sabinsville"
"PA","sadsburyville","Sadsburyville"
"PA","saegertown","Saegertown"
"PA","sagamore","Sagamore"
"PA","saginaw","Saginaw"
"PA","salisbury","Salisbury"
"PA","salix","Salix"
"PA","salladasburg","Salladasburg"
"PA","salona","Salona"
"PA","saltillo","Saltillo"
"PA","saltsburg","Saltsburg"
"PA","salunga","Salunga"
"PA","sanatoga","Sanatoga"
"PA","sand hill","Sand Hill"
"PA","sandy","Sandy"
"PA","sandy lake","Sandy Lake"
"PA","sandy ridge","Sandy Ridge"
"PA","sankertown","Sankertown"
"PA","saw creek","Saw Creek"
"PA","saxonburg","Saxonburg"
"PA","saxton","Saxton"
"PA","saylorsburg","Saylorsburg"
"PA","sayre","Sayre"
"PA","scalp level","Scalp Level"
"PA","schaefferstown","Schaefferstown"
"PA","schellsburg","Schellsburg"
"PA","schenley","Schenley"
"PA","schlusser","Schlusser"
"PA","schnecksville","Schnecksville"
"PA","schoeneck","Schoeneck"
"PA","schubert","Schubert"
"PA","schuylkill haven","Schuylkill Haven"
"PA","schwenksville","Schwenksville"
"PA","scotland","Scotland"
"PA","scottdale","Scottdale"
"PA","scranton","Scranton"
"PA","selinsgrove","Selinsgrove"
"PA","sellersville","Sellersville"
"PA","seltzer","Seltzer"
"PA","seneca","Seneca"
"PA","seven fields","Seven Fields"
"PA","seven springs","Seven Springs"
"PA","seven valleys","Seven Valleys"
"PA","seward","Seward"
"PA","sewickley","Sewickley"
"PA","sewickley heights","Sewickley Heights"
"PA","sewickley hills","Sewickley Hills"
"PA","shade gap","Shade Gap"
"PA","shamokin","Shamokin"
"PA","shamokin dam","Shamokin Dam"
"PA","shanksville","Shanksville"
"PA","shanor-northvue","Shanor-Northvue"
"PA","sharon","Sharon"
"PA","sharon hill","Sharon Hill"
"PA","sharpsburg","Sharpsburg"
"PA","sharpsville","Sharpsville"
"PA","shartlesville","Shartlesville"
"PA","shavertown","Shavertown"
"PA","sheakleyville","Sheakleyville"
"PA","sheatown","Sheatown"
"PA","sheffield","Sheffield"
"PA","shelltown","Shelltown"
"PA","shellytown","Shellytown"
"PA","shelocta","Shelocta"
"PA","shenandoah","Shenandoah"
"PA","shenandoah heights","Shenandoah Heights"
"PA","sheppton","Sheppton"
"PA","shickshinny","Shickshinny"
"PA","shillington","Shillington"
"PA","shiloh","Shiloh"
"PA","shinglehouse","Shinglehouse"
"PA","shippensburg","Shippensburg"
"PA","shippensburg university","Shippensburg University"
"PA","shippenville","Shippenville"
"PA","shippingport","Shippingport"
"PA","shiremanstown","Shiremanstown"
"PA","shirleysburg","Shirleysburg"
"PA","shoemakersville","Shoemakersville"
"PA","shrewsbury","Shrewsbury"
"PA","sickles corner","Sickles Corner"
"PA","sidman","Sidman"
"PA","sierra view","Sierra View"
"PA","siglerville","Siglerville"
"PA","silkworth","Silkworth"
"PA","silverdale","Silverdale"
"PA","simpson","Simpson"
"PA","sinking spring","Sinking Spring"
"PA","sinnamahoning","Sinnamahoning"
"PA","skelp","Skelp"
"PA","ski gap","Ski Gap"
"PA","skippack","Skippack"
"PA","skyline view","Skyline View"
"PA","slabtown","Slabtown"
"PA","slatedale","Slatedale"
"PA","slatington","Slatington"
"PA","slickville","Slickville"
"PA","sligo","Sligo"
"PA","slippery rock","Slippery Rock"
"PA","slippery rock university","Slippery Rock University"
"PA","slovan","Slovan"
"PA","smethport","Smethport"
"PA","smicksburg","Smicksburg"
"PA","smith corner","Smith Corner"
"PA","smithfield","Smithfield"
"PA","smithton","Smithton"
"PA","smock","Smock"
"PA","smoketown","Smoketown"
"PA","snow shoe","Snow Shoe"
"PA","snydertown","Snydertown"
"PA","somerset","Somerset"
"PA","soudersburg","Soudersburg"
"PA","souderton","Souderton"
"PA","south bethlehem","South Bethlehem"
"PA","south coatesville","South Coatesville"
"PA","south connellsville","South Connellsville"
"PA","south fork","South Fork"
"PA","south greensburg","South Greensburg"
"PA","south heights","South Heights"
"PA","south montrose","South Montrose"
"PA","south new castle","South New Castle"
"PA","south philipsburg","South Philipsburg"
"PA","south pottstown","South Pottstown"
"PA","south renovo","South Renovo"
"PA","south temple","South Temple"
"PA","south uniontown","South Uniontown"
"PA","south waverly","South Waverly"
"PA","south williamsport","South Williamsport"
"PA","southmont","Southmont"
"PA","southpointe","Southpointe"
"PA","southview","Southview"
"PA","southwest greensburg","Southwest Greensburg"
"PA","spartansburg","Spartansburg"
"PA","speers","Speers"
"PA","spinnerstown","Spinnerstown"
"PA","spring church","Spring Church"
"PA","spring city","Spring City"
"PA","spring drive mobile home park","Spring Drive Mobile Home Park"
"PA","spring grove","Spring Grove"
"PA","spring hill","Spring Hill"
"PA","spring house","Spring House"
"PA","spring mills","Spring Mills"
"PA","spring mount","Spring Mount"
"PA","spring ridge","Spring Ridge"
"PA","springboro","Springboro"
"PA","springdale","Springdale"
"PA","springmont","Springmont"
"PA","springville","Springville"
"PA","sproul","Sproul"
"PA","spry","Spry"
"PA","st. benedict","St. Benedict"
"PA","st. clair","St. Clair"
"PA","st. clairsville","St. Clairsville"
"PA","st. davids","St. Davids"
"PA","st. lawrence","St. Lawrence"
"PA","st. marys","St. Marys"
"PA","st. michael","St. Michael"
"PA","st. petersburg","St. Petersburg"
"PA","st. vincent college","St. Vincent College"
"PA","star junction","Star Junction"
"PA","starbrick","Starbrick"
"PA","starrucca","Starrucca"
"PA","state college","State College"
"PA","state line","State Line"
"PA","steelton","Steelton"
"PA","stevens","Stevens"
"PA","stewartstown","Stewartstown"
"PA","stiles","Stiles"
"PA","stillwater","Stillwater"
"PA","stockdale","Stockdale"
"PA","stockertown","Stockertown"
"PA","stoneboro","Stoneboro"
"PA","stonerstown","Stonerstown"
"PA","stony creek mills","Stony Creek Mills"
"PA","stonybrook","Stonybrook"
"PA","stormstown","Stormstown"
"PA","stouchsburg","Stouchsburg"
"PA","stowe","Stowe"
"PA","stoystown","Stoystown"
"PA","strabane","Strabane"
"PA","strasburg","Strasburg"
"PA","strattanville","Strattanville"
"PA","strausstown","Strausstown"
"PA","strodes mills","Strodes Mills"
"PA","strong","Strong"
"PA","stroudsburg","Stroudsburg"
"PA","sturgeon","Sturgeon"
"PA","sugar grove","Sugar Grove"
"PA","sugar notch","Sugar Notch"
"PA","sugarcreek","Sugarcreek"
"PA","summerhill","Summerhill"
"PA","summerville","Summerville"
"PA","summit hill","Summit Hill"
"PA","summit station","Summit Station"
"PA","sun valley","Sun Valley"
"PA","sunbrook","Sunbrook"
"PA","sunbury","Sunbury"
"PA","sunrise lake","Sunrise Lake"
"PA","susquehanna depot","Susquehanna Depot"
"PA","susquehanna trails","Susquehanna Trails"
"PA","sutersville","Sutersville"
"PA","swarthmore","Swarthmore"
"PA","swartzville","Swartzville"
"PA","swedeland","Swedeland"
"PA","sweden valley","Sweden Valley"
"PA","swedesburg","Swedesburg"
"PA","swissvale","Swissvale"
"PA","swoyersville","Swoyersville"
"PA","sykesville","Sykesville"
"PA","sylvan hills","Sylvan Hills"
"PA","sylvania","Sylvania"
"PA","table rock","Table Rock"
"PA","tamaqua","Tamaqua"
"PA","tarentum","Tarentum"
"PA","tatamy","Tatamy"
"PA","taylor","Taylor"
"PA","taylorstown","Taylorstown"
"PA","telford","Telford"
"PA","temple","Temple"
"PA","templeton","Templeton"
"PA","terre hill","Terre Hill"
"PA","tharptown (uniontown)","Tharptown (Uniontown)"
"PA","the escape","The Escape"
"PA","the hideout","The Hideout"
"PA","thompson","Thompson"
"PA","thompsontown","Thompsontown"
"PA","thompsonville","Thompsonville"
"PA","thornburg","Thornburg"
"PA","thorndale","Thorndale"
"PA","three springs","Three Springs"
"PA","throop","Throop"
"PA","tidioute","Tidioute"
"PA","timber hills","Timber Hills"
"PA","timblin","Timblin"
"PA","tioga","Tioga"
"PA","tionesta","Tionesta"
"PA","tipton","Tipton"
"PA","titusville","Titusville"
"PA","toftrees","Toftrees"
"PA","topton","Topton"
"PA","toughkenamon","Toughkenamon"
"PA","towamensing trails","Towamensing Trails"
"PA","towanda","Towanda"
"PA","tower city","Tower City"
"PA","townville","Townville"
"PA","trafford","Trafford"
"PA","trainer","Trainer"
"PA","trappe","Trappe"
"PA","treasure lake","Treasure Lake"
"PA","tremont","Tremont"
"PA","tresckow","Tresckow"
"PA","trevorton","Trevorton"
"PA","trevose","Trevose"
"PA","trexlertown","Trexlertown"
"PA","trooper","Trooper"
"PA","troutville","Troutville"
"PA","troxelville","Troxelville"
"PA","troy","Troy"
"PA","trucksville","Trucksville"
"PA","trumbauersville","Trumbauersville"
"PA","tullytown","Tullytown"
"PA","tunkhannock","Tunkhannock"
"PA","tunnelhill","Tunnelhill"
"PA","turbotville","Turbotville"
"PA","turtle creek","Turtle Creek"
"PA","tuscarora","Tuscarora"
"PA","twilight","Twilight"
"PA","twin rocks","Twin Rocks"
"PA","tyler run","Tyler Run"
"PA","tylersburg","Tylersburg"
"PA","tylersville","Tylersville"
"PA","tyrone","Tyrone"
"PA","tyrone forge","Tyrone Forge"
"PA","ulster","Ulster"
"PA","ulysses","Ulysses"
"PA","union city","Union City"
"PA","union dale","Union Dale"
"PA","union deposit","Union Deposit"
"PA","uniontown","Uniontown"
"PA","unionville","Unionville"
"PA","university of pittsburgh bradford","University of Pittsburgh Bradford"
"PA","university of pittsburgh johnstown","University of Pittsburgh Johnstown"
"PA","upland","Upland"
"PA","upper exeter","Upper Exeter"
"PA","ursina","Ursina"
"PA","utica","Utica"
"PA","vail","Vail"
"PA","valencia","Valencia"
"PA","valley green","Valley Green"
"PA","valley view","Valley View"
"PA","valley-hi","Valley-Hi"
"PA","van voorhis","Van Voorhis"
"PA","vanderbilt","Vanderbilt"
"PA","vandergrift","Vandergrift"
"PA","vandling","Vandling"
"PA","venango","Venango"
"PA","verona","Verona"
"PA","versailles","Versailles"
"PA","vicksburg","Vicksburg"
"PA","village green-green ridge","Village Green-Green Ridge"
"PA","village shires","Village Shires"
"PA","villanova","Villanova"
"PA","vinco","Vinco"
"PA","vintondale","Vintondale"
"PA","virginville","Virginville"
"PA","volant","Volant"
"PA","vowinckel","Vowinckel"
"PA","wagner","Wagner"
"PA","wakefield","Wakefield"
"PA","wall","Wall"
"PA","wallaceton","Wallaceton"
"PA","wallenpaupack lake estates","Wallenpaupack Lake Estates"
"PA","waller","Waller"
"PA","walnutport","Walnutport"
"PA","walnuttown","Walnuttown"
"PA","wampum","Wampum"
"PA","wanamie","Wanamie"
"PA","warfordsburg","Warfordsburg"
"PA","warminster heights","Warminster Heights"
"PA","warren","Warren"
"PA","warrior run","Warrior Run"
"PA","warriors mark","Warriors Mark"
"PA","washington","Washington"
"PA","washington boro","Washington Boro"
"PA","washingtonville","Washingtonville"
"PA","waterford","Waterford"
"PA","watsontown","Watsontown"
"PA","wattsburg","Wattsburg"
"PA","waverly","Waverly"
"PA","waymart","Waymart"
"PA","wayne","Wayne"
"PA","wayne heights","Wayne Heights"
"PA","waynesboro","Waynesboro"
"PA","waynesburg","Waynesburg"
"PA","weatherly","Weatherly"
"PA","webster","Webster"
"PA","weedville","Weedville"
"PA","weigelstown","Weigelstown"
"PA","weissport","Weissport"
"PA","weissport east","Weissport East"
"PA","wellersburg","Wellersburg"
"PA","wells tannery","Wells Tannery"
"PA","wellsboro","Wellsboro"
"PA","wellsville","Wellsville"
"PA","wernersville","Wernersville"
"PA","wescosville","Wescosville"
"PA","wesleyville","Wesleyville"
"PA","west alexander","West Alexander"
"PA","west brownsville","West Brownsville"
"PA","west chester","West Chester"
"PA","west conshohocken","West Conshohocken"
"PA","west decatur","West Decatur"
"PA","west easton","West Easton"
"PA","west elizabeth","West Elizabeth"
"PA","west fairview","West Fairview"
"PA","west falls","West Falls"
"PA","west grove","West Grove"
"PA","west hamburg","West Hamburg"
"PA","west hazleton","West Hazleton"
"PA","west hills","West Hills"
"PA","west homestead","West Homestead"
"PA","west kittanning","West Kittanning"
"PA","west lawn","West Lawn"
"PA","west leechburg","West Leechburg"
"PA","west liberty","West Liberty"
"PA","west mayfield","West Mayfield"
"PA","west middlesex","West Middlesex"
"PA","west middletown","West Middletown"
"PA","west mifflin","West Mifflin"
"PA","west milton","West Milton"
"PA","west myerstown","West Myerstown"
"PA","west nanticoke","West Nanticoke"
"PA","west newton","West Newton"
"PA","west pittsburg","West Pittsburg"
"PA","west pittston","West Pittston"
"PA","west reading","West Reading"
"PA","west sunbury","West Sunbury"
"PA","west view","West View"
"PA","west waynesburg","West Waynesburg"
"PA","west wilmerding","West Wilmerding"
"PA","west wyoming","West Wyoming"
"PA","west wyomissing","West Wyomissing"
"PA","west york","West York"
"PA","westfield","Westfield"
"PA","westland","Westland"
"PA","westmont","Westmont"
"PA","weston","Weston"
"PA","westover","Westover"
"PA","westwood","Westwood"
"PA","whitaker","Whitaker"
"PA","white haven","White Haven"
"PA","white mills","White Mills"
"PA","white oak","White Oak"
"PA","whitehall","Whitehall"
"PA","whitfield","Whitfield"
"PA","wickerham manor-fisher","Wickerham Manor-Fisher"
"PA","wiconsico","Wiconsico"
"PA","wilburton number one","Wilburton Number One"
"PA","wilburton number two","Wilburton Number Two"
"PA","wilcox","Wilcox"
"PA","wilkes-barre","Wilkes-Barre"
"PA","wilkinsburg","Wilkinsburg"
"PA","williamsburg","Williamsburg"
"PA","williamsport","Williamsport"
"PA","williamstown","Williamstown"
"PA","willow grove","Willow Grove"
"PA","willow street","Willow Street"
"PA","wilmerding","Wilmerding"
"PA","wilmore","Wilmore"
"PA","wilson","Wilson"
"PA","winburne","Winburne"
"PA","wind gap","Wind Gap"
"PA","wind ridge","Wind Ridge"
"PA","windber","Windber"
"PA","windsor","Windsor"
"PA","winfield","Winfield"
"PA","winterstown","Winterstown"
"PA","witmer","Witmer"
"PA","wolfdale","Wolfdale"
"PA","womelsdorf","Womelsdorf"
"PA","wood","Wood"
"PA","woodbourne","Woodbourne"
"PA","woodbury","Woodbury"
"PA","woodcock","Woodcock"
"PA","woodland","Woodland"
"PA","woodland heights","Woodland Heights"
"PA","woodlyn","Woodlyn"
"PA","woodside","Woodside"
"PA","woodward","Woodward"
"PA","woolrich","Woolrich"
"PA","wopsononock","Wopsononock"
"PA","wormleysburg","Wormleysburg"
"PA","worthington","Worthington"
"PA","worthville","Worthville"
"PA","woxall","Woxall"
"PA","wrightsville","Wrightsville"
"PA","wurtemburg","Wurtemburg"
"PA","wyalusing","Wyalusing"
"PA","wyano","Wyano"
"PA","wylandville","Wylandville"
"PA","wyncote","Wyncote"
"PA","wyndmoor","Wyndmoor"
"PA","wynnewood","Wynnewood"
"PA","wyoming","Wyoming"
"PA","wyomissing","Wyomissing"
"PA","yardley","Yardley"
"PA","yarnell","Yarnell"
"PA","yatesboro","Yatesboro"
"PA","yatesville","Yatesville"
"PA","yeadon","Yeadon"
"PA","yeagertown","Yeagertown"
"PA","yellow springs","Yellow Springs"
"PA","yoe","Yoe"
"PA","york","York"
"PA","york haven","York Haven"
"PA","york springs","York Springs"
"PA","yorkana","Yorkana"
"PA","yorklyn","Yorklyn"
"PA","youngstown","Youngstown"
"PA","youngsville","Youngsville"
"PA","youngwood","Youngwood"
"PA","yukon","Yukon"
"PA","zelienople","Zelienople"
"PA","zion","Zion"
"RI","ashaway","Ashaway"
"RI","bradford","Bradford"
"RI","carolina","Carolina"
"RI","central falls","Central Falls"
"RI","charlestown","Charlestown"
"RI","chepachet","Chepachet"
"RI","clayville","Clayville"
"RI","cranston","Cranston"
"RI","cumberland hill","Cumberland Hill"
"RI","east providence","East Providence"
"RI","foster center","Foster Center"
"RI","greene","Greene"
"RI","greenville","Greenville"
"RI","harmony","Harmony"
"RI","harrisville","Harrisville"
"RI","hope valley","Hope Valley"
"RI","hopkinton","Hopkinton"
"RI","kingston","Kingston"
"RI","melville","Melville"
"RI","misquamicut","Misquamicut"
"RI","narragansett pier","Narragansett Pier"
"RI","newport","Newport"
"RI","newport east","Newport East"
"RI","pascoag","Pascoag"
"RI","pawtucket","Pawtucket"
"RI","providence","Providence"
"RI","quonochontaug","Quonochontaug"
"RI","tiverton","Tiverton"
"RI","valley falls","Valley Falls"
"RI","wakefield-peace dale","Wakefield-Peace Dale"
"RI","warwick","Warwick"
"RI","watch hill","Watch Hill"
"RI","weekapaug","Weekapaug"
"RI","westerly","Westerly"
"RI","woonsocket","Woonsocket"
"RI","wyoming","Wyoming"
"SC","abbeville","Abbeville"
"SC","abney crossroads","Abney Crossroads"
"SC","adams run","Adams Run"
"SC","aiken","Aiken"
"SC","alcolu","Alcolu"
"SC","allendale","Allendale"
"SC","anderson","Anderson"
"SC","andrews","Andrews"
"SC","antreville","Antreville"
"SC","arcadia","Arcadia"
"SC","arcadia lakes","Arcadia Lakes"
"SC","arial","Arial"
"SC","arkwright","Arkwright"
"SC","arthurtown","Arthurtown"
"SC","ashwood","Ashwood"
"SC","atlantic beach","Atlantic Beach"
"SC","awendaw","Awendaw"
"SC","aynor","Aynor"
"SC","bamberg","Bamberg"
"SC","barnwell","Barnwell"
"SC","batesburg-leesville","Batesburg-Leesville"
"SC","baxter village","Baxter Village"
"SC","beaufort","Beaufort"
"SC","beech island","Beech Island"
"SC","belton","Belton"
"SC","belvedere","Belvedere"
"SC","ben avon","Ben Avon"
"SC","bennettsville","Bennettsville"
"SC","berea","Berea"
"SC","bethune","Bethune"
"SC","bishopville","Bishopville"
"SC","blacksburg","Blacksburg"
"SC","blackville","Blackville"
"SC","blenheim","Blenheim"
"SC","bluffton","Bluffton"
"SC","blythewood","Blythewood"
"SC","boiling springs","Boiling Springs"
"SC","bonneau","Bonneau"
"SC","bonneau beach","Bonneau Beach"
"SC","bowman","Bowman"
"SC","boykin","Boykin"
"SC","bradley","Bradley"
"SC","branchville","Branchville"
"SC","briarcliffe acres","Briarcliffe Acres"
"SC","brookdale","Brookdale"
"SC","browntown","Browntown"
"SC","brunson","Brunson"
"SC","bucksport","Bucksport"
"SC","buffalo","Buffalo"
"SC","buford","Buford"
"SC","burnettown","Burnettown"
"SC","burton","Burton"
"SC","caesars head","Caesars Head"
"SC","calhoun falls","Calhoun Falls"
"SC","camden","Camden"
"SC","cameron","Cameron"
"SC","camp croft","Camp Croft"
"SC","campobello","Campobello"
"SC","cane savannah","Cane Savannah"
"SC","capitol view","Capitol View"
"SC","carlisle","Carlisle"
"SC","carolina forest","Carolina Forest"
"SC","cash","Cash"
"SC","catawba","Catawba"
"SC","cateechee","Cateechee"
"SC","cayce","Cayce"
"SC","centenary","Centenary"
"SC","centerville","Centerville"
"SC","central","Central"
"SC","central pacolet","Central Pacolet"
"SC","chapin","Chapin"
"SC","charleston","Charleston"
"SC","cheraw","Cheraw"
"SC","cherokee falls","Cherokee Falls"
"SC","cherryvale","Cherryvale"
"SC","chesnee","Chesnee"
"SC","chester","Chester"
"SC","chesterfield","Chesterfield"
"SC","chickasaw point","Chickasaw Point"
"SC","city view","City View"
"SC","clarks hill","Clarks Hill"
"SC","clearwater","Clearwater"
"SC","clemson","Clemson"
"SC","clemson university","Clemson University"
"SC","clifton","Clifton"
"SC","clinton","Clinton"
"SC","clio","Clio"
"SC","clover","Clover"
"SC","cokesbury","Cokesbury"
"SC","columbia","Columbia"
"SC","conestee","Conestee"
"SC","converse","Converse"
"SC","conway","Conway"
"SC","coosawhatchie","Coosawhatchie"
"SC","cope","Cope"
"SC","cordova","Cordova"
"SC","coronaca","Coronaca"
"SC","cottageville","Cottageville"
"SC","coward","Coward"
"SC","cowpens","Cowpens"
"SC","cross anchor","Cross Anchor"
"SC","cross hill","Cross Hill"
"SC","dacusville","Dacusville"
"SC","dale","Dale"
"SC","dalzell","Dalzell"
"SC","danwood","Danwood"
"SC","darlington","Darlington"
"SC","daufuskie island","Daufuskie Island"
"SC","daviston","Daviston"
"SC","debordieu colony","DeBordieu Colony"
"SC","denmark","Denmark"
"SC","dentsville","Dentsville"
"SC","dillon","Dillon"
"SC","donalds","Donalds"
"SC","dovesville","Dovesville"
"SC","drayton","Drayton"
"SC","due west","Due West"
"SC","dunbar","Dunbar"
"SC","duncan","Duncan"
"SC","dunean","Dunean"
"SC","easley","Easley"
"SC","east camden","East Camden"
"SC","east gaffney","East Gaffney"
"SC","east sumter","East Sumter"
"SC","eastover","Eastover"
"SC","edgefield","Edgefield"
"SC","edisto","Edisto"
"SC","edisto beach","Edisto Beach"
"SC","edmund","Edmund"
"SC","ehrhardt","Ehrhardt"
"SC","elgin","Elgin"
"SC","elko","Elko"
"SC","elliott","Elliott"
"SC","elloree","Elloree"
"SC","enoree","Enoree"
"SC","estill","Estill"
"SC","eureka mill","Eureka Mill"
"SC","eutawville","Eutawville"
"SC","fair play","Fair Play"
"SC","fairfax","Fairfax"
"SC","fairforest","Fairforest"
"SC","fairview crossroads","Fairview Crossroads"
"SC","fingerville","Fingerville"
"SC","finklea","Finklea"
"SC","five forks","Five Forks"
"SC","florence","Florence"
"SC","floydale","Floydale"
"SC","folly beach","Folly Beach"
"SC","forest acres","Forest Acres"
"SC","forestbrook","Forestbrook"
"SC","foreston","Foreston"
"SC","fort lawn","Fort Lawn"
"SC","fort mill","Fort Mill"
"SC","fountain inn","Fountain Inn"
"SC","fripp island","Fripp Island"
"SC","furman","Furman"
"SC","gadsden","Gadsden"
"SC","gaffney","Gaffney"
"SC","gantt","Gantt"
"SC","garden city","Garden City"
"SC","gaston","Gaston"
"SC","gayle mill","Gayle Mill"
"SC","georgetown","Georgetown"
"SC","gifford","Gifford"
"SC","gilbert","Gilbert"
"SC","gillisonville","Gillisonville"
"SC","glendale","Glendale"
"SC","glenn springs","Glenn Springs"
"SC","gloverville","Gloverville"
"SC","golden grove","Golden Grove"
"SC","goose creek","Goose Creek"
"SC","govan","Govan"
"SC","gramling","Gramling"
"SC","graniteville","Graniteville"
"SC","gray court","Gray Court"
"SC","great falls","Great Falls"
"SC","greeleyville","Greeleyville"
"SC","green sea","Green Sea"
"SC","greenville","Greenville"
"SC","greenwood","Greenwood"
"SC","greer","Greer"
"SC","grover","Grover"
"SC","hamer","Hamer"
"SC","hampton","Hampton"
"SC","hanahan","Hanahan"
"SC","harbor island","Harbor Island"
"SC","hardeeville","Hardeeville"
"SC","harleyville","Harleyville"
"SC","hartsville","Hartsville"
"SC","heath springs","Heath Springs"
"SC","helena","Helena"
"SC","hemingway","Hemingway"
"SC","hickory grove","Hickory Grove"
"SC","hilda","Hilda"
"SC","hilltop","Hilltop"
"SC","hilton head island","Hilton Head Island"
"SC","hodges","Hodges"
"SC","holly hill","Holly Hill"
"SC","hollywood","Hollywood"
"SC","homeland park","Homeland Park"
"SC","homewood","Homewood"
"SC","honea path","Honea Path"
"SC","hopkins","Hopkins"
"SC","india hook","India Hook"
"SC","inman","Inman"
"SC","inman mills","Inman Mills"
"SC","irmo","Irmo"
"SC","irwin","Irwin"
"SC","islandton","Islandton"
"SC","isle of palms","Isle of Palms"
"SC","iva","Iva"
"SC","jackson","Jackson"
"SC","jacksonboro","Jacksonboro"
"SC","james island","James Island"
"SC","jamestown","Jamestown"
"SC","jefferson","Jefferson"
"SC","jenkinsville","Jenkinsville"
"SC","joanna","Joanna"
"SC","johnsonville","Johnsonville"
"SC","johnston","Johnston"
"SC","jonesville","Jonesville"
"SC","judson","Judson"
"SC","keowee key","Keowee Key"
"SC","kershaw","Kershaw"
"SC","ketchuptown","Ketchuptown"
"SC","kiawah island","Kiawah Island"
"SC","kingstree","Kingstree"
"SC","kline","Kline"
"SC","la france","La France"
"SC","ladson","Ladson"
"SC","lake city","Lake City"
"SC","lake murray of richland","Lake Murray of Richland"
"SC","lake secession","Lake Secession"
"SC","lake view","Lake View"
"SC","lake wylie","Lake Wylie"
"SC","lakewood","Lakewood"
"SC","lamar","Lamar"
"SC","lancaster","Lancaster"
"SC","landrum","Landrum"
"SC","lane","Lane"
"SC","langley","Langley"
"SC","latta","Latta"
"SC","laurel bay","Laurel Bay"
"SC","laurens","Laurens"
"SC","lesslie","Lesslie"
"SC","lexington","Lexington"
"SC","liberty","Liberty"
"SC","lincolnville","Lincolnville"
"SC","litchfield beach","Litchfield Beach"
"SC","little mountain","Little Mountain"
"SC","little river","Little River"
"SC","little rock","Little Rock"
"SC","live oak","Live Oak"
"SC","livingston","Livingston"
"SC","lobeco","Lobeco"
"SC","lockhart","Lockhart"
"SC","lodge","Lodge"
"SC","longcreek","Longcreek"
"SC","loris","Loris"
"SC","lowndesville","Lowndesville"
"SC","lowrys","Lowrys"
"SC","lugoff","Lugoff"
"SC","luray","Luray"
"SC","lydia","Lydia"
"SC","lyman","Lyman"
"SC","lynchburg","Lynchburg"
"SC","manning","Manning"
"SC","manville","Manville"
"SC","marion","Marion"
"SC","mauldin","Mauldin"
"SC","mayesville","Mayesville"
"SC","mayo","Mayo"
"SC","mcbee","McBee"
"SC","mcclellanville","McClellanville"
"SC","mccoll","McColl"
"SC","mcconnells","McConnells"
"SC","mccormick","McCormick"
"SC","meggett","Meggett"
"SC","modoc","Modoc"
"SC","monarch mill","Monarch Mill"
"SC","moncks corner","Moncks Corner"
"SC","monetta","Monetta"
"SC","mount carmel","Mount Carmel"
"SC","mount croghan","Mount Croghan"
"SC","mount pleasant","Mount Pleasant"
"SC","mountville","Mountville"
"SC","mulberry","Mulberry"
"SC","mullins","Mullins"
"SC","murphys estates","Murphys Estates"
"SC","murrells inlet","Murrells Inlet"
"SC","myrtle beach","Myrtle Beach"
"SC","neeses","Neeses"
"SC","new ellenton","New Ellenton"
"SC","newberry","Newberry"
"SC","newport","Newport"
"SC","newry","Newry"
"SC","newtown","Newtown"
"SC","nichols","Nichols"
"SC","ninety six","Ninety Six"
"SC","norris","Norris"
"SC","north","North"
"SC","north augusta","North Augusta"
"SC","north charleston","North Charleston"
"SC","north hartsville","North Hartsville"
"SC","north myrtle beach","North Myrtle Beach"
"SC","north santee","North Santee"
"SC","northlake","Northlake"
"SC","norway","Norway"
"SC","oak grove","Oak Grove"
"SC","oakland","Oakland"
"SC","olanta","Olanta"
"SC","olar","Olar"
"SC","olympia","Olympia"
"SC","orangeburg","Orangeburg"
"SC","oswego","Oswego"
"SC","pacolet","Pacolet"
"SC","pageland","Pageland"
"SC","pamplico","Pamplico"
"SC","parker","Parker"
"SC","parksville","Parksville"
"SC","patrick","Patrick"
"SC","pauline","Pauline"
"SC","pawleys island","Pawleys Island"
"SC","paxville","Paxville"
"SC","peak","Peak"
"SC","pelion","Pelion"
"SC","pelzer","Pelzer"
"SC","pendleton","Pendleton"
"SC","perry","Perry"
"SC","pickens","Pickens"
"SC","piedmont","Piedmont"
"SC","pimlico","Pimlico"
"SC","pine ridge","Pine Ridge"
"SC","pinewood","Pinewood"
"SC","pinopolis","Pinopolis"
"SC","plum branch","Plum Branch"
"SC","pomaria","Pomaria"
"SC","port royal","Port Royal"
"SC","powdersville","Powdersville"
"SC","princeton","Princeton"
"SC","privateer","Privateer"
"SC","promised land","Promised Land"
"SC","prosperity","Prosperity"
"SC","quinby","Quinby"
"SC","rains","Rains"
"SC","ravenel","Ravenel"
"SC","red bank","Red Bank"
"SC","red hill","Red Hill"
"SC","reevesville","Reevesville"
"SC","reidville","Reidville"
"SC","rembert","Rembert"
"SC","richburg","Richburg"
"SC","ridge spring","Ridge Spring"
"SC","ridgeland","Ridgeland"
"SC","ridgeville","Ridgeville"
"SC","ridgeway","Ridgeway"
"SC","riverview","Riverview"
"SC","rock hill","Rock Hill"
"SC","rockville","Rockville"
"SC","roebuck","Roebuck"
"SC","rowesville","Rowesville"
"SC","ruby","Ruby"
"SC","russellville","Russellville"
"SC","salem","Salem"
"SC","salley","Salley"
"SC","saluda","Saluda"
"SC","sandy springs","Sandy Springs"
"SC","sangaree","Sangaree"
"SC","sans souci","Sans Souci"
"SC","santee","Santee"
"SC","saxon","Saxon"
"SC","scotia","Scotia"
"SC","scranton","Scranton"
"SC","seabrook","Seabrook"
"SC","seabrook island","Seabrook Island"
"SC","sellers","Sellers"
"SC","seneca","Seneca"
"SC","seven oaks","Seven Oaks"
"SC","sharon","Sharon"
"SC","sheldon","Sheldon"
"SC","shell point","Shell Point"
"SC","shiloh","Shiloh"
"SC","silverstreet","Silverstreet"
"SC","simpsonville","Simpsonville"
"SC","six mile","Six Mile"
"SC","slater-marietta","Slater-Marietta"
"SC","smoaks","Smoaks"
"SC","smyrna","Smyrna"
"SC","snelling","Snelling"
"SC","socastee","Socastee"
"SC","society hill","Society Hill"
"SC","south congaree","South Congaree"
"SC","south sumter","South Sumter"
"SC","south union","South Union"
"SC","southern shops","Southern Shops"
"SC","spartanburg","Spartanburg"
"SC","springdale","Springdale"
"SC","springfield","Springfield"
"SC","st. andrews","St. Andrews"
"SC","st. charles","St. Charles"
"SC","st. george","St. George"
"SC","st. matthews","St. Matthews"
"SC","st. stephen","St. Stephen"
"SC","starr","Starr"
"SC","startex","Startex"
"SC","stateburg","Stateburg"
"SC","stuckey","Stuckey"
"SC","sullivan's island","Sullivan's Island"
"SC","summerton","Summerton"
"SC","summerville","Summerville"
"SC","summit","Summit"
"SC","sumter","Sumter"
"SC","surfside beach","Surfside Beach"
"SC","swansea","Swansea"
"SC","sycamore","Sycamore"
"SC","tamassee","Tamassee"
"SC","tatum","Tatum"
"SC","taylors","Taylors"
"SC","tega cay","Tega Cay"
"SC","the cliffs valley","The Cliffs Valley"
"SC","tigerville","Tigerville"
"SC","timmonsville","Timmonsville"
"SC","tradesville","Tradesville"
"SC","travelers rest","Travelers Rest"
"SC","trenton","Trenton"
"SC","troy","Troy"
"SC","turbeville","Turbeville"
"SC","ulmer","Ulmer"
"SC","union","Union"
"SC","unity","Unity"
"SC","utica","Utica"
"SC","valley falls","Valley Falls"
"SC","van wyck","Van Wyck"
"SC","vance","Vance"
"SC","varnville","Varnville"
"SC","wade hampton","Wade Hampton"
"SC","wagener","Wagener"
"SC","walhalla","Walhalla"
"SC","wallace","Wallace"
"SC","walterboro","Walterboro"
"SC","ward","Ward"
"SC","ware place","Ware Place"
"SC","ware shoals","Ware Shoals"
"SC","warrenville","Warrenville"
"SC","waterloo","Waterloo"
"SC","watts mills","Watts Mills"
"SC","wedgefield","Wedgefield"
"SC","welcome","Welcome"
"SC","wellford","Wellford"
"SC","west columbia","West Columbia"
"SC","west pelzer","West Pelzer"
"SC","west union","West Union"
"SC","westminster","Westminster"
"SC","white knoll","White Knoll"
"SC","whitmire","Whitmire"
"SC","whitney","Whitney"
"SC","wilkinson heights","Wilkinson Heights"
"SC","williams","Williams"
"SC","williamston","Williamston"
"SC","willington","Willington"
"SC","williston","Williston"
"SC","windsor","Windsor"
"SC","winnsboro","Winnsboro"
"SC","winnsboro mills","Winnsboro Mills"
"SC","wisacky","Wisacky"
"SC","woodfield","Woodfield"
"SC","woodford","Woodford"
"SC","woodruff","Woodruff"
"SC","wyboo","Wyboo"
"SC","yemassee","Yemassee"
"SC","york","York"
"SC","zion","Zion"
"SD","aberdeen","Aberdeen"
"SD","agar","Agar"
"SD","agency village","Agency Village"
"SD","akaska","Akaska"
"SD","albee","Albee"
"SD","alcester","Alcester"
"SD","alexandria","Alexandria"
"SD","allen","Allen"
"SD","alpena","Alpena"
"SD","altamont","Altamont"
"SD","anderson","Anderson"
"SD","andover","Andover"
"SD","angostura","Angostura"
"SD","antelope","Antelope"
"SD","ardmore","Ardmore"
"SD","arlington","Arlington"
"SD","armour","Armour"
"SD","artas","Artas"
"SD","artesian","Artesian"
"SD","ashland heights","Ashland Heights"
"SD","ashton","Ashton"
"SD","astoria","Astoria"
"SD","aurora","Aurora"
"SD","aurora center","Aurora Center"
"SD","avon","Avon"
"SD","badger","Badger"
"SD","baltic","Baltic"
"SD","bancroft","Bancroft"
"SD","batesland","Batesland"
"SD","bath","Bath"
"SD","bath corner","Bath Corner"
"SD","belle fourche","Belle Fourche"
"SD","belvidere","Belvidere"
"SD","beresford","Beresford"
"SD","big stone city","Big Stone City"
"SD","bijou hills","Bijou Hills"
"SD","bison","Bison"
"SD","blackhawk","Blackhawk"
"SD","blucksberg mountain","Blucksberg Mountain"
"SD","blumengard colony","Blumengard Colony"
"SD","blunt","Blunt"
"SD","bon homme colony","Bon Homme Colony"
"SD","bonesteel","Bonesteel"
"SD","boulder canyon","Boulder Canyon"
"SD","bowdle","Bowdle"
"SD","box elder","Box Elder"
"SD","bradley","Bradley"
"SD","brandon","Brandon"
"SD","brandt","Brandt"
"SD","brant lake","Brant Lake"
"SD","brant lake south","Brant Lake South"
"SD","brentford","Brentford"
"SD","brentwood colony","Brentwood Colony"
"SD","bridger","Bridger"
"SD","bridgewater","Bridgewater"
"SD","bristol","Bristol"
"SD","britton","Britton"
"SD","broadland","Broadland"
"SD","brookings","Brookings"
"SD","bruce","Bruce"
"SD","bryant","Bryant"
"SD","buffalo","Buffalo"
"SD","buffalo gap","Buffalo Gap"
"SD","bullhead","Bullhead"
"SD","burbank","Burbank"
"SD","burke","Burke"
"SD","bushnell","Bushnell"
"SD","butler","Butler"
"SD","cameron colony","Cameron Colony"
"SD","camp crook","Camp Crook"
"SD","camrose colony","Camrose Colony"
"SD","canistota","Canistota"
"SD","canova","Canova"
"SD","canton","Canton"
"SD","caputa","Caputa"
"SD","carthage","Carthage"
"SD","castlewood","Castlewood"
"SD","cavour","Cavour"
"SD","cedar grove colony","Cedar Grove Colony"
"SD","centerville","Centerville"
"SD","central city","Central City"
"SD","chamberlain","Chamberlain"
"SD","chancellor","Chancellor"
"SD","chelsea","Chelsea"
"SD","cherry creek","Cherry Creek"
"SD","chester","Chester"
"SD","claire city","Claire City"
"SD","claremont","Claremont"
"SD","claremont colony","Claremont Colony"
"SD","clark","Clark"
"SD","clark colony","Clark Colony"
"SD","clear lake","Clear Lake"
"SD","clearfield colony","Clearfield Colony"
"SD","cloverleaf colony","Cloverleaf Colony"
"SD","collins colony","Collins Colony"
"SD","colman","Colman"
"SD","colome","Colome"
"SD","colonial pine hills","Colonial Pine Hills"
"SD","colton","Colton"
"SD","columbia","Columbia"
"SD","conde","Conde"
"SD","corn creek","Corn Creek"
"SD","corona","Corona"
"SD","corsica","Corsica"
"SD","cottonwood","Cottonwood"
"SD","cow creek","Cow Creek"
"SD","cresbard","Cresbard"
"SD","crocker","Crocker"
"SD","crook city","Crook City"
"SD","crooks","Crooks"
"SD","custer","Custer"
"SD","dakota dunes","Dakota Dunes"
"SD","dallas","Dallas"
"SD","dante","Dante"
"SD","davis","Davis"
"SD","de smet","De Smet"
"SD","deadwood","Deadwood"
"SD","deerfield colony","Deerfield Colony"
"SD","dell rapids","Dell Rapids"
"SD","delmont","Delmont"
"SD","dimock","Dimock"
"SD","doland","Doland"
"SD","dolton","Dolton"
"SD","draper","Draper"
"SD","dudley","Dudley"
"SD","dupree","Dupree"
"SD","eagle butte","Eagle Butte"
"SD","eden","Eden"
"SD","edgemont","Edgemont"
"SD","egan","Egan"
"SD","elk point","Elk Point"
"SD","elkton","Elkton"
"SD","emery","Emery"
"SD","enemy swim","Enemy Swim"
"SD","erwin","Erwin"
"SD","estelline","Estelline"
"SD","ethan","Ethan"
"SD","eureka","Eureka"
"SD","evergreen colony","Evergreen Colony"
"SD","fairburn","Fairburn"
"SD","fairfax","Fairfax"
"SD","fairview","Fairview"
"SD","faith","Faith"
"SD","farmer","Farmer"
"SD","faulkton","Faulkton"
"SD","fedora","Fedora"
"SD","ferney","Ferney"
"SD","flandreau","Flandreau"
"SD","florence","Florence"
"SD","fordham colony","Fordham Colony"
"SD","forestburg","Forestburg"
"SD","fort pierre","Fort Pierre"
"SD","fort thompson","Fort Thompson"
"SD","frankfort","Frankfort"
"SD","frederick","Frederick"
"SD","freeman","Freeman"
"SD","fruitdale","Fruitdale"
"SD","fulton","Fulton"
"SD","gann valley","Gann Valley"
"SD","garden city","Garden City"
"SD","garretson","Garretson"
"SD","gary","Gary"
"SD","gayville","Gayville"
"SD","geddes","Geddes"
"SD","gettysburg","Gettysburg"
"SD","glendale colony","Glendale Colony"
"SD","glenham","Glenham"
"SD","golden view colony","Golden View Colony"
"SD","goodwin","Goodwin"
"SD","graceville colony","Graceville Colony"
"SD","grass ranch colony","Grass Ranch Colony"
"SD","grassland colony","Grassland Colony"
"SD","green grass","Green Grass"
"SD","green valley","Green Valley"
"SD","greenwood colony","Greenwood Colony"
"SD","gregory","Gregory"
"SD","grenville","Grenville"
"SD","groton","Groton"
"SD","hamill","Hamill"
"SD","harrisburg","Harrisburg"
"SD","harrison","Harrison"
"SD","harrold","Harrold"
"SD","hartford","Hartford"
"SD","hayti","Hayti"
"SD","hazel","Hazel"
"SD","hecla","Hecla"
"SD","henry","Henry"
"SD","hermosa","Hermosa"
"SD","herreid","Herreid"
"SD","herrick","Herrick"
"SD","hetland","Hetland"
"SD","highmore","Highmore"
"SD","hill city","Hill City"
"SD","hillcrest colony","Hillcrest Colony"
"SD","hillside colony","Hillside Colony"
"SD","hillsview","Hillsview"
"SD","hitchcock","Hitchcock"
"SD","horse creek","Horse Creek"
"SD","hosmer","Hosmer"
"SD","hot springs","Hot Springs"
"SD","hoven","Hoven"
"SD","howard","Howard"
"SD","hudson","Hudson"
"SD","humboldt","Humboldt"
"SD","hurley","Hurley"
"SD","huron","Huron"
"SD","huron colony","Huron Colony"
"SD","hutterville colony","Hutterville Colony"
"SD","ideal","Ideal"
"SD","interior","Interior"
"SD","ipswich","Ipswich"
"SD","irene","Irene"
"SD","iroquois","Iroquois"
"SD","isabel","Isabel"
"SD","jamesville colony","Jamesville Colony"
"SD","java","Java"
"SD","jefferson","Jefferson"
"SD","johnson siding","Johnson Siding"
"SD","kadoka","Kadoka"
"SD","kaylor","Kaylor"
"SD","kenel","Kenel"
"SD","kennebec","Kennebec"
"SD","keystone","Keystone"
"SD","kidder","Kidder"
"SD","kimball","Kimball"
"SD","kranzburg","Kranzburg"
"SD","kyle","Kyle"
"SD","la bolt","La Bolt"
"SD","la plant","La Plant"
"SD","lake andes","Lake Andes"
"SD","lake city","Lake City"
"SD","lake madison","Lake Madison"
"SD","lake norden","Lake Norden"
"SD","lake poinsett","Lake Poinsett"
"SD","lake preston","Lake Preston"
"SD","lakeview colony","Lakeview Colony"
"SD","lane","Lane"
"SD","langford","Langford"
"SD","lantry","Lantry"
"SD","lead","Lead"
"SD","lebanon","Lebanon"
"SD","lemmon","Lemmon"
"SD","lennox","Lennox"
"SD","leola","Leola"
"SD","lesterville","Lesterville"
"SD","letcher","Letcher"
"SD","little eagle","Little Eagle"
"SD","long hollow","Long Hollow"
"SD","long lake","Long Lake"
"SD","long lake colony","Long Lake Colony"
"SD","loomis","Loomis"
"SD","lower brule","Lower Brule"
"SD","lowry","Lowry"
"SD","lyons","Lyons"
"SD","madison","Madison"
"SD","manderson-white horse creek","Manderson-White Horse Creek"
"SD","mansfield","Mansfield"
"SD","marion","Marion"
"SD","martin","Martin"
"SD","marty","Marty"
"SD","marvin","Marvin"
"SD","maverick junction","Maverick Junction"
"SD","maxwell colony","Maxwell Colony"
"SD","mayfield colony","Mayfield Colony"
"SD","mcintosh","McIntosh"
"SD","mclaughlin","McLaughlin"
"SD","meadow view addition","Meadow View Addition"
"SD","meckling","Meckling"
"SD","mellette","Mellette"
"SD","menno","Menno"
"SD","midland","Midland"
"SD","milbank","Milbank"
"SD","millbrook colony","Millbrook Colony"
"SD","miller","Miller"
"SD","millerdale colony","Millerdale Colony"
"SD","milltown","Milltown"
"SD","mina","Mina"
"SD","mission","Mission"
"SD","mission hill","Mission Hill"
"SD","mitchell","Mitchell"
"SD","mobridge","Mobridge"
"SD","monroe","Monroe"
"SD","montrose","Montrose"
"SD","morningside","Morningside"
"SD","morristown","Morristown"
"SD","mound city","Mound City"
"SD","mount vernon","Mount Vernon"
"SD","mountain plains","Mountain Plains"
"SD","murdo","Murdo"
"SD","naples","Naples"
"SD","new effington","New Effington"
"SD","new elm spring colony","New Elm Spring Colony"
"SD","new holland","New Holland"
"SD","new underwood","New Underwood"
"SD","new witten","New Witten"
"SD","newdale colony","Newdale Colony"
"SD","newell","Newell"
"SD","newport colony","Newport Colony"
"SD","nisland","Nisland"
"SD","norfeld colony","Norfeld Colony"
"SD","norris","Norris"
"SD","north eagle butte","North Eagle Butte"
"SD","north sioux city","North Sioux City"
"SD","north spearfish","North Spearfish"
"SD","northville","Northville"
"SD","nunda","Nunda"
"SD","oacoma","Oacoma"
"SD","oahe acres","Oahe Acres"
"SD","oak lane colony","Oak Lane Colony"
"SD","oelrichs","Oelrichs"
"SD","oglala","Oglala"
"SD","okaton","Okaton"
"SD","okreek","Okreek"
"SD","ola","Ola"
"SD","old elm spring colony","Old Elm Spring Colony"
"SD","oldham","Oldham"
"SD","olivet","Olivet"
"SD","onaka","Onaka"
"SD","onida","Onida"
"SD","oral","Oral"
"SD","orient","Orient"
"SD","orland colony","Orland Colony"
"SD","ortley","Ortley"
"SD","parker","Parker"
"SD","parkston","Parkston"
"SD","parmelee","Parmelee"
"SD","pearl creek colony","Pearl Creek Colony"
"SD","peever","Peever"
"SD","peever flats","Peever Flats"
"SD","pembrook colony","Pembrook Colony"
"SD","philip","Philip"
"SD","pickstown","Pickstown"
"SD","piedmont","Piedmont"
"SD","pierpont","Pierpont"
"SD","pierre","Pierre"
"SD","pine lakes addition","Pine Lakes Addition"
"SD","pine ridge","Pine Ridge"
"SD","plainview colony","Plainview Colony"
"SD","plankinton","Plankinton"
"SD","platte","Platte"
"SD","platte colony","Platte Colony"
"SD","pleasant valley colony","Pleasant Valley Colony"
"SD","poinsett colony","Poinsett Colony"
"SD","pollock","Pollock"
"SD","porcupine","Porcupine"
"SD","prairie city","Prairie City"
"SD","prairiewood village","Prairiewood Village"
"SD","presho","Presho"
"SD","pringle","Pringle"
"SD","provo","Provo"
"SD","pukwana","Pukwana"
"SD","quinn","Quinn"
"SD","ramona","Ramona"
"SD","rapid city","Rapid City"
"SD","rapid valley","Rapid Valley"
"SD","ravinia","Ravinia"
"SD","raymond","Raymond"
"SD","redfield","Redfield"
"SD","ree heights","Ree Heights"
"SD","reliance","Reliance"
"SD","renner corner","Renner Corner"
"SD","revillo","Revillo"
"SD","richland","Richland"
"SD","riverside colony","Riverside Colony"
"SD","rockham","Rockham"
"SD","rockport colony","Rockport Colony"
"SD","rolland colony","Rolland Colony"
"SD","roscoe","Roscoe"
"SD","rosebud","Rosebud"
"SD","rosedale colony","Rosedale Colony"
"SD","rosholt","Rosholt"
"SD","roslyn","Roslyn"
"SD","roswell","Roswell"
"SD","rowena","Rowena"
"SD","running water","Running Water"
"SD","rustic acres colony","Rustic Acres Colony"
"SD","salem","Salem"
"SD","scotland","Scotland"
"SD","selby","Selby"
"SD","seneca","Seneca"
"SD","shamrock colony","Shamrock Colony"
"SD","shannon colony","Shannon Colony"
"SD","sherman","Sherman"
"SD","shindler","Shindler"
"SD","sicangu village","Sicangu Village"
"SD","silver lake colony","Silver Lake Colony"
"SD","sinai","Sinai"
"SD","sioux falls","Sioux Falls"
"SD","sisseton","Sisseton"
"SD","smithwick","Smithwick"
"SD","soldier creek","Soldier Creek"
"SD","south shore","South Shore"
"SD","spearfish","Spearfish"
"SD","spencer","Spencer"
"SD","spink colony","Spink Colony"
"SD","spring creek","Spring Creek"
"SD","spring creek colony","Spring Creek Colony"
"SD","spring lake colony","Spring Lake Colony"
"SD","spring valley colony","Spring Valley Colony"
"SD","springfield","Springfield"
"SD","st. charles","St. Charles"
"SD","st. francis","St. Francis"
"SD","st. lawrence","St. Lawrence"
"SD","st. onge","St. Onge"
"SD","stephan","Stephan"
"SD","stickney","Stickney"
"SD","stockholm","Stockholm"
"SD","storla","Storla"
"SD","strandburg","Strandburg"
"SD","stratford","Stratford"
"SD","sturgis","Sturgis"
"SD","summerset","Summerset"
"SD","summit","Summit"
"SD","sunset colony","Sunset Colony"
"SD","swift bird","Swift Bird"
"SD","tabor","Tabor"
"SD","tea","Tea"
"SD","thunderbird colony","Thunderbird Colony"
"SD","timber lake","Timber Lake"
"SD","tolstoy","Tolstoy"
"SD","toronto","Toronto"
"SD","trent","Trent"
"SD","tripp","Tripp"
"SD","tschetter colony","Tschetter Colony"
"SD","tulare","Tulare"
"SD","turton","Turton"
"SD","twin brooks","Twin Brooks"
"SD","two strike","Two Strike"
"SD","tyndall","Tyndall"
"SD","upland colony","Upland Colony"
"SD","utica","Utica"
"SD","vale","Vale"
"SD","valley springs","Valley Springs"
"SD","veblen","Veblen"
"SD","verdon","Verdon"
"SD","vermillion","Vermillion"
"SD","viborg","Viborg"
"SD","vienna","Vienna"
"SD","vilas","Vilas"
"SD","virgil","Virgil"
"SD","vivian","Vivian"
"SD","volga","Volga"
"SD","volin","Volin"
"SD","wagner","Wagner"
"SD","wakonda","Wakonda"
"SD","wakpala","Wakpala"
"SD","wall","Wall"
"SD","wallace","Wallace"
"SD","wanblee","Wanblee"
"SD","ward","Ward"
"SD","warner","Warner"
"SD","wasta","Wasta"
"SD","watertown","Watertown"
"SD","waubay","Waubay"
"SD","waverly","Waverly"
"SD","webster","Webster"
"SD","wentworth","Wentworth"
"SD","wessington","Wessington"
"SD","wessington springs","Wessington Springs"
"SD","west brule","West Brule"
"SD","westport","Westport"
"SD","westwood colony","Westwood Colony"
"SD","wetonka","Wetonka"
"SD","white","White"
"SD","white horse","White Horse"
"SD","white lake","White Lake"
"SD","white river","White River"
"SD","white rock","White Rock"
"SD","white rock colony","White Rock Colony"
"SD","whitehorse","Whitehorse"
"SD","whitewood","Whitewood"
"SD","willow lake","Willow Lake"
"SD","wilmot","Wilmot"
"SD","winfred","Winfred"
"SD","winner","Winner"
"SD","wolf creek colony","Wolf Creek Colony"
"SD","wolsey","Wolsey"
"SD","wonderland homes","Wonderland Homes"
"SD","wood","Wood"
"SD","woonsocket","Woonsocket"
"SD","worthing","Worthing"
"SD","wounded knee","Wounded Knee"
"SD","yale","Yale"
"SD","yankton","Yankton"
"TN","adams","Adams"
"TN","adamsville","Adamsville"
"TN","alamo","Alamo"
"TN","alcoa","Alcoa"
"TN","alexandria","Alexandria"
"TN","algood","Algood"
"TN","allardt","Allardt"
"TN","altamont","Altamont"
"TN","andersonville","Andersonville"
"TN","apison","Apison"
"TN","ardmore","Ardmore"
"TN","arlington","Arlington"
"TN","ashland city","Ashland City"
"TN","athens","Athens"
"TN","atoka","Atoka"
"TN","atwood","Atwood"
"TN","auburntown","Auburntown"
"TN","baileyton","Baileyton"
"TN","baneberry","Baneberry"
"TN","banner hill","Banner Hill"
"TN","bartlett","Bartlett"
"TN","baxter","Baxter"
"TN","bean station","Bean Station"
"TN","beech bluff","Beech Bluff"
"TN","beersheba springs","Beersheba Springs"
"TN","bell buckle","Bell Buckle"
"TN","belle meade","Belle Meade"
"TN","bells","Bells"
"TN","belvidere","Belvidere"
"TN","benton","Benton"
"TN","berry hill","Berry Hill"
"TN","bethel springs","Bethel Springs"
"TN","bethpage","Bethpage"
"TN","big rock","Big Rock"
"TN","big sandy","Big Sandy"
"TN","biltmore","Biltmore"
"TN","blaine","Blaine"
"TN","blanche","Blanche"
"TN","bloomingdale","Bloomingdale"
"TN","blountville","Blountville"
"TN","bluff city","Bluff City"
"TN","bogota","Bogota"
"TN","bolivar","Bolivar"
"TN","bon air","Bon Air"
"TN","bon aqua junction","Bon Aqua Junction"
"TN","bowman","Bowman"
"TN","braden","Braden"
"TN","bradford","Bradford"
"TN","bransford","Bransford"
"TN","brentwood","Brentwood"
"TN","briceville","Briceville"
"TN","brighton","Brighton"
"TN","bristol","Bristol"
"TN","brownsville","Brownsville"
"TN","bruceton","Bruceton"
"TN","buchanan","Buchanan"
"TN","bulls gap","Bulls Gap"
"TN","burlison","Burlison"
"TN","burns","Burns"
"TN","butler","Butler"
"TN","byrdstown","Byrdstown"
"TN","calhoun","Calhoun"
"TN","camden","Camden"
"TN","carthage","Carthage"
"TN","caryville","Caryville"
"TN","castalian springs","Castalian Springs"
"TN","cedar hill","Cedar Hill"
"TN","celina","Celina"
"TN","centertown","Centertown"
"TN","centerville","Centerville"
"TN","central","Central"
"TN","chapel hill","Chapel Hill"
"TN","charleston","Charleston"
"TN","charlotte","Charlotte"
"TN","chattanooga","Chattanooga"
"TN","chesterfield","Chesterfield"
"TN","chewalla","Chewalla"
"TN","childers hill","Childers Hill"
"TN","christiana","Christiana"
"TN","church hill","Church Hill"
"TN","clarkrange","Clarkrange"
"TN","clarksburg","Clarksburg"
"TN","clarksville","Clarksville"
"TN","cleveland","Cleveland"
"TN","clifton","Clifton"
"TN","clinton","Clinton"
"TN","coalfield","Coalfield"
"TN","coalmont","Coalmont"
"TN","coker creek","Coker Creek"
"TN","collegedale","Collegedale"
"TN","collierville","Collierville"
"TN","collinwood","Collinwood"
"TN","colonial heights","Colonial Heights"
"TN","columbia","Columbia"
"TN","conasauga","Conasauga"
"TN","cookeville","Cookeville"
"TN","coopertown","Coopertown"
"TN","copperhill","Copperhill"
"TN","cornersville","Cornersville"
"TN","cosby","Cosby"
"TN","cottage grove","Cottage Grove"
"TN","cottontown","Cottontown"
"TN","counce","Counce"
"TN","covington","Covington"
"TN","cowan","Cowan"
"TN","crab orchard","Crab Orchard"
"TN","cross plains","Cross Plains"
"TN","crossville","Crossville"
"TN","crump","Crump"
"TN","cumberland city","Cumberland City"
"TN","cumberland gap","Cumberland Gap"
"TN","dancyville","Dancyville"
"TN","dandridge","Dandridge"
"TN","darden","Darden"
"TN","dayton","Dayton"
"TN","decatur","Decatur"
"TN","decaturville","Decaturville"
"TN","decherd","Decherd"
"TN","delano","Delano"
"TN","dellrose","Dellrose"
"TN","dickson","Dickson"
"TN","dodson branch","Dodson Branch"
"TN","dover","Dover"
"TN","dowelltown","Dowelltown"
"TN","doyle","Doyle"
"TN","dresden","Dresden"
"TN","ducktown","Ducktown"
"TN","dukedom","Dukedom"
"TN","dunlap","Dunlap"
"TN","dyer","Dyer"
"TN","dyersburg","Dyersburg"
"TN","eagleton village","Eagleton Village"
"TN","eagleville","Eagleville"
"TN","east cleveland","East Cleveland"
"TN","east ridge","East Ridge"
"TN","eastview","Eastview"
"TN","elgin","Elgin"
"TN","elizabethton","Elizabethton"
"TN","elkton","Elkton"
"TN","embreeville","Embreeville"
"TN","englewood","Englewood"
"TN","enville","Enville"
"TN","erin","Erin"
"TN","erwin","Erwin"
"TN","essary springs","Essary Springs"
"TN","estill springs","Estill Springs"
"TN","ethridge","Ethridge"
"TN","etowah","Etowah"
"TN","eva","Eva"
"TN","fairfield","Fairfield"
"TN","fairfield glade","Fairfield Glade"
"TN","fairgarden","Fairgarden"
"TN","fairmount","Fairmount"
"TN","fairview","Fairview"
"TN","fall branch","Fall Branch"
"TN","falling water","Falling Water"
"TN","farner","Farner"
"TN","farragut","Farragut"
"TN","fayetteville","Fayetteville"
"TN","fincastle","Fincastle"
"TN","finger","Finger"
"TN","finley","Finley"
"TN","flat top mountain","Flat Top Mountain"
"TN","flintville","Flintville"
"TN","forest hills","Forest Hills"
"TN","fowlkes","Fowlkes"
"TN","frankewing","Frankewing"
"TN","franklin","Franklin"
"TN","friendship","Friendship"
"TN","friendsville","Friendsville"
"TN","gadsden","Gadsden"
"TN","gainesboro","Gainesboro"
"TN","gallatin","Gallatin"
"TN","gallaway","Gallaway"
"TN","garland","Garland"
"TN","gates","Gates"
"TN","gatlinburg","Gatlinburg"
"TN","germantown","Germantown"
"TN","gibson","Gibson"
"TN","gilt edge","Gilt Edge"
"TN","gladeville","Gladeville"
"TN","gleason","Gleason"
"TN","goodlettsville","Goodlettsville"
"TN","gordonsville","Gordonsville"
"TN","graball","Graball"
"TN","grand junction","Grand Junction"
"TN","gray","Gray"
"TN","graysville","Graysville"
"TN","green hill","Green Hill"
"TN","greenback","Greenback"
"TN","greenbrier","Greenbrier"
"TN","greeneville","Greeneville"
"TN","greenfield","Greenfield"
"TN","greenvale","Greenvale"
"TN","griffith creek","Griffith Creek"
"TN","grimsley","Grimsley"
"TN","gruetli-laager","Gruetli-Laager"
"TN","guys","Guys"
"TN","halls","Halls"
"TN","hampton","Hampton"
"TN","harriman","Harriman"
"TN","harrison","Harrison"
"TN","harrogate","Harrogate"
"TN","hartsville/trousdale county","Hartsville/Trousdale County"
"TN","helenwood","Helenwood"
"TN","henderson","Henderson"
"TN","hendersonville","Hendersonville"
"TN","henning","Henning"
"TN","henry","Henry"
"TN","hickman","Hickman"
"TN","hickory valley","Hickory Valley"
"TN","hilham","Hilham"
"TN","hillsboro","Hillsboro"
"TN","hohenwald","Hohenwald"
"TN","holladay","Holladay"
"TN","hollow rock","Hollow Rock"
"TN","hopewell","Hopewell"
"TN","hornbeak","Hornbeak"
"TN","hornsby","Hornsby"
"TN","humboldt","Humboldt"
"TN","hunter","Hunter"
"TN","huntingdon","Huntingdon"
"TN","huntland","Huntland"
"TN","huntsville","Huntsville"
"TN","huron","Huron"
"TN","iron city","Iron City"
"TN","jacks creek","Jacks Creek"
"TN","jacksboro","Jacksboro"
"TN","jackson","Jackson"
"TN","jamestown","Jamestown"
"TN","jasper","Jasper"
"TN","jefferson city","Jefferson City"
"TN","jellico","Jellico"
"TN","john sevier","John Sevier"
"TN","johnson city","Johnson City"
"TN","jonesborough","Jonesborough"
"TN","kahite","Kahite"
"TN","karns","Karns"
"TN","kenton","Kenton"
"TN","kimball","Kimball"
"TN","kingsport","Kingsport"
"TN","kingston","Kingston"
"TN","kingston springs","Kingston Springs"
"TN","knoxville","Knoxville"
"TN","la follette","La Follette"
"TN","la grange","La Grange"
"TN","la vergne","La Vergne"
"TN","lafayette","Lafayette"
"TN","lake tansi","Lake Tansi"
"TN","lakeland","Lakeland"
"TN","lakesite","Lakesite"
"TN","lakewood park","Lakewood Park"
"TN","lavinia","Lavinia"
"TN","lawrenceburg","Lawrenceburg"
"TN","lebanon","Lebanon"
"TN","lenoir city","Lenoir City"
"TN","lenox","Lenox"
"TN","leoma","Leoma"
"TN","lewisburg","Lewisburg"
"TN","lexington","Lexington"
"TN","liberty","Liberty"
"TN","linden","Linden"
"TN","livingston","Livingston"
"TN","lobelville","Lobelville"
"TN","lone oak","Lone Oak"
"TN","lookout mountain","Lookout Mountain"
"TN","loretto","Loretto"
"TN","loudon","Loudon"
"TN","louisville","Louisville"
"TN","luray","Luray"
"TN","luttrell","Luttrell"
"TN","lyles","Lyles"
"TN","lynchburg, moore county","Lynchburg, Moore County"
"TN","lynnville","Lynnville"
"TN","madisonville","Madisonville"
"TN","manchester","Manchester"
"TN","martin","Martin"
"TN","maryville","Maryville"
"TN","mascot","Mascot"
"TN","mason","Mason"
"TN","maury city","Maury City"
"TN","mayland","Mayland"
"TN","maynardville","Maynardville"
"TN","mcdonald","McDonald"
"TN","mcewen","McEwen"
"TN","mckenzie","McKenzie"
"TN","mclemoresville","McLemoresville"
"TN","mcminnville","McMinnville"
"TN","medina","Medina"
"TN","medon","Medon"
"TN","memphis","Memphis"
"TN","mercer","Mercer"
"TN","michie","Michie"
"TN","middle valley","Middle Valley"
"TN","middleton","Middleton"
"TN","midtown","Midtown"
"TN","milan","Milan"
"TN","milledgeville","Milledgeville"
"TN","millersville","Millersville"
"TN","millington","Millington"
"TN","minor hill","Minor Hill"
"TN","miston","Miston"
"TN","mitchellville","Mitchellville"
"TN","monteagle","Monteagle"
"TN","monterey","Monterey"
"TN","mooresburg","Mooresburg"
"TN","morris chapel","Morris Chapel"
"TN","morrison","Morrison"
"TN","morristown","Morristown"
"TN","moscow","Moscow"
"TN","mosheim","Mosheim"
"TN","mount carmel","Mount Carmel"
"TN","mount juliet","Mount Juliet"
"TN","mount pleasant","Mount Pleasant"
"TN","mountain city","Mountain City"
"TN","mowbray mountain","Mowbray Mountain"
"TN","munford","Munford"
"TN","murfreesboro","Murfreesboro"
"TN","nashville-davidson metropolitan government (balance)","Nashville-Davidson metropolitan government (balance)"
"TN","new deal","New Deal"
"TN","new hope","New Hope"
"TN","new johnsonville","New Johnsonville"
"TN","new market","New Market"
"TN","new tazewell","New Tazewell"
"TN","new union","New Union"
"TN","newbern","Newbern"
"TN","newport","Newport"
"TN","niota","Niota"
"TN","nixon","Nixon"
"TN","nolensville","Nolensville"
"TN","norene","Norene"
"TN","normandy","Normandy"
"TN","norris","Norris"
"TN","oak grove","Oak Grove"
"TN","oak hill","Oak Hill"
"TN","oak ridge","Oak Ridge"
"TN","oakdale","Oakdale"
"TN","oakland","Oakland"
"TN","obion","Obion"
"TN","ocoee","Ocoee"
"TN","oliver springs","Oliver Springs"
"TN","olivet","Olivet"
"TN","oneida","Oneida"
"TN","ooltewah","Ooltewah"
"TN","orebank","Orebank"
"TN","orlinda","Orlinda"
"TN","orme","Orme"
"TN","palmer","Palmer"
"TN","palmersville","Palmersville"
"TN","paris","Paris"
"TN","park city","Park City"
"TN","parker's crossroads","Parker's Crossroads"
"TN","parrottsville","Parrottsville"
"TN","parsons","Parsons"
"TN","pegram","Pegram"
"TN","pelham","Pelham"
"TN","petersburg","Petersburg"
"TN","petros","Petros"
"TN","philadelphia","Philadelphia"
"TN","pigeon forge","Pigeon Forge"
"TN","pikeville","Pikeville"
"TN","pine crest","Pine Crest"
"TN","pinson","Pinson"
"TN","piperton","Piperton"
"TN","pittman center","Pittman Center"
"TN","plainview","Plainview"
"TN","pleasant hill","Pleasant Hill"
"TN","pleasant view","Pleasant View"
"TN","pocahontas","Pocahontas"
"TN","portland","Portland"
"TN","powell","Powell"
"TN","powells crossroads","Powells Crossroads"
"TN","prospect","Prospect"
"TN","pulaski","Pulaski"
"TN","puryear","Puryear"
"TN","ramer","Ramer"
"TN","randolph","Randolph"
"TN","rarity bay","Rarity Bay"
"TN","red bank","Red Bank"
"TN","red boiling springs","Red Boiling Springs"
"TN","riceville","Riceville"
"TN","ridgely","Ridgely"
"TN","ridgeside","Ridgeside"
"TN","ridgetop","Ridgetop"
"TN","ripley","Ripley"
"TN","rives","Rives"
"TN","roan mountain","Roan Mountain"
"TN","robbins","Robbins"
"TN","rockford","Rockford"
"TN","rockvale","Rockvale"
"TN","rockwood","Rockwood"
"TN","rocky top","Rocky Top"
"TN","rogersville","Rogersville"
"TN","rossville","Rossville"
"TN","rural hill","Rural Hill"
"TN","russellville","Russellville"
"TN","rutherford","Rutherford"
"TN","rutledge","Rutledge"
"TN","sale creek","Sale Creek"
"TN","saltillo","Saltillo"
"TN","samburg","Samburg"
"TN","sardis","Sardis"
"TN","saulsbury","Saulsbury"
"TN","savannah","Savannah"
"TN","scotts hill","Scotts Hill"
"TN","selmer","Selmer"
"TN","sequatchie","Sequatchie"
"TN","sevierville","Sevierville"
"TN","sewanee","Sewanee"
"TN","seymour","Seymour"
"TN","shackle island","Shackle Island"
"TN","sharon","Sharon"
"TN","shelbyville","Shelbyville"
"TN","sherwood","Sherwood"
"TN","shiloh","Shiloh"
"TN","signal mountain","Signal Mountain"
"TN","silerton","Silerton"
"TN","slayden","Slayden"
"TN","smithville","Smithville"
"TN","smyrna","Smyrna"
"TN","sneedville","Sneedville"
"TN","soddy-daisy","Soddy-Daisy"
"TN","somerville","Somerville"
"TN","south carthage","South Carthage"
"TN","south cleveland","South Cleveland"
"TN","south fulton","South Fulton"
"TN","south pittsburg","South Pittsburg"
"TN","sparta","Sparta"
"TN","spencer","Spencer"
"TN","spring city","Spring City"
"TN","spring hill","Spring Hill"
"TN","springfield","Springfield"
"TN","spurgeon","Spurgeon"
"TN","st. joseph","St. Joseph"
"TN","stanton","Stanton"
"TN","stantonville","Stantonville"
"TN","statesville","Statesville"
"TN","strawberry plains","Strawberry Plains"
"TN","sullivan gardens","Sullivan Gardens"
"TN","summertown","Summertown"
"TN","sunbright","Sunbright"
"TN","surgoinsville","Surgoinsville"
"TN","sweetwater","Sweetwater"
"TN","taft","Taft"
"TN","tazewell","Tazewell"
"TN","telford","Telford"
"TN","tellico plains","Tellico Plains"
"TN","tellico village","Tellico Village"
"TN","tennessee ridge","Tennessee Ridge"
"TN","thompson's station","Thompson's Station"
"TN","three way","Three Way"
"TN","tiptonville","Tiptonville"
"TN","toone","Toone"
"TN","townsend","Townsend"
"TN","tracy city","Tracy City"
"TN","trenton","Trenton"
"TN","trezevant","Trezevant"
"TN","trimble","Trimble"
"TN","troy","Troy"
"TN","tuckers crossroads","Tuckers Crossroads"
"TN","tullahoma","Tullahoma"
"TN","tusculum","Tusculum"
"TN","unicoi","Unicoi"
"TN","union city","Union City"
"TN","unionville","Unionville"
"TN","valley forge","Valley Forge"
"TN","vanleer","Vanleer"
"TN","viola","Viola"
"TN","vonore","Vonore"
"TN","walden","Walden"
"TN","walland","Walland"
"TN","walnut grove","Walnut Grove"
"TN","walnut hill","Walnut Hill"
"TN","walterhill","Walterhill"
"TN","wartburg","Wartburg"
"TN","wartrace","Wartrace"
"TN","watauga","Watauga"
"TN","watertown","Watertown"
"TN","waverly","Waverly"
"TN","waynesboro","Waynesboro"
"TN","westmoreland","Westmoreland"
"TN","westpoint","Westpoint"
"TN","white bluff","White Bluff"
"TN","white house","White House"
"TN","white pine","White Pine"
"TN","whiteside","Whiteside"
"TN","whiteville","Whiteville"
"TN","whitlock","Whitlock"
"TN","whitwell","Whitwell"
"TN","wildersville","Wildersville"
"TN","wildwood","Wildwood"
"TN","wildwood lake","Wildwood Lake"
"TN","williston","Williston"
"TN","winchester","Winchester"
"TN","winfield","Winfield"
"TN","woodbury","Woodbury"
"TN","woodland mills","Woodland Mills"
"TN","wrigley","Wrigley"
"TN","wynnburg","Wynnburg"
"TN","yorkville","Yorkville"
"TN","yuma","Yuma"
"TX","abbott","Abbott"
"TX","abernathy","Abernathy"
"TX","abilene","Abilene"
"TX","abram","Abram"
"TX","acala","Acala"
"TX","ackerly","Ackerly"
"TX","addison","Addison"
"TX","adrian","Adrian"
"TX","agua dulce","Agua Dulce"
"TX","aguilares","Aguilares"
"TX","airport heights","Airport Heights"
"TX","airport road addition","Airport Road Addition"
"TX","alamo","Alamo"
"TX","alamo beach","Alamo Beach"
"TX","alamo heights","Alamo Heights"
"TX","alanreed","Alanreed"
"TX","alba","Alba"
"TX","albany","Albany"
"TX","aldine","Aldine"
"TX","aledo","Aledo"
"TX","alfred","Alfred"
"TX","alice","Alice"
"TX","alice acres","Alice Acres"
"TX","allen","Allen"
"TX","allison","Allison"
"TX","alma","Alma"
"TX","alpine","Alpine"
"TX","alto","Alto"
"TX","alto bonito heights","Alto Bonito Heights"
"TX","alton","Alton"
"TX","alvarado","Alvarado"
"TX","alvin","Alvin"
"TX","alvord","Alvord"
"TX","amada acres","Amada Acres"
"TX","amargosa","Amargosa"
"TX","amarillo","Amarillo"
"TX","amaya","Amaya"
"TX","ames","Ames"
"TX","amherst","Amherst"
"TX","amistad","Amistad"
"TX","anacua","Anacua"
"TX","anahuac","Anahuac"
"TX","anderson","Anderson"
"TX","andrews","Andrews"
"TX","angleton","Angleton"
"TX","angus","Angus"
"TX","anna","Anna"
"TX","annetta","Annetta"
"TX","annetta north","Annetta North"
"TX","annetta south","Annetta South"
"TX","annona","Annona"
"TX","anson","Anson"
"TX","anthony","Anthony"
"TX","anton","Anton"
"TX","appleby","Appleby"
"TX","aquilla","Aquilla"
"TX","aransas pass","Aransas Pass"
"TX","archer city","Archer City"
"TX","arcola","Arcola"
"TX","argyle","Argyle"
"TX","arlington","Arlington"
"TX","arp","Arp"
"TX","arroyo colorado estates","Arroyo Colorado Estates"
"TX","arroyo gardens","Arroyo Gardens"
"TX","asherton","Asherton"
"TX","aspermont","Aspermont"
"TX","atascocita","Atascocita"
"TX","athens","Athens"
"TX","atlanta","Atlanta"
"TX","aubrey","Aubrey"
"TX","aurora","Aurora"
"TX","austin","Austin"
"TX","austwell","Austwell"
"TX","avery","Avery"
"TX","avinger","Avinger"
"TX","azle","Azle"
"TX","b and e","B and E"
"TX","bacliff","Bacliff"
"TX","bailey","Bailey"
"TX","bailey's prairie","Bailey's Prairie"
"TX","baird","Baird"
"TX","balch springs","Balch Springs"
"TX","balcones heights","Balcones Heights"
"TX","ballinger","Ballinger"
"TX","balmorhea","Balmorhea"
"TX","bandera","Bandera"
"TX","bangs","Bangs"
"TX","banquete","Banquete"
"TX","bardwell","Bardwell"
"TX","barksdale","Barksdale"
"TX","barrera","Barrera"
"TX","barrett","Barrett"
"TX","barry","Barry"
"TX","barstow","Barstow"
"TX","bartlett","Bartlett"
"TX","barton creek","Barton Creek"
"TX","bartonville","Bartonville"
"TX","bastrop","Bastrop"
"TX","batesville","Batesville"
"TX","bay city","Bay City"
"TX","bayou vista","Bayou Vista"
"TX","bayside","Bayside"
"TX","baytown","Baytown"
"TX","bayview","Bayview"
"TX","beach city","Beach City"
"TX","bear creek","Bear Creek"
"TX","bear creek ranch","Bear Creek Ranch"
"TX","beasley","Beasley"
"TX","beaumont","Beaumont"
"TX","beauxart gardens","Beauxart Gardens"
"TX","beaver creek","Beaver Creek"
"TX","beckville","Beckville"
"TX","bedford","Bedford"
"TX","bedias","Bedias"
"TX","bee cave","Bee Cave"
"TX","beeville","Beeville"
"TX","bellaire","Bellaire"
"TX","bellevue","Bellevue"
"TX","bellmead","Bellmead"
"TX","bells","Bells"
"TX","bellville","Bellville"
"TX","belterra","Belterra"
"TX","belton","Belton"
"TX","ben arnold","Ben Arnold"
"TX","ben bolt","Ben Bolt"
"TX","ben wheeler","Ben Wheeler"
"TX","benavides","Benavides"
"TX","benbrook","Benbrook"
"TX","benjamin","Benjamin"
"TX","benjamin perez","Benjamin Perez"
"TX","berryville","Berryville"
"TX","bertram","Bertram"
"TX","beverly hills","Beverly Hills"
"TX","bevil oaks","Bevil Oaks"
"TX","big lake","Big Lake"
"TX","big sandy","Big Sandy"
"TX","big spring","Big Spring"
"TX","big thicket lake estates","Big Thicket Lake Estates"
"TX","big wells","Big Wells"
"TX","bigfoot","Bigfoot"
"TX","bishop","Bishop"
"TX","bishop hills","Bishop Hills"
"TX","bivins","Bivins"
"TX","bixby","Bixby"
"TX","blackwell","Blackwell"
"TX","blanco","Blanco"
"TX","blanket","Blanket"
"TX","bledsoe","Bledsoe"
"TX","blessing","Blessing"
"TX","bloomburg","Bloomburg"
"TX","blooming grove","Blooming Grove"
"TX","bloomington","Bloomington"
"TX","blossom","Blossom"
"TX","blue berry hill","Blue Berry Hill"
"TX","blue mound","Blue Mound"
"TX","blue ridge","Blue Ridge"
"TX","bluetown","Bluetown"
"TX","bluff dale","Bluff Dale"
"TX","blum","Blum"
"TX","boerne","Boerne"
"TX","bogata","Bogata"
"TX","boling","Boling"
"TX","bolivar peninsula","Bolivar Peninsula"
"TX","bonanza hills","Bonanza Hills"
"TX","bonham","Bonham"
"TX","bonney","Bonney"
"TX","booker","Booker"
"TX","borger","Borger"
"TX","botines","Botines"
"TX","bovina","Bovina"
"TX","bowie","Bowie"
"TX","box canyon","Box Canyon"
"TX","boyd","Boyd"
"TX","boys ranch","Boys Ranch"
"TX","brackettville","Brackettville"
"TX","brady","Brady"
"TX","brazoria","Brazoria"
"TX","brazos","Brazos"
"TX","brazos country","Brazos Country"
"TX","breckenridge","Breckenridge"
"TX","bremond","Bremond"
"TX","brenham","Brenham"
"TX","briar","Briar"
"TX","briarcliff","Briarcliff"
"TX","briaroaks","Briaroaks"
"TX","bridge city","Bridge City"
"TX","bridgeport","Bridgeport"
"TX","briggs","Briggs"
"TX","bristol","Bristol"
"TX","broaddus","Broaddus"
"TX","bronte","Bronte"
"TX","brookshire","Brookshire"
"TX","brookside village","Brookside Village"
"TX","brookston","Brookston"
"TX","browndell","Browndell"
"TX","brownfield","Brownfield"
"TX","brownsboro","Brownsboro"
"TX","brownsville","Brownsville"
"TX","brownwood","Brownwood"
"TX","bruceville-eddy","Bruceville-Eddy"
"TX","brundage","Brundage"
"TX","bruni","Bruni"
"TX","brushy creek","Brushy Creek"
"TX","bryan","Bryan"
"TX","bryson","Bryson"
"TX","buchanan dam","Buchanan Dam"
"TX","buchanan lake village","Buchanan Lake Village"
"TX","buckholts","Buckholts"
"TX","buda","Buda"
"TX","buena vista","Buena Vista"
"TX","buffalo","Buffalo"
"TX","buffalo gap","Buffalo Gap"
"TX","buffalo springs lake","Buffalo Springs Lake"
"TX","bullard","Bullard"
"TX","bulverde","Bulverde"
"TX","buna","Buna"
"TX","bunker hill village","Bunker Hill Village"
"TX","burkburnett","Burkburnett"
"TX","burke","Burke"
"TX","burleson","Burleson"
"TX","burlington","Burlington"
"TX","burnet","Burnet"
"TX","burton","Burton"
"TX","bushland","Bushland"
"TX","butterfield","Butterfield"
"TX","byers","Byers"
"TX","bynum","Bynum"
"TX","cã©sar chã¡vez","CÃ©sar ChÃ¡vez"
"TX","cactus","Cactus"
"TX","caddo mills","Caddo Mills"
"TX","cade lakes","Cade Lakes"
"TX","caldwell","Caldwell"
"TX","callender lake","Callender Lake"
"TX","callisburg","Callisburg"
"TX","calvert","Calvert"
"TX","camargito","Camargito"
"TX","cameron","Cameron"
"TX","cameron park","Cameron Park"
"TX","camp swift","Camp Swift"
"TX","camp wood","Camp Wood"
"TX","campbell","Campbell"
"TX","campo verde","Campo Verde"
"TX","canadian","Canadian"
"TX","caney city","Caney City"
"TX","canton","Canton"
"TX","cantu addition","Cantu Addition"
"TX","canutillo","Canutillo"
"TX","canyon","Canyon"
"TX","canyon creek","Canyon Creek"
"TX","canyon lake","Canyon Lake"
"TX","cape royale","Cape Royale"
"TX","carbon","Carbon"
"TX","carl's corner","Carl's Corner"
"TX","carlsbad","Carlsbad"
"TX","carlton","Carlton"
"TX","carmine","Carmine"
"TX","carrizo hill","Carrizo Hill"
"TX","carrizo springs","Carrizo Springs"
"TX","carrollton","Carrollton"
"TX","carter","Carter"
"TX","carthage","Carthage"
"TX","casa blanca","Casa Blanca"
"TX","casas","Casas"
"TX","cashion community","Cashion Community"
"TX","castle hills","Castle Hills"
"TX","castroville","Castroville"
"TX","catarina","Catarina"
"TX","cedar creek","Cedar Creek"
"TX","cedar hill","Cedar Hill"
"TX","cedar park","Cedar Park"
"TX","cedar point","Cedar Point"
"TX","celeste","Celeste"
"TX","celina","Celina"
"TX","center","Center"
"TX","center point","Center Point"
"TX","centerville","Centerville"
"TX","central gardens","Central Gardens"
"TX","chandler","Chandler"
"TX","channelview","Channelview"
"TX","channing","Channing"
"TX","chaparrito","Chaparrito"
"TX","chapeno","Chapeno"
"TX","charlotte","Charlotte"
"TX","chester","Chester"
"TX","chico","Chico"
"TX","childress","Childress"
"TX","chillicothe","Chillicothe"
"TX","chilton","Chilton"
"TX","china","China"
"TX","china grove","China Grove"
"TX","china spring","China Spring"
"TX","chireno","Chireno"
"TX","christine","Christine"
"TX","christoval","Christoval"
"TX","chula vista","Chula Vista"
"TX","cibolo","Cibolo"
"TX","cienegas terrace","Cienegas Terrace"
"TX","cinco ranch","Cinco Ranch"
"TX","circle d-kc estates","Circle D-KC Estates"
"TX","cisco","Cisco"
"TX","citrus city","Citrus City"
"TX","clarendon","Clarendon"
"TX","clarksville","Clarksville"
"TX","clarksville city","Clarksville City"
"TX","claude","Claude"
"TX","clay","Clay"
"TX","clear lake shores","Clear Lake Shores"
"TX","cleburne","Cleburne"
"TX","cleveland","Cleveland"
"TX","clifton","Clifton"
"TX","clint","Clint"
"TX","cloverleaf","Cloverleaf"
"TX","clute","Clute"
"TX","clyde","Clyde"
"TX","coahoma","Coahoma"
"TX","cockrell hill","Cockrell Hill"
"TX","coffee city","Coffee City"
"TX","coldspring","Coldspring"
"TX","coleman","Coleman"
"TX","college station","College Station"
"TX","colleyville","Colleyville"
"TX","collinsville","Collinsville"
"TX","colmesneil","Colmesneil"
"TX","colorado acres","Colorado Acres"
"TX","colorado city","Colorado City"
"TX","columbus","Columbus"
"TX","comanche","Comanche"
"TX","combes","Combes"
"TX","combine","Combine"
"TX","comfort","Comfort"
"TX","commerce","Commerce"
"TX","como","Como"
"TX","concepcion","Concepcion"
"TX","conroe","Conroe"
"TX","converse","Converse"
"TX","cool","Cool"
"TX","coolidge","Coolidge"
"TX","cooper","Cooper"
"TX","coppell","Coppell"
"TX","copper canyon","Copper Canyon"
"TX","copperas cove","Copperas Cove"
"TX","corinth","Corinth"
"TX","corpus christi","Corpus Christi"
"TX","corral city","Corral City"
"TX","corrigan","Corrigan"
"TX","corsicana","Corsicana"
"TX","cottonwood","Cottonwood"
"TX","cottonwood shores","Cottonwood Shores"
"TX","cotulla","Cotulla"
"TX","coupland","Coupland"
"TX","cove","Cove"
"TX","covington","Covington"
"TX","coyanosa","Coyanosa"
"TX","coyote acres","Coyote Acres"
"TX","coyote flats","Coyote Flats"
"TX","crandall","Crandall"
"TX","crane","Crane"
"TX","cranfills gap","Cranfills Gap"
"TX","crawford","Crawford"
"TX","creedmoor","Creedmoor"
"TX","cresson","Cresson"
"TX","crockett","Crockett"
"TX","crosby","Crosby"
"TX","crosbyton","Crosbyton"
"TX","cross mountain","Cross Mountain"
"TX","cross plains","Cross Plains"
"TX","cross roads","Cross Roads"
"TX","cross timber","Cross Timber"
"TX","crowell","Crowell"
"TX","crowley","Crowley"
"TX","crystal city","Crystal City"
"TX","cuero","Cuero"
"TX","cuevitas","Cuevitas"
"TX","cumby","Cumby"
"TX","cumings","Cumings"
"TX","cuney","Cuney"
"TX","cushing","Cushing"
"TX","cut and shoot","Cut and Shoot"
"TX","daingerfield","Daingerfield"
"TX","daisetta","Daisetta"
"TX","dalhart","Dalhart"
"TX","dallas","Dallas"
"TX","dalworthington gardens","Dalworthington Gardens"
"TX","damon","Damon"
"TX","danbury","Danbury"
"TX","darrouzett","Darrouzett"
"TX","dawson","Dawson"
"TX","dayton","Dayton"
"TX","dayton lakes","Dayton Lakes"
"TX","de kalb","De Kalb"
"TX","de leon","De Leon"
"TX","dean","Dean"
"TX","deanville","Deanville"
"TX","decatur","Decatur"
"TX","decordova","DeCordova"
"TX","deer park","Deer Park"
"TX","deerwood","Deerwood"
"TX","del mar heights","Del Mar Heights"
"TX","del rio","Del Rio"
"TX","del sol","Del Sol"
"TX","dell city","Dell City"
"TX","delmita","Delmita"
"TX","denison","Denison"
"TX","dennis","Dennis"
"TX","denton","Denton"
"TX","denver city","Denver City"
"TX","deport","Deport"
"TX","desoto","DeSoto"
"TX","detroit","Detroit"
"TX","devers","Devers"
"TX","devine","Devine"
"TX","deweyville","Deweyville"
"TX","d'hanis","D'Hanis"
"TX","diboll","Diboll"
"TX","dickens","Dickens"
"TX","dickinson","Dickinson"
"TX","dilley","Dilley"
"TX","dime box","Dime Box"
"TX","dimmitt","Dimmitt"
"TX","dish","DISH"
"TX","dodd city","Dodd City"
"TX","dodson","Dodson"
"TX","doffing","Doffing"
"TX","domino","Domino"
"TX","donna","Donna"
"TX","doolittle","Doolittle"
"TX","dorchester","Dorchester"
"TX","double horn","Double Horn"
"TX","double oak","Double Oak"
"TX","douglassville","Douglassville"
"TX","driftwood","Driftwood"
"TX","dripping springs","Dripping Springs"
"TX","driscoll","Driscoll"
"TX","dublin","Dublin"
"TX","dumas","Dumas"
"TX","duncanville","Duncanville"
"TX","e. lopez","E. Lopez"
"TX","eagle lake","Eagle Lake"
"TX","eagle pass","Eagle Pass"
"TX","early","Early"
"TX","earth","Earth"
"TX","east alto bonito","East Alto Bonito"
"TX","east bernard","East Bernard"
"TX","east columbia","East Columbia"
"TX","east mountain","East Mountain"
"TX","east tawakoni","East Tawakoni"
"TX","eastland","Eastland"
"TX","easton","Easton"
"TX","ector","Ector"
"TX","edcouch","Edcouch"
"TX","eden","Eden"
"TX","edgecliff village","Edgecliff Village"
"TX","edgewater estates","Edgewater Estates"
"TX","edgewood","Edgewood"
"TX","edinburg","Edinburg"
"TX","edmonson","Edmonson"
"TX","edna","Edna"
"TX","edom","Edom"
"TX","edroy","Edroy"
"TX","eidson road","Eidson Road"
"TX","el brazil","El Brazil"
"TX","el camino angosto","El Camino Angosto"
"TX","el campo","El Campo"
"TX","el castillo","El Castillo"
"TX","el cenizo","El Cenizo"
"TX","el chaparral","El Chaparral"
"TX","el indio","El Indio"
"TX","el lago","El Lago"
"TX","el mesquite","El Mesquite"
"TX","el paso","El Paso"
"TX","el quiote","El Quiote"
"TX","el rancho vela","El Rancho Vela"
"TX","el refugio","El Refugio"
"TX","el socio","El Socio"
"TX","elbert","Elbert"
"TX","eldorado","Eldorado"
"TX","electra","Electra"
"TX","elgin","Elgin"
"TX","elias-fela solis","Elias-Fela Solis"
"TX","elkhart","Elkhart"
"TX","ellinger","Ellinger"
"TX","elm creek","Elm Creek"
"TX","elmendorf","Elmendorf"
"TX","elmo","Elmo"
"TX","elsa","Elsa"
"TX","emerald bay","Emerald Bay"
"TX","emhouse","Emhouse"
"TX","emory","Emory"
"TX","encantada-ranchito-el calaboz","Encantada-Ranchito-El Calaboz"
"TX","enchanted oaks","Enchanted Oaks"
"TX","encinal","Encinal"
"TX","encino","Encino"
"TX","ennis","Ennis"
"TX","escobares","Escobares"
"TX","estelline","Estelline"
"TX","eugenio saenz","Eugenio Saenz"
"TX","euless","Euless"
"TX","eureka","Eureka"
"TX","eustace","Eustace"
"TX","evadale","Evadale"
"TX","evant","Evant"
"TX","evergreen","Evergreen"
"TX","everman","Everman"
"TX","fabens","Fabens"
"TX","fabrica","Fabrica"
"TX","fair oaks ranch","Fair Oaks Ranch"
"TX","fairchilds","Fairchilds"
"TX","fairfield","Fairfield"
"TX","fairview","Fairview"
"TX","falcon heights","Falcon Heights"
"TX","falcon lake estates","Falcon Lake Estates"
"TX","falcon mesa","Falcon Mesa"
"TX","falcon village","Falcon Village"
"TX","falconaire","Falconaire"
"TX","falfurrias","Falfurrias"
"TX","falls city","Falls City"
"TX","falman","Falman"
"TX","fannett","Fannett"
"TX","farmers branch","Farmers Branch"
"TX","farmersville","Farmersville"
"TX","farnsworth","Farnsworth"
"TX","farwell","Farwell"
"TX","fate","Fate"
"TX","fayetteville","Fayetteville"
"TX","fernando salinas","Fernando Salinas"
"TX","ferris","Ferris"
"TX","fifth street","Fifth Street"
"TX","flat","Flat"
"TX","flatonia","Flatonia"
"TX","flor del rio","Flor del Rio"
"TX","florence","Florence"
"TX","floresville","Floresville"
"TX","flowella","Flowella"
"TX","flower mound","Flower Mound"
"TX","floydada","Floydada"
"TX","fluvanna","Fluvanna"
"TX","follett","Follett"
"TX","forest heights","Forest Heights"
"TX","forest hill","Forest Hill"
"TX","forney","Forney"
"TX","forsan","Forsan"
"TX","fort bliss","Fort Bliss"
"TX","fort cavazos","Fort Cavazos"
"TX","fort clark springs","Fort Clark Springs"
"TX","fort davis","Fort Davis"
"TX","fort hancock","Fort Hancock"
"TX","fort stockton","Fort Stockton"
"TX","fort worth","Fort Worth"
"TX","four corners","Four Corners"
"TX","four points","Four Points"
"TX","fowlerton","Fowlerton"
"TX","franklin","Franklin"
"TX","frankston","Frankston"
"TX","fredericksburg","Fredericksburg"
"TX","freeport","Freeport"
"TX","freer","Freer"
"TX","fresno","Fresno"
"TX","friendswood","Friendswood"
"TX","friona","Friona"
"TX","frisco","Frisco"
"TX","fritch","Fritch"
"TX","fronton","Fronton"
"TX","fronton ranchettes","Fronton Ranchettes"
"TX","frost","Frost"
"TX","fruitvale","Fruitvale"
"TX","fulshear","Fulshear"
"TX","fulton","Fulton"
"TX","gail","Gail"
"TX","gainesville","Gainesville"
"TX","galena park","Galena Park"
"TX","gallatin","Gallatin"
"TX","galveston","Galveston"
"TX","ganado","Ganado"
"TX","garceno","Garceno"
"TX","garciasville","Garciasville"
"TX","garden city","Garden City"
"TX","garden ridge","Garden Ridge"
"TX","gardendale","Gardendale"
"TX","garfield","Garfield"
"TX","garland","Garland"
"TX","garner","Garner"
"TX","garrett","Garrett"
"TX","garrison","Garrison"
"TX","garwood","Garwood"
"TX","gary city","Gary City"
"TX","garza-salinas ii","Garza-Salinas II"
"TX","gatesville","Gatesville"
"TX","gause","Gause"
"TX","george west","George West"
"TX","georgetown","Georgetown"
"TX","geronimo","Geronimo"
"TX","gholson","Gholson"
"TX","giddings","Giddings"
"TX","gilmer","Gilmer"
"TX","girard","Girard"
"TX","gladewater","Gladewater"
"TX","glazier","Glazier"
"TX","glen rose","Glen Rose"
"TX","glenn heights","Glenn Heights"
"TX","glidden","Glidden"
"TX","godley","Godley"
"TX","goldsmith","Goldsmith"
"TX","goldthwaite","Goldthwaite"
"TX","goliad","Goliad"
"TX","golinda","Golinda"
"TX","gonzales","Gonzales"
"TX","goodlow","Goodlow"
"TX","goodrich","Goodrich"
"TX","gordon","Gordon"
"TX","goree","Goree"
"TX","gorman","Gorman"
"TX","graford","Graford"
"TX","graham","Graham"
"TX","granbury","Granbury"
"TX","grand prairie","Grand Prairie"
"TX","grand saline","Grand Saline"
"TX","grandfalls","Grandfalls"
"TX","grandview","Grandview"
"TX","granger","Granger"
"TX","grangerland","Grangerland"
"TX","granite shoals","Granite Shoals"
"TX","granjeno","Granjeno"
"TX","grape creek","Grape Creek"
"TX","grapeland","Grapeland"
"TX","grapevine","Grapevine"
"TX","grays prairie","Grays Prairie"
"TX","green valley farms","Green Valley Farms"
"TX","greenville","Greenville"
"TX","gregory","Gregory"
"TX","grey forest","Grey Forest"
"TX","groesbeck","Groesbeck"
"TX","groom","Groom"
"TX","groves","Groves"
"TX","groveton","Groveton"
"TX","gruver","Gruver"
"TX","guadalupe guerra","Guadalupe Guerra"
"TX","guerra","Guerra"
"TX","gun barrel city","Gun Barrel City"
"TX","gunter","Gunter"
"TX","gustine","Gustine"
"TX","guthrie","Guthrie"
"TX","gutierrez","Gutierrez"
"TX","h. cuellar estates","H. Cuellar Estates"
"TX","hackberry","Hackberry"
"TX","hale center","Hale Center"
"TX","hallettsville","Hallettsville"
"TX","hallsburg","Hallsburg"
"TX","hallsville","Hallsville"
"TX","haltom city","Haltom City"
"TX","hamilton","Hamilton"
"TX","hamlin","Hamlin"
"TX","hamshire","Hamshire"
"TX","happy","Happy"
"TX","hardin","Hardin"
"TX","harding gill tract","Harding Gill Tract"
"TX","hargill","Hargill"
"TX","harker heights","Harker Heights"
"TX","harlingen","Harlingen"
"TX","harper","Harper"
"TX","harrold","Harrold"
"TX","hart","Hart"
"TX","hartley","Hartley"
"TX","harwood","Harwood"
"TX","haskell","Haskell"
"TX","haslet","Haslet"
"TX","havana","Havana"
"TX","hawk cove","Hawk Cove"
"TX","hawkins","Hawkins"
"TX","hawley","Hawley"
"TX","hays","Hays"
"TX","hearne","Hearne"
"TX","heartland","Heartland"
"TX","heath","Heath"
"TX","hebbronville","Hebbronville"
"TX","hebron","Hebron"
"TX","hedley","Hedley"
"TX","hedwig village","Hedwig Village"
"TX","heidelberg","Heidelberg"
"TX","helotes","Helotes"
"TX","hemphill","Hemphill"
"TX","hempstead","Hempstead"
"TX","henderson","Henderson"
"TX","henrietta","Henrietta"
"TX","hereford","Hereford"
"TX","hermleigh","Hermleigh"
"TX","hewitt","Hewitt"
"TX","hickory creek","Hickory Creek"
"TX","hico","Hico"
"TX","hidalgo","Hidalgo"
"TX","hideaway","Hideaway"
"TX","higgins","Higgins"
"TX","highland haven","Highland Haven"
"TX","highland park","Highland Park"
"TX","highland village","Highland Village"
"TX","highlands","Highlands"
"TX","hill country village","Hill Country Village"
"TX","hillcrest village","Hillcrest Village"
"TX","hillsboro","Hillsboro"
"TX","hillside acres","Hillside Acres"
"TX","hilltop","Hilltop"
"TX","hilltop lakes","Hilltop Lakes"
"TX","hilshire village","Hilshire Village"
"TX","hitchcock","Hitchcock"
"TX","holiday beach","Holiday Beach"
"TX","holiday lakes","Holiday Lakes"
"TX","holland","Holland"
"TX","holliday","Holliday"
"TX","holly lake ranch","Holly Lake Ranch"
"TX","hollywood park","Hollywood Park"
"TX","homestead meadows north","Homestead Meadows North"
"TX","homestead meadows south","Homestead Meadows South"
"TX","hondo","Hondo"
"TX","honey grove","Honey Grove"
"TX","hooks","Hooks"
"TX","horizon city","Horizon City"
"TX","hornsby bend","Hornsby Bend"
"TX","horseshoe bay","Horseshoe Bay"
"TX","horseshoe bend","Horseshoe Bend"
"TX","houston","Houston"
"TX","howardwick","Howardwick"
"TX","howe","Howe"
"TX","hubbard","Hubbard"
"TX","huckabay","Huckabay"
"TX","hudson","Hudson"
"TX","hudson bend","Hudson Bend"
"TX","hudson oaks","Hudson Oaks"
"TX","hughes springs","Hughes Springs"
"TX","hull","Hull"
"TX","humble","Humble"
"TX","hungerford","Hungerford"
"TX","hunters creek village","Hunters Creek Village"
"TX","huntington","Huntington"
"TX","huntsville","Huntsville"
"TX","hurst","Hurst"
"TX","hutchins","Hutchins"
"TX","hutto","Hutto"
"TX","huxley","Huxley"
"TX","iago","Iago"
"TX","idalou","Idalou"
"TX","iglesia antigua","Iglesia Antigua"
"TX","impact","Impact"
"TX","imperial","Imperial"
"TX","indian hills","Indian Hills"
"TX","indian lake","Indian Lake"
"TX","indian springs","Indian Springs"
"TX","indio","Indio"
"TX","industry","Industry"
"TX","inez","Inez"
"TX","ingleside","Ingleside"
"TX","ingleside on the bay","Ingleside on the Bay"
"TX","ingram","Ingram"
"TX","iola","Iola"
"TX","iowa colony","Iowa Colony"
"TX","iowa park","Iowa Park"
"TX","iraan","Iraan"
"TX","iredell","Iredell"
"TX","irving","Irving"
"TX","italy","Italy"
"TX","itasca","Itasca"
"TX","ivanhoe","Ivanhoe"
"TX","j.f. villareal","J.F. Villareal"
"TX","jacinto city","Jacinto City"
"TX","jacksboro","Jacksboro"
"TX","jacksonville","Jacksonville"
"TX","jamaica beach","Jamaica Beach"
"TX","jardin de san julian","Jardin de San Julian"
"TX","jarrell","Jarrell"
"TX","jasper","Jasper"
"TX","jayton","Jayton"
"TX","jefferson","Jefferson"
"TX","jersey village","Jersey Village"
"TX","jewett","Jewett"
"TX","joaquin","Joaquin"
"TX","johnson city","Johnson City"
"TX","jolly","Jolly"
"TX","jones creek","Jones Creek"
"TX","jonestown","Jonestown"
"TX","josephine","Josephine"
"TX","joshua","Joshua"
"TX","jourdanton","Jourdanton"
"TX","juarez","Juarez"
"TX","junction","Junction"
"TX","justin","Justin"
"TX","karnes city","Karnes City"
"TX","katy","Katy"
"TX","kaufman","Kaufman"
"TX","k-bar ranch","K-Bar Ranch"
"TX","keene","Keene"
"TX","keller","Keller"
"TX","kemah","Kemah"
"TX","kemp","Kemp"
"TX","kempner","Kempner"
"TX","kendleton","Kendleton"
"TX","kenedy","Kenedy"
"TX","kenefick","Kenefick"
"TX","kennard","Kennard"
"TX","kennedale","Kennedale"
"TX","kerens","Kerens"
"TX","kermit","Kermit"
"TX","kerrville","Kerrville"
"TX","kilgore","Kilgore"
"TX","killeen","Killeen"
"TX","kingsbury","Kingsbury"
"TX","kingsland","Kingsland"
"TX","kingsville","Kingsville"
"TX","kirby","Kirby"
"TX","kirbyville","Kirbyville"
"TX","kirvin","Kirvin"
"TX","knippa","Knippa"
"TX","knollwood","Knollwood"
"TX","knox city","Knox City"
"TX","kopperl","Kopperl"
"TX","kosse","Kosse"
"TX","kountze","Kountze"
"TX","kress","Kress"
"TX","krugerville","Krugerville"
"TX","krum","Krum"
"TX","kurten","Kurten"
"TX","kyle","Kyle"
"TX","la blanca","La Blanca"
"TX","la carla","La Carla"
"TX","la casita","La Casita"
"TX","la chuparosa","La Chuparosa"
"TX","la coma","La Coma"
"TX","la coma heights","La Coma Heights"
"TX","la escondida","La Escondida"
"TX","la esperanza","La Esperanza"
"TX","la feria","La Feria"
"TX","la feria north","La Feria North"
"TX","la grange","La Grange"
"TX","la grulla","La Grulla"
"TX","la homa","La Homa"
"TX","la joya","La Joya"
"TX","la loma de falcon","La Loma de Falcon"
"TX","la marque","La Marque"
"TX","la minita","La Minita"
"TX","la moca ranch","La Moca Ranch"
"TX","la paloma","La Paloma"
"TX","la paloma addition","La Paloma Addition"
"TX","la paloma ranchettes","La Paloma Ranchettes"
"TX","la paloma-lost creek","La Paloma-Lost Creek"
"TX","la porte","La Porte"
"TX","la presa","La Presa"
"TX","la pryor","La Pryor"
"TX","la puerta","La Puerta"
"TX","la rosita","La Rosita"
"TX","la tina ranch","La Tina Ranch"
"TX","la vernia","La Vernia"
"TX","la victoria","La Victoria"
"TX","la villa","La Villa"
"TX","la ward","La Ward"
"TX","lackland afb","Lackland AFB"
"TX","lacoste","LaCoste"
"TX","lacy-lakeview","Lacy-Lakeview"
"TX","ladonia","Ladonia"
"TX","lago","Lago"
"TX","lago vista","Lago Vista"
"TX","laguna heights","Laguna Heights"
"TX","laguna park","Laguna Park"
"TX","laguna seca","Laguna Seca"
"TX","laguna vista","Laguna Vista"
"TX","lake bridgeport","Lake Bridgeport"
"TX","lake brownwood","Lake Brownwood"
"TX","lake bryan","Lake Bryan"
"TX","lake cherokee","Lake Cherokee"
"TX","lake city","Lake City"
"TX","lake colorado city","Lake Colorado City"
"TX","lake dallas","Lake Dallas"
"TX","lake dunlap","Lake Dunlap"
"TX","lake jackson","Lake Jackson"
"TX","lake kiowa","Lake Kiowa"
"TX","lake medina shores","Lake Medina Shores"
"TX","lake meredith estates","Lake Meredith Estates"
"TX","lake tanglewood","Lake Tanglewood"
"TX","lake view","Lake View"
"TX","lake worth","Lake Worth"
"TX","lakehills","Lakehills"
"TX","lakeport","Lakeport"
"TX","lakeshore gardens-hidden acres","Lakeshore Gardens-Hidden Acres"
"TX","lakeside","Lakeside"
"TX","lakeside city","Lakeside City"
"TX","lakeview","Lakeview"
"TX","lakeway","Lakeway"
"TX","lakewood village","Lakewood Village"
"TX","lamar","Lamar"
"TX","lamesa","Lamesa"
"TX","lamkin","Lamkin"
"TX","lampasas","Lampasas"
"TX","lancaster","Lancaster"
"TX","lantana","Lantana"
"TX","laredo","Laredo"
"TX","laredo ranchettes","Laredo Ranchettes"
"TX","laredo ranchettes west","Laredo Ranchettes West"
"TX","las haciendas","Las Haciendas"
"TX","las lomas","Las Lomas"
"TX","las lomitas","Las Lomitas"
"TX","las palmas","Las Palmas"
"TX","las palmas ii","Las Palmas II"
"TX","las pilas","Las Pilas"
"TX","las quintas fronterizas","Las Quintas Fronterizas"
"TX","lasana","Lasana"
"TX","lasara","Lasara"
"TX","latexo","Latexo"
"TX","laughlin afb","Laughlin AFB"
"TX","laureles","Laureles"
"TX","lavon","Lavon"
"TX","lawn","Lawn"
"TX","league city","League City"
"TX","leakey","Leakey"
"TX","leander","Leander"
"TX","leary","Leary"
"TX","lefors","Lefors"
"TX","lelia lake","Lelia Lake"
"TX","leming","Leming"
"TX","leon valley","Leon Valley"
"TX","leona","Leona"
"TX","leonard","Leonard"
"TX","leroy","Leroy"
"TX","levelland","Levelland"
"TX","lewisville","Lewisville"
"TX","lexington","Lexington"
"TX","liberty","Liberty"
"TX","liberty city","Liberty City"
"TX","liberty hill","Liberty Hill"
"TX","lindale","Lindale"
"TX","linden","Linden"
"TX","lindsay","Lindsay"
"TX","lingleville","Lingleville"
"TX","linn","Linn"
"TX","lipan","Lipan"
"TX","lipscomb","Lipscomb"
"TX","little cypress","Little Cypress"
"TX","little elm","Little Elm"
"TX","little river-academy","Little River-Academy"
"TX","littlefield","Littlefield"
"TX","live oak","Live Oak"
"TX","liverpool","Liverpool"
"TX","livingston","Livingston"
"TX","llano","Llano"
"TX","llano grande","Llano Grande"
"TX","lockett","Lockett"
"TX","lockhart","Lockhart"
"TX","lockney","Lockney"
"TX","log cabin","Log Cabin"
"TX","lolita","Lolita"
"TX","loma grande","Loma Grande"
"TX","loma linda","Loma Linda"
"TX","loma linda east","Loma Linda East"
"TX","loma linda west","Loma Linda West"
"TX","loma vista","Loma Vista"
"TX","lometa","Lometa"
"TX","lone oak","Lone Oak"
"TX","lone star","Lone Star"
"TX","longoria","Longoria"
"TX","longview","Longview"
"TX","loop","Loop"
"TX","lopeã±o","LopeÃ±o"
"TX","lopezville","Lopezville"
"TX","loraine","Loraine"
"TX","lorena","Lorena"
"TX","lorenzo","Lorenzo"
"TX","los altos","Los Altos"
"TX","los alvarez","Los Alvarez"
"TX","los angeles","Los Angeles"
"TX","los arcos","Los Arcos"
"TX","los arrieros","Los Arrieros"
"TX","los barreras","Los Barreras"
"TX","los centenarios","Los Centenarios"
"TX","los corralitos","Los Corralitos"
"TX","los ebanos","Los Ebanos"
"TX","los fresnos","Los Fresnos"
"TX","los huisaches","Los Huisaches"
"TX","los indios","Los Indios"
"TX","los lobos","Los Lobos"
"TX","los minerales","Los Minerales"
"TX","los nopalitos","Los Nopalitos"
"TX","los veteranos i","Los Veteranos I"
"TX","los veteranos ii","Los Veteranos II"
"TX","los ybanez","Los Ybanez"
"TX","lost creek","Lost Creek"
"TX","lott","Lott"
"TX","louise","Louise"
"TX","lovelady","Lovelady"
"TX","loving","Loving"
"TX","lowry crossing","Lowry Crossing"
"TX","lozano","Lozano"
"TX","lubbock","Lubbock"
"TX","lucas","Lucas"
"TX","lueders","Lueders"
"TX","lufkin","Lufkin"
"TX","luling","Luling"
"TX","lumberton","Lumberton"
"TX","lyford","Lyford"
"TX","lyons","Lyons"
"TX","lytle","Lytle"
"TX","mabank","Mabank"
"TX","macdona","Macdona"
"TX","madisonville","Madisonville"
"TX","magnolia","Magnolia"
"TX","magnolia beach","Magnolia Beach"
"TX","malakoff","Malakoff"
"TX","malone","Malone"
"TX","manchaca","Manchaca"
"TX","manor","Manor"
"TX","mansfield","Mansfield"
"TX","manuel garcia","Manuel Garcia"
"TX","manuel garcia ii","Manuel Garcia II"
"TX","manvel","Manvel"
"TX","marathon","Marathon"
"TX","marble falls","Marble Falls"
"TX","marfa","Marfa"
"TX","marietta","Marietta"
"TX","marion","Marion"
"TX","markham","Markham"
"TX","marlin","Marlin"
"TX","marquez","Marquez"
"TX","marshall","Marshall"
"TX","mart","Mart"
"TX","martindale","Martindale"
"TX","martinez","Martinez"
"TX","mason","Mason"
"TX","matador","Matador"
"TX","matagorda","Matagorda"
"TX","mathis","Mathis"
"TX","maud","Maud"
"TX","mauriceville","Mauriceville"
"TX","may","May"
"TX","maypearl","Maypearl"
"TX","mcallen","McAllen"
"TX","mccamey","McCamey"
"TX","mccaulley","McCaulley"
"TX","mcdade","McDade"
"TX","mcgregor","McGregor"
"TX","mckinney","McKinney"
"TX","mckinney acres","McKinney Acres"
"TX","mclean","McLean"
"TX","mclendon-chisholm","McLendon-Chisholm"
"TX","mcleod","McLeod"
"TX","mcqueeney","McQueeney"
"TX","meadow","Meadow"
"TX","meadowlakes","Meadowlakes"
"TX","meadows place","Meadows Place"
"TX","medina","Medina"
"TX","megargel","Megargel"
"TX","melissa","Melissa"
"TX","melvin","Melvin"
"TX","memphis","Memphis"
"TX","menard","Menard"
"TX","mentone","Mentone"
"TX","mercedes","Mercedes"
"TX","meridian","Meridian"
"TX","merkel","Merkel"
"TX","mertens","Mertens"
"TX","mertzon","Mertzon"
"TX","mesquite","Mesquite"
"TX","mexia","Mexia"
"TX","mi ranchito estate","Mi Ranchito Estate"
"TX","miami","Miami"
"TX","midfield","Midfield"
"TX","midland","Midland"
"TX","midlothian","Midlothian"
"TX","midway","Midway"
"TX","midway north","Midway North"
"TX","midway south","Midway South"
"TX","miguel barrera","Miguel Barrera"
"TX","mikes","Mikes"
"TX","mila doce","Mila Doce"
"TX","milam","Milam"
"TX","milano","Milano"
"TX","mildred","Mildred"
"TX","miles","Miles"
"TX","milford","Milford"
"TX","miller's cove","Miller's Cove"
"TX","millsap","Millsap"
"TX","mineola","Mineola"
"TX","mineral wells","Mineral Wells"
"TX","mingus","Mingus"
"TX","mirando city","Mirando City"
"TX","mission","Mission"
"TX","mission bend","Mission Bend"
"TX","missouri city","Missouri City"
"TX","mobeetie","Mobeetie"
"TX","mobile city","Mobile City"
"TX","monahans","Monahans"
"TX","mont belvieu","Mont Belvieu"
"TX","montague","Montague"
"TX","monte alto","Monte Alto"
"TX","montgomery","Montgomery"
"TX","moody","Moody"
"TX","moore","Moore"
"TX","moore station","Moore Station"
"TX","moraida","Moraida"
"TX","morales-sanchez","Morales-Sanchez"
"TX","moran","Moran"
"TX","morgan","Morgan"
"TX","morgan farm","Morgan Farm"
"TX","morgan's point","Morgan's Point"
"TX","morgan's point resort","Morgan's Point Resort"
"TX","morning glory","Morning Glory"
"TX","morse","Morse"
"TX","morton","Morton"
"TX","mosheim","Mosheim"
"TX","moulton","Moulton"
"TX","mound","Mound"
"TX","mount calm","Mount Calm"
"TX","mount enterprise","Mount Enterprise"
"TX","mount pleasant","Mount Pleasant"
"TX","mount vernon","Mount Vernon"
"TX","mountain city","Mountain City"
"TX","muenster","Muenster"
"TX","muleshoe","Muleshoe"
"TX","mullin","Mullin"
"TX","munday","Munday"
"TX","muniz","Muniz"
"TX","murchison","Murchison"
"TX","murillo","Murillo"
"TX","murphy","Murphy"
"TX","mustang","Mustang"
"TX","mustang ridge","Mustang Ridge"
"TX","myra","Myra"
"TX","myrtle springs","Myrtle Springs"
"TX","nacogdoches","Nacogdoches"
"TX","nada","Nada"
"TX","naples","Naples"
"TX","narciso pena","Narciso Pena"
"TX","nash","Nash"
"TX","nassau bay","Nassau Bay"
"TX","natalia","Natalia"
"TX","navarro","Navarro"
"TX","navasota","Navasota"
"TX","nazareth","Nazareth"
"TX","neches","Neches"
"TX","nederland","Nederland"
"TX","needville","Needville"
"TX","nesbitt","Nesbitt"
"TX","netos","Netos"
"TX","nevada","Nevada"
"TX","new berlin","New Berlin"
"TX","new boston","New Boston"
"TX","new braunfels","New Braunfels"
"TX","new chapel hill","New Chapel Hill"
"TX","new deal","New Deal"
"TX","new fairview","New Fairview"
"TX","new falcon","New Falcon"
"TX","new home","New Home"
"TX","new hope","New Hope"
"TX","new london","New London"
"TX","new summerfield","New Summerfield"
"TX","new ulm","New Ulm"
"TX","new waverly","New Waverly"
"TX","newark","Newark"
"TX","newcastle","Newcastle"
"TX","newton","Newton"
"TX","neylandville","Neylandville"
"TX","niederwald","Niederwald"
"TX","nina","Nina"
"TX","nixon","Nixon"
"TX","nocona","Nocona"
"TX","nocona hills","Nocona Hills"
"TX","nolanville","Nolanville"
"TX","nome","Nome"
"TX","noonday","Noonday"
"TX","nordheim","Nordheim"
"TX","normandy","Normandy"
"TX","normangee","Normangee"
"TX","normanna","Normanna"
"TX","north alamo","North Alamo"
"TX","north cleveland","North Cleveland"
"TX","north escobares","North Escobares"
"TX","north pearsall","North Pearsall"
"TX","north richland hills","North Richland Hills"
"TX","north san pedro","North San Pedro"
"TX","northlake","Northlake"
"TX","novice","Novice"
"TX","oak grove","Oak Grove"
"TX","oak island","Oak Island"
"TX","oak leaf","Oak Leaf"
"TX","oak point","Oak Point"
"TX","oak ridge","Oak Ridge"
"TX","oak ridge north","Oak Ridge North"
"TX","oak trail shores","Oak Trail Shores"
"TX","oak valley","Oak Valley"
"TX","oakhurst","Oakhurst"
"TX","oakwood","Oakwood"
"TX","o'brien","O'Brien"
"TX","odem","Odem"
"TX","odessa","Odessa"
"TX","o'donnell","O'Donnell"
"TX","oglesby","Oglesby"
"TX","oilton","Oilton"
"TX","oklaunion","Oklaunion"
"TX","old river-winfree","Old River-Winfree"
"TX","olivarez","Olivarez"
"TX","olivia lopez de gutierrez","Olivia Lopez de Gutierrez"
"TX","olmito","Olmito"
"TX","olmito and olmito","Olmito and Olmito"
"TX","olmos park","Olmos Park"
"TX","olney","Olney"
"TX","olton","Olton"
"TX","omaha","Omaha"
"TX","onalaska","Onalaska"
"TX","opdyke west","Opdyke West"
"TX","orange","Orange"
"TX","orange grove","Orange Grove"
"TX","orason","Orason"
"TX","orchard","Orchard"
"TX","ore city","Ore City"
"TX","overton","Overton"
"TX","ovilla","Ovilla"
"TX","owl ranch","Owl Ranch"
"TX","oyster creek","Oyster Creek"
"TX","ozona","Ozona"
"TX","pablo pena","Pablo Pena"
"TX","paducah","Paducah"
"TX","paige","Paige"
"TX","paint rock","Paint Rock"
"TX","paisano park","Paisano Park"
"TX","palacios","Palacios"
"TX","palestine","Palestine"
"TX","palisades","Palisades"
"TX","palm valley","Palm Valley"
"TX","palmer","Palmer"
"TX","palmhurst","Palmhurst"
"TX","palmview","Palmview"
"TX","palmview south","Palmview South"
"TX","palo blanco","Palo Blanco"
"TX","palo pinto","Palo Pinto"
"TX","paloma creek","Paloma Creek"
"TX","paloma creek south","Paloma Creek South"
"TX","pampa","Pampa"
"TX","panhandle","Panhandle"
"TX","panorama village","Panorama Village"
"TX","pantego","Pantego"
"TX","paradise","Paradise"
"TX","paris","Paris"
"TX","parker","Parker"
"TX","pasadena","Pasadena"
"TX","pattison","Pattison"
"TX","patton village","Patton Village"
"TX","pawnee","Pawnee"
"TX","payne springs","Payne Springs"
"TX","pearland","Pearland"
"TX","pearsall","Pearsall"
"TX","peaster","Peaster"
"TX","pecan acres","Pecan Acres"
"TX","pecan gap","Pecan Gap"
"TX","pecan grove","Pecan Grove"
"TX","pecan hill","Pecan Hill"
"TX","pecan plantation","Pecan Plantation"
"TX","pelican bay","Pelican Bay"
"TX","pena","Pena"
"TX","pendleton","Pendleton"
"TX","penelope","Penelope"
"TX","penitas","Penitas"
"TX","perezville","Perezville"
"TX","perrin","Perrin"
"TX","perryton","Perryton"
"TX","petersburg","Petersburg"
"TX","petrolia","Petrolia"
"TX","petronila","Petronila"
"TX","pettus","Pettus"
"TX","petty","Petty"
"TX","pflugerville","Pflugerville"
"TX","pharr","Pharr"
"TX","pilot point","Pilot Point"
"TX","pine forest","Pine Forest"
"TX","pine harbor","Pine Harbor"
"TX","pine island","Pine Island"
"TX","pinebrook","Pinebrook"
"TX","pinehurst","Pinehurst"
"TX","pineland","Pineland"
"TX","pinewood estates","Pinewood Estates"
"TX","piney point village","Piney Point Village"
"TX","pittsburg","Pittsburg"
"TX","placedo","Placedo"
"TX","plains","Plains"
"TX","plainview","Plainview"
"TX","plano","Plano"
"TX","plantersville","Plantersville"
"TX","pleak","Pleak"
"TX","pleasant hill","Pleasant Hill"
"TX","pleasant valley","Pleasant Valley"
"TX","pleasanton","Pleasanton"
"TX","plum","Plum"
"TX","plum grove","Plum Grove"
"TX","poetry","Poetry"
"TX","point","Point"
"TX","point blank","Point Blank"
"TX","point comfort","Point Comfort"
"TX","point venture","Point Venture"
"TX","ponder","Ponder"
"TX","port aransas","Port Aransas"
"TX","port arthur","Port Arthur"
"TX","port isabel","Port Isabel"
"TX","port lavaca","Port Lavaca"
"TX","port mansfield","Port Mansfield"
"TX","port neches","Port Neches"
"TX","port o'connor","Port O'Connor"
"TX","porter heights","Porter Heights"
"TX","portland","Portland"
"TX","post","Post"
"TX","post oak bend","Post Oak Bend"
"TX","poteet","Poteet"
"TX","poth","Poth"
"TX","potosi","Potosi"
"TX","pottsboro","Pottsboro"
"TX","powderly","Powderly"
"TX","powell","Powell"
"TX","poynor","Poynor"
"TX","prado verde","Prado Verde"
"TX","praesel","Praesel"
"TX","prairie view","Prairie View"
"TX","premont","Premont"
"TX","presidio","Presidio"
"TX","preston","Preston"
"TX","priddy","Priddy"
"TX","primera","Primera"
"TX","princeton","Princeton"
"TX","proctor","Proctor"
"TX","progreso","Progreso"
"TX","progreso lakes","Progreso Lakes"
"TX","prosper","Prosper"
"TX","providence village","Providence Village"
"TX","pueblo east","Pueblo East"
"TX","pueblo nuevo","Pueblo Nuevo"
"TX","putnam","Putnam"
"TX","pyote","Pyote"
"TX","quail","Quail"
"TX","quail creek","Quail Creek"
"TX","quanah","Quanah"
"TX","queen city","Queen City"
"TX","quemado","Quemado"
"TX","quesada","Quesada"
"TX","quinlan","Quinlan"
"TX","quintana","Quintana"
"TX","quitaque","Quitaque"
"TX","quitman","Quitman"
"TX","radar base","Radar Base"
"TX","rafael pena","Rafael Pena"
"TX","ralls","Ralls"
"TX","ramireno","Ramireno"
"TX","ramirez-perez","Ramirez-Perez"
"TX","ramos","Ramos"
"TX","ranchette estates","Ranchette Estates"
"TX","ranchitos del norte","Ranchitos del Norte"
"TX","ranchitos east","Ranchitos East"
"TX","ranchitos las lomas","Ranchitos Las Lomas"
"TX","rancho alegre","Rancho Alegre"
"TX","rancho banquete","Rancho Banquete"
"TX","rancho chico","Rancho Chico"
"TX","rancho viejo","Rancho Viejo"
"TX","ranchos penitas west","Ranchos Penitas West"
"TX","randolph afb","Randolph AFB"
"TX","ranger","Ranger"
"TX","rangerville","Rangerville"
"TX","rankin","Rankin"
"TX","ransom canyon","Ransom Canyon"
"TX","ratamosa","Ratamosa"
"TX","ravenna","Ravenna"
"TX","raymondville","Raymondville"
"TX","realitos","Realitos"
"TX","red lick","Red Lick"
"TX","red oak","Red Oak"
"TX","red rock","Red Rock"
"TX","redfield","Redfield"
"TX","redford","Redford"
"TX","redland","Redland"
"TX","redwater","Redwater"
"TX","redwood","Redwood"
"TX","refugio","Refugio"
"TX","regino ramirez","Regino Ramirez"
"TX","reid hope king","Reid Hope King"
"TX","reklaw","Reklaw"
"TX","relampago","Relampago"
"TX","rendon","Rendon"
"TX","reno","Reno"
"TX","retreat","Retreat"
"TX","rhome","Rhome"
"TX","ricardo","Ricardo"
"TX","rice","Rice"
"TX","rice tracts","Rice Tracts"
"TX","richards","Richards"
"TX","richardson","Richardson"
"TX","richland","Richland"
"TX","richland hills","Richland Hills"
"TX","richland springs","Richland Springs"
"TX","richmond","Richmond"
"TX","richwood","Richwood"
"TX","riesel","Riesel"
"TX","ringgold","Ringgold"
"TX","rio bravo","Rio Bravo"
"TX","rio grande city","Rio Grande City"
"TX","rio hondo","Rio Hondo"
"TX","rio vista","Rio Vista"
"TX","rising star","Rising Star"
"TX","river oaks","River Oaks"
"TX","rivereno","Rivereno"
"TX","riverside","Riverside"
"TX","riviera","Riviera"
"TX","road runner","Road Runner"
"TX","roanoke","Roanoke"
"TX","roaring springs","Roaring Springs"
"TX","robert lee","Robert Lee"
"TX","robinson","Robinson"
"TX","robstown","Robstown"
"TX","roby","Roby"
"TX","rochelle","Rochelle"
"TX","rochester","Rochester"
"TX","rock island","Rock Island"
"TX","rockdale","Rockdale"
"TX","rockport","Rockport"
"TX","rocksprings","Rocksprings"
"TX","rockwall","Rockwall"
"TX","rockwell place","Rockwell Place"
"TX","rocky mound","Rocky Mound"
"TX","rogers","Rogers"
"TX","rollingwood","Rollingwood"
"TX","roma","Roma"
"TX","roman forest","Roman Forest"
"TX","ropesville","Ropesville"
"TX","rosanky","Rosanky"
"TX","roscoe","Roscoe"
"TX","rose city","Rose City"
"TX","rose hill acres","Rose Hill Acres"
"TX","rosebud","Rosebud"
"TX","rosenberg","Rosenberg"
"TX","rosharon","Rosharon"
"TX","rosita","Rosita"
"TX","ross","Ross"
"TX","rosser","Rosser"
"TX","rotan","Rotan"
"TX","round mountain","Round Mountain"
"TX","round rock","Round Rock"
"TX","round top","Round Top"
"TX","rowena","Rowena"
"TX","rowlett","Rowlett"
"TX","roxton","Roxton"
"TX","royse city","Royse City"
"TX","rule","Rule"
"TX","runaway bay","Runaway Bay"
"TX","runge","Runge"
"TX","rusk","Rusk"
"TX","sabinal","Sabinal"
"TX","sachse","Sachse"
"TX","sadler","Sadler"
"TX","saginaw","Saginaw"
"TX","saint jo","Saint Jo"
"TX","salado","Salado"
"TX","salida del sol estates","Salida del Sol Estates"
"TX","salineã±o","SalineÃ±o"
"TX","salineã±o north","SalineÃ±o North"
"TX","sam rayburn","Sam Rayburn"
"TX","sammy martinez","Sammy Martinez"
"TX","samnorwood","Samnorwood"
"TX","san angelo","San Angelo"
"TX","san antonio","San Antonio"
"TX","san augustine","San Augustine"
"TX","san benito","San Benito"
"TX","san carlos","San Carlos"
"TX","san carlos i","San Carlos I"
"TX","san carlos ii","San Carlos II"
"TX","san diego","San Diego"
"TX","san elizario","San Elizario"
"TX","san felipe","San Felipe"
"TX","san fernando","San Fernando"
"TX","san isidro","San Isidro"
"TX","san juan","San Juan"
"TX","san leanna","San Leanna"
"TX","san leon","San Leon"
"TX","san marcos","San Marcos"
"TX","san patricio","San Patricio"
"TX","san pedro","San Pedro"
"TX","san perlita","San Perlita"
"TX","san saba","San Saba"
"TX","san ygnacio","San Ygnacio"
"TX","sanctuary","Sanctuary"
"TX","sand springs","Sand Springs"
"TX","sanderson","Sanderson"
"TX","sandia","Sandia"
"TX","sandoval","Sandoval"
"TX","sandy hollow-escondidas","Sandy Hollow-Escondidas"
"TX","sandy oaks","Sandy Oaks"
"TX","sandy point","Sandy Point"
"TX","sanford","Sanford"
"TX","sanger","Sanger"
"TX","sansom park","Sansom Park"
"TX","santa anna","Santa Anna"
"TX","santa clara","Santa Clara"
"TX","santa cruz","Santa Cruz"
"TX","santa fe","Santa Fe"
"TX","santa maria","Santa Maria"
"TX","santa monica","Santa Monica"
"TX","santa rita ranch","Santa Rita Ranch"
"TX","santa rosa","Santa Rosa"
"TX","santel","Santel"
"TX","santo","Santo"
"TX","sargent","Sargent"
"TX","sarita","Sarita"
"TX","savannah","Savannah"
"TX","savoy","Savoy"
"TX","scenic oaks","Scenic Oaks"
"TX","schertz","Schertz"
"TX","schulenburg","Schulenburg"
"TX","scissors","Scissors"
"TX","scotland","Scotland"
"TX","scottsville","Scottsville"
"TX","scurry","Scurry"
"TX","seabrook","Seabrook"
"TX","seadrift","Seadrift"
"TX","seagoville","Seagoville"
"TX","seagraves","Seagraves"
"TX","sealy","Sealy"
"TX","sebastian","Sebastian"
"TX","seco mines","Seco Mines"
"TX","seguin","Seguin"
"TX","seis lagos","Seis Lagos"
"TX","selma","Selma"
"TX","seminole","Seminole"
"TX","serenada","Serenada"
"TX","seth ward","Seth Ward"
"TX","seven oaks","Seven Oaks"
"TX","seven points","Seven Points"
"TX","seymour","Seymour"
"TX","shady hollow","Shady Hollow"
"TX","shady shores","Shady Shores"
"TX","shadybrook","Shadybrook"
"TX","shallowater","Shallowater"
"TX","shamrock","Shamrock"
"TX","shavano park","Shavano Park"
"TX","sheffield","Sheffield"
"TX","shelbyville","Shelbyville"
"TX","sheldon","Sheldon"
"TX","shenandoah","Shenandoah"
"TX","shepherd","Shepherd"
"TX","sheridan","Sheridan"
"TX","sherman","Sherman"
"TX","sherwood shores","Sherwood Shores"
"TX","shiner","Shiner"
"TX","shiro","Shiro"
"TX","shoreacres","Shoreacres"
"TX","sienna","Sienna"
"TX","sierra blanca","Sierra Blanca"
"TX","siesta acres","Siesta Acres"
"TX","siesta shores","Siesta Shores"
"TX","silsbee","Silsbee"
"TX","silverton","Silverton"
"TX","simonton","Simonton"
"TX","sinton","Sinton"
"TX","skellytown","Skellytown"
"TX","skidmore","Skidmore"
"TX","slaton","Slaton"
"TX","smiley","Smiley"
"TX","smithville","Smithville"
"TX","smyer","Smyer"
"TX","snook","Snook"
"TX","snyder","Snyder"
"TX","socorro","Socorro"
"TX","solis","Solis"
"TX","somerset","Somerset"
"TX","somerville","Somerville"
"TX","sonora","Sonora"
"TX","sonterra","Sonterra"
"TX","sour lake","Sour Lake"
"TX","south alamo","South Alamo"
"TX","south fork estates","South Fork Estates"
"TX","south frydek","South Frydek"
"TX","south houston","South Houston"
"TX","south la paloma","South La Paloma"
"TX","south mountain","South Mountain"
"TX","south padre island","South Padre Island"
"TX","south point","South Point"
"TX","south toledo bend","South Toledo Bend"
"TX","southlake","Southlake"
"TX","southmayd","Southmayd"
"TX","southside place","Southside Place"
"TX","southwest sandhill","Southwest Sandhill"
"TX","spade","Spade"
"TX","sparks","Sparks"
"TX","spearman","Spearman"
"TX","splendora","Splendora"
"TX","spofford","Spofford"
"TX","spring","Spring"
"TX","spring branch","Spring Branch"
"TX","spring gardens","Spring Gardens"
"TX","spring valley village","Spring Valley Village"
"TX","springlake","Springlake"
"TX","springtown","Springtown"
"TX","spur","Spur"
"TX","st. hedwig","St. Hedwig"
"TX","st. paul","St. Paul"
"TX","stafford","Stafford"
"TX","stagecoach","Stagecoach"
"TX","stamford","Stamford"
"TX","stanton","Stanton"
"TX","staples","Staples"
"TX","star harbor","Star Harbor"
"TX","steiner ranch","Steiner Ranch"
"TX","stephenville","Stephenville"
"TX","sterling city","Sterling City"
"TX","stinnett","Stinnett"
"TX","stockdale","Stockdale"
"TX","stockton bend","Stockton Bend"
"TX","stonewall","Stonewall"
"TX","stowell","Stowell"
"TX","stratford","Stratford"
"TX","strawn","Strawn"
"TX","streetman","Streetman"
"TX","study butte","Study Butte"
"TX","sudan","Sudan"
"TX","sugar land","Sugar Land"
"TX","sullivan city","Sullivan City"
"TX","sulphur springs","Sulphur Springs"
"TX","summerfield","Summerfield"
"TX","sun valley","Sun Valley"
"TX","sundown","Sundown"
"TX","sunnyvale","Sunnyvale"
"TX","sunray","Sunray"
"TX","sunrise beach village","Sunrise Beach Village"
"TX","sunrise shores","Sunrise Shores"
"TX","sunset","Sunset"
"TX","sunset acres","Sunset Acres"
"TX","sunset valley","Sunset Valley"
"TX","surfside beach","Surfside Beach"
"TX","sweeny","Sweeny"
"TX","sweetwater","Sweetwater"
"TX","sylvester","Sylvester"
"TX","taft","Taft"
"TX","taft southwest","Taft Southwest"
"TX","tahoka","Tahoka"
"TX","talco","Talco"
"TX","talty","Talty"
"TX","tanquecitos south acres","Tanquecitos South Acres"
"TX","tanquecitos south acres ii","Tanquecitos South Acres II"
"TX","tatum","Tatum"
"TX","taylor","Taylor"
"TX","taylor lake village","Taylor Lake Village"
"TX","taylor landing","Taylor Landing"
"TX","teague","Teague"
"TX","tehuacana","Tehuacana"
"TX","temple","Temple"
"TX","tenaha","Tenaha"
"TX","terlingua","Terlingua"
"TX","terrell","Terrell"
"TX","terrell hills","Terrell Hills"
"TX","texarkana","Texarkana"
"TX","texas city","Texas City"
"TX","texhoma","Texhoma"
"TX","texline","Texline"
"TX","the colony","The Colony"
"TX","the hills","The Hills"
"TX","the homesteads","The Homesteads"
"TX","the woodlands","The Woodlands"
"TX","thompsons","Thompsons"
"TX","thompsonville","Thompsonville"
"TX","thorndale","Thorndale"
"TX","thornton","Thornton"
"TX","thorntonville","Thorntonville"
"TX","thrall","Thrall"
"TX","three rivers","Three Rivers"
"TX","throckmorton","Throckmorton"
"TX","thunderbird bay","Thunderbird Bay"
"TX","tierra bonita","Tierra Bonita"
"TX","tierra dorada","Tierra Dorada"
"TX","tierra grande","Tierra Grande"
"TX","tierra verde","Tierra Verde"
"TX","tiki island","Tiki Island"
"TX","tilden","Tilden"
"TX","timbercreek canyon","Timbercreek Canyon"
"TX","timberwood park","Timberwood Park"
"TX","timpson","Timpson"
"TX","tioga","Tioga"
"TX","tira","Tira"
"TX","tivoli","Tivoli"
"TX","toco","Toco"
"TX","todd mission","Todd Mission"
"TX","tolar","Tolar"
"TX","tom bean","Tom Bean"
"TX","tomball","Tomball"
"TX","tool","Tool"
"TX","tornillo","Tornillo"
"TX","tow","Tow"
"TX","town of pecos","Town of Pecos"
"TX","toyah","Toyah"
"TX","tradewinds","Tradewinds"
"TX","travis ranch","Travis Ranch"
"TX","trent","Trent"
"TX","trenton","Trenton"
"TX","trinidad","Trinidad"
"TX","trinity","Trinity"
"TX","trophy club","Trophy Club"
"TX","troup","Troup"
"TX","troy","Troy"
"TX","tuleta","Tuleta"
"TX","tulia","Tulia"
"TX","tulsita","Tulsita"
"TX","tunis","Tunis"
"TX","turkey","Turkey"
"TX","tuscola","Tuscola"
"TX","tye","Tye"
"TX","tyler","Tyler"
"TX","tynan","Tynan"
"TX","uhland","Uhland"
"TX","umbarger","Umbarger"
"TX","uncertain","Uncertain"
"TX","union grove","Union Grove"
"TX","union valley","Union Valley"
"TX","universal city","Universal City"
"TX","university park","University Park"
"TX","utopia","Utopia"
"TX","uvalde","Uvalde"
"TX","uvalde estates","Uvalde Estates"
"TX","val verde park","Val Verde Park"
"TX","valentine","Valentine"
"TX","valera","Valera"
"TX","valle hermoso","Valle Hermoso"
"TX","valle verde","Valle Verde"
"TX","valle vista","Valle Vista"
"TX","valley mills","Valley Mills"
"TX","valley view","Valley View"
"TX","van","Van"
"TX","van alstyne","Van Alstyne"
"TX","van horn","Van Horn"
"TX","van vleck","Van Vleck"
"TX","vanderbilt","Vanderbilt"
"TX","vega","Vega"
"TX","venus","Venus"
"TX","vernon","Vernon"
"TX","victoria","Victoria"
"TX","victoria vera","Victoria Vera"
"TX","vidor","Vidor"
"TX","villa del sol","Villa del Sol"
"TX","villa pancho","Villa Pancho"
"TX","villa verde","Villa Verde"
"TX","villarreal","Villarreal"
"TX","vinton","Vinton"
"TX","volente","Volente"
"TX","von ormy","Von Ormy"
"TX","waco","Waco"
"TX","wadsworth","Wadsworth"
"TX","waelder","Waelder"
"TX","waka","Waka"
"TX","wake village","Wake Village"
"TX","waller","Waller"
"TX","wallis","Wallis"
"TX","walnut springs","Walnut Springs"
"TX","warren","Warren"
"TX","warren city","Warren City"
"TX","washburn","Washburn"
"TX","waskom","Waskom"
"TX","watauga","Watauga"
"TX","waxahachie","Waxahachie"
"TX","weatherford","Weatherford"
"TX","webberville","Webberville"
"TX","webster","Webster"
"TX","weimar","Weimar"
"TX","weinert","Weinert"
"TX","weir","Weir"
"TX","welch","Welch"
"TX","wellington","Wellington"
"TX","wellman","Wellman"
"TX","wells","Wells"
"TX","wells branch","Wells Branch"
"TX","weslaco","Weslaco"
"TX","west","West"
"TX","west alto bonito","West Alto Bonito"
"TX","west columbia","West Columbia"
"TX","west lake hills","West Lake Hills"
"TX","west livingston","West Livingston"
"TX","west odessa","West Odessa"
"TX","west orange","West Orange"
"TX","west sharyland","West Sharyland"
"TX","west tawakoni","West Tawakoni"
"TX","west university place","West University Place"
"TX","westbrook","Westbrook"
"TX","westdale","Westdale"
"TX","western lake","Western Lake"
"TX","westlake","Westlake"
"TX","westminster","Westminster"
"TX","weston","Weston"
"TX","weston lakes","Weston Lakes"
"TX","westover hills","Westover Hills"
"TX","westway","Westway"
"TX","westwood shores","Westwood Shores"
"TX","westworth village","Westworth Village"
"TX","wharton","Wharton"
"TX","wheeler","Wheeler"
"TX","white deer","White Deer"
"TX","white oak","White Oak"
"TX","white settlement","White Settlement"
"TX","whiteface","Whiteface"
"TX","whitehouse","Whitehouse"
"TX","whitesboro","Whitesboro"
"TX","whitewright","Whitewright"
"TX","whitharral","Whitharral"
"TX","whitney","Whitney"
"TX","wichita falls","Wichita Falls"
"TX","wickett","Wickett"
"TX","wild peach village","Wild Peach Village"
"TX","wildorado","Wildorado"
"TX","wildwood","Wildwood"
"TX","willis","Willis"
"TX","willow grove","Willow Grove"
"TX","willow park","Willow Park"
"TX","wills point","Wills Point"
"TX","wilmer","Wilmer"
"TX","wilson","Wilson"
"TX","wimberley","Wimberley"
"TX","windcrest","Windcrest"
"TX","windom","Windom"
"TX","windthorst","Windthorst"
"TX","winfield","Winfield"
"TX","wingate","Wingate"
"TX","wink","Wink"
"TX","winnie","Winnie"
"TX","winnsboro","Winnsboro"
"TX","winona","Winona"
"TX","winters","Winters"
"TX","wixon valley","Wixon Valley"
"TX","wolfe city","Wolfe City"
"TX","wolfforth","Wolfforth"
"TX","woodbranch","Woodbranch"
"TX","woodcreek","Woodcreek"
"TX","woodloch","Woodloch"
"TX","woodsboro","Woodsboro"
"TX","woodson","Woodson"
"TX","woodville","Woodville"
"TX","woodway","Woodway"
"TX","wortham","Wortham"
"TX","wyldwood","Wyldwood"
"TX","wylie","Wylie"
"TX","yancey","Yancey"
"TX","yantis","Yantis"
"TX","yoakum","Yoakum"
"TX","yorktown","Yorktown"
"TX","yznaga","Yznaga"
"TX","zapata","Zapata"
"TX","zapata ranch","Zapata Ranch"
"TX","zarate","Zarate"
"TX","zavalla","Zavalla"
"TX","zephyr","Zephyr"
"TX","zuehl","Zuehl"
"UT","alpine","Alpine"
"UT","alta","Alta"
"UT","altamont","Altamont"
"UT","alton","Alton"
"UT","amalga","Amalga"
"UT","american fork","American Fork"
"UT","aneth","Aneth"
"UT","annabella","Annabella"
"UT","antimony","Antimony"
"UT","apple valley","Apple Valley"
"UT","aurora","Aurora"
"UT","avon","Avon"
"UT","ballard","Ballard"
"UT","bear river city","Bear River City"
"UT","beaver","Beaver"
"UT","benjamin","Benjamin"
"UT","benson","Benson"
"UT","beryl junction","Beryl Junction"
"UT","bicknell","Bicknell"
"UT","big water","Big Water"
"UT","blanding","Blanding"
"UT","bluebell","Bluebell"
"UT","bluff","Bluff"
"UT","bluffdale","Bluffdale"
"UT","bonanza","Bonanza"
"UT","boulder","Boulder"
"UT","bountiful","Bountiful"
"UT","brian head","Brian Head"
"UT","brigham city","Brigham City"
"UT","brighton","Brighton"
"UT","bryce canyon city","Bryce Canyon City"
"UT","cache","Cache"
"UT","cannonville","Cannonville"
"UT","carbonville","Carbonville"
"UT","castle dale","Castle Dale"
"UT","castle valley","Castle Valley"
"UT","cedar city","Cedar City"
"UT","cedar fort","Cedar Fort"
"UT","cedar highlands","Cedar Highlands"
"UT","cedar hills","Cedar Hills"
"UT","centerfield","Centerfield"
"UT","centerville","Centerville"
"UT","central","Central"
"UT","central valley","Central Valley"
"UT","charleston","Charleston"
"UT","circleville","Circleville"
"UT","clarkston","Clarkston"
"UT","clawson","Clawson"
"UT","clear creek","Clear Creek"
"UT","clearfield","Clearfield"
"UT","cleveland","Cleveland"
"UT","clinton","Clinton"
"UT","coalville","Coalville"
"UT","copperton","Copperton"
"UT","corinne","Corinne"
"UT","cornish","Cornish"
"UT","cottonwood heights","Cottonwood Heights"
"UT","cove","Cove"
"UT","dammeron valley","Dammeron Valley"
"UT","daniel","Daniel"
"UT","delta","Delta"
"UT","deseret","Deseret"
"UT","deweyville","Deweyville"
"UT","draper","Draper"
"UT","duchesne","Duchesne"
"UT","dugway","Dugway"
"UT","dutch john","Dutch John"
"UT","eagle mountain","Eagle Mountain"
"UT","east basin","East Basin"
"UT","east carbon","East Carbon"
"UT","echo","Echo"
"UT","eden","Eden"
"UT","elberta","Elberta"
"UT","elk ridge","Elk Ridge"
"UT","elmo","Elmo"
"UT","elsinore","Elsinore"
"UT","elwood","Elwood"
"UT","emery","Emery"
"UT","emigration canyon","Emigration Canyon"
"UT","enoch","Enoch"
"UT","enterprise","Enterprise"
"UT","ephraim","Ephraim"
"UT","erda","Erda"
"UT","escalante","Escalante"
"UT","eureka","Eureka"
"UT","fairfield","Fairfield"
"UT","fairview","Fairview"
"UT","farmington","Farmington"
"UT","farr west","Farr West"
"UT","fayette","Fayette"
"UT","ferron","Ferron"
"UT","fielding","Fielding"
"UT","fillmore","Fillmore"
"UT","flaming gorge","Flaming Gorge"
"UT","fort duchesne","Fort Duchesne"
"UT","fountain green","Fountain Green"
"UT","francis","Francis"
"UT","fremont","Fremont"
"UT","fruit heights","Fruit Heights"
"UT","garden","Garden"
"UT","garden city","Garden City"
"UT","garland","Garland"
"UT","genola","Genola"
"UT","glendale","Glendale"
"UT","glenwood","Glenwood"
"UT","goshen","Goshen"
"UT","granite","Granite"
"UT","grantsville","Grantsville"
"UT","green river","Green River"
"UT","gunnison","Gunnison"
"UT","halchita","Halchita"
"UT","halls crossing","Halls Crossing"
"UT","hanksville","Hanksville"
"UT","harrisville","Harrisville"
"UT","hatch","Hatch"
"UT","heber","Heber"
"UT","helper","Helper"
"UT","henefer","Henefer"
"UT","henrieville","Henrieville"
"UT","herriman","Herriman"
"UT","hideout","Hideout"
"UT","highland","Highland"
"UT","hildale","Hildale"
"UT","hinckley","Hinckley"
"UT","hobble creek","Hobble Creek"
"UT","holden","Holden"
"UT","holladay","Holladay"
"UT","honeyville","Honeyville"
"UT","hooper","Hooper"
"UT","howell","Howell"
"UT","hoytsville","Hoytsville"
"UT","huntington","Huntington"
"UT","huntsville","Huntsville"
"UT","hurricane","Hurricane"
"UT","hyde park","Hyde Park"
"UT","hyrum","Hyrum"
"UT","independence","Independence"
"UT","interlaken","Interlaken"
"UT","ivins","Ivins"
"UT","jensen","Jensen"
"UT","joseph","Joseph"
"UT","junction","Junction"
"UT","kamas","Kamas"
"UT","kanab","Kanab"
"UT","kanarraville","Kanarraville"
"UT","kanosh","Kanosh"
"UT","kaysville","Kaysville"
"UT","kearns","Kearns"
"UT","kenilworth","Kenilworth"
"UT","kingston","Kingston"
"UT","koosharem","Koosharem"
"UT","la sal","La Sal"
"UT","la verkin","La Verkin"
"UT","lake point","Lake Point"
"UT","lake shore","Lake Shore"
"UT","laketown","Laketown"
"UT","lapoint","Lapoint"
"UT","layton","Layton"
"UT","leamington","Leamington"
"UT","leeds","Leeds"
"UT","lehi","Lehi"
"UT","levan","Levan"
"UT","lewiston","Lewiston"
"UT","liberty","Liberty"
"UT","lindon","Lindon"
"UT","loa","Loa"
"UT","logan","Logan"
"UT","lyman","Lyman"
"UT","lynndyl","Lynndyl"
"UT","maeser","Maeser"
"UT","magna","Magna"
"UT","manila","Manila"
"UT","manti","Manti"
"UT","mantua","Mantua"
"UT","mapleton","Mapleton"
"UT","marion","Marion"
"UT","marriott-slaterville","Marriott-Slaterville"
"UT","marysvale","Marysvale"
"UT","mayfield","Mayfield"
"UT","meadow","Meadow"
"UT","mendon","Mendon"
"UT","mexican hat","Mexican Hat"
"UT","midvale","Midvale"
"UT","midway","Midway"
"UT","milford","Milford"
"UT","millcreek","Millcreek"
"UT","millville","Millville"
"UT","minersville","Minersville"
"UT","moab","Moab"
"UT","modena","Modena"
"UT","mona","Mona"
"UT","monroe","Monroe"
"UT","montezuma creek","Montezuma Creek"
"UT","monticello","Monticello"
"UT","morgan","Morgan"
"UT","moroni","Moroni"
"UT","mount pleasant","Mount Pleasant"
"UT","mountain green","Mountain Green"
"UT","murray","Murray"
"UT","myton","Myton"
"UT","naples","Naples"
"UT","navajo mountain","Navajo Mountain"
"UT","neola","Neola"
"UT","nephi","Nephi"
"UT","new harmony","New Harmony"
"UT","newcastle","Newcastle"
"UT","newton","Newton"
"UT","nibley","Nibley"
"UT","north logan","North Logan"
"UT","north ogden","North Ogden"
"UT","north salt lake","North Salt Lake"
"UT","oak city","Oak City"
"UT","oakley","Oakley"
"UT","oasis","Oasis"
"UT","ogden","Ogden"
"UT","oljato-monument valley","Oljato-Monument Valley"
"UT","ophir","Ophir"
"UT","orangeville","Orangeville"
"UT","orderville","Orderville"
"UT","orem","Orem"
"UT","palmyra","Palmyra"
"UT","panguitch","Panguitch"
"UT","paradise","Paradise"
"UT","paragonah","Paragonah"
"UT","park city","Park City"
"UT","parowan","Parowan"
"UT","payson","Payson"
"UT","peoa","Peoa"
"UT","perry","Perry"
"UT","peter","Peter"
"UT","pine valley","Pine Valley"
"UT","plain city","Plain City"
"UT","pleasant grove","Pleasant Grove"
"UT","pleasant view","Pleasant View"
"UT","plymouth","Plymouth"
"UT","portage","Portage"
"UT","price","Price"
"UT","providence","Providence"
"UT","provo","Provo"
"UT","randlett","Randlett"
"UT","randolph","Randolph"
"UT","redmond","Redmond"
"UT","richfield","Richfield"
"UT","richmond","Richmond"
"UT","river heights","River Heights"
"UT","riverdale","Riverdale"
"UT","riverside","Riverside"
"UT","riverton","Riverton"
"UT","rockville","Rockville"
"UT","rocky ridge","Rocky Ridge"
"UT","roosevelt","Roosevelt"
"UT","roy","Roy"
"UT","rush valley","Rush Valley"
"UT","salem","Salem"
"UT","salina","Salina"
"UT","salt lake city","Salt Lake City"
"UT","samak","Samak"
"UT","sandy","Sandy"
"UT","santa clara","Santa Clara"
"UT","santaquin","Santaquin"
"UT","saratoga springs","Saratoga Springs"
"UT","scipio","Scipio"
"UT","scofield","Scofield"
"UT","sigurd","Sigurd"
"UT","silver summit","Silver Summit"
"UT","smithfield","Smithfield"
"UT","snowville","Snowville"
"UT","snyderville","Snyderville"
"UT","south jordan","South Jordan"
"UT","south ogden","South Ogden"
"UT","south salt lake","South Salt Lake"
"UT","south weber","South Weber"
"UT","south willard","South Willard"
"UT","spanish fork","Spanish Fork"
"UT","spanish valley","Spanish Valley"
"UT","spring city","Spring City"
"UT","spring glen","Spring Glen"
"UT","spring lake","Spring Lake"
"UT","springdale","Springdale"
"UT","springville","Springville"
"UT","st. george","St. George"
"UT","stansbury park","Stansbury Park"
"UT","sterling","Sterling"
"UT","stockton","Stockton"
"UT","summit","Summit"
"UT","summit park","Summit Park"
"UT","sundance","Sundance"
"UT","sunset","Sunset"
"UT","sutherland","Sutherland"
"UT","syracuse","Syracuse"
"UT","tabiona","Tabiona"
"UT","taylorsville","Taylorsville"
"UT","teasdale","Teasdale"
"UT","thatcher","Thatcher"
"UT","thompson springs","Thompson Springs"
"UT","timber lakes","Timber Lakes"
"UT","tooele","Tooele"
"UT","toquerville","Toquerville"
"UT","torrey","Torrey"
"UT","tremonton","Tremonton"
"UT","trenton","Trenton"
"UT","tropic","Tropic"
"UT","tselakai dezza","Tselakai Dezza"
"UT","uintah","Uintah"
"UT","vernal","Vernal"
"UT","vernon","Vernon"
"UT","veyo","Veyo"
"UT","vineyard","Vineyard"
"UT","virgin","Virgin"
"UT","wales","Wales"
"UT","wallsburg","Wallsburg"
"UT","wanship","Wanship"
"UT","washington","Washington"
"UT","washington terrace","Washington Terrace"
"UT","wellington","Wellington"
"UT","wellsville","Wellsville"
"UT","wendover","Wendover"
"UT","west bountiful","West Bountiful"
"UT","west haven","West Haven"
"UT","west jordan","West Jordan"
"UT","west mountain","West Mountain"
"UT","west point","West Point"
"UT","west valley city","West Valley City"
"UT","west wood","West Wood"
"UT","white city","White City"
"UT","white mesa","White Mesa"
"UT","whiterocks","Whiterocks"
"UT","willard","Willard"
"UT","wolf creek","Wolf Creek"
"UT","woodland","Woodland"
"UT","woodland hills","Woodland Hills"
"UT","woodruff","Woodruff"
"UT","woods cross","Woods Cross"
"VA","abbs valley","Abbs Valley"
"VA","abingdon","Abingdon"
"VA","accomac","Accomac"
"VA","adwolf","Adwolf"
"VA","afton","Afton"
"VA","alberta","Alberta"
"VA","aldie","Aldie"
"VA","alexandria","Alexandria"
"VA","allison gap","Allison Gap"
"VA","allisonia","Allisonia"
"VA","alonzaville","Alonzaville"
"VA","altavista","Altavista"
"VA","amelia court house","Amelia Court House"
"VA","amherst","Amherst"
"VA","amonate","Amonate"
"VA","annandale","Annandale"
"VA","appalachia","Appalachia"
"VA","apple mountain lake","Apple Mountain Lake"
"VA","appomattox","Appomattox"
"VA","aquia harbour","Aquia Harbour"
"VA","arcola","Arcola"
"VA","arlington","Arlington"
"VA","arrington","Arrington"
"VA","ashburn","Ashburn"
"VA","ashland","Ashland"
"VA","atkins","Atkins"
"VA","atlantic","Atlantic"
"VA","augusta springs","Augusta Springs"
"VA","austin ridge","Austin Ridge"
"VA","austinville","Austinville"
"VA","bailey's crossroads","Bailey's Crossroads"
"VA","barboursville","Barboursville"
"VA","baskerville","Baskerville"
"VA","bassett","Bassett"
"VA","bastian","Bastian"
"VA","basye","Basye"
"VA","bayside","Bayside"
"VA","baywood","Baywood"
"VA","bealeton","Bealeton"
"VA","bedford","Bedford"
"VA","belle haven","Belle Haven"
"VA","bellwood","Bellwood"
"VA","belmont","Belmont"
"VA","belmont estates","Belmont Estates"
"VA","belspring","Belspring"
"VA","belview","Belview"
"VA","benns church","Benns Church"
"VA","bensley","Bensley"
"VA","berryville","Berryville"
"VA","bethel manor","Bethel Manor"
"VA","big island","Big Island"
"VA","big rock","Big Rock"
"VA","big stone gap","Big Stone Gap"
"VA","big stone gap east","Big Stone Gap East"
"VA","blacksburg","Blacksburg"
"VA","blackstone","Blackstone"
"VA","blairs","Blairs"
"VA","bland","Bland"
"VA","bloxom","Bloxom"
"VA","blue ridge","Blue Ridge"
"VA","blue ridge shores","Blue Ridge Shores"
"VA","bluefield","Bluefield"
"VA","bobtown","Bobtown"
"VA","boissevain","Boissevain"
"VA","bon air","Bon Air"
"VA","boones mill","Boones Mill"
"VA","boston","Boston"
"VA","bowling green","Bowling Green"
"VA","bowmans crossing","Bowmans Crossing"
"VA","boyce","Boyce"
"VA","boydton","Boydton"
"VA","boykins","Boykins"
"VA","bracey","Bracey"
"VA","braddock","Braddock"
"VA","brambleton","Brambleton"
"VA","branchville","Branchville"
"VA","brandermill","Brandermill"
"VA","brandy station","Brandy Station"
"VA","breaks","Breaks"
"VA","bridgewater","Bridgewater"
"VA","brightwood","Brightwood"
"VA","bristol","Bristol"
"VA","broadlands","Broadlands"
"VA","broadway","Broadway"
"VA","brodnax","Brodnax"
"VA","brookneal","Brookneal"
"VA","brucetown","Brucetown"
"VA","buchanan","Buchanan"
"VA","buckhall","Buckhall"
"VA","buckingham courthouse","Buckingham Courthouse"
"VA","buena vista","Buena Vista"
"VA","bull run","Bull Run"
"VA","bull run mountain estates","Bull Run Mountain Estates"
"VA","burke","Burke"
"VA","burke centre","Burke Centre"
"VA","burkeville","Burkeville"
"VA","callaghan","Callaghan"
"VA","calverton","Calverton"
"VA","camp barrett","Camp Barrett"
"VA","camptown","Camptown"
"VA","cana","Cana"
"VA","cape charles","Cape Charles"
"VA","capron","Capron"
"VA","captains cove","Captains Cove"
"VA","carrollton","Carrollton"
"VA","carrsville","Carrsville"
"VA","cascades","Cascades"
"VA","castlewood","Castlewood"
"VA","catlett","Catlett"
"VA","cats bridge","Cats Bridge"
"VA","cave spring","Cave Spring"
"VA","cedar bluff","Cedar Bluff"
"VA","central garage","Central Garage"
"VA","centreville","Centreville"
"VA","chamberlayne","Chamberlayne"
"VA","chantilly","Chantilly"
"VA","charles city","Charles City"
"VA","charlotte court house","Charlotte Court House"
"VA","charlottesville","Charlottesville"
"VA","chase city","Chase City"
"VA","chase crossing","Chase Crossing"
"VA","chatham","Chatham"
"VA","chatham heights","Chatham Heights"
"VA","chatmoss","Chatmoss"
"VA","cheriton","Cheriton"
"VA","cherry hill","Cherry Hill"
"VA","chesapeake","Chesapeake"
"VA","chester","Chester"
"VA","chester gap","Chester Gap"
"VA","chilhowie","Chilhowie"
"VA","chincoteague","Chincoteague"
"VA","christiansburg","Christiansburg"
"VA","churchville","Churchville"
"VA","claremont","Claremont"
"VA","clarksville","Clarksville"
"VA","clary","Clary"
"VA","claypool hill","Claypool Hill"
"VA","cleveland","Cleveland"
"VA","clifton","Clifton"
"VA","clifton forge","Clifton Forge"
"VA","cliftondale park","Cliftondale Park"
"VA","clinchco","Clinchco"
"VA","clinchport","Clinchport"
"VA","clintwood","Clintwood"
"VA","clover","Clover"
"VA","cloverdale","Cloverdale"
"VA","cluster springs","Cluster Springs"
"VA","coeburn","Coeburn"
"VA","collinsville","Collinsville"
"VA","colonial beach","Colonial Beach"
"VA","colonial forge","Colonial Forge"
"VA","colonial heights","Colonial Heights"
"VA","columbia","Columbia"
"VA","columbia furnace","Columbia Furnace"
"VA","concord","Concord"
"VA","conicville","Conicville"
"VA","countryside","Countryside"
"VA","county center","County Center"
"VA","courthouse square","Courthouse Square"
"VA","courtland","Courtland"
"VA","covington","Covington"
"VA","craigsville","Craigsville"
"VA","crewe","Crewe"
"VA","crimora","Crimora"
"VA","crosspointe","Crosspointe"
"VA","crozet","Crozet"
"VA","culpeper","Culpeper"
"VA","cumberland","Cumberland"
"VA","dahlgren","Dahlgren"
"VA","dahlgren center","Dahlgren Center"
"VA","dale city","Dale City"
"VA","daleville","Daleville"
"VA","damascus","Damascus"
"VA","dante","Dante"
"VA","danville","Danville"
"VA","dayton","Dayton"
"VA","deep creek","Deep Creek"
"VA","deerfield","Deerfield"
"VA","deltaville","Deltaville"
"VA","dendron","Dendron"
"VA","difficult run","Difficult Run"
"VA","dillwyn","Dillwyn"
"VA","dinwiddie","Dinwiddie"
"VA","disputanta","Disputanta"
"VA","dooms","Dooms"
"VA","doran","Doran"
"VA","drakes branch","Drakes Branch"
"VA","dranesville","Dranesville"
"VA","draper","Draper"
"VA","dryden","Dryden"
"VA","dublin","Dublin"
"VA","duffield","Duffield"
"VA","dulles town center","Dulles Town Center"
"VA","dumbarton","Dumbarton"
"VA","dumfries","Dumfries"
"VA","dunbar","Dunbar"
"VA","dungannon","Dungannon"
"VA","dunn loring","Dunn Loring"
"VA","eagle rock","Eagle Rock"
"VA","earlysville","Earlysville"
"VA","east highland park","East Highland Park"
"VA","east lexington","East Lexington"
"VA","east stone gap","East Stone Gap"
"VA","eastville","Eastville"
"VA","ebony","Ebony"
"VA","edinburg","Edinburg"
"VA","eggleston","Eggleston"
"VA","elkton","Elkton"
"VA","elliston","Elliston"
"VA","embrey mill","Embrey Mill"
"VA","emory","Emory"
"VA","emporia","Emporia"
"VA","england run","England Run"
"VA","enon","Enon"
"VA","esmont","Esmont"
"VA","ettrick","Ettrick"
"VA","ewing","Ewing"
"VA","exmore","Exmore"
"VA","fair lakes","Fair Lakes"
"VA","fair oaks","Fair Oaks"
"VA","fairfax","Fairfax"
"VA","fairfax station","Fairfax Station"
"VA","fairfield","Fairfield"
"VA","fairlawn","Fairlawn"
"VA","fairview","Fairview"
"VA","fairview beach","Fairview Beach"
"VA","falls church","Falls Church"
"VA","falls mills","Falls Mills"
"VA","falls run","Falls Run"
"VA","falmouth","Falmouth"
"VA","fancy gap","Fancy Gap"
"VA","farmville","Farmville"
"VA","ferrum","Ferrum"
"VA","ferry farm","Ferry Farm"
"VA","fieldale","Fieldale"
"VA","fincastle","Fincastle"
"VA","fishers hill","Fishers Hill"
"VA","fishersville","Fishersville"
"VA","flint hill","Flint Hill"
"VA","floris","Floris"
"VA","floyd","Floyd"
"VA","forest","Forest"
"VA","forestville","Forestville"
"VA","fort belvoir","Fort Belvoir"
"VA","fort chiswell","Fort Chiswell"
"VA","fort gregg-adams","Fort Gregg-Adams"
"VA","fort hunt","Fort Hunt"
"VA","franconia","Franconia"
"VA","franklin","Franklin"
"VA","franklin farm","Franklin Farm"
"VA","franktown","Franktown"
"VA","fredericksburg","Fredericksburg"
"VA","free union","Free Union"
"VA","fries","Fries"
"VA","front royal","Front Royal"
"VA","gainesville","Gainesville"
"VA","galax","Galax"
"VA","gargatha","Gargatha"
"VA","gasburg","Gasburg"
"VA","gate city","Gate City"
"VA","george mason","George Mason"
"VA","glade spring","Glade Spring"
"VA","glasgow","Glasgow"
"VA","glen allen","Glen Allen"
"VA","glen lyn","Glen Lyn"
"VA","glen wilton","Glen Wilton"
"VA","glenvar","Glenvar"
"VA","gloucester courthouse","Gloucester Courthouse"
"VA","gloucester point","Gloucester Point"
"VA","goochland","Goochland"
"VA","goose creek village","Goose Creek Village"
"VA","gordonsville","Gordonsville"
"VA","gore","Gore"
"VA","goshen","Goshen"
"VA","grafton village","Grafton Village"
"VA","gratton","Gratton"
"VA","great falls","Great Falls"
"VA","great falls crossing","Great Falls Crossing"
"VA","greenbackville","Greenbackville"
"VA","greenbriar","Greenbriar"
"VA","greenbush","Greenbush"
"VA","greenville","Greenville"
"VA","gretna","Gretna"
"VA","grottoes","Grottoes"
"VA","groveton","Groveton"
"VA","grundy","Grundy"
"VA","gwynn","Gwynn"
"VA","halifax","Halifax"
"VA","hallwood","Hallwood"
"VA","hamilton","Hamilton"
"VA","hampden-sydney","Hampden-Sydney"
"VA","hampton","Hampton"
"VA","hampton oaks","Hampton Oaks"
"VA","hanover","Hanover"
"VA","harborton","Harborton"
"VA","harrisonburg","Harrisonburg"
"VA","harriston","Harriston"
"VA","hayfield","Hayfield"
"VA","haymarket","Haymarket"
"VA","haysi","Haysi"
"VA","heathsville","Heathsville"
"VA","henry fork","Henry Fork"
"VA","herndon","Herndon"
"VA","highland springs","Highland Springs"
"VA","hillsboro","Hillsboro"
"VA","hillsville","Hillsville"
"VA","hilltown","Hilltown"
"VA","hiltons","Hiltons"
"VA","hiwassee","Hiwassee"
"VA","hollins","Hollins"
"VA","hollymead","Hollymead"
"VA","honaker","Honaker"
"VA","hopewell","Hopewell"
"VA","horntown","Horntown"
"VA","horse pasture","Horse Pasture"
"VA","hot springs","Hot Springs"
"VA","hudson crossroads","Hudson Crossroads"
"VA","huntington","Huntington"
"VA","hurt","Hurt"
"VA","hutchison","Hutchison"
"VA","hybla valley","Hybla Valley"
"VA","idylwood","Idylwood"
"VA","independence","Independence"
"VA","independent hill","Independent Hill"
"VA","innovation","Innovation"
"VA","innsbrook","Innsbrook"
"VA","iron gate","Iron Gate"
"VA","irvington","Irvington"
"VA","ivanhoe","Ivanhoe"
"VA","ivor","Ivor"
"VA","ivy","Ivy"
"VA","jarratt","Jarratt"
"VA","jewell ridge","Jewell Ridge"
"VA","jolivue","Jolivue"
"VA","jonesville","Jonesville"
"VA","keezletown","Keezletown"
"VA","keller","Keller"
"VA","kenbridge","Kenbridge"
"VA","keokee","Keokee"
"VA","keswick","Keswick"
"VA","keysville","Keysville"
"VA","kilmarnock","Kilmarnock"
"VA","kincora","Kincora"
"VA","king and queen court house","King and Queen Court House"
"VA","king george","King George"
"VA","king william","King William"
"VA","kings park","Kings Park"
"VA","kings park west","Kings Park West"
"VA","kingstowne","Kingstowne"
"VA","la crosse","La Crosse"
"VA","lafayette","Lafayette"
"VA","lake arrowhead","Lake Arrowhead"
"VA","lake barcroft","Lake Barcroft"
"VA","lake caroline","Lake Caroline"
"VA","lake holiday","Lake Holiday"
"VA","lake land'or","Lake Land'Or"
"VA","lake monticello","Lake Monticello"
"VA","lake of the woods","Lake of the Woods"
"VA","lake ridge","Lake Ridge"
"VA","lake wilderness","Lake Wilderness"
"VA","lakeside","Lakeside"
"VA","lancaster","Lancaster"
"VA","lansdowne","Lansdowne"
"VA","laurel","Laurel"
"VA","laurel hill","Laurel Hill"
"VA","laurel park","Laurel Park"
"VA","lawrenceville","Lawrenceville"
"VA","laymantown","Laymantown"
"VA","lebanon","Lebanon"
"VA","lebanon church","Lebanon Church"
"VA","lee mont","Lee Mont"
"VA","leeland station","Leeland Station"
"VA","leesburg","Leesburg"
"VA","leesylvania","Leesylvania"
"VA","lexington","Lexington"
"VA","lincolnia","Lincolnia"
"VA","linton hall","Linton Hall"
"VA","linville","Linville"
"VA","loch lomond","Loch Lomond"
"VA","locust grove","Locust Grove"
"VA","locust mount","Locust Mount"
"VA","long branch","Long Branch"
"VA","lorton","Lorton"
"VA","loudoun valley estates","Loudoun Valley Estates"
"VA","louisa","Louisa"
"VA","lovettsville","Lovettsville"
"VA","lovingston","Lovingston"
"VA","low moor","Low Moor"
"VA","lowes island","Lowes Island"
"VA","lunenburg","Lunenburg"
"VA","luray","Luray"
"VA","lynchburg","Lynchburg"
"VA","lyndhurst","Lyndhurst"
"VA","madison","Madison"
"VA","madison heights","Madison Heights"
"VA","makemie park","Makemie Park"
"VA","mallow","Mallow"
"VA","manassas","Manassas"
"VA","manassas park","Manassas Park"
"VA","manchester","Manchester"
"VA","mantua","Mantua"
"VA","mappsburg","Mappsburg"
"VA","mappsville","Mappsville"
"VA","marion","Marion"
"VA","marshall","Marshall"
"VA","martinsville","Martinsville"
"VA","mason neck","Mason Neck"
"VA","massanetta springs","Massanetta Springs"
"VA","massanutten","Massanutten"
"VA","mathews","Mathews"
"VA","matoaca","Matoaca"
"VA","maurertown","Maurertown"
"VA","max meadows","Max Meadows"
"VA","mcdowell","McDowell"
"VA","mcgaheysville","McGaheysville"
"VA","mckenney","McKenney"
"VA","mclean","McLean"
"VA","mcmullin","McMullin"
"VA","mcnair","McNair"
"VA","meadowbrook","Meadowbrook"
"VA","meadows of dan","Meadows of Dan"
"VA","meadowview","Meadowview"
"VA","mechanicsburg","Mechanicsburg"
"VA","mechanicsville","Mechanicsville"
"VA","melfa","Melfa"
"VA","mendota","Mendota"
"VA","merrifield","Merrifield"
"VA","merrimac","Merrimac"
"VA","metompkin","Metompkin"
"VA","middlebrook","Middlebrook"
"VA","middleburg","Middleburg"
"VA","middletown","Middletown"
"VA","midland","Midland"
"VA","midlothian","Midlothian"
"VA","millboro","Millboro"
"VA","mineral","Mineral"
"VA","modest town","Modest Town"
"VA","moneta","Moneta"
"VA","montclair","Montclair"
"VA","monterey","Monterey"
"VA","montrose","Montrose"
"VA","montross","Montross"
"VA","montvale","Montvale"
"VA","moorefield","Moorefield"
"VA","motley","Motley"
"VA","mount clifton","Mount Clifton"
"VA","mount crawford","Mount Crawford"
"VA","mount hermon","Mount Hermon"
"VA","mount jackson","Mount Jackson"
"VA","mount olive","Mount Olive"
"VA","mount sidney","Mount Sidney"
"VA","mount vernon","Mount Vernon"
"VA","mountain road","Mountain Road"
"VA","narrows","Narrows"
"VA","nassawadox","Nassawadox"
"VA","nathalie","Nathalie"
"VA","navy","Navy"
"VA","nellysford","Nellysford"
"VA","nelsonia","Nelsonia"
"VA","new baltimore","New Baltimore"
"VA","new castle","New Castle"
"VA","new church","New Church"
"VA","new hope","New Hope"
"VA","new kent","New Kent"
"VA","new market","New Market"
"VA","new river","New River"
"VA","newington","Newington"
"VA","newington forest","Newington Forest"
"VA","newport news","Newport News"
"VA","newsoms","Newsoms"
"VA","nickelsville","Nickelsville"
"VA","nokesville","Nokesville"
"VA","norfolk","Norfolk"
"VA","north garden","North Garden"
"VA","north shore","North Shore"
"VA","north springfield","North Springfield"
"VA","norton","Norton"
"VA","nottoway court house","Nottoway Court House"
"VA","oak grove","Oak Grove"
"VA","oak hall","Oak Hall"
"VA","oak level","Oak Level"
"VA","oakton","Oakton"
"VA","occoquan","Occoquan"
"VA","onancock","Onancock"
"VA","one loudoun","One Loudoun"
"VA","onley","Onley"
"VA","opal","Opal"
"VA","orange","Orange"
"VA","orkney springs","Orkney Springs"
"VA","osaka","Osaka"
"VA","painter","Painter"
"VA","palmyra","Palmyra"
"VA","pamplin city","Pamplin City"
"VA","pantops","Pantops"
"VA","paris","Paris"
"VA","park ridge","Park Ridge"
"VA","parksley","Parksley"
"VA","parrott","Parrott"
"VA","passapatanzy","Passapatanzy"
"VA","pastoria","Pastoria"
"VA","patrick springs","Patrick Springs"
"VA","pearisburg","Pearisburg"
"VA","pembroke","Pembroke"
"VA","penhook","Penhook"
"VA","pennington gap","Pennington Gap"
"VA","petersburg","Petersburg"
"VA","phenix","Phenix"
"VA","pimmit hills","Pimmit Hills"
"VA","piney mountain","Piney Mountain"
"VA","plum creek","Plum Creek"
"VA","pocahontas","Pocahontas"
"VA","poquoson","Poquoson"
"VA","port republic","Port Republic"
"VA","port royal","Port Royal"
"VA","portsmouth","Portsmouth"
"VA","potomac mills","Potomac Mills"
"VA","pound","Pound"
"VA","pounding mill","Pounding Mill"
"VA","powhatan","Powhatan"
"VA","prices fork","Prices Fork"
"VA","prince george","Prince George"
"VA","pulaski","Pulaski"
"VA","pungoteague","Pungoteague"
"VA","purcellville","Purcellville"
"VA","quantico","Quantico"
"VA","quantico base","Quantico Base"
"VA","quicksburg","Quicksburg"
"VA","quinby","Quinby"
"VA","radford","Radford"
"VA","raven","Raven"
"VA","ravensworth","Ravensworth"
"VA","rectortown","Rectortown"
"VA","remington","Remington"
"VA","reston","Reston"
"VA","rhoadesville","Rhoadesville"
"VA","rich creek","Rich Creek"
"VA","richlands","Richlands"
"VA","richmond","Richmond"
"VA","ridgeway","Ridgeway"
"VA","riner","Riner"
"VA","rio","Rio"
"VA","ripplemead","Ripplemead"
"VA","rivanna","Rivanna"
"VA","riverdale","Riverdale"
"VA","riverview","Riverview"
"VA","roanoke","Roanoke"
"VA","rockwood","Rockwood"
"VA","rocky gap","Rocky Gap"
"VA","rocky mount","Rocky Mount"
"VA","rose hill","Rose Hill"
"VA","round hill","Round Hill"
"VA","ruckersville","Ruckersville"
"VA","rural retreat","Rural Retreat"
"VA","rushmere","Rushmere"
"VA","rustburg","Rustburg"
"VA","salem","Salem"
"VA","saltville","Saltville"
"VA","saluda","Saluda"
"VA","sandston","Sandston"
"VA","sandy level","Sandy Level"
"VA","sanford","Sanford"
"VA","saumsville","Saumsville"
"VA","savage town","Savage Town"
"VA","savageville","Savageville"
"VA","saxis","Saxis"
"VA","schooner bay","Schooner Bay"
"VA","schuyler","Schuyler"
"VA","scotland","Scotland"
"VA","scottsburg","Scottsburg"
"VA","scottsville","Scottsville"
"VA","sedley","Sedley"
"VA","selma","Selma"
"VA","seven corners","Seven Corners"
"VA","seven mile ford","Seven Mile Ford"
"VA","shawneeland","Shawneeland"
"VA","shawsville","Shawsville"
"VA","shenandoah","Shenandoah"
"VA","shenandoah farms","Shenandoah Farms"
"VA","shenandoah retreat","Shenandoah Retreat"
"VA","shenandoah shores","Shenandoah Shores"
"VA","sherando","Sherando"
"VA","shipman","Shipman"
"VA","short pump","Short Pump"
"VA","singers glen","Singers Glen"
"VA","skyland estates","Skyland Estates"
"VA","smithfield","Smithfield"
"VA","snowville","Snowville"
"VA","south boston","South Boston"
"VA","south hill","South Hill"
"VA","south riding","South Riding"
"VA","south run","South Run"
"VA","southampton meadows","Southampton Meadows"
"VA","southside chesconessex","Southside Chesconessex"
"VA","sperryville","Sperryville"
"VA","spotsylvania courthouse","Spotsylvania Courthouse"
"VA","springfield","Springfield"
"VA","springville","Springville"
"VA","st. charles","St. Charles"
"VA","st. paul","St. Paul"
"VA","stafford lakes village","Stafford Lakes Village"
"VA","stanardsville","Stanardsville"
"VA","stanley","Stanley"
"VA","stanleytown","Stanleytown"
"VA","staunton","Staunton"
"VA","stephens city","Stephens City"
"VA","sterling","Sterling"
"VA","stevens creek","Stevens Creek"
"VA","stewartsville","Stewartsville"
"VA","stickleyville","Stickleyville"
"VA","stone ridge","Stone Ridge"
"VA","stonega","Stonega"
"VA","stony creek","Stony Creek"
"VA","strasburg","Strasburg"
"VA","stuart","Stuart"
"VA","stuarts draft","Stuarts Draft"
"VA","sudley","Sudley"
"VA","suffolk","Suffolk"
"VA","sugar grove","Sugar Grove"
"VA","sugarland run","Sugarland Run"
"VA","sully square","Sully Square"
"VA","surry","Surry"
"VA","sussex","Sussex"
"VA","tacoma","Tacoma"
"VA","tangier","Tangier"
"VA","tappahannock","Tappahannock"
"VA","tasley","Tasley"
"VA","tazewell","Tazewell"
"VA","temperanceville","Temperanceville"
"VA","templeton","Templeton"
"VA","the plains","The Plains"
"VA","the university of virginia's college at wise","The University of Virginia's College at Wise"
"VA","thynedale","Thynedale"
"VA","timberlake","Timberlake"
"VA","timberville","Timberville"
"VA","toms brook","Toms Brook"
"VA","triangle","Triangle"
"VA","troutdale","Troutdale"
"VA","troutville","Troutville"
"VA","tuckahoe","Tuckahoe"
"VA","twin lakes","Twin Lakes"
"VA","tysons","Tysons"
"VA","union hall","Union Hall"
"VA","union level","Union Level"
"VA","union mill","Union Mill"
"VA","unionville","Unionville"
"VA","university center","University Center"
"VA","university of virginia","University of Virginia"
"VA","upperville","Upperville"
"VA","urbanna","Urbanna"
"VA","vansant","Vansant"
"VA","verona","Verona"
"VA","victoria","Victoria"
"VA","vienna","Vienna"
"VA","villa heights","Villa Heights"
"VA","vinton","Vinton"
"VA","virgilina","Virgilina"
"VA","virginia beach","Virginia Beach"
"VA","vista woods","Vista Woods"
"VA","wachapreague","Wachapreague"
"VA","wakefield","Wakefield"
"VA","warfield","Warfield"
"VA","warm springs","Warm Springs"
"VA","warrenton","Warrenton"
"VA","warsaw","Warsaw"
"VA","washington","Washington"
"VA","waterford","Waterford"
"VA","wattsville","Wattsville"
"VA","waverly","Waverly"
"VA","waynesboro","Waynesboro"
"VA","weber city","Weber City"
"VA","weems","Weems"
"VA","west falls church","West Falls Church"
"VA","west point","West Point"
"VA","west springfield","West Springfield"
"VA","westlake corner","Westlake Corner"
"VA","weyers cave","Weyers Cave"
"VA","white stone","White Stone"
"VA","whitesville","Whitesville"
"VA","williamsburg","Williamsburg"
"VA","willis wharf","Willis Wharf"
"VA","winchester","Winchester"
"VA","windsor","Windsor"
"VA","wintergreen","Wintergreen"
"VA","wise","Wise"
"VA","wolf trap","Wolf Trap"
"VA","woodbridge","Woodbridge"
"VA","woodburn","Woodburn"
"VA","woodlake","Woodlake"
"VA","woodlawn","Woodlawn"
"VA","woodstock","Woodstock"
"VA","wyndham","Wyndham"
"VA","wytheville","Wytheville"
"VA","yogaville","Yogaville"
"VA","yorkshire","Yorkshire"
"VA","yorktown","Yorktown"
"VT","albany","Albany"
"VT","alburgh","Alburgh"
"VT","algiers","Algiers"
"VT","arlington","Arlington"
"VT","ascutney","Ascutney"
"VT","bakersfield","Bakersfield"
"VT","barnet","Barnet"
"VT","barre","Barre"
"VT","barton","Barton"
"VT","beecher falls","Beecher Falls"
"VT","bellows falls","Bellows Falls"
"VT","bennington","Bennington"
"VT","benson","Benson"
"VT","bethel","Bethel"
"VT","bolton","Bolton"
"VT","bolton valley","Bolton Valley"
"VT","bradford","Bradford"
"VT","brandon","Brandon"
"VT","brattleboro","Brattleboro"
"VT","bristol","Bristol"
"VT","burlington","Burlington"
"VT","cabot","Cabot"
"VT","cambridge","Cambridge"
"VT","canaan","Canaan"
"VT","castleton","Castleton"
"VT","castleton four corners","Castleton Four Corners"
"VT","cavendish","Cavendish"
"VT","chelsea","Chelsea"
"VT","chester","Chester"
"VT","chimney hill","Chimney Hill"
"VT","chittenden","Chittenden"
"VT","concord","Concord"
"VT","coventry","Coventry"
"VT","danby","Danby"
"VT","danville","Danville"
"VT","derby center","Derby Center"
"VT","derby line","Derby Line"
"VT","dorset","Dorset"
"VT","east barre","East Barre"
"VT","east burke","East Burke"
"VT","east charlotte","East Charlotte"
"VT","east dorset","East Dorset"
"VT","east middlebury","East Middlebury"
"VT","east montpelier","East Montpelier"
"VT","east poultney","East Poultney"
"VT","enosburg falls","Enosburg Falls"
"VT","essex junction","Essex Junction"
"VT","fair haven","Fair Haven"
"VT","fairfax","Fairfax"
"VT","fairlee","Fairlee"
"VT","gilman","Gilman"
"VT","glover","Glover"
"VT","grafton","Grafton"
"VT","graniteville","Graniteville"
"VT","greensboro","Greensboro"
"VT","greensboro bend","Greensboro Bend"
"VT","groton","Groton"
"VT","hanksville","Hanksville"
"VT","hardwick","Hardwick"
"VT","harmonyville","Harmonyville"
"VT","hartford village","Hartford Village"
"VT","hartland","Hartland"
"VT","highgate center","Highgate Center"
"VT","highgate springs","Highgate Springs"
"VT","hinesburg","Hinesburg"
"VT","huntington","Huntington"
"VT","huntington center","Huntington Center"
"VT","hyde park","Hyde Park"
"VT","irasburg","Irasburg"
"VT","island pond","Island Pond"
"VT","jacksonville","Jacksonville"
"VT","jamaica","Jamaica"
"VT","jeffersonville","Jeffersonville"
"VT","jericho","Jericho"
"VT","jericho center","Jericho Center"
"VT","johnson","Johnson"
"VT","killington village","Killington Village"
"VT","lincoln","Lincoln"
"VT","londonderry","Londonderry"
"VT","lowell","Lowell"
"VT","ludlow","Ludlow"
"VT","lunenburg","Lunenburg"
"VT","lyndon","Lyndon"
"VT","lyndon center","Lyndon Center"
"VT","lyndonville","Lyndonville"
"VT","manchester","Manchester"
"VT","manchester center","Manchester Center"
"VT","marshfield","Marshfield"
"VT","middlebury","Middlebury"
"VT","middletown springs","Middletown Springs"
"VT","milton","Milton"
"VT","montpelier","Montpelier"
"VT","morrisville","Morrisville"
"VT","new haven","New Haven"
"VT","newbury","Newbury"
"VT","newfane","Newfane"
"VT","newport","Newport"
"VT","newport center","Newport Center"
"VT","north bennington","North Bennington"
"VT","north clarendon","North Clarendon"
"VT","north hartland","North Hartland"
"VT","north hyde park","North Hyde Park"
"VT","north pownal","North Pownal"
"VT","north springfield","North Springfield"
"VT","north troy","North Troy"
"VT","north westminster","North Westminster"
"VT","northfield","Northfield"
"VT","norwich","Norwich"
"VT","old bennington","Old Bennington"
"VT","orleans","Orleans"
"VT","pawlet","Pawlet"
"VT","peacham","Peacham"
"VT","pittsford","Pittsford"
"VT","plainfield","Plainfield"
"VT","poultney","Poultney"
"VT","pownal","Pownal"
"VT","pownal center","Pownal Center"
"VT","proctor","Proctor"
"VT","proctorsville","Proctorsville"
"VT","putney","Putney"
"VT","quechee","Quechee"
"VT","randolph","Randolph"
"VT","readsboro","Readsboro"
"VT","richford","Richford"
"VT","richmond","Richmond"
"VT","rochester","Rochester"
"VT","rutland","Rutland"
"VT","saxtons river","Saxtons River"
"VT","sheffield","Sheffield"
"VT","shelburne","Shelburne"
"VT","south barre","South Barre"
"VT","south burlington","South Burlington"
"VT","south hero","South Hero"
"VT","south lincoln","South Lincoln"
"VT","south londonderry","South Londonderry"
"VT","south royalton","South Royalton"
"VT","south shaftsbury","South Shaftsbury"
"VT","south woodstock","South Woodstock"
"VT","springfield","Springfield"
"VT","st. albans","St. Albans"
"VT","st. george","St. George"
"VT","st. johnsbury","St. Johnsbury"
"VT","stamford","Stamford"
"VT","stowe","Stowe"
"VT","stratton mountain","Stratton Mountain"
"VT","sutton","Sutton"
"VT","swanton","Swanton"
"VT","townshend","Townshend"
"VT","troy","Troy"
"VT","underhill center","Underhill Center"
"VT","underhill flats","Underhill Flats"
"VT","vergennes","Vergennes"
"VT","waitsfield","Waitsfield"
"VT","wallingford","Wallingford"
"VT","wardsboro","Wardsboro"
"VT","waterbury","Waterbury"
"VT","waterbury center","Waterbury Center"
"VT","websterville","Websterville"
"VT","wells","Wells"
"VT","wells river","Wells River"
"VT","west brattleboro","West Brattleboro"
"VT","west burke","West Burke"
"VT","west charlotte","West Charlotte"
"VT","west dummerston","West Dummerston"
"VT","west pawlet","West Pawlet"
"VT","west rutland","West Rutland"
"VT","west woodstock","West Woodstock"
"VT","westford","Westford"
"VT","westminster","Westminster"
"VT","weston","Weston"
"VT","white river junction","White River Junction"
"VT","whitingham","Whitingham"
"VT","wilder","Wilder"
"VT","williamstown","Williamstown"
"VT","wilmington","Wilmington"
"VT","windsor","Windsor"
"VT","winooski","Winooski"
"VT","wolcott","Wolcott"
"VT","woodstock","Woodstock"
"VT","worcester","Worcester"
"WA","aberdeen","Aberdeen"
"WA","aberdeen gardens","Aberdeen Gardens"
"WA","acme","Acme"
"WA","addy","Addy"
"WA","ahtanum","Ahtanum"
"WA","airway heights","Airway Heights"
"WA","albion","Albion"
"WA","alder","Alder"
"WA","alderton","Alderton"
"WA","alderwood manor","Alderwood Manor"
"WA","alger","Alger"
"WA","algona","Algona"
"WA","allyn","Allyn"
"WA","almira","Almira"
"WA","altoona","Altoona"
"WA","amanda park","Amanda Park"
"WA","amboy","Amboy"
"WA","ames lake","Ames Lake"
"WA","anacortes","Anacortes"
"WA","anatone","Anatone"
"WA","anderson island","Anderson Island"
"WA","arlington","Arlington"
"WA","arlington heights","Arlington Heights"
"WA","artondale","Artondale"
"WA","ashford","Ashford"
"WA","asotin","Asotin"
"WA","auburn","Auburn"
"WA","bainbridge island","Bainbridge Island"
"WA","bangor base","Bangor Base"
"WA","banks lake south","Banks Lake South"
"WA","barberton","Barberton"
"WA","baring","Baring"
"WA","barney's junction","Barney's Junction"
"WA","barstow","Barstow"
"WA","basin city","Basin City"
"WA","battle ground","Battle Ground"
"WA","bay center","Bay Center"
"WA","bay view","Bay View"
"WA","beacon hill","Beacon Hill"
"WA","beaux arts village","Beaux Arts Village"
"WA","belfair","Belfair"
"WA","bell hill","Bell Hill"
"WA","bellevue","Bellevue"
"WA","bellingham","Bellingham"
"WA","benton city","Benton City"
"WA","bethel","Bethel"
"WA","beverly","Beverly"
"WA","bickleton","Bickleton"
"WA","big lake","Big Lake"
"WA","bingen","Bingen"
"WA","birch bay","Birch Bay"
"WA","black diamond","Black Diamond"
"WA","blaine","Blaine"
"WA","blyn","Blyn"
"WA","bonney lake","Bonney Lake"
"WA","bothell","Bothell"
"WA","bothell east","Bothell East"
"WA","bothell west","Bothell West"
"WA","boulevard park","Boulevard Park"
"WA","bow","Bow"
"WA","boyds","Boyds"
"WA","brady","Brady"
"WA","bremerton","Bremerton"
"WA","brewster","Brewster"
"WA","bridgeport","Bridgeport"
"WA","brier","Brier"
"WA","brinnon","Brinnon"
"WA","browns point","Browns Point"
"WA","brush prairie","Brush Prairie"
"WA","bryant","Bryant"
"WA","bryn mawr-skyway","Bryn Mawr-Skyway"
"WA","buckley","Buckley"
"WA","bucoda","Bucoda"
"WA","buena","Buena"
"WA","bunk foss","Bunk Foss"
"WA","burbank","Burbank"
"WA","burien","Burien"
"WA","burley","Burley"
"WA","burlington","Burlington"
"WA","camano","Camano"
"WA","camas","Camas"
"WA","canterwood","Canterwood"
"WA","canyon creek","Canyon Creek"
"WA","carbonado","Carbonado"
"WA","carlsborg","Carlsborg"
"WA","carnation","Carnation"
"WA","carson","Carson"
"WA","cascade valley","Cascade Valley"
"WA","cashmere","Cashmere"
"WA","castle rock","Castle Rock"
"WA","cathcart","Cathcart"
"WA","cathlamet","Cathlamet"
"WA","cavalero","Cavalero"
"WA","centerville","Centerville"
"WA","central park","Central Park"
"WA","centralia","Centralia"
"WA","chain lake","Chain Lake"
"WA","chehalis","Chehalis"
"WA","chelan","Chelan"
"WA","chelan falls","Chelan Falls"
"WA","cheney","Cheney"
"WA","cherry grove","Cherry Grove"
"WA","chewelah","Chewelah"
"WA","chico","Chico"
"WA","chinook","Chinook"
"WA","clallam bay","Clallam Bay"
"WA","clarkston","Clarkston"
"WA","clarkston heights-vineland","Clarkston Heights-Vineland"
"WA","clayton","Clayton"
"WA","cle elum","Cle Elum"
"WA","clear lake","Clear Lake"
"WA","clearview","Clearview"
"WA","cliffdell","Cliffdell"
"WA","clinton","Clinton"
"WA","clover creek","Clover Creek"
"WA","clyde hill","Clyde Hill"
"WA","cohassett beach","Cohassett Beach"
"WA","colfax","Colfax"
"WA","college place","College Place"
"WA","colton","Colton"
"WA","colville","Colville"
"WA","conconully","Conconully"
"WA","concrete","Concrete"
"WA","connell","Connell"
"WA","conway","Conway"
"WA","copalis beach","Copalis Beach"
"WA","cosmopolis","Cosmopolis"
"WA","cottage lake","Cottage Lake"
"WA","cougar","Cougar"
"WA","coulee city","Coulee City"
"WA","coulee dam","Coulee Dam"
"WA","country homes","Country Homes"
"WA","coupeville","Coupeville"
"WA","covington","Covington"
"WA","cowiche","Cowiche"
"WA","crescent bar","Crescent Bar"
"WA","creston","Creston"
"WA","crocker","Crocker"
"WA","curlew","Curlew"
"WA","curlew lake","Curlew Lake"
"WA","cusick","Cusick"
"WA","custer","Custer"
"WA","dallesport","Dallesport"
"WA","danville","Danville"
"WA","darrington","Darrington"
"WA","dash point","Dash Point"
"WA","davenport","Davenport"
"WA","dayton","Dayton"
"WA","deep river","Deep River"
"WA","deer park","Deer Park"
"WA","deming","Deming"
"WA","des moines","Des Moines"
"WA","desert aire","Desert Aire"
"WA","disautel","Disautel"
"WA","dixie","Dixie"
"WA","dollars corner","Dollars Corner"
"WA","donald","Donald"
"WA","duluth","Duluth"
"WA","dupont","DuPont"
"WA","duvall","Duvall"
"WA","east cathlamet","East Cathlamet"
"WA","east port orchard","East Port Orchard"
"WA","east renton highlands","East Renton Highlands"
"WA","east wenatchee","East Wenatchee"
"WA","eastmont","Eastmont"
"WA","easton","Easton"
"WA","eatonville","Eatonville"
"WA","edgewood","Edgewood"
"WA","edison","Edison"
"WA","edmonds","Edmonds"
"WA","elbe","Elbe"
"WA","electric city","Electric City"
"WA","elk plain","Elk Plain"
"WA","ellensburg","Ellensburg"
"WA","elma","Elma"
"WA","elmer city","Elmer City"
"WA","endicott","Endicott"
"WA","enetai","Enetai"
"WA","entiat","Entiat"
"WA","enumclaw","Enumclaw"
"WA","ephrata","Ephrata"
"WA","erlands point","Erlands Point"
"WA","eschbach","Eschbach"
"WA","esperance","Esperance"
"WA","everett","Everett"
"WA","everson","Everson"
"WA","fairchild afb","Fairchild AFB"
"WA","fairfield","Fairfield"
"WA","fairwood","Fairwood"
"WA","fall city","Fall City"
"WA","farmington","Farmington"
"WA","federal way","Federal Way"
"WA","felida","Felida"
"WA","fern prairie","Fern Prairie"
"WA","ferndale","Ferndale"
"WA","fife","Fife"
"WA","fife heights","Fife Heights"
"WA","finley","Finley"
"WA","fircrest","Fircrest"
"WA","five corners","Five Corners"
"WA","fobes hill","Fobes Hill"
"WA","fords prairie","Fords Prairie"
"WA","forks","Forks"
"WA","fort lewis","Fort Lewis"
"WA","four lakes","Four Lakes"
"WA","fox island","Fox Island"
"WA","frederickson","Frederickson"
"WA","freeland","Freeland"
"WA","friday harbor","Friday Harbor"
"WA","garfield","Garfield"
"WA","garrett","Garrett"
"WA","geneva","Geneva"
"WA","george","George"
"WA","gig harbor","Gig Harbor"
"WA","glacier","Glacier"
"WA","gleed","Gleed"
"WA","glenwood","Glenwood"
"WA","gold bar","Gold Bar"
"WA","goldendale","Goldendale"
"WA","gorst","Gorst"
"WA","graham","Graham"
"WA","grand coulee","Grand Coulee"
"WA","grand mound","Grand Mound"
"WA","grandview","Grandview"
"WA","granger","Granger"
"WA","granite falls","Granite Falls"
"WA","grapeview","Grapeview"
"WA","grayland","Grayland"
"WA","grays river","Grays River"
"WA","green bluff","Green Bluff"
"WA","greenwater","Greenwater"
"WA","hamilton","Hamilton"
"WA","hansville","Hansville"
"WA","harrah","Harrah"
"WA","harrington","Harrington"
"WA","hartline","Hartline"
"WA","hat island","Hat Island"
"WA","hatton","Hatton"
"WA","hazel dell","Hazel Dell"
"WA","herron island","Herron Island"
"WA","high bridge","High Bridge"
"WA","hobart","Hobart"
"WA","hockinson","Hockinson"
"WA","hogans corner","Hogans Corner"
"WA","home","Home"
"WA","hoodsport","Hoodsport"
"WA","hoquiam","Hoquiam"
"WA","humptulips","Humptulips"
"WA","hunts point","Hunts Point"
"WA","ilwaco","Ilwaco"
"WA","inchelium","Inchelium"
"WA","index","Index"
"WA","indianola","Indianola"
"WA","ione","Ione"
"WA","issaquah","Issaquah"
"WA","jamestown","Jamestown"
"WA","kahlotus","Kahlotus"
"WA","kalama","Kalama"
"WA","kapowsin","Kapowsin"
"WA","kayak point","Kayak Point"
"WA","keller","Keller"
"WA","kelso","Kelso"
"WA","kendall","Kendall"
"WA","kenmore","Kenmore"
"WA","kennewick","Kennewick"
"WA","kent","Kent"
"WA","ketron island","Ketron Island"
"WA","kettle falls","Kettle Falls"
"WA","key center","Key Center"
"WA","keyport","Keyport"
"WA","kingston","Kingston"
"WA","kirkland","Kirkland"
"WA","kitsap lake","Kitsap Lake"
"WA","kittitas","Kittitas"
"WA","klickitat","Klickitat"
"WA","krupp","Krupp"
"WA","la center","La Center"
"WA","la conner","La Conner"
"WA","la grande","La Grande"
"WA","lacey","Lacey"
"WA","lacrosse","LaCrosse"
"WA","lake bosworth","Lake Bosworth"
"WA","lake cassidy","Lake Cassidy"
"WA","lake cavanaugh","Lake Cavanaugh"
"WA","lake forest park","Lake Forest Park"
"WA","lake goodwin","Lake Goodwin"
"WA","lake holm","Lake Holm"
"WA","lake ketchum","Lake Ketchum"
"WA","lake marcel-stillwater","Lake Marcel-Stillwater"
"WA","lake mcmurray","Lake McMurray"
"WA","lake morton-berrydale","Lake Morton-Berrydale"
"WA","lake roesiger","Lake Roesiger"
"WA","lake shore","Lake Shore"
"WA","lake stevens","Lake Stevens"
"WA","lake stickney","Lake Stickney"
"WA","lake tapps","Lake Tapps"
"WA","lakeland north","Lakeland North"
"WA","lakeland south","Lakeland South"
"WA","lakeview","Lakeview"
"WA","lakewood","Lakewood"
"WA","lamont","Lamont"
"WA","langley","Langley"
"WA","larch way","Larch Way"
"WA","latah","Latah"
"WA","laurier","Laurier"
"WA","leavenworth","Leavenworth"
"WA","lebam","Lebam"
"WA","lewisville","Lewisville"
"WA","lexington","Lexington"
"WA","liberty lake","Liberty Lake"
"WA","lind","Lind"
"WA","lochsloy","Lochsloy"
"WA","lofall","Lofall"
"WA","long beach","Long Beach"
"WA","longbranch","Longbranch"
"WA","longview","Longview"
"WA","longview heights","Longview Heights"
"WA","loomis","Loomis"
"WA","loon lake","Loon Lake"
"WA","lower elochoman","Lower Elochoman"
"WA","lyle","Lyle"
"WA","lyman","Lyman"
"WA","lynden","Lynden"
"WA","lynnwood","Lynnwood"
"WA","mabton","Mabton"
"WA","machias","Machias"
"WA","malden","Malden"
"WA","malo","Malo"
"WA","malone","Malone"
"WA","malott","Malott"
"WA","maltby","Maltby"
"WA","manchester","Manchester"
"WA","mansfield","Mansfield"
"WA","manson","Manson"
"WA","maple falls","Maple Falls"
"WA","maple heights-lake desire","Maple Heights-Lake Desire"
"WA","maple valley","Maple Valley"
"WA","maplewood","Maplewood"
"WA","marblemount","Marblemount"
"WA","marcus","Marcus"
"WA","marietta-alderwood","Marietta-Alderwood"
"WA","marine view","Marine View"
"WA","markham","Markham"
"WA","marrowstone","Marrowstone"
"WA","martha lake","Martha Lake"
"WA","maryhill","Maryhill"
"WA","marysville","Marysville"
"WA","mattawa","Mattawa"
"WA","may creek","May Creek"
"WA","mcchord afb","McChord AFB"
"WA","mccleary","McCleary"
"WA","mckenna","McKenna"
"WA","mcmillin","McMillin"
"WA","mead","Mead"
"WA","meadow glade","Meadow Glade"
"WA","meadowdale","Meadowdale"
"WA","medical lake","Medical Lake"
"WA","medina","Medina"
"WA","mercer island","Mercer Island"
"WA","mesa","Mesa"
"WA","metaline","Metaline"
"WA","metaline falls","Metaline Falls"
"WA","methow","Methow"
"WA","midland","Midland"
"WA","mill creek","Mill Creek"
"WA","mill creek east","Mill Creek East"
"WA","millwood","Millwood"
"WA","milton","Milton"
"WA","mineral","Mineral"
"WA","minnehaha","Minnehaha"
"WA","mirrormont","Mirrormont"
"WA","moclips","Moclips"
"WA","monroe","Monroe"
"WA","monroe north","Monroe North"
"WA","montesano","Montesano"
"WA","morton","Morton"
"WA","moses lake","Moses Lake"
"WA","moses lake north","Moses Lake North"
"WA","mossyrock","Mossyrock"
"WA","mount vernon","Mount Vernon"
"WA","mount vista","Mount Vista"
"WA","mountlake terrace","Mountlake Terrace"
"WA","moxee","Moxee"
"WA","mukilteo","Mukilteo"
"WA","naches","Naches"
"WA","napavine","Napavine"
"WA","naselle","Naselle"
"WA","navy yard city","Navy Yard City"
"WA","neah bay","Neah Bay"
"WA","neilton","Neilton"
"WA","nespelem","Nespelem"
"WA","nespelem community","Nespelem Community"
"WA","newcastle","Newcastle"
"WA","newport","Newport"
"WA","nile","Nile"
"WA","nisqually indian community","Nisqually Indian Community"
"WA","nooksack","Nooksack"
"WA","normandy park","Normandy Park"
"WA","north bend","North Bend"
"WA","north bonneville","North Bonneville"
"WA","north fort lewis","North Fort Lewis"
"WA","north lynnwood","North Lynnwood"
"WA","north omak","North Omak"
"WA","north puyallup","North Puyallup"
"WA","north sultan","North Sultan"
"WA","north yelm","North Yelm"
"WA","northport","Northport"
"WA","northwest stanwood","Northwest Stanwood"
"WA","oak harbor","Oak Harbor"
"WA","oakesdale","Oakesdale"
"WA","oakville","Oakville"
"WA","ocean city","Ocean City"
"WA","ocean park","Ocean Park"
"WA","ocean shores","Ocean Shores"
"WA","ocosta","Ocosta"
"WA","odessa","Odessa"
"WA","okanogan","Okanogan"
"WA","olympia","Olympia"
"WA","omak","Omak"
"WA","onalaska","Onalaska"
"WA","orchards","Orchards"
"WA","orient","Orient"
"WA","oroville","Oroville"
"WA","orting","Orting"
"WA","oso","Oso"
"WA","othello","Othello"
"WA","otis orchards-east farms","Otis Orchards-East Farms"
"WA","outlook","Outlook"
"WA","oyehut","Oyehut"
"WA","pacific","Pacific"
"WA","pacific beach","Pacific Beach"
"WA","packwood","Packwood"
"WA","palouse","Palouse"
"WA","parker","Parker"
"WA","parkland","Parkland"
"WA","parkwood","Parkwood"
"WA","pasco","Pasco"
"WA","pataha","Pataha"
"WA","pateros","Pateros"
"WA","pe ell","Pe Ell"
"WA","peaceful valley","Peaceful Valley"
"WA","picnic point","Picnic Point"
"WA","pine grove","Pine Grove"
"WA","point roberts","Point Roberts"
"WA","pomeroy","Pomeroy"
"WA","port angeles","Port Angeles"
"WA","port angeles east","Port Angeles East"
"WA","port gamble tribal community","Port Gamble Tribal Community"
"WA","port hadlock-irondale","Port Hadlock-Irondale"
"WA","port ludlow","Port Ludlow"
"WA","port orchard","Port Orchard"
"WA","port townsend","Port Townsend"
"WA","porter","Porter"
"WA","poulsbo","Poulsbo"
"WA","prairie heights","Prairie Heights"
"WA","prairie ridge","Prairie Ridge"
"WA","prescott","Prescott"
"WA","prosser","Prosser"
"WA","puget island","Puget Island"
"WA","pullman","Pullman"
"WA","purdy","Purdy"
"WA","puyallup","Puyallup"
"WA","queets","Queets"
"WA","quilcene","Quilcene"
"WA","qui-nai-elt village","Qui-nai-elt Village"
"WA","quincy","Quincy"
"WA","raft island","Raft Island"
"WA","rainier","Rainier"
"WA","ravensdale","Ravensdale"
"WA","raymond","Raymond"
"WA","reardan","Reardan"
"WA","redmond","Redmond"
"WA","renton","Renton"
"WA","republic","Republic"
"WA","richland","Richland"
"WA","ridgefield","Ridgefield"
"WA","ritzville","Ritzville"
"WA","river road","River Road"
"WA","riverbend","Riverbend"
"WA","riverpoint","Riverpoint"
"WA","riverside","Riverside"
"WA","roche harbor","Roche Harbor"
"WA","rochester","Rochester"
"WA","rock island","Rock Island"
"WA","rockford","Rockford"
"WA","rockport","Rockport"
"WA","rocky point","Rocky Point"
"WA","ronald","Ronald"
"WA","roosevelt","Roosevelt"
"WA","rosalia","Rosalia"
"WA","rosburg","Rosburg"
"WA","rosedale","Rosedale"
"WA","roslyn","Roslyn"
"WA","roy","Roy"
"WA","royal city","Royal City"
"WA","ruston","Ruston"
"WA","ryderwood","Ryderwood"
"WA","salmon creek","Salmon Creek"
"WA","sammamish","Sammamish"
"WA","santiago","Santiago"
"WA","satsop","Satsop"
"WA","schwana","Schwana"
"WA","seabeck","Seabeck"
"WA","seatac","SeaTac"
"WA","seattle","Seattle"
"WA","sedro-woolley","Sedro-Woolley"
"WA","sekiu","Sekiu"
"WA","selah","Selah"
"WA","sequim","Sequim"
"WA","shadow lake","Shadow Lake"
"WA","shelton","Shelton"
"WA","shoreline","Shoreline"
"WA","silvana","Silvana"
"WA","silver firs","Silver Firs"
"WA","silverdale","Silverdale"
"WA","sisco heights","Sisco Heights"
"WA","skamokawa valley","Skamokawa Valley"
"WA","skokomish","Skokomish"
"WA","skykomish","Skykomish"
"WA","snohomish","Snohomish"
"WA","snoqualmie","Snoqualmie"
"WA","snoqualmie pass","Snoqualmie Pass"
"WA","soap lake","Soap Lake"
"WA","south bend","South Bend"
"WA","south cle elum","South Cle Elum"
"WA","south creek","South Creek"
"WA","south hill","South Hill"
"WA","south prairie","South Prairie"
"WA","south wenatchee","South Wenatchee"
"WA","southworth","Southworth"
"WA","spanaway","Spanaway"
"WA","spangle","Spangle"
"WA","spokane","Spokane"
"WA","spokane valley","Spokane Valley"
"WA","sprague","Sprague"
"WA","springdale","Springdale"
"WA","st. john","St. John"
"WA","stansberry lake","Stansberry Lake"
"WA","stanwood","Stanwood"
"WA","starbuck","Starbuck"
"WA","startup","Startup"
"WA","steilacoom","Steilacoom"
"WA","steptoe","Steptoe"
"WA","stevenson","Stevenson"
"WA","sudden valley","Sudden Valley"
"WA","sultan","Sultan"
"WA","sumas","Sumas"
"WA","summit","Summit"
"WA","summit view","Summit View"
"WA","summitview","Summitview"
"WA","sumner","Sumner"
"WA","suncrest","Suncrest"
"WA","sunday lake","Sunday Lake"
"WA","sunland estates","Sunland Estates"
"WA","sunnyside","Sunnyside"
"WA","sunnyslope","Sunnyslope"
"WA","suquamish","Suquamish"
"WA","swede heaven","Swede Heaven"
"WA","tacoma","Tacoma"
"WA","taholah","Taholah"
"WA","tampico","Tampico"
"WA","tanglewilde","Tanglewilde"
"WA","tehaleh","Tehaleh"
"WA","tekoa","Tekoa"
"WA","tenino","Tenino"
"WA","terrace heights","Terrace Heights"
"WA","thorp","Thorp"
"WA","three lakes","Three Lakes"
"WA","tieton","Tieton"
"WA","tokeland","Tokeland"
"WA","toledo","Toledo"
"WA","tonasket","Tonasket"
"WA","toppenish","Toppenish"
"WA","torboy","Torboy"
"WA","touchet","Touchet"
"WA","town and country","Town and Country"
"WA","tracyton","Tracyton"
"WA","trout lake","Trout Lake"
"WA","tukwila","Tukwila"
"WA","tumwater","Tumwater"
"WA","twin lakes","Twin Lakes"
"WA","twisp","Twisp"
"WA","union","Union"
"WA","union gap","Union Gap"
"WA","union hill-novelty hill","Union Hill-Novelty Hill"
"WA","uniontown","Uniontown"
"WA","university place","University Place"
"WA","upper elochoman","Upper Elochoman"
"WA","vader","Vader"
"WA","valley","Valley"
"WA","vancouver","Vancouver"
"WA","vantage","Vantage"
"WA","vashon","Vashon"
"WA","vaughn","Vaughn"
"WA","venersborg","Venersborg"
"WA","verlot","Verlot"
"WA","waitsburg","Waitsburg"
"WA","walla walla","Walla Walla"
"WA","walla walla east","Walla Walla East"
"WA","waller","Waller"
"WA","wallula","Wallula"
"WA","wapato","Wapato"
"WA","warden","Warden"
"WA","warm beach","Warm Beach"
"WA","washougal","Washougal"
"WA","washtucna","Washtucna"
"WA","waterville","Waterville"
"WA","wauna","Wauna"
"WA","waverly","Waverly"
"WA","wenatchee","Wenatchee"
"WA","west clarkston-highland","West Clarkston-Highland"
"WA","west pasco","West Pasco"
"WA","west richland","West Richland"
"WA","westport","Westport"
"WA","wheeler","Wheeler"
"WA","whidbey island station","Whidbey Island Station"
"WA","white center","White Center"
"WA","white salmon","White Salmon"
"WA","white swan","White Swan"
"WA","wilbur","Wilbur"
"WA","wilderness rim","Wilderness Rim"
"WA","wilkeson","Wilkeson"
"WA","willapa","Willapa"
"WA","wilson creek","Wilson Creek"
"WA","winlock","Winlock"
"WA","winthrop","Winthrop"
"WA","wishram","Wishram"
"WA","wollochet","Wollochet"
"WA","woodinville","Woodinville"
"WA","woodland","Woodland"
"WA","woods creek","Woods Creek"
"WA","woodway","Woodway"
"WA","yacolt","Yacolt"
"WA","yakima","Yakima"
"WA","yarrow point","Yarrow Point"
"WA","yelm","Yelm"
"WA","zillah","Zillah"
"WI","abbotsford","Abbotsford"
"WI","abrams","Abrams"
"WI","adams","Adams"
"WI","adell","Adell"
"WI","albany","Albany"
"WI","algoma","Algoma"
"WI","allens grove","Allens Grove"
"WI","allenton","Allenton"
"WI","allouez","Allouez"
"WI","alma","Alma"
"WI","alma center","Alma Center"
"WI","almena","Almena"
"WI","almond","Almond"
"WI","alto","Alto"
"WI","altoona","Altoona"
"WI","amberg","Amberg"
"WI","amery","Amery"
"WI","amherst","Amherst"
"WI","amherst junction","Amherst Junction"
"WI","angelica","Angelica"
"WI","aniwa","Aniwa"
"WI","antigo","Antigo"
"WI","appleton","Appleton"
"WI","arcadia","Arcadia"
"WI","arena","Arena"
"WI","argonne","Argonne"
"WI","argyle","Argyle"
"WI","arkansaw","Arkansaw"
"WI","arkdale","Arkdale"
"WI","arlington","Arlington"
"WI","arpin","Arpin"
"WI","ashippun","Ashippun"
"WI","ashland","Ashland"
"WI","ashwaubenon","Ashwaubenon"
"WI","athens","Athens"
"WI","auburndale","Auburndale"
"WI","augusta","Augusta"
"WI","avoca","Avoca"
"WI","babcock","Babcock"
"WI","bagley","Bagley"
"WI","baileys harbor","Baileys Harbor"
"WI","baldwin","Baldwin"
"WI","balsam lake","Balsam Lake"
"WI","bancroft","Bancroft"
"WI","bangor","Bangor"
"WI","baraboo","Baraboo"
"WI","barneveld","Barneveld"
"WI","barron","Barron"
"WI","barronett","Barronett"
"WI","batavia","Batavia"
"WI","bay city","Bay City"
"WI","bayfield","Bayfield"
"WI","bayfront","Bayfront"
"WI","bayside","Bayside"
"WI","bear creek","Bear Creek"
"WI","beaver dam","Beaver Dam"
"WI","belgium","Belgium"
"WI","bell center","Bell Center"
"WI","belleville","Belleville"
"WI","bellevue","Bellevue"
"WI","belmont","Belmont"
"WI","beloit","Beloit"
"WI","benton","Benton"
"WI","berlin","Berlin"
"WI","big bend","Big Bend"
"WI","big falls","Big Falls"
"WI","big foot prairie","Big Foot Prairie"
"WI","birch hill","Birch Hill"
"WI","birchwood","Birchwood"
"WI","birnamwood","Birnamwood"
"WI","biron","Biron"
"WI","black creek","Black Creek"
"WI","black earth","Black Earth"
"WI","black river falls","Black River Falls"
"WI","blair","Blair"
"WI","blanchardville","Blanchardville"
"WI","bloomer","Bloomer"
"WI","bloomfield","Bloomfield"
"WI","bloomington","Bloomington"
"WI","blue mounds","Blue Mounds"
"WI","blue river","Blue River"
"WI","bluffview","Bluffview"
"WI","boaz","Boaz"
"WI","bohners lake","Bohners Lake"
"WI","bonduel","Bonduel"
"WI","boscobel","Boscobel"
"WI","boulder junction","Boulder Junction"
"WI","bowler","Bowler"
"WI","boyceville","Boyceville"
"WI","boyd","Boyd"
"WI","brandon","Brandon"
"WI","brice prairie","Brice Prairie"
"WI","briggsville","Briggsville"
"WI","brillion","Brillion"
"WI","bristol","Bristol"
"WI","brodhead","Brodhead"
"WI","brookfield","Brookfield"
"WI","brooklyn","Brooklyn"
"WI","brothertown","Brothertown"
"WI","brown deer","Brown Deer"
"WI","browns lake","Browns Lake"
"WI","brownsville","Brownsville"
"WI","browntown","Browntown"
"WI","bruce","Bruce"
"WI","brule","Brule"
"WI","buffalo city","Buffalo City"
"WI","burlington","Burlington"
"WI","burnett","Burnett"
"WI","butler","Butler"
"WI","butte des morts","Butte des Morts"
"WI","butternut","Butternut"
"WI","cable","Cable"
"WI","cadott","Cadott"
"WI","caledonia","Caledonia"
"WI","cambria","Cambria"
"WI","cambridge","Cambridge"
"WI","cameron","Cameron"
"WI","camp douglas","Camp Douglas"
"WI","campbellsport","Campbellsport"
"WI","caroline","Caroline"
"WI","cascade","Cascade"
"WI","casco","Casco"
"WI","cashton","Cashton"
"WI","cassville","Cassville"
"WI","cataract","Cataract"
"WI","catawba","Catawba"
"WI","cazenovia","Cazenovia"
"WI","cecil","Cecil"
"WI","cedar grove","Cedar Grove"
"WI","cedarburg","Cedarburg"
"WI","ceex haci","Ceex Haci"
"WI","centuria","Centuria"
"WI","chain o' lakes","Chain O' Lakes"
"WI","chaseburg","Chaseburg"
"WI","chelsea","Chelsea"
"WI","chenequa","Chenequa"
"WI","chetek","Chetek"
"WI","chief lake","Chief Lake"
"WI","chili","Chili"
"WI","chilton","Chilton"
"WI","chippewa falls","Chippewa Falls"
"WI","clam lake","Clam Lake"
"WI","clarks mills","Clarks Mills"
"WI","clayton","Clayton"
"WI","clear lake","Clear Lake"
"WI","cleveland","Cleveland"
"WI","clinton","Clinton"
"WI","clintonville","Clintonville"
"WI","clyman","Clyman"
"WI","cobb","Cobb"
"WI","cochrane","Cochrane"
"WI","colby","Colby"
"WI","coleman","Coleman"
"WI","colfax","Colfax"
"WI","collins","Collins"
"WI","coloma","Coloma"
"WI","columbus","Columbus"
"WI","combined locks","Combined Locks"
"WI","como","Como"
"WI","conrath","Conrath"
"WI","coon valley","Coon Valley"
"WI","cornell","Cornell"
"WI","cornucopia","Cornucopia"
"WI","cottage grove","Cottage Grove"
"WI","couderay","Couderay"
"WI","crandon","Crandon"
"WI","crivitz","Crivitz"
"WI","cross plains","Cross Plains"
"WI","cuba city","Cuba City"
"WI","cudahy","Cudahy"
"WI","cumberland","Cumberland"
"WI","curtiss","Curtiss"
"WI","dale","Dale"
"WI","dallas","Dallas"
"WI","dalton","Dalton"
"WI","danbury","Danbury"
"WI","dane","Dane"
"WI","darien","Darien"
"WI","darlington","Darlington"
"WI","de pere","De Pere"
"WI","de soto","De Soto"
"WI","deer park","Deer Park"
"WI","deerfield","Deerfield"
"WI","deforest","DeForest"
"WI","dekorra","Dekorra"
"WI","delafield","Delafield"
"WI","delavan","Delavan"
"WI","delavan lake","Delavan Lake"
"WI","dellwood","Dellwood"
"WI","denmark","Denmark"
"WI","diamond bluff","Diamond Bluff"
"WI","diaperville","Diaperville"
"WI","dickeyville","Dickeyville"
"WI","dodge","Dodge"
"WI","dodgeville","Dodgeville"
"WI","dorchester","Dorchester"
"WI","dousman","Dousman"
"WI","downing","Downing"
"WI","downsville","Downsville"
"WI","doylestown","Doylestown"
"WI","dresser","Dresser"
"WI","drummond","Drummond"
"WI","dunbar","Dunbar"
"WI","durand","Durand"
"WI","dyckesville","Dyckesville"
"WI","eagle","Eagle"
"WI","eagle lake","Eagle Lake"
"WI","eagle river","Eagle River"
"WI","east troy","East Troy"
"WI","eastman","Eastman"
"WI","easton","Easton"
"WI","eau claire","Eau Claire"
"WI","eden","Eden"
"WI","edgar","Edgar"
"WI","edgerton","Edgerton"
"WI","edmund","Edmund"
"WI","egg harbor","Egg Harbor"
"WI","eland","Eland"
"WI","elcho","Elcho"
"WI","elderon","Elderon"
"WI","eleva","Eleva"
"WI","elk mound","Elk Mound"
"WI","elkhart lake","Elkhart Lake"
"WI","elkhorn","Elkhorn"
"WI","ellison bay","Ellison Bay"
"WI","ellsworth","Ellsworth"
"WI","elm grove","Elm Grove"
"WI","elmwood","Elmwood"
"WI","elmwood park","Elmwood Park"
"WI","elroy","Elroy"
"WI","embarrass","Embarrass"
"WI","emerald","Emerald"
"WI","endeavor","Endeavor"
"WI","ephraim","Ephraim"
"WI","ettrick","Ettrick"
"WI","eureka","Eureka"
"WI","evansville","Evansville"
"WI","exeland","Exeland"
"WI","fairchild","Fairchild"
"WI","fairwater","Fairwater"
"WI","fall creek","Fall Creek"
"WI","fall river","Fall River"
"WI","fennimore","Fennimore"
"WI","fenwood","Fenwood"
"WI","ferryville","Ferryville"
"WI","fitchburg","Fitchburg"
"WI","florence","Florence"
"WI","fond du lac","Fond du Lac"
"WI","fontana-on-geneva lake","Fontana-on-Geneva Lake"
"WI","footville","Footville"
"WI","forest junction","Forest Junction"
"WI","forestville","Forestville"
"WI","fort atkinson","Fort Atkinson"
"WI","fountain city","Fountain City"
"WI","fox crossing","Fox Crossing"
"WI","fox lake","Fox Lake"
"WI","fox point","Fox Point"
"WI","francis creek","Francis Creek"
"WI","franklin","Franklin"
"WI","franks field","Franks Field"
"WI","frederic","Frederic"
"WI","fredonia","Fredonia"
"WI","fremont","Fremont"
"WI","french island","French Island"
"WI","friendship","Friendship"
"WI","friesland","Friesland"
"WI","fulton","Fulton"
"WI","galesville","Galesville"
"WI","gays mills","Gays Mills"
"WI","genoa","Genoa"
"WI","genoa city","Genoa City"
"WI","germantown","Germantown"
"WI","gibbsville","Gibbsville"
"WI","gillett","Gillett"
"WI","gilman","Gilman"
"WI","gilmanton","Gilmanton"
"WI","glen flora","Glen Flora"
"WI","glen haven","Glen Haven"
"WI","glenbeulah","Glenbeulah"
"WI","glendale","Glendale"
"WI","glenwood city","Glenwood City"
"WI","glidden","Glidden"
"WI","goodman","Goodman"
"WI","gordon","Gordon"
"WI","gotham","Gotham"
"WI","grafton","Grafton"
"WI","grand marsh","Grand Marsh"
"WI","grand view","Grand View"
"WI","granton","Granton"
"WI","grantsburg","Grantsburg"
"WI","gratiot","Gratiot"
"WI","green bay","Green Bay"
"WI","green lake","Green Lake"
"WI","green valley","Green Valley"
"WI","greenbush","Greenbush"
"WI","greendale","Greendale"
"WI","greenfield","Greenfield"
"WI","greenleaf","Greenleaf"
"WI","greenville","Greenville"
"WI","greenwood","Greenwood"
"WI","gresham","Gresham"
"WI","hager city","Hager City"
"WI","hales corners","Hales Corners"
"WI","hammond","Hammond"
"WI","hancock","Hancock"
"WI","hanover","Hanover"
"WI","harrison","Harrison"
"WI","harrisville","Harrisville"
"WI","hartford","Hartford"
"WI","hartland","Hartland"
"WI","hatfield","Hatfield"
"WI","hatley","Hatley"
"WI","haugen","Haugen"
"WI","hawkins","Hawkins"
"WI","hayward","Hayward"
"WI","hazel green","Hazel Green"
"WI","hebron","Hebron"
"WI","helenville","Helenville"
"WI","herbster","Herbster"
"WI","hewitt","Hewitt"
"WI","highland","Highland"
"WI","hilbert","Hilbert"
"WI","hillsboro","Hillsboro"
"WI","hingham","Hingham"
"WI","hixton","Hixton"
"WI","hobart","Hobart"
"WI","holcombe","Holcombe"
"WI","hollandale","Hollandale"
"WI","holmen","Holmen"
"WI","horicon","Horicon"
"WI","hortonville","Hortonville"
"WI","houlton","Houlton"
"WI","howard","Howard"
"WI","howards grove","Howards Grove"
"WI","hudson","Hudson"
"WI","humbird","Humbird"
"WI","hurley","Hurley"
"WI","hustisford","Hustisford"
"WI","hustler","Hustler"
"WI","independence","Independence"
"WI","ingram","Ingram"
"WI","iola","Iola"
"WI","iron belt","Iron Belt"
"WI","iron ridge","Iron Ridge"
"WI","iron river","Iron River"
"WI","ironton","Ironton"
"WI","ixonia","Ixonia"
"WI","jackson","Jackson"
"WI","janesville","Janesville"
"WI","jefferson","Jefferson"
"WI","jim falls","Jim Falls"
"WI","johnson creek","Johnson Creek"
"WI","jolmaville","Jolmaville"
"WI","juda","Juda"
"WI","jump river","Jump River"
"WI","junction city","Junction City"
"WI","juneau","Juneau"
"WI","kaukauna","Kaukauna"
"WI","kekoskee","Kekoskee"
"WI","kellnersville","Kellnersville"
"WI","kendall","Kendall"
"WI","kennan","Kennan"
"WI","kenosha","Kenosha"
"WI","keshena","Keshena"
"WI","kewaskum","Kewaskum"
"WI","kewaunee","Kewaunee"
"WI","kiel","Kiel"
"WI","kieler","Kieler"
"WI","kimberly","Kimberly"
"WI","king","King"
"WI","kingston","Kingston"
"WI","knapp","Knapp"
"WI","knowlton","Knowlton"
"WI","kohler","Kohler"
"WI","krakow","Krakow"
"WI","kronenwetter","Kronenwetter"
"WI","la crosse","La Crosse"
"WI","la farge","La Farge"
"WI","la valle","La Valle"
"WI","lac du flambeau","Lac du Flambeau"
"WI","lac la belle","Lac La Belle"
"WI","ladysmith","Ladysmith"
"WI","lake arrowhead","Lake Arrowhead"
"WI","lake camelot","Lake Camelot"
"WI","lake delton","Lake Delton"
"WI","lake geneva","Lake Geneva"
"WI","lake hallie","Lake Hallie"
"WI","lake ivanhoe","Lake Ivanhoe"
"WI","lake koshkonong","Lake Koshkonong"
"WI","lake lorraine","Lake Lorraine"
"WI","lake mills","Lake Mills"
"WI","lake nebagamon","Lake Nebagamon"
"WI","lake ripley","Lake Ripley"
"WI","lake sherwood","Lake Sherwood"
"WI","lake tomahawk","Lake Tomahawk"
"WI","lake wazeecha","Lake Wazeecha"
"WI","lake wisconsin","Lake Wisconsin"
"WI","lake wissota","Lake Wissota"
"WI","lakewood","Lakewood"
"WI","lancaster","Lancaster"
"WI","lannon","Lannon"
"WI","laona","Laona"
"WI","lauderdale lakes","Lauderdale Lakes"
"WI","lebanon","Lebanon"
"WI","legend lake","Legend Lake"
"WI","lena","Lena"
"WI","leopolis","Leopolis"
"WI","lewis","Lewis"
"WI","lily lake","Lily Lake"
"WI","lime ridge","Lime Ridge"
"WI","linden","Linden"
"WI","lisbon","Lisbon"
"WI","little chute","Little Chute"
"WI","little round lake","Little Round Lake"
"WI","little sturgeon","Little Sturgeon"
"WI","livingston","Livingston"
"WI","lodi","Lodi"
"WI","loganville","Loganville"
"WI","lohrville","Lohrville"
"WI","lomira","Lomira"
"WI","lone rock","Lone Rock"
"WI","long lake","Long Lake"
"WI","lowell","Lowell"
"WI","loyal","Loyal"
"WI","lublin","Lublin"
"WI","luck","Luck"
"WI","luxemburg","Luxemburg"
"WI","lyndon station","Lyndon Station"
"WI","lynxville","Lynxville"
"WI","lyons","Lyons"
"WI","madison","Madison"
"WI","maiden rock","Maiden Rock"
"WI","maine","Maine"
"WI","manawa","Manawa"
"WI","manitowoc","Manitowoc"
"WI","maple bluff","Maple Bluff"
"WI","marathon city","Marathon City"
"WI","marengo","Marengo"
"WI","maribel","Maribel"
"WI","marinette","Marinette"
"WI","marion","Marion"
"WI","markesan","Markesan"
"WI","marquette","Marquette"
"WI","marshall","Marshall"
"WI","marshfield","Marshfield"
"WI","mason","Mason"
"WI","mattoon","Mattoon"
"WI","mauston","Mauston"
"WI","mayville","Mayville"
"WI","mazomanie","Mazomanie"
"WI","mcfarland","McFarland"
"WI","medford","Medford"
"WI","mellen","Mellen"
"WI","melrose","Melrose"
"WI","melvina","Melvina"
"WI","menasha","Menasha"
"WI","menomonee falls","Menomonee Falls"
"WI","menomonie","Menomonie"
"WI","mequon","Mequon"
"WI","mercer","Mercer"
"WI","merrill","Merrill"
"WI","merrillan","Merrillan"
"WI","merrimac","Merrimac"
"WI","merton","Merton"
"WI","middle village","Middle Village"
"WI","middleton","Middleton"
"WI","milladore","Milladore"
"WI","millston","Millston"
"WI","milltown","Milltown"
"WI","milton","Milton"
"WI","milwaukee","Milwaukee"
"WI","mindoro","Mindoro"
"WI","mineral point","Mineral Point"
"WI","minocqua","Minocqua"
"WI","minong","Minong"
"WI","mishicot","Mishicot"
"WI","mission","Mission"
"WI","mole lake","Mole Lake"
"WI","mondovi","Mondovi"
"WI","monona","Monona"
"WI","monroe","Monroe"
"WI","montello","Montello"
"WI","montfort","Montfort"
"WI","monticello","Monticello"
"WI","montreal","Montreal"
"WI","mosinee","Mosinee"
"WI","mount calvary","Mount Calvary"
"WI","mount hope","Mount Hope"
"WI","mount horeb","Mount Horeb"
"WI","mount pleasant","Mount Pleasant"
"WI","mount sterling","Mount Sterling"
"WI","mountain","Mountain"
"WI","mukwonago","Mukwonago"
"WI","muscoda","Muscoda"
"WI","muskego","Muskego"
"WI","nashotah","Nashotah"
"WI","navarino","Navarino"
"WI","necedah","Necedah"
"WI","neenah","Neenah"
"WI","neillsville","Neillsville"
"WI","nekoosa","Nekoosa"
"WI","nelson","Nelson"
"WI","nelsonville","Nelsonville"
"WI","neopit","Neopit"
"WI","neosho","Neosho"
"WI","neshkoro","Neshkoro"
"WI","new auburn","New Auburn"
"WI","new berlin","New Berlin"
"WI","new glarus","New Glarus"
"WI","new holstein","New Holstein"
"WI","new lisbon","New Lisbon"
"WI","new london","New London"
"WI","new munster","New Munster"
"WI","new odanah","New Odanah"
"WI","new post","New Post"
"WI","new richmond","New Richmond"
"WI","newald","Newald"
"WI","newburg","Newburg"
"WI","niagara","Niagara"
"WI","nichols","Nichols"
"WI","north bay","North Bay"
"WI","north fond du lac","North Fond du Lac"
"WI","north freedom","North Freedom"
"WI","north hudson","North Hudson"
"WI","north lake","North Lake"
"WI","north prairie","North Prairie"
"WI","northport","Northport"
"WI","norwalk","Norwalk"
"WI","oak creek","Oak Creek"
"WI","oakdale","Oakdale"
"WI","oakfield","Oakfield"
"WI","oconomowoc","Oconomowoc"
"WI","oconomowoc lake","Oconomowoc Lake"
"WI","oconto","Oconto"
"WI","oconto falls","Oconto Falls"
"WI","odanah","Odanah"
"WI","ogdensburg","Ogdensburg"
"WI","ogema","Ogema"
"WI","okauchee lake","Okauchee Lake"
"WI","oliver","Oliver"
"WI","omro","Omro"
"WI","onalaska","Onalaska"
"WI","ontario","Ontario"
"WI","oostburg","Oostburg"
"WI","oregon","Oregon"
"WI","orfordville","Orfordville"
"WI","osceola","Osceola"
"WI","oshkosh","Oshkosh"
"WI","osseo","Osseo"
"WI","owen","Owen"
"WI","oxford","Oxford"
"WI","paac ciinak","Paac Ciinak"
"WI","packwaukee","Packwaukee"
"WI","paddock lake","Paddock Lake"
"WI","palmyra","Palmyra"
"WI","pardeeville","Pardeeville"
"WI","park falls","Park Falls"
"WI","park ridge","Park Ridge"
"WI","patch grove","Patch Grove"
"WI","pella","Pella"
"WI","pembine","Pembine"
"WI","pence","Pence"
"WI","pepin","Pepin"
"WI","peshtigo","Peshtigo"
"WI","pewaukee","Pewaukee"
"WI","phillips","Phillips"
"WI","pigeon falls","Pigeon Falls"
"WI","pine river","Pine River"
"WI","pittsville","Pittsville"
"WI","plain","Plain"
"WI","plainfield","Plainfield"
"WI","platteville","Platteville"
"WI","pleasant prairie","Pleasant Prairie"
"WI","plover","Plover"
"WI","plum city","Plum City"
"WI","plymouth","Plymouth"
"WI","polonia","Polonia"
"WI","poplar","Poplar"
"WI","port edwards","Port Edwards"
"WI","port washington","Port Washington"
"WI","port wing","Port Wing"
"WI","portage","Portage"
"WI","post lake","Post Lake"
"WI","potosi","Potosi"
"WI","potter","Potter"
"WI","potter lake","Potter Lake"
"WI","pound","Pound"
"WI","powers lake","Powers Lake"
"WI","poy sippi","Poy Sippi"
"WI","poynette","Poynette"
"WI","prairie du chien","Prairie du Chien"
"WI","prairie du sac","Prairie du Sac"
"WI","prairie farm","Prairie Farm"
"WI","prentice","Prentice"
"WI","prescott","Prescott"
"WI","princeton","Princeton"
"WI","pulaski","Pulaski"
"WI","pulcifer","Pulcifer"
"WI","racine","Racine"
"WI","radisson","Radisson"
"WI","randolph","Randolph"
"WI","random lake","Random Lake"
"WI","raymond","Raymond"
"WI","readstown","Readstown"
"WI","redgranite","Redgranite"
"WI","reedsburg","Reedsburg"
"WI","reedsville","Reedsville"
"WI","reeseville","Reeseville"
"WI","reserve","Reserve"
"WI","rewey","Rewey"
"WI","rhinelander","Rhinelander"
"WI","rib lake","Rib Lake"
"WI","rib mountain","Rib Mountain"
"WI","rice lake","Rice Lake"
"WI","richfield","Richfield"
"WI","richland center","Richland Center"
"WI","ridgeland","Ridgeland"
"WI","ridgeway","Ridgeway"
"WI","rio","Rio"
"WI","ripon","Ripon"
"WI","river falls","River Falls"
"WI","river hills","River Hills"
"WI","roberts","Roberts"
"WI","rochester","Rochester"
"WI","rock falls","Rock Falls"
"WI","rock springs","Rock Springs"
"WI","rockdale","Rockdale"
"WI","rockland","Rockland"
"WI","rome","Rome"
"WI","rosendale","Rosendale"
"WI","rosholt","Rosholt"
"WI","rothschild","Rothschild"
"WI","rubicon","Rubicon"
"WI","rudolph","Rudolph"
"WI","salem lakes","Salem Lakes"
"WI","sand pillow","Sand Pillow"
"WI","sandy hook","Sandy Hook"
"WI","sauk city","Sauk City"
"WI","saukville","Saukville"
"WI","saxon","Saxon"
"WI","sayner","Sayner"
"WI","scandinavia","Scandinavia"
"WI","schofield","Schofield"
"WI","seneca","Seneca"
"WI","sextonville","Sextonville"
"WI","seymour","Seymour"
"WI","sharon","Sharon"
"WI","shawano","Shawano"
"WI","sheboygan","Sheboygan"
"WI","sheboygan falls","Sheboygan Falls"
"WI","sheldon","Sheldon"
"WI","shell lake","Shell Lake"
"WI","sherwood","Sherwood"
"WI","shiocton","Shiocton"
"WI","shopiere","Shopiere"
"WI","shorewood","Shorewood"
"WI","shorewood hills","Shorewood Hills"
"WI","shullsburg","Shullsburg"
"WI","siren","Siren"
"WI","sister bay","Sister Bay"
"WI","slinger","Slinger"
"WI","sobieski","Sobieski"
"WI","soldiers grove","Soldiers Grove"
"WI","solon springs","Solon Springs"
"WI","somers","Somers"
"WI","somerset","Somerset"
"WI","south milwaukee","South Milwaukee"
"WI","south wayne","South Wayne"
"WI","sparta","Sparta"
"WI","spencer","Spencer"
"WI","spooner","Spooner"
"WI","spring green","Spring Green"
"WI","spring valley","Spring Valley"
"WI","springbrook","Springbrook"
"WI","springfield","Springfield"
"WI","st. cloud","St. Cloud"
"WI","st. croix falls","St. Croix Falls"
"WI","st. francis","St. Francis"
"WI","st. joseph","St. Joseph"
"WI","st. nazianz","St. Nazianz"
"WI","st. peter","St. Peter"
"WI","stanley","Stanley"
"WI","star prairie","Star Prairie"
"WI","stetsonville","Stetsonville"
"WI","steuben","Steuben"
"WI","stevens point","Stevens Point"
"WI","stockbridge","Stockbridge"
"WI","stockholm","Stockholm"
"WI","stoddard","Stoddard"
"WI","stone lake","Stone Lake"
"WI","stoughton","Stoughton"
"WI","stratford","Stratford"
"WI","strum","Strum"
"WI","sturgeon bay","Sturgeon Bay"
"WI","sturtevant","Sturtevant"
"WI","suamico","Suamico"
"WI","sullivan","Sullivan"
"WI","summit","Summit"
"WI","summit lake","Summit Lake"
"WI","sun prairie","Sun Prairie"
"WI","superior","Superior"
"WI","suring","Suring"
"WI","sussex","Sussex"
"WI","tainter lake","Tainter Lake"
"WI","taycheedah","Taycheedah"
"WI","taylor","Taylor"
"WI","tennyson","Tennyson"
"WI","theresa","Theresa"
"WI","thiensville","Thiensville"
"WI","thornton","Thornton"
"WI","thorp","Thorp"
"WI","three lakes","Three Lakes"
"WI","tichigan","Tichigan"
"WI","tigerton","Tigerton"
"WI","tilleda","Tilleda"
"WI","tomah","Tomah"
"WI","tomahawk","Tomahawk"
"WI","tony","Tony"
"WI","townsend","Townsend"
"WI","trego","Trego"
"WI","trempealeau","Trempealeau"
"WI","tunnel city","Tunnel City"
"WI","turtle lake","Turtle Lake"
"WI","tustin","Tustin"
"WI","twin lakes","Twin Lakes"
"WI","two rivers","Two Rivers"
"WI","union center","Union Center"
"WI","union grove","Union Grove"
"WI","unity","Unity"
"WI","valders","Valders"
"WI","van dyne","Van Dyne"
"WI","vernon","Vernon"
"WI","verona","Verona"
"WI","vesper","Vesper"
"WI","viola","Viola"
"WI","viroqua","Viroqua"
"WI","wabeno","Wabeno"
"WI","waldo","Waldo"
"WI","wales","Wales"
"WI","walworth","Walworth"
"WI","warrens","Warrens"
"WI","washburn","Washburn"
"WI","waterford","Waterford"
"WI","waterloo","Waterloo"
"WI","watertown","Watertown"
"WI","waubeka","Waubeka"
"WI","waukau","Waukau"
"WI","waukesha","Waukesha"
"WI","waumandee","Waumandee"
"WI","waunakee","Waunakee"
"WI","waupaca","Waupaca"
"WI","waupun","Waupun"
"WI","wausau","Wausau"
"WI","wausaukee","Wausaukee"
"WI","wautoma","Wautoma"
"WI","wauwatosa","Wauwatosa"
"WI","wauzeka","Wauzeka"
"WI","webster","Webster"
"WI","west allis","West Allis"
"WI","west baraboo","West Baraboo"
"WI","west bend","West Bend"
"WI","west milwaukee","West Milwaukee"
"WI","west salem","West Salem"
"WI","westboro","Westboro"
"WI","westby","Westby"
"WI","westfield","Westfield"
"WI","weston","Weston"
"WI","weyauwega","Weyauwega"
"WI","weyerhaeuser","Weyerhaeuser"
"WI","wheeler","Wheeler"
"WI","white lake","White Lake"
"WI","whitefish bay","Whitefish Bay"
"WI","whitehall","Whitehall"
"WI","whitelaw","Whitelaw"
"WI","whitewater","Whitewater"
"WI","whiting","Whiting"
"WI","whittlesey","Whittlesey"
"WI","wild rose","Wild Rose"
"WI","williams bay","Williams Bay"
"WI","wilson","Wilson"
"WI","wilton","Wilton"
"WI","winchester","Winchester"
"WI","wind lake","Wind Lake"
"WI","wind point","Wind Point"
"WI","windsor","Windsor"
"WI","winneconne","Winneconne"
"WI","winter","Winter"
"WI","wiota","Wiota"
"WI","wisconsin dells","Wisconsin Dells"
"WI","wisconsin rapids","Wisconsin Rapids"
"WI","withee","Withee"
"WI","wittenberg","Wittenberg"
"WI","wonewoc","Wonewoc"
"WI","woodford","Woodford"
"WI","woodman","Woodman"
"WI","woodruff","Woodruff"
"WI","woodville","Woodville"
"WI","wrightstown","Wrightstown"
"WI","wyeville","Wyeville"
"WI","wyocena","Wyocena"
"WI","yorkville","Yorkville"
"WI","yuba","Yuba"
"WI","zoar","Zoar"
"WV","accoville","Accoville"
"WV","addison (webster springs)","Addison (Webster Springs)"
"WV","adrian","Adrian"
"WV","albright","Albright"
"WV","alderson","Alderson"
"WV","alum creek","Alum Creek"
"WV","amherstdale","Amherstdale"
"WV","anawalt","Anawalt"
"WV","anmoore","Anmoore"
"WV","ansted","Ansted"
"WV","apple grove","Apple Grove"
"WV","arbovale","Arbovale"
"WV","arthurdale","Arthurdale"
"WV","athens","Athens"
"WV","auburn","Auburn"
"WV","aurora","Aurora"
"WV","bancroft","Bancroft"
"WV","barboursville","Barboursville"
"WV","barrackville","Barrackville"
"WV","bartley","Bartley"
"WV","bartow","Bartow"
"WV","bath (berkeley springs)","Bath (Berkeley Springs)"
"WV","baxter","Baxter"
"WV","bayard","Bayard"
"WV","beards fork","Beards Fork"
"WV","beaver","Beaver"
"WV","beckley","Beckley"
"WV","beech bottom","Beech Bottom"
"WV","belington","Belington"
"WV","belle","Belle"
"WV","belmont","Belmont"
"WV","belva","Belva"
"WV","benwood","Benwood"
"WV","bergoo","Bergoo"
"WV","berwind","Berwind"
"WV","bethany","Bethany"
"WV","bethlehem","Bethlehem"
"WV","beverly","Beverly"
"WV","big chimney","Big Chimney"
"WV","big creek","Big Creek"
"WV","big sandy","Big Sandy"
"WV","birch river","Birch River"
"WV","blacksville","Blacksville"
"WV","blennerhassett","Blennerhassett"
"WV","bluefield","Bluefield"
"WV","bluewell","Bluewell"
"WV","boaz","Boaz"
"WV","bolivar","Bolivar"
"WV","bolt","Bolt"
"WV","boomer","Boomer"
"WV","booth","Booth"
"WV","bowden","Bowden"
"WV","bradley","Bradley"
"WV","bradshaw","Bradshaw"
"WV","bramwell","Bramwell"
"WV","brandonville","Brandonville"
"WV","brandywine","Brandywine"
"WV","brenton","Brenton"
"WV","bridgeport","Bridgeport"
"WV","brookhaven","Brookhaven"
"WV","bruceton mills","Bruceton Mills"
"WV","bruno","Bruno"
"WV","brush fork","Brush Fork"
"WV","buckhannon","Buckhannon"
"WV","bud","Bud"
"WV","buffalo","Buffalo"
"WV","burlington","Burlington"
"WV","burnsville","Burnsville"
"WV","cairo","Cairo"
"WV","camden-on-gauley","Camden-on-Gauley"
"WV","cameron","Cameron"
"WV","capon bridge","Capon Bridge"
"WV","carolina","Carolina"
"WV","carpendale","Carpendale"
"WV","cass","Cass"
"WV","cassville","Cassville"
"WV","cedar grove","Cedar Grove"
"WV","century","Century"
"WV","ceredo","Ceredo"
"WV","chapmanville","Chapmanville"
"WV","charles town","Charles Town"
"WV","charleston","Charleston"
"WV","charlton heights","Charlton Heights"
"WV","chattaroy","Chattaroy"
"WV","chauncey","Chauncey"
"WV","cheat lake","Cheat Lake"
"WV","chelyan","Chelyan"
"WV","chesapeake","Chesapeake"
"WV","chester","Chester"
"WV","clarksburg","Clarksburg"
"WV","clay","Clay"
"WV","clearview","Clearview"
"WV","clendenin","Clendenin"
"WV","clifton","Clifton"
"WV","coal city","Coal City"
"WV","coal fork","Coal Fork"
"WV","colcord","Colcord"
"WV","colliers","Colliers"
"WV","comfort","Comfort"
"WV","corinne","Corinne"
"WV","cottageville","Cottageville"
"WV","covel","Covel"
"WV","cowen","Cowen"
"WV","crab orchard","Crab Orchard"
"WV","craigsville","Craigsville"
"WV","crooked creek","Crooked Creek"
"WV","cross lanes","Cross Lanes"
"WV","crum","Crum"
"WV","crumpler","Crumpler"
"WV","cucumber","Cucumber"
"WV","culloden","Culloden"
"WV","cunard","Cunard"
"WV","dailey","Dailey"
"WV","daniels","Daniels"
"WV","danville","Danville"
"WV","davis","Davis"
"WV","davy","Davy"
"WV","deep water","Deep Water"
"WV","delbarton","Delbarton"
"WV","despard","Despard"
"WV","dixie","Dixie"
"WV","dorothy","Dorothy"
"WV","dunbar","Dunbar"
"WV","dupont city","Dupont City"
"WV","durbin","Durbin"
"WV","earling","Earling"
"WV","east bank","East Bank"
"WV","east dailey","East Dailey"
"WV","east view","East View"
"WV","eccles","Eccles"
"WV","eleanor","Eleanor"
"WV","elizabeth","Elizabeth"
"WV","elk garden","Elk Garden"
"WV","elkins","Elkins"
"WV","elkview","Elkview"
"WV","ellenboro","Ellenboro"
"WV","enterprise","Enterprise"
"WV","eskdale","Eskdale"
"WV","fairlea","Fairlea"
"WV","fairmont","Fairmont"
"WV","fairview","Fairview"
"WV","falling spring","Falling Spring"
"WV","falling waters","Falling Waters"
"WV","falls view","Falls View"
"WV","farmington","Farmington"
"WV","fayetteville","Fayetteville"
"WV","fenwick","Fenwick"
"WV","flatwoods","Flatwoods"
"WV","flemington","Flemington"
"WV","follansbee","Follansbee"
"WV","fort ashby","Fort Ashby"
"WV","fort gay","Fort Gay"
"WV","frank","Frank"
"WV","franklin","Franklin"
"WV","friendly","Friendly"
"WV","gallipolis ferry","Gallipolis Ferry"
"WV","galloway","Galloway"
"WV","garten","Garten"
"WV","gary","Gary"
"WV","gassaway","Gassaway"
"WV","gatewood","Gatewood"
"WV","gauley bridge","Gauley Bridge"
"WV","ghent","Ghent"
"WV","gilbert","Gilbert"
"WV","gilbert creek","Gilbert Creek"
"WV","glasgow","Glasgow"
"WV","glen dale","Glen Dale"
"WV","glen ferris","Glen Ferris"
"WV","glen fork","Glen Fork"
"WV","glen jean","Glen Jean"
"WV","glen white","Glen White"
"WV","glenville","Glenville"
"WV","grafton","Grafton"
"WV","grant town","Grant Town"
"WV","grantsville","Grantsville"
"WV","granville","Granville"
"WV","great cacapon","Great Cacapon"
"WV","green bank","Green Bank"
"WV","green spring","Green Spring"
"WV","greenview","Greenview"
"WV","greenville","Greenville"
"WV","gypsy","Gypsy"
"WV","hambleton","Hambleton"
"WV","hamlin","Hamlin"
"WV","handley","Handley"
"WV","hansford","Hansford"
"WV","harman","Harman"
"WV","harpers ferry","Harpers Ferry"
"WV","harrisville","Harrisville"
"WV","hartford city","Hartford City"
"WV","harts","Harts"
"WV","hedgesville","Hedgesville"
"WV","helen","Helen"
"WV","helvetia","Helvetia"
"WV","henderson","Henderson"
"WV","hendricks","Hendricks"
"WV","henlawson","Henlawson"
"WV","hepzibah","Hepzibah"
"WV","hico","Hico"
"WV","hillsboro","Hillsboro"
"WV","hilltop","Hilltop"
"WV","hinkleville","Hinkleville"
"WV","hinton","Hinton"
"WV","holden","Holden"
"WV","hollygrove","Hollygrove"
"WV","hometown","Hometown"
"WV","hooverson heights","Hooverson Heights"
"WV","hundred","Hundred"
"WV","huntersville","Huntersville"
"WV","huntington","Huntington"
"WV","hurricane","Hurricane"
"WV","huttonsville","Huttonsville"
"WV","iaeger","Iaeger"
"WV","idamay","Idamay"
"WV","institute","Institute"
"WV","inwood","Inwood"
"WV","itmann","Itmann"
"WV","jacksonburg","Jacksonburg"
"WV","jane lew","Jane Lew"
"WV","jefferson","Jefferson"
"WV","junior","Junior"
"WV","justice","Justice"
"WV","justice addition","Justice Addition"
"WV","kanawha","Kanawha"
"WV","kenova","Kenova"
"WV","kermit","Kermit"
"WV","keyser","Keyser"
"WV","keystone","Keystone"
"WV","kimball","Kimball"
"WV","kimberly","Kimberly"
"WV","kincaid","Kincaid"
"WV","kingwood","Kingwood"
"WV","kistler","Kistler"
"WV","kopperston","Kopperston"
"WV","lashmeet","Lashmeet"
"WV","lavalette","Lavalette"
"WV","leon","Leon"
"WV","lesage","Lesage"
"WV","lester","Lester"
"WV","lewisburg","Lewisburg"
"WV","littleton","Littleton"
"WV","logan","Logan"
"WV","lost creek","Lost Creek"
"WV","lubeck","Lubeck"
"WV","lumberport","Lumberport"
"WV","mabscott","Mabscott"
"WV","macarthur","MacArthur"
"WV","madison","Madison"
"WV","malden","Malden"
"WV","mallory","Mallory"
"WV","man","Man"
"WV","mannington","Mannington"
"WV","marlinton","Marlinton"
"WV","marmet","Marmet"
"WV","martinsburg","Martinsburg"
"WV","mason","Mason"
"WV","masontown","Masontown"
"WV","matewan","Matewan"
"WV","matheny","Matheny"
"WV","matoaka","Matoaka"
"WV","maybeury","Maybeury"
"WV","mcconnell","McConnell"
"WV","mcmechen","McMechen"
"WV","meadow bridge","Meadow Bridge"
"WV","middlebourne","Middlebourne"
"WV","middleway","Middleway"
"WV","mill creek","Mill Creek"
"WV","milton","Milton"
"WV","mineralwells","Mineralwells"
"WV","mitchell heights","Mitchell Heights"
"WV","monaville","Monaville"
"WV","monongah","Monongah"
"WV","montcalm","Montcalm"
"WV","montgomery","Montgomery"
"WV","montrose","Montrose"
"WV","moorefield","Moorefield"
"WV","morgantown","Morgantown"
"WV","moundsville","Moundsville"
"WV","mount carbon","Mount Carbon"
"WV","mount gay-shamrock","Mount Gay-Shamrock"
"WV","mount hope","Mount Hope"
"WV","mullens","Mullens"
"WV","neibert","Neibert"
"WV","nettie","Nettie"
"WV","new cumberland","New Cumberland"
"WV","new haven","New Haven"
"WV","new martinsville","New Martinsville"
"WV","new richmond","New Richmond"
"WV","newark","Newark"
"WV","newburg","Newburg"
"WV","newell","Newell"
"WV","nitro","Nitro"
"WV","north hills","North Hills"
"WV","northfork","Northfork"
"WV","norton","Norton"
"WV","nutter fort","Nutter Fort"
"WV","oak hill","Oak Hill"
"WV","oakvale","Oakvale"
"WV","oceana","Oceana"
"WV","omar","Omar"
"WV","osage","Osage"
"WV","paden city","Paden City"
"WV","page","Page"
"WV","pageton","Pageton"
"WV","parcoal","Parcoal"
"WV","parkersburg","Parkersburg"
"WV","parsons","Parsons"
"WV","paw paw","Paw Paw"
"WV","pax","Pax"
"WV","pea ridge","Pea Ridge"
"WV","peach creek","Peach Creek"
"WV","pennsboro","Pennsboro"
"WV","pentress","Pentress"
"WV","petersburg","Petersburg"
"WV","peterstown","Peterstown"
"WV","philippi","Philippi"
"WV","pickens","Pickens"
"WV","piedmont","Piedmont"
"WV","pinch","Pinch"
"WV","pine grove","Pine Grove"
"WV","pineville","Pineville"
"WV","piney view","Piney View"
"WV","pleasant valley","Pleasant Valley"
"WV","poca","Poca"
"WV","point pleasant","Point Pleasant"
"WV","powellton","Powellton"
"WV","pratt","Pratt"
"WV","prichard","Prichard"
"WV","prince","Prince"
"WV","princeton","Princeton"
"WV","prosperity","Prosperity"
"WV","pullman","Pullman"
"WV","quinwood","Quinwood"
"WV","rachel","Rachel"
"WV","racine","Racine"
"WV","rainelle","Rainelle"
"WV","raleigh","Raleigh"
"WV","rand","Rand"
"WV","ranson corporation","Ranson corporation"
"WV","ravenswood","Ravenswood"
"WV","raymond city","Raymond City"
"WV","raysal","Raysal"
"WV","reader","Reader"
"WV","red jacket","Red Jacket"
"WV","reedsville","Reedsville"
"WV","reedy","Reedy"
"WV","reynoldsville","Reynoldsville"
"WV","rhodell","Rhodell"
"WV","richwood","Richwood"
"WV","ridgeley","Ridgeley"
"WV","ripley","Ripley"
"WV","rivesville","Rivesville"
"WV","robinette","Robinette"
"WV","rock cave","Rock Cave"
"WV","roderfield","Roderfield"
"WV","romney","Romney"
"WV","ronceverte","Ronceverte"
"WV","rossmore","Rossmore"
"WV","rowlesburg","Rowlesburg"
"WV","rupert","Rupert"
"WV","salem","Salem"
"WV","salt rock","Salt Rock"
"WV","sand fork","Sand Fork"
"WV","sarah ann","Sarah Ann"
"WV","scarbro","Scarbro"
"WV","shady spring","Shady Spring"
"WV","shannondale","Shannondale"
"WV","shenandoah junction","Shenandoah Junction"
"WV","shepherdstown","Shepherdstown"
"WV","shinnston","Shinnston"
"WV","shrewsbury","Shrewsbury"
"WV","sissonville","Sissonville"
"WV","sistersville","Sistersville"
"WV","smithers","Smithers"
"WV","smithfield","Smithfield"
"WV","sophia","Sophia"
"WV","south charleston","South Charleston"
"WV","spelter","Spelter"
"WV","spencer","Spencer"
"WV","sprague","Sprague"
"WV","springfield","Springfield"
"WV","st. albans","St. Albans"
"WV","st. george","St. George"
"WV","st. marys","St. Marys"
"WV","stanaford","Stanaford"
"WV","star city","Star City"
"WV","stollings","Stollings"
"WV","stonewood","Stonewood"
"WV","summersville","Summersville"
"WV","sutton","Sutton"
"WV","switzer","Switzer"
"WV","sylvester","Sylvester"
"WV","teays valley","Teays Valley"
"WV","terra alta","Terra Alta"
"WV","thomas","Thomas"
"WV","thurmond","Thurmond"
"WV","tioga","Tioga"
"WV","tornado","Tornado"
"WV","triadelphia","Triadelphia"
"WV","tunnelton","Tunnelton"
"WV","twilight","Twilight"
"WV","union","Union"
"WV","valley bend","Valley Bend"
"WV","valley grove","Valley Grove"
"WV","valley head","Valley Head"
"WV","van","Van"
"WV","verdunville","Verdunville"
"WV","vienna","Vienna"
"WV","vivian","Vivian"
"WV","wallace","Wallace"
"WV","war","War"
"WV","wardensville","Wardensville"
"WV","washington","Washington"
"WV","waverly","Waverly"
"WV","wayne","Wayne"
"WV","weirton","Weirton"
"WV","welch","Welch"
"WV","wellsburg","Wellsburg"
"WV","west dunbar","West Dunbar"
"WV","west hamlin","West Hamlin"
"WV","west liberty","West Liberty"
"WV","west logan","West Logan"
"WV","west milford","West Milford"
"WV","west union","West Union"
"WV","weston","Weston"
"WV","westover","Westover"
"WV","wheeling","Wheeling"
"WV","white hall","White Hall"
"WV","white sulphur springs","White Sulphur Springs"
"WV","whitesville","Whitesville"
"WV","whitmer","Whitmer"
"WV","wiley ford","Wiley Ford"
"WV","williamson","Williamson"
"WV","williamstown","Williamstown"
"WV","windsor heights","Windsor Heights"
"WV","winfield","Winfield"
"WV","wolf summit","Wolf Summit"
"WV","womelsdorf (coalton)","Womelsdorf (Coalton)"
"WV","worthington","Worthington"
"WY","afton","Afton"
"WY","albany","Albany"
"WY","albin","Albin"
"WY","alcova","Alcova"
"WY","alpine","Alpine"
"WY","alpine northeast","Alpine Northeast"
"WY","alpine northwest","Alpine Northwest"
"WY","alta","Alta"
"WY","antelope hills","Antelope Hills"
"WY","arapahoe","Arapahoe"
"WY","arlington","Arlington"
"WY","arrowhead springs","Arrowhead Springs"
"WY","arvada","Arvada"
"WY","atlantic city","Atlantic City"
"WY","auburn","Auburn"
"WY","baggs","Baggs"
"WY","bairoil","Bairoil"
"WY","bar nunn","Bar Nunn"
"WY","basin","Basin"
"WY","bear river","Bear River"
"WY","bedford","Bedford"
"WY","bessemer bend","Bessemer Bend"
"WY","beulah","Beulah"
"WY","big horn","Big Horn"
"WY","big piney","Big Piney"
"WY","bondurant","Bondurant"
"WY","boulder","Boulder"
"WY","boulder flats","Boulder Flats"
"WY","brookhurst","Brookhurst"
"WY","buffalo","Buffalo"
"WY","burlington","Burlington"
"WY","burns","Burns"
"WY","byron","Byron"
"WY","carpenter","Carpenter"
"WY","carter","Carter"
"WY","casper","Casper"
"WY","casper mountain","Casper Mountain"
"WY","centennial","Centennial"
"WY","cheyenne","Cheyenne"
"WY","chugcreek","Chugcreek"
"WY","chugwater","Chugwater"
"WY","clearmont","Clearmont"
"WY","clearview acres","Clearview Acres"
"WY","cody","Cody"
"WY","cokeville","Cokeville"
"WY","cora","Cora"
"WY","cowley","Cowley"
"WY","crowheart","Crowheart"
"WY","daniel","Daniel"
"WY","dayton","Dayton"
"WY","deaver","Deaver"
"WY","diamondville","Diamondville"
"WY","dixon","Dixon"
"WY","douglas","Douglas"
"WY","dubois","Dubois"
"WY","east thermopolis","East Thermopolis"
"WY","eden","Eden"
"WY","edgerton","Edgerton"
"WY","el rancho","El Rancho"
"WY","elk mountain","Elk Mountain"
"WY","encampment","Encampment"
"WY","esterbrook","Esterbrook"
"WY","ethete","Ethete"
"WY","etna","Etna"
"WY","evanston","Evanston"
"WY","evansville","Evansville"
"WY","fairview","Fairview"
"WY","farson","Farson"
"WY","fontenelle","Fontenelle"
"WY","fort bridger","Fort Bridger"
"WY","fort laramie","Fort Laramie"
"WY","fort washakie","Fort Washakie"
"WY","fox farm-college","Fox Farm-College"
"WY","fox park","Fox Park"
"WY","frannie","Frannie"
"WY","freedom","Freedom"
"WY","garland","Garland"
"WY","gillette","Gillette"
"WY","glendo","Glendo"
"WY","glenrock","Glenrock"
"WY","granger","Granger"
"WY","green river","Green River"
"WY","greybull","Greybull"
"WY","grover","Grover"
"WY","guernsey","Guernsey"
"WY","hanna","Hanna"
"WY","hartrandt","Hartrandt"
"WY","hartville","Hartville"
"WY","hawk springs","Hawk Springs"
"WY","hill view heights","Hill View Heights"
"WY","hillsdale","Hillsdale"
"WY","hoback","Hoback"
"WY","homa hills","Homa Hills"
"WY","hudson","Hudson"
"WY","hulett","Hulett"
"WY","huntley","Huntley"
"WY","hyattville","Hyattville"
"WY","jackson","Jackson"
"WY","james town","James Town"
"WY","jeffrey city","Jeffrey City"
"WY","johnstown","Johnstown"
"WY","kaycee","Kaycee"
"WY","kelly","Kelly"
"WY","kemmerer","Kemmerer"
"WY","kirby","Kirby"
"WY","la barge","La Barge"
"WY","lagrange","LaGrange"
"WY","lakeview north","Lakeview North"
"WY","lance creek","Lance Creek"
"WY","lander","Lander"
"WY","laramie","Laramie"
"WY","lingle","Lingle"
"WY","little america","Little America"
"WY","lonetree","Lonetree"
"WY","lost springs","Lost Springs"
"WY","lovell","Lovell"
"WY","lucerne","Lucerne"
"WY","lusk","Lusk"
"WY","lyman","Lyman"
"WY","mammoth","Mammoth"
"WY","manderson","Manderson"
"WY","manville","Manville"
"WY","marbleton","Marbleton"
"WY","mckinnon","McKinnon"
"WY","meadow acres","Meadow Acres"
"WY","medicine bow","Medicine Bow"
"WY","meeteetse","Meeteetse"
"WY","midwest","Midwest"
"WY","mills","Mills"
"WY","moorcroft","Moorcroft"
"WY","moose wilson road","Moose Wilson Road"
"WY","mountain view","Mountain View"
"WY","newcastle","Newcastle"
"WY","nordic","Nordic"
"WY","north rock springs","North Rock Springs"
"WY","oakley","Oakley"
"WY","opal","Opal"
"WY","orin","Orin"
"WY","osage","Osage"
"WY","osmond","Osmond"
"WY","owl creek","Owl Creek"
"WY","parkman","Parkman"
"WY","pavillion","Pavillion"
"WY","pine bluffs","Pine Bluffs"
"WY","pine haven","Pine Haven"
"WY","pinedale","Pinedale"
"WY","point of rocks","Point of Rocks"
"WY","powder horn","Powder Horn"
"WY","powder river","Powder River"
"WY","powell","Powell"
"WY","purple sage","Purple Sage"
"WY","rafter j ranch","Rafter J Ranch"
"WY","ralston","Ralston"
"WY","ranchester","Ranchester"
"WY","ranchettes","Ranchettes"
"WY","rawlins","Rawlins"
"WY","red butte","Red Butte"
"WY","reliance","Reliance"
"WY","riverside","Riverside"
"WY","riverton","Riverton"
"WY","robertson","Robertson"
"WY","rock river","Rock River"
"WY","rock springs","Rock Springs"
"WY","rolling hills","Rolling Hills"
"WY","ryan park","Ryan Park"
"WY","saratoga","Saratoga"
"WY","shell","Shell"
"WY","sheridan","Sheridan"
"WY","shoshoni","Shoshoni"
"WY","sinclair","Sinclair"
"WY","slater","Slater"
"WY","sleepy hollow","Sleepy Hollow"
"WY","smoot","Smoot"
"WY","south greeley","South Greeley"
"WY","south park","South Park"
"WY","star valley ranch","Star Valley Ranch"
"WY","story","Story"
"WY","sundance","Sundance"
"WY","superior","Superior"
"WY","table rock","Table Rock"
"WY","taylor","Taylor"
"WY","ten sleep","Ten Sleep"
"WY","teton village","Teton Village"
"WY","thayne","Thayne"
"WY","thermopolis","Thermopolis"
"WY","torrington","Torrington"
"WY","turnerville","Turnerville"
"WY","upton","Upton"
"WY","urie","Urie"
"WY","van tassell","Van Tassell"
"WY","veteran","Veteran"
"WY","vista west","Vista West"
"WY","wamsutter","Wamsutter"
"WY","warren afb","Warren AFB"
"WY","washam","Washam"
"WY","westview circle","Westview Circle"
"WY","wheatland","Wheatland"
"WY","whiting","Whiting"
"WY","wilson","Wilson"
"WY","woods landing-jelm","Woods Landing-Jelm"
"WY","worland","Worland"
"WY","wright","Wright"
"WY","y-o ranch","Y-O Ranch"
"WY","yoder","Yoder"
