source_row,domain,apply_url,status_code,job_links_found,sample_job_url,validated,error,elapsed_seconds
4,1alphaconsulting.applytojob.com,https://1alphaconsulting.applytojob.com/apply,200,2,https://1alphaconsulting.applytojob.com/apply/lRl6utzkT4/Program-Manager,True,,0.29
8,20160609150027_ygoildhmcz0pfyr4.applytojob.com,https://20160609150027_ygoildhmcz0pfyr4.applytojob.com/apply,200,15,https://20160609150027_ygoildhmcz0pfyr4.applytojob.com/apply/XmP0u44RV4/Oracle-CCB-Test-Lead,True,,0.20
9,20180206181200_ur7kioevszekulrq.applytojob.com,https://20180206181200_ur7kioevszekulrq.applytojob.com/apply,200,175,https://20180206181200_ur7kioevszekulrq.applytojob.com/apply/ms4mhaCD2V/17track,True,,0.20
10,20180228184925_5ekkdkqjib03vxqs.applytojob.com,https://20180228184925_5ekkdkqjib03vxqs.applytojob.com/apply,200,48,https://20180228184925_5ekkdkqjib03vxqs.applytojob.com/apply/zQ7QKJVpn6/Assistant-Bursar,True,,0.21
11,20200930164555_jbcjfdfnpi4ir5iz.applytojob.com,https://20200930164555_jbcjfdfnpi4ir5iz.applytojob.com/apply,200,15,https://20200930164555_jbcjfdfnpi4ir5iz.applytojob.com/apply/BVxp5q1yD1/102522-Azure-Platform-Engineer,True,,0.20
13,20230324181724_slvmid2sqaaq4tgy.applytojob.com,https://20230324181724_slvmid2sqaaq4tgy.applytojob.com/apply,200,18,https://20230324181724_slvmid2sqaaq4tgy.applytojob.com/apply/xj5wHb10DM/Senior-Project-Engineer-Data-Centers,True,,0.22
14,20240404212423_p0cqfuksl3m4kwat.applytojob.com,https://20240404212423_p0cqfuksl3m4kwat.applytojob.com/apply,200,23,https://20240404212423_p0cqfuksl3m4kwat.applytojob.com/apply/7XOYCPSYSf/266064-AIML-Engineer-DC-Metro-Secret,True,,0.24
15,20240515201905_n0rp1a5jxcmzcfvh.applytojob.com,https://20240515201905_n0rp1a5jxcmzcfvh.applytojob.com/apply,200,11,https://20240515201905_n0rp1a5jxcmzcfvh.applytojob.com/apply/tRTw2bHiCU/Accounting-Associate,True,,0.21
38,800storage.applytojob.com,https://800storage.applytojob.com/apply,200,3,https://800storage.applytojob.com/apply/PiqhyNdsBh/Business-Analyst,True,,0.22
39,829llc.applytojob.com,https://829llc.applytojob.com/apply,200,0,,True,,0.19
60,aapc.applytojob.com,https://aapc.applytojob.com/apply,200,21,https://aapc.applytojob.com/apply/C9K2GPICtD/Medical-Auditor-Project-Lead,True,,0.19
77,acapcareers.applytojob.com,https://acapcareers.applytojob.com/apply,200,14,https://acapcareers.applytojob.com/apply/UHMAymZYXz/Business-Operations-Manager,True,,0.21
86,acclaimtechnicalservices.applytojob.com,https://acclaimtechnicalservices.applytojob.com/apply,200,98,https://acclaimtechnicalservices.applytojob.com/apply/wtlUCrx8Lc/AllSource-Analyst-Production-20260160,True,,0.20
88,accommodationsplusinternational.applytojob.com,https://accommodationsplusinternational.applytojob.com/apply,200,0,,True,,0.18
94,accumtech.applytojob.com,https://accumtech.applytojob.com/apply,200,2,https://accumtech.applytojob.com/apply/pOXUynqwpX/Senior-Software-Developer-Net,True,,0.19
109,acluofnorthcarolina.applytojob.com,https://acluofnorthcarolina.applytojob.com/apply,200,0,,True,,0.19
118,actionnissan.applytojob.com,https://actionnissan.applytojob.com/apply,200,14,https://actionnissan.applytojob.com/apply/qpUZoW6mXR/Automotive-Lube-Technician,True,,0.21
119,activeprospect.applytojob.com,https://activeprospect.applytojob.com/apply,200,11,https://activeprospect.applytojob.com/apply/O9rNCoqvbk/Chief-Revenue-Officer,True,,0.14
138,advatixinc.applytojob.com,https://advatixinc.applytojob.com/apply,200,122,https://advatixinc.applytojob.com/apply/jSt7FUN1oE/Access-Guard,True,,0.38
145,aequilibrium.applytojob.com,https://aequilibrium.applytojob.com/apply,200,18,https://aequilibrium.applytojob.com/apply/NODOMaZT3Y/Business-Systems-Analyst,True,,0.22
147,aerofarms.applytojob.com,https://aerofarms.applytojob.com/apply,200,5,https://aerofarms.applytojob.com/apply/mWfC6ZPRTa/AeroFarms-General-Employment-Application,True,,0.20
148,aerospecinc.applytojob.com,https://aerospecinc.applytojob.com/apply,200,8,https://aerospecinc.applytojob.com/apply/gHcgiPqArm/Accounts-Payable-PartTime,True,,0.29
171,aiellohomeserivces.applytojob.com,https://aiellohomeserivces.applytojob.com/apply,200,18,https://aiellohomeserivces.applytojob.com/apply/nNs7hYZ6fr/Customer-Service-Representative,True,,0.36
181,aircontrolconcepts.applytojob.com,https://aircontrolconcepts.applytojob.com/apply,200,116,https://aircontrolconcepts.applytojob.com/apply/jSoAv9FgUl/Account-Executive-Applied-Equipment,True,,0.21
183,airitos.applytojob.com,https://airitos.applytojob.com/apply,200,8,https://airitos.applytojob.com/apply/qAUb8SxDf7/ADEntra-Engineer-Contractor,True,,0.18
189,aitherasllc.applytojob.com,https://aitherasllc.applytojob.com/apply,200,10,https://aitherasllc.applytojob.com/apply/RJkSx7aSKM/Document-Scanning-Technician,True,,0.22
190,akanyclimited.applytojob.com,https://akanyclimited.applytojob.com/apply,200,2,https://akanyclimited.applytojob.com/apply/EuCSGRO3Ft/Social-Media-Manager,True,,0.21
209,aletoinc.applytojob.com,https://aletoinc.applytojob.com/apply,200,2,https://aletoinc.applytojob.com/apply/Az6MwQHqrW/Federal-Space-Planning-Project-Manager,True,,0.20
212,aliaservices.applytojob.com,https://aliaservices.applytojob.com/apply,200,5,https://aliaservices.applytojob.com/apply/PrUmBbu24x/APAC-CI-Implementation-Consultant,True,,0.19
220,aliz.applytojob.com,https://aliz.applytojob.com/apply,200,7,https://aliz.applytojob.com/apply/9FDn3uuJ2m/AI-Architect,True,,0.20
228,alleviatefinancialsolutions.applytojob.com,https://alleviatefinancialsolutions.applytojob.com/apply,200,4,https://alleviatefinancialsolutions.applytojob.com/apply/zT2obLI8s8/Alleviate-Debt-Relief-General-Application,True,,0.20
238,alllinestechnology.applytojob.com,https://alllinestechnology.applytojob.com/apply,200,16,https://alllinestechnology.applytojob.com/apply/ayuKfLtjQt/CRM-Platform-Specialist,True,,0.24
240,alloycrew.applytojob.com,https://alloycrew.applytojob.com/apply,200,2,https://alloycrew.applytojob.com/apply/WSedk74p2v/I-Want-To-Work-With-Alloy,True,,0.20
242,allthingsmetal.applytojob.com,https://allthingsmetal.applytojob.com/apply,200,16,https://allthingsmetal.applytojob.com/apply/k0Ox5umY99/Assembler-For-Steel-Manufacturing,True,,0.21
243,alluvionic.applytojob.com,https://alluvionic.applytojob.com/apply,200,23,https://alluvionic.applytojob.com/apply/T8RA5YNbU4/Accounting-Intern,True,,0.19
281,americanacademyofsleepmedicine.applytojob.com,https://americanacademyofsleepmedicine.applytojob.com/apply,200,1,https://americanacademyofsleepmedicine.applytojob.com/apply/3R1BzpqH2U/Data-Engineer,True,,0.19
305,amplifypeople.applytojob.com,https://amplifypeople.applytojob.com/apply,200,38,https://amplifypeople.applytojob.com/apply/YB6CR3TBPC/AV-AutoCAD-Engineer,True,,0.24
309,amsive.applytojob.com,https://amsive.applytojob.com/apply,200,29,https://amsive.applytojob.com/apply/eY0kMNgMgl/Account-Director-Financial-Client-Experience,True,,0.20
312,amycelltalent.applytojob.com,https://amycelltalent.applytojob.com/apply,200,24,https://amycelltalent.applytojob.com/apply/TPzknypEVI/Accountant,True,,0.23
316,analyticallc.applytojob.com,https://analyticallc.applytojob.com/apply,200,29,https://analyticallc.applytojob.com/apply/jobs,True,,0.23
318,anattadesigninc.applytojob.com,https://anattadesigninc.applytojob.com/apply,200,7,https://anattadesigninc.applytojob.com/apply/gqpgtB51fO/UX-Researcher-Contract,True,,0.20
325,andrewscooper.applytojob.com,https://andrewscooper.applytojob.com/apply,200,8,https://andrewscooper.applytojob.com/apply/z5YlC87LkK/Associate-Software-Controls-Engineer,True,,0.23
329,angelcityva.applytojob.com,https://angelcityva.applytojob.com/apply,200,186,https://angelcityva.applytojob.com/apply/W0fCFbnGxn/Bilingual-Patient-Communication-Specialist,True,,0.20
343,aokallc.applytojob.com,https://aokallc.applytojob.com/apply,200,36,https://aokallc.applytojob.com/apply/efyKvR24gg/Building-Inspector,True,,0.21
370,appliedinnovation.applytojob.com,https://appliedinnovation.applytojob.com/apply,200,29,https://appliedinnovation.applytojob.com/apply/PwtDAeTivV/Account-Manager-Detroit-MI,True,,0.21
393,aquaengineers.applytojob.com,https://aquaengineers.applytojob.com/apply,200,9,https://aquaengineers.applytojob.com/apply/0RT9tmzRWf/Accounting-Clerk,True,,0.20
394,aqueity.applytojob.com,https://aqueity.applytojob.com/apply,200,6,https://aqueity.applytojob.com/apply/qmSfPKgPVF/AI-Consultant,True,,0.17
399,arbormasters.applytojob.com,https://arbormasters.applytojob.com/apply,200,15,https://arbormasters.applytojob.com/apply/HWdXSBKzAZ/Arbor-Advisor-Certified-Arborist,True,,0.19
407,archetypestrategy.applytojob.com,https://archetypestrategy.applytojob.com/apply,200,183,https://archetypestrategy.applytojob.com/apply/T0oJ5PgmdS/Appointment-Setter-Sales-Development-Representative-SDR,True,,0.20
419,arecontvision.applytojob.com,https://arecontvision.applytojob.com/apply,200,2,https://arecontvision.applytojob.com/apply/OoER6gk5MS/Regional-Sales-Manager-Midwest-Plains-IA-KS-MO-NE-SD,True,,0.23
421,arganteal.applytojob.com,https://arganteal.applytojob.com/apply,200,0,,True,,0.24
428,arizonaautismunited.applytojob.com,https://arizonaautismunited.applytojob.com/apply,200,12,https://arizonaautismunited.applytojob.com/apply/chjLEVa0vz/ABA-Behavior-Technician-InHome,True,,0.28
431,arkhcs1.applytojob.com,https://arkhcs1.applytojob.com/apply,200,5,https://arkhcs1.applytojob.com/apply/HlmBkGyuWn/Help-Desk-Technician-Tier-2-MSP,True,,0.19
438,armsrm.applytojob.com,https://armsrm.applytojob.com/apply,200,101,http://armsrm.applytojob.com/apply/v1onjypDAQ/Director-Of-Marketing,True,,0.19
446,arteratechnologies.applytojob.com,https://arteratechnologies.applytojob.com/apply,200,6,https://arteratechnologies.applytojob.com/apply/oJewrywGus/CNO-AnalystProgrammers,True,,0.17
451,arxium.applytojob.com,https://arxium.applytojob.com/apply,200,12,https://arxium.applytojob.com/apply/ruHXmoZIap/Assembler,True,,0.23
452,asardigital.applytojob.com,https://asardigital.applytojob.com/apply,200,0,,True,,0.18
454,ascendingdc.applytojob.com,https://ascendingdc.applytojob.com/apply,200,27,https://ascendingdc.applytojob.com/apply/8QGIBLdpHn/SMESenior-Kubernetes-Architecture-Engineer,True,,0.20
474,asrinternationalcorp.applytojob.com,https://asrinternationalcorp.applytojob.com/apply,200,41,https://asrinternationalcorp.applytojob.com/apply/Xu0O0Foaen/Field-Service-Specialist,True,,0.21
479,associationofnationaladvertisers.applytojob.com,https://associationofnationaladvertisers.applytojob.com/apply,200,10,https://associationofnationaladvertisers.applytojob.com/apply/YEPpKkpbMQ/Account-Director-Retention,True,,0.18
482,assureddataprotection.applytojob.com,https://assureddataprotection.applytojob.com/apply,200,5,https://assureddataprotection.applytojob.com/apply/V507VeXgyl/Core-Infrastructure-Engineer-Team-Lead-US,True,,0.23
509,atlasobscura.applytojob.com,https://atlasobscura.applytojob.com/apply,200,2,https://atlasobscura.applytojob.com/apply/RXizdaZHz4/Atlas-Obscura-Summer-Internship-Program-2026,True,,0.19
513,atomicobject.applytojob.com,https://atomicobject.applytojob.com/apply,200,2,https://atomicobject.applytojob.com/apply/bPOAscWLVt/Senior-Product-Designer-Consultant,True,,0.20
522,attomdata.applytojob.com,https://attomdata.applytojob.com/apply,200,0,,True,,0.21
524,audired.applytojob.com,https://audired.applytojob.com/apply,200,0,,True,,0.22
532,automatedsystemsoftacoma.applytojob.com,https://automatedsystemsoftacoma.applytojob.com/apply,200,12,https://automatedsystemsoftacoma.applytojob.com/apply/5HO0aKBN0h/Business-Intelligence-Analyst-DAX-Focused,True,,0.22
536,autorabit.applytojob.com,https://autorabit.applytojob.com/apply,200,10,https://autorabit.applytojob.com/apply/Jz6BQ5ir8D/Enterprise-Account-Executive,True,,0.19
537,autoscribe.applytojob.com,https://autoscribe.applytojob.com/apply,200,2,https://autoscribe.applytojob.com/apply/bnzF0LuHpp/Controller,True,,0.19
560,avoxi.applytojob.com,https://avoxi.applytojob.com/apply,200,0,,True,,0.29
563,avtsimulation.applytojob.com,https://avtsimulation.applytojob.com/apply,200,18,https://avtsimulation.applytojob.com/apply/himJuMdWIG/Corporate-CMDM-ManagerSecurity-Clearance-Eligibility-Required,True,,0.22
566,awecomm.applytojob.com,https://awecomm.applytojob.com/apply,200,2,https://awecomm.applytojob.com/apply/hBnd5DtVuK/Marketing-Specialist-PartTime,True,,0.24
571,axcexmediallc.applytojob.com,https://axcexmediallc.applytojob.com/apply,200,8,https://axcexmediallc.applytojob.com/apply/LUVATcHZkL/Entry-Level-Low-Voltage-Technician,True,,0.62
572,axiomcloud.applytojob.com,https://axiomcloud.applytojob.com/apply,200,2,https://axiomcloud.applytojob.com/apply/B79HbraPlm/Customer-Success-Manager,True,,0.14
579,axtriainc.applytojob.com,https://axtriainc.applytojob.com/apply,200,29,https://axtriainc.applytojob.com/apply/fJFKUAHT37/Account-Director-Commercial-Life-Sciences-1248,True,,0.23
586,bachmansinc.applytojob.com,https://bachmansinc.applytojob.com/apply,200,17,https://bachmansinc.applytojob.com/apply/5YgB9fXL74/Assistant-Grower,True,,0.18
610,baraschmcgarry.applytojob.com,https://baraschmcgarry.applytojob.com/apply,200,4,https://baraschmcgarry.applytojob.com/apply/64AXbNDQnS/Attorney,True,,0.15
654,bciacrylic.applytojob.com,https://bciacrylic.applytojob.com/apply,200,747,https://bciacrylic.applytojob.com/apply/ZvX1PlZEhG/1099-Subcontractors-Bathroom-Remodel,True,,0.82
657,bcmcllc.applytojob.com,https://bcmcllc.applytojob.com/apply,200,19,https://bcmcllc.applytojob.com/apply/svpmANtOJ8/AIML-Engineer,True,,0.12
673,belaycorporate.applytojob.com,https://belaycorporate.applytojob.com/apply,200,10,https://belaycorporate.applytojob.com/apply/EPgL6HkfFn/Assistant-Solutions-Advisor,True,,0.17
674,belaytechnologies.applytojob.com,https://belaytechnologies.applytojob.com/apply,200,74,https://belaytechnologies.applytojob.com/apply/jJohuTzGqu/Senior-Software-Engineer,True,,0.12
677,bella.applytojob.com,https://bella.applytojob.com/apply,200,3,https://bella.applytojob.com/apply/8os1Lr7wAj/HR-Administrator-ADP-Specialist-Par-Time-Onsite,True,,0.16
681,bellwoodlabs.applytojob.com,https://bellwoodlabs.applytojob.com/apply,200,4,https://bellwoodlabs.applytojob.com/apply/C7iSjLTKlG/Software-Engineer-JavaSpring-Boot,True,,0.18
694,benshawinc.applytojob.com,https://benshawinc.applytojob.com/apply,200,17,https://benshawinc.applytojob.com/apply/TS5zxZeQ7M/Applications-Engineer,True,,0.18
695,bentek.applytojob.com,https://bentek.applytojob.com/apply,200,1,https://bentek.applytojob.com/apply/O77anx4ckm/Any-Interest,True,,0.17
701,beonesolutions.applytojob.com,https://beonesolutions.applytojob.com/apply,200,7,https://beonesolutions.applytojob.com/apply/KI1HQqmqPR/Regional-Manager-EMEA,True,,0.20
706,bespoketechinc.applytojob.com,https://bespoketechinc.applytojob.com/apply,200,36,https://bespoketechinc.applytojob.com/apply/rBtT1ntonC/AI-AgentApplication-Developer,True,,0.13
707,bestgateengineering.applytojob.com,https://bestgateengineering.applytojob.com/apply,200,8,https://bestgateengineering.applytojob.com/apply/YQKa2ntLe5/Apply-Now-Clearance-Required,True,,0.18
716,bhproperties.applytojob.com,https://bhproperties.applytojob.com/apply,200,26,https://bhproperties.applytojob.com/apply/bcreau0yRp/Asset-Manager,True,,0.20
718,bhs.applytojob.com,https://bhs.applytojob.com/apply,200,14,https://bhs.applytojob.com/apply/qthNiyLVRr/Industrial-Maintenance-Technician,True,,0.20
730,billergenie.applytojob.com,https://billergenie.applytojob.com/apply,200,8,https://billergenie.applytojob.com/apply/qdb3USI1pI/People-Operations-Coordinator,True,,0.21
731,billhighway.applytojob.com,https://billhighway.applytojob.com/apply,200,0,,True,,0.21
736,biofabtechnologies.applytojob.com,https://biofabtechnologies.applytojob.com/apply,200,4,https://biofabtechnologies.applytojob.com/apply/wUPetqDCPg/Sr-Application-EngineerBioprocess-Mixing,True,,0.14
749,bitpay.applytojob.com,https://bitpay.applytojob.com/apply,200,3,https://bitpay.applytojob.com/apply/1tQEQrIl4L/AML-Analyst-Transaction-Monitoring,True,,0.19
752,bizflow.applytojob.com,https://bizflow.applytojob.com/apply,200,6,https://bizflow.applytojob.com/apply/rKK24B6ISV/Associate-Software-Engineer-FullStack-Client-Enablement,True,,0.13
758,blackcape.applytojob.com,https://blackcape.applytojob.com/apply,200,11,https://blackcape.applytojob.com/apply/mOhGTnfKxb/Data-Engineer,True,,0.18
766,bln24.applytojob.com,https://bln24.applytojob.com/apply,200,24,https://bln24.applytojob.com/apply/2PKqG2BbVY/AWS-Cloud-Engineer,True,,0.14
772,bloomequitypartners.applytojob.com,https://bloomequitypartners.applytojob.com/apply,200,18,https://bloomequitypartners.applytojob.com/apply/JYshtPWXhZ/Associate-Technical-Project-Manager-Philippines,True,,0.19
773,bloomhealthcare.applytojob.com,https://bloomhealthcare.applytojob.com/apply,200,55,https://bloomhealthcare.applytojob.com/apply/y8t7GBjcsV/Administrative-Hospice-Volunteer,True,,0.20
776,blueacornici.applytojob.com,https://blueacornici.applytojob.com/apply,200,57,https://blueacornici.applytojob.com/apply/x3X4h1zmBf/Adobe-Experience-Platform-Architect,True,,0.19
788,bluevoyant.applytojob.com,https://bluevoyant.applytojob.com/apply,200,6,https://bluevoyant.applytojob.com/apply/fhr2eYkt8q/Business-Development-Representative-German-Speaking,True,,0.21
791,bmdigital.applytojob.com,https://bmdigital.applytojob.com/apply,200,47,http://bmdigital.applytojob.com/apply/eMh9xiwGEg/Ad-Operations-Analyst-EntryLevel-Remote,True,,0.21
795,boardinternationalsa.applytojob.com,https://boardinternationalsa.applytojob.com/apply,200,50,https://boardinternationalsa.applytojob.com/apply/507g17VEC1/Sr-Field-Marketing-Manager,True,,0.15
800,bodyspec.applytojob.com,https://bodyspec.applytojob.com/apply,200,7,https://bodyspec.applytojob.com/apply/i6oWqohwuX/Accounting-Operations-Specialist,True,,0.20
808,bookerdimaio.applytojob.com,https://bookerdimaio.applytojob.com/apply,200,10,https://bookerdimaio.applytojob.com/apply/4kJ2rKoRmB/Automated-Test-Engineer-Onsite-In-Annapolis-Jct-MD-TSSCI-Full-Scope-Polygraph,True,,0.18
809,bookofthemonth.applytojob.com,https://bookofthemonth.applytojob.com/apply,200,14,https://bookofthemonth.applytojob.com/apply/YOE92lCIdZ/Senior-Financial-Analyst,True,,0.14
815,boseprofessional.applytojob.com,https://boseprofessional.applytojob.com/apply,200,5,https://boseprofessional.applytojob.com/apply/EgxnRxEF3Z/IT-Business-Analyst,True,,0.16
822,boyscoutsofamericasupplygroup.applytojob.com,https://boyscoutsofamericasupplygroup.applytojob.com/apply,200,13,https://boyscoutsofamericasupplygroup.applytojob.com/apply/rBCQO6MVEB/Retail-Sales-Associate-FullTime,True,,0.19
834,bravas.applytojob.com,https://bravas.applytojob.com/apply,200,42,https://bravas.applytojob.com/apply/aYqMgtGUpb/Residential-AV-Lead-Technician,True,,0.21
838,bretzrv.applytojob.com,https://bretzrv.applytojob.com/apply,200,35,http://bretzrv.applytojob.com/apply/MKVzt3Z7iW/Forklift-Operator,True,,0.13
843,bridgephase.applytojob.com,https://bridgephase.applytojob.com/apply,200,4,https://bridgephase.applytojob.com/apply/XkVJQZNDDW/Full-Stack-Developer,True,,0.14
847,brightonhealthplansolutions.applytojob.com,https://brightonhealthplansolutions.applytojob.com/apply,200,10,https://brightonhealthplansolutions.applytojob.com/apply/vVka88BLRV/Account-Executive,True,,0.19
848,brightvisiontechnologies.applytojob.com,https://brightvisiontechnologies.applytojob.com/apply,200,518,https://brightvisiontechnologies.applytojob.com/apply/EWEa2557pC/Guidewire-Developer,True,,0.23
849,brightwell.applytojob.com,https://brightwell.applytojob.com/apply,200,0,,True,,0.36
857,broetjeautomation.applytojob.com,https://broetjeautomation.applytojob.com/apply,200,15,https://broetjeautomation.applytojob.com/apply/q4TXpbGl7M/Automation-Technician,True,,0.20
867,bsa.applytojob.com,https://bsa.applytojob.com/apply,200,11,https://bsa.applytojob.com/apply/1QAKBFgSUy/Account-Executive-Lake-Erie-Region,True,,0.19
872,bti.applytojob.com,https://bti.applytojob.com/apply,200,20,https://bti.applytojob.com/apply/PHkMGLQ3ru/Business-Development-Solutions-Architect,True,,0.17
886,busek.applytojob.com,https://busek.applytojob.com/apply,200,19,https://busek.applytojob.com/apply/zXvsOvIy7Q/2026-Summer-Intern,True,,0.15
902,c4analytics.applytojob.com,https://c4analytics.applytojob.com/apply,200,64,https://c4analytics.applytojob.com/apply/IBhwZK2nY4/Chief-Growth-Officer,True,,0.29
918,calcium.applytojob.com,https://calcium.applytojob.com/apply,200,8,https://calcium.applytojob.com/apply/zV6tkn7mP1/Associate-Director-Project-Management,True,,0.16
932,cambridgespark.applytojob.com,https://cambridgespark.applytojob.com/apply,200,25,https://cambridgespark.applytojob.com/apply/CaimxOpyuO/AI-Mentor,True,,0.20
933,camgiancorporation.applytojob.com,https://camgiancorporation.applytojob.com/apply,200,12,https://camgiancorporation.applytojob.com/apply/rE4f9aIVNW/Executive-Director-Of-Capture-Management-Huntsville-AL,True,,0.13
946,capiogroup.applytojob.com,https://capiogroup.applytojob.com/apply,200,19,https://capiogroup.applytojob.com/apply/LGSEjd9EoB/Business-Analyst,True,,0.20
2110,caregardwarrantyservices.applytojob.com,https://caregardwarrantyservices.applytojob.com/apply,200,6,https://caregardwarrantyservices.applytojob.com/apply/lT7LXlMInS/CareGard-Is-Hiring-Continuous-Growth-Opportunities,True,,0.22
2167,ccheatingairconditioning.applytojob.com,https://ccheatingairconditioning.applytojob.com/apply,200,0,,True,,0.19
2177,ccube.applytojob.com,https://ccube.applytojob.com/apply,200,4,https://ccube.applytojob.com/apply/eros59nX9L/AI-ML-Tech-LeadArchitect,True,,0.19
2183,ceceliahealth.applytojob.com,https://ceceliahealth.applytojob.com/apply,200,18,https://ceceliahealth.applytojob.com/apply/yq11w6ItjW/Contract-Telehealth-Dietitian,True,,0.21
2189,celanese.applytojob.com,https://celanese.applytojob.com/apply,200,49,https://celanese.applytojob.com/apply/UGGFsCfkXr/Account-Manager,True,,0.20
2190,celerityconsultinggroupinc.applytojob.com,https://celerityconsultinggroupinc.applytojob.com/apply,200,7,https://celerityconsultinggroupinc.applytojob.com/apply/68PnvwZ6HO/Controller,True,,0.19
2196,censeo.applytojob.com,https://censeo.applytojob.com/apply,200,20,http://censeo.applytojob.com/apply/zG1ED17l8f/Associate,True,,0.21
2198,centerforhealthinformationandanalysis.applytojob.com,https://centerforhealthinformationandanalysis.applytojob.com/apply,200,1,https://centerforhealthinformationandanalysis.applytojob.com/apply/k0G2X1RN5E/Information-Security-Manager,True,,0.19
2201,centimark.applytojob.com,https://centimark.applytojob.com/apply,200,450,https://centimark.applytojob.com/apply/hpUiD7Owj6/Administrative-Assistant,True,,0.15
2204,centretechnologies.applytojob.com,https://centretechnologies.applytojob.com/apply,200,17,https://centretechnologies.applytojob.com/apply/s70W6gJpFN/Account-Executive,True,,0.19
2206,centurum.applytojob.com,https://centurum.applytojob.com/apply,200,28,https://centurum.applytojob.com/apply/kMHUIwv5hQ/Acquisition-Management-Support-II-SATCOM,True,,0.19
2214,cfocussoftware.applytojob.com,https://cfocussoftware.applytojob.com/apply,200,40,https://cfocussoftware.applytojob.com/apply/de6Ru2yQzB/Chief-EngineerLead-Architect-TSSCI-CI-Polygraph-Required,True,,0.21
2219,cginfinity.applytojob.com,https://cginfinity.applytojob.com/apply,200,28,https://cginfinity.applytojob.com/apply/Ld3Gjxremr/Quality-Automation-Test-Consultant,True,,0.25
2221,chaar.applytojob.com,https://chaar.applytojob.com/apply,200,9,https://chaar.applytojob.com/apply/8IUZJSDLLI/Assistant-Store-Manager-Pet-Supplies-Store,True,,0.19
2222,chadwellsupply.applytojob.com,https://chadwellsupply.applytojob.com/apply,200,96,https://chadwellsupply.applytojob.com/apply/2pMximwygJ/Warehouse-Order-Processor-Supervisor,True,,0.19
2225,chameleonintegratedservices.applytojob.com,https://chameleonintegratedservices.applytojob.com/apply,200,11,https://chameleonintegratedservices.applytojob.com/apply/VUkxiZP3xi/AI-Technical-Writer,True,,0.20
2237,chcp.applytojob.com,https://chcp.applytojob.com/apply,200,56,https://chcp.applytojob.com/apply/xShC1mzEla/Regional-Coordinator-Of-Imaging-Curriculum-And-Assessment,True,,0.20
2252,chimera.applytojob.com,https://chimera.applytojob.com/apply,200,15,https://chimera.applytojob.com/apply/6f7UwlqeBl/Acquisition-Policy-Analyst-DARPA,True,,0.19
2264,chrysalis.applytojob.com,https://chrysalis.applytojob.com/apply,200,76,https://chrysalis.applytojob.com/apply/ze0S1KpTpm/Direct-Support-Professional,True,,0.20
2278,cinter.applytojob.com,https://cinter.applytojob.com/apply,200,37,https://cinter.applytojob.com/apply/11aqISOuj8/Field-Service-Engineer,True,,0.19
2285,circuitboardmedics.applytojob.com,https://circuitboardmedics.applytojob.com/apply,200,9,https://circuitboardmedics.applytojob.com/apply/20ZZB4J1q0/Accountant,True,,0.20
2297,cityofalabaster.applytojob.com,https://cityofalabaster.applytojob.com/apply,200,2,https://cityofalabaster.applytojob.com/apply/iR6QUVdiwO/Park-Maintenance-Technician,True,,0.20
2299,cityofboernetx.applytojob.com,https://cityofboernetx.applytojob.com/apply,200,3,https://cityofboernetx.applytojob.com/apply/6mJdVKu2V2/Dispatcher-I,True,,0.19
2302,cityofclaremore.applytojob.com,https://cityofclaremore.applytojob.com/apply,200,15,https://cityofclaremore.applytojob.com/apply/l71sFUgC5f/Boring-Tech,True,,0.20
2303,cityofeldorado.applytojob.com,https://cityofeldorado.applytojob.com/apply,200,1,https://cityofeldorado.applytojob.com/apply/lalpeKayFM/Public-Utilities-Maintenance-Worker,True,,0.19
2319,clarkbrosinc.applytojob.com,https://clarkbrosinc.applytojob.com/apply,200,23,https://clarkbrosinc.applytojob.com/apply/cvAtyPVIwZ/Civil-Project-Manager,True,,0.18
2321,clarkcreativesolutions.applytojob.com,https://clarkcreativesolutions.applytojob.com/apply,200,2,https://clarkcreativesolutions.applytojob.com/apply/c9MxET5p3m/Operational-Readiness-Training-Support-Specialist-Site-Lead,True,,0.16
2331,cleargov.applytojob.com,https://cleargov.applytojob.com/apply,200,9,https://cleargov.applytojob.com/apply/6tk1kKWCI1/Project-Manager-Business-Operations-Hybrid-TorontoCalgary,True,,0.23
2333,clearpoint.applytojob.com,https://clearpoint.applytojob.com/apply,200,1,http://clearpoint.applytojob.com/apply/MefKnxScW7/Customer-Success-Associate,True,,0.21
2345,cloudelligent.applytojob.com,https://cloudelligent.applytojob.com/apply,200,21,https://cloudelligent.applytojob.com/apply/sTd1bq7i81/Associate-Quality-Assurance-Engineer-C1425107,True,,0.19
2358,cmeassociates.applytojob.com,https://cmeassociates.applytojob.com/apply,200,8,https://cmeassociates.applytojob.com/apply/Hs4hNBUUPQ/Civil-Engineering-Technician-Fall-Internship,True,,0.21
2373,coatscompany.applytojob.com,https://coatscompany.applytojob.com/apply,200,8,https://coatscompany.applytojob.com/apply/r4FZinoQeG/Assembly,True,,0.18
2375,codekeeper.applytojob.com,https://codekeeper.applytojob.com/apply,200,34,https://codekeeper.applytojob.com/apply/an2Sisa9Qz/Client-Success-Specialist-LegalTech,True,,0.20
2376,codelitt.applytojob.com,https://codelitt.applytojob.com/apply,200,2,https://codelitt.applytojob.com/apply/FooVEr2hCY/Devops-Automation-Engineer,True,,0.20
2388,colasconstruction.applytojob.com,https://colasconstruction.applytojob.com/apply,200,5,https://colasconstruction.applytojob.com/apply/kNGsYq2d9M/Assistant-Controller,True,,0.20
2397,colliersimon.applytojob.com,https://colliersimon.applytojob.com/apply,200,10,https://colliersimon.applytojob.com/apply/5MIqK77TEn/Account-Director,True,,0.19
2409,columbustechnicalcollege.applytojob.com,https://columbustechnicalcollege.applytojob.com/apply,200,0,,True,,0.22
2415,comfrt.applytojob.com,https://comfrt.applytojob.com/apply,200,32,https://comfrt.applytojob.com/apply/dpjLiVgEO0/Affiliate-Specialist,True,,0.24
2421,commservetechnologies.applytojob.com,https://commservetechnologies.applytojob.com/apply,200,9,http://commservetechnologies.applytojob.com/apply/EDCcoKf91u/Active-Directory-Windows-Engineer,True,,0.23
2427,company3.applytojob.com,https://company3.applytojob.com/apply,200,18,https://company3.applytojob.com/apply/u9G6rto6Mw/Talent-Acquisition-Partner-Sr-Temporary,True,,0.19
2444,conceras.applytojob.com,https://conceras.applytojob.com/apply,200,3,https://conceras.applytojob.com/apply/SFA2sKnhvH/Lead-Fiber-Installation-Technician-OCONUS,True,,0.19
2446,concordusa.applytojob.com,https://concordusa.applytojob.com/apply,200,6,http://concordusa.applytojob.com/apply/X2CakfPbdB/Join-Our-Talent-Network-Openings-USA,True,,0.21
2454,connectcentric.applytojob.com,https://connectcentric.applytojob.com/apply,200,1,https://connectcentric.applytojob.com/apply/DLxaVmMwTO/Senior-Network-Infrastructure-Engineer,True,,0.18
2465,consultbfrench.applytojob.com,https://consultbfrench.applytojob.com/apply,200,70,https://consultbfrench.applytojob.com/apply/1nrwcKoULU/ACS-Front-Desk-Services-And-Lending-Closet,True,,0.18
2468,contactdiscoveryservices.applytojob.com,https://contactdiscoveryservices.applytojob.com/apply,200,20,http://contactdiscoveryservices.applytojob.com/apply/QrwUYP0ao7/EDiscovery-Project-Manager,True,,0.17
2490,coreshelltech.applytojob.com,https://coreshelltech.applytojob.com/apply,200,8,https://coreshelltech.applytojob.com/apply/UrZLASCBpU/Battery-Scientist-Electrolyte,True,,0.19
2496,corneralliance.applytojob.com,https://corneralliance.applytojob.com/apply,200,8,https://corneralliance.applytojob.com/apply/Wv6KLe7FIg/Business-Transformation-Consultant,True,,0.19
2524,cpasurvey.applytojob.com,https://cpasurvey.applytojob.com/apply,200,23,https://cpasurvey.applytojob.com/apply/KzeRwquQ6p/Accounts-Receivable-Specialist,True,,0.20
2525,cpicoop.applytojob.com,https://cpicoop.applytojob.com/apply,200,0,,True,,0.17
2531,crackajackdigitalsolutionsllc.applytojob.com,https://crackajackdigitalsolutionsllc.applytojob.com/apply,200,26,https://crackajackdigitalsolutionsllc.applytojob.com/apply/aVxvCQjMOv/NET-Power-BI-Developer,True,,0.20
2543,creoinc.applytojob.com,https://creoinc.applytojob.com/apply,200,1,https://creoinc.applytojob.com/apply/SXNQc1mBC8/Consultant-CSV-SAP-S4HANA,True,,0.22
2549,crisis1.applytojob.com,https://crisis1.applytojob.com/apply,200,2,https://crisis1.applytojob.com/apply/WfCYQzB4s2/PTS-Support-Analyst,True,,0.19
2573,cscusystemoffice.applytojob.com,https://cscusystemoffice.applytojob.com/apply,200,3,https://cscusystemoffice.applytojob.com/apply/9oJXpiI5yZ/Associate-For-Finance-And-Accounting-2026,True,,0.21
2595,ctcgroup.applytojob.com,https://ctcgroup.applytojob.com/apply,200,46,https://ctcgroup.applytojob.com/apply/r046ajrhJp/SETA-Acquisition-Professional,True,,0.21
2614,customgoods.applytojob.com,https://customgoods.applytojob.com/apply,200,20,https://customgoods.applytojob.com/apply/fEWJbeshBZ/Class-A-Driver-Hiring-AM-And-PM-Shift,True,,0.19
2615,cutsforth.applytojob.com,https://cutsforth.applytojob.com/apply,200,6,http://cutsforth.applytojob.com/apply/qPhvlCe2CZ/Account-Manager-Industrial-New-Markets-Eastern-US,True,,0.22
2623,cyber.applytojob.com,https://cyber.applytojob.com/apply,200,6,http://cyber.applytojob.com/apply/wqXEjzVd8f/Asset-Management-Specialist,True,,0.21
2627,cyclotroninc.applytojob.com,https://cyclotroninc.applytojob.com/apply,200,16,https://cyclotroninc.applytojob.com/apply/D2yqPdbCmw/AI-Architect,True,,0.20
2628,cycsf.applytojob.com,https://cycsf.applytojob.com/apply,200,11,https://cycsf.applytojob.com/apply/ZfpTigle7W/Director-Of-Human-Resources-Administration,True,,0.21
2634,d3engineering.applytojob.com,https://d3engineering.applytojob.com/apply,200,4,https://d3engineering.applytojob.com/apply/gXy9c4vKVF/Engineering-Program-Manager,True,,0.17
2638,dahlingrouparchitectureplanning.applytojob.com,https://dahlingrouparchitectureplanning.applytojob.com/apply,200,13,https://dahlingrouparchitectureplanning.applytojob.com/apply/Uj7WxzDIzL/ArchitectProject-Manager-Commercial,True,,0.19
2640,daikyonishikawausainc.applytojob.com,https://daikyonishikawausainc.applytojob.com/apply,200,2,https://daikyonishikawausainc.applytojob.com/apply/gBaeIDaJzG/2nd-Shift-Production-Associate,True,,0.20
2655,dashealth.applytojob.com,https://dashealth.applytojob.com/apply,200,7,https://dashealth.applytojob.com/apply/QV3PaHYoPM/AVP-Corporate-Marketing-Product-Strategy,True,,0.22
2660,dataideology.applytojob.com,https://dataideology.applytojob.com/apply,200,7,https://dataideology.applytojob.com/apply/WEjJ6OYwA8/AWS-Platform-Architect,True,,0.19
2661,datalignadvisoryinc.applytojob.com,https://datalignadvisoryinc.applytojob.com/apply,200,7,https://datalignadvisoryinc.applytojob.com/apply/IbOMT8oSV0/Director-Customer-Success-Growth,True,,0.21
2667,daubertchemical.applytojob.com,https://daubertchemical.applytojob.com/apply,200,6,https://daubertchemical.applytojob.com/apply/IqoEQNsjiC/Buyer,True,,0.17
2681,dbinsus.applytojob.com,https://dbinsus.applytojob.com/apply,200,7,https://dbinsus.applytojob.com/apply/NogMYi3rpE/Accountants-Receivable--HYBRID,True,,0.20
2687,dealereprocess.applytojob.com,https://dealereprocess.applytojob.com/apply,200,22,https://dealereprocess.applytojob.com/apply/i00n4XMHLp/Sales-Executive-Automotive,True,,0.21
2701,defensestorm.applytojob.com,https://defensestorm.applytojob.com/apply,200,1,https://defensestorm.applytojob.com/apply/3UlKdbIOZb/General-Job-Application,True,,0.21
2706,deka.applytojob.com,https://deka.applytojob.com/apply,200,29,https://deka.applytojob.com/apply/XDlDbp0J1N/Product-Development-Automation-Engineer,True,,0.20
2723,derivativepath.applytojob.com,https://derivativepath.applytojob.com/apply,200,7,https://derivativepath.applytojob.com/apply/MtSqxxxXY0/Applied-AI-Engineer,True,,0.18
2731,developmentinfostructure.applytojob.com,https://developmentinfostructure.applytojob.com/apply,200,5,https://developmentinfostructure.applytojob.com/apply/eV8mHnKxAn/DevSecOps-Open-Call,True,,0.23
2736,dezignconceptsllc.applytojob.com,https://dezignconceptsllc.applytojob.com/apply,200,1,https://dezignconceptsllc.applytojob.com/apply/Y1AAaLFqbD/Software-Developer-Systems-Software,True,,0.23
2745,dickersonbakker.applytojob.com,https://dickersonbakker.applytojob.com/apply,200,6,https://dickersonbakker.applytojob.com/apply/PwZcjx6qYh/Digital-Strategist-DickersonBakker,True,,0.20
2749,digitalcloak.applytojob.com,https://digitalcloak.applytojob.com/apply,200,0,,True,,0.20
2750,digitalinfuzion.applytojob.com,https://digitalinfuzion.applytojob.com/apply,200,8,https://digitalinfuzion.applytojob.com/apply/aSfDI4h70x/FrontEnd-Developer,True,,0.20
2754,diligencevault.applytojob.com,https://diligencevault.applytojob.com/apply,200,6,https://diligencevault.applytojob.com/apply/C5OymWq89E/Account-Executive,True,,0.19
2759,directagents.applytojob.com,https://directagents.applytojob.com/apply,200,11,https://directagents.applytojob.com/apply/sspE0FhBDv/Director-Business-Development,True,,0.19
2778,dobbsdefensesolutions.applytojob.com,https://dobbsdefensesolutions.applytojob.com/apply,200,18,https://dobbsdefensesolutions.applytojob.com/apply/UNm0xsB95z/Backend-Drupal-Developer,True,,0.18
2785,dominionfinancialservices.applytojob.com,https://dominionfinancialservices.applytojob.com/apply,200,9,https://dominionfinancialservices.applytojob.com/apply/Nt0GU8AAmz/Loan-Officer-Assistant,True,,0.17
2803,drawbridgeco.applytojob.com,https://drawbridgeco.applytojob.com/apply,200,3,https://drawbridgeco.applytojob.com/apply/yZDoN2Z0yp/Controller,True,,0.18
2809,drtstrategies.applytojob.com,https://drtstrategies.applytojob.com/apply,200,16,https://drtstrategies.applytojob.com/apply/ryFTUpqeMm/Proposal-BD-Operations-Manager,True,,0.19
2814,dspolitical.applytojob.com,https://dspolitical.applytojob.com/apply,200,9,https://dspolitical.applytojob.com/apply/1X7ppAlqCv/Associate-Director-Media-Buying,True,,0.20
2818,dtexsystems.applytojob.com,https://dtexsystems.applytojob.com/apply,200,9,https://dtexsystems.applytojob.com/apply/1gZyLb4EQX/Director-Product-Engineering-AI-POD-Lead,True,,0.19
2821,dtprosusa.applytojob.com,https://dtprosusa.applytojob.com/apply,200,5,https://dtprosusa.applytojob.com/apply/S87RbXUExx/Construction-Surveillance-Technician-CST,True,,0.18
2835,dynamiclogistixllc.applytojob.com,https://dynamiclogistixllc.applytojob.com/apply,200,4,https://dynamiclogistixllc.applytojob.com/apply/9DrjCDt4D4/Business-Development-Representative,True,,0.19
2844,eaglecreekre.applytojob.com,https://eaglecreekre.applytojob.com/apply,200,19,https://eaglecreekre.applytojob.com/apply/dZMNzGaWGn/Coordinator-EHS,True,,0.20
2846,easeinc.applytojob.com,https://easeinc.applytojob.com/apply,200,2,http://easeinc.applytojob.com/apply/vMHpWDZa3l/Account-Executive,True,,0.21
2847,eastboundcollective.applytojob.com,https://eastboundcollective.applytojob.com/apply,200,4,https://eastboundcollective.applytojob.com/apply/6bvhbrhqWf/Brix-Cannabis-Cultivation-Tech-2000hr,True,,0.20
2848,easternctstateuniversity.applytojob.com,https://easternctstateuniversity.applytojob.com/apply,200,14,https://easternctstateuniversity.applytojob.com/apply/PFxaFhY3ZB/Academic-Laboratory-Specialist,True,,0.20
2850,eastview.applytojob.com,https://eastview.applytojob.com/apply,200,1,https://eastview.applytojob.com/apply/tOytJAifW6/General-Application-Future-Employment-Interest,True,,0.19
2886,ecr.applytojob.com,https://ecr.applytojob.com/apply,200,5,https://ecr.applytojob.com/apply/DL6CqCqxDA/Director-Of-Strategic-Growth-Defense-Services,True,,0.14
2910,educationresourcestrategies.applytojob.com,https://educationresourcestrategies.applytojob.com/apply,200,3,https://educationresourcestrategies.applytojob.com/apply/LqYYzMgm3B/Analyst-Consultant,True,,0.19
2913,eduphoria.applytojob.com,https://eduphoria.applytojob.com/apply,200,0,,True,,0.20
2916,edwardmkennedycommunityhealthcenterinc.applytojob.com,https://edwardmkennedycommunityhealthcenterinc.applytojob.com/apply,200,24,https://edwardmkennedycommunityhealthcenterinc.applytojob.com/apply/hn4Hh7krBC/Advanced-Practice-Provider-Trainer-NP-Or-PA,True,,0.20
2935,eflexervicesinc.applytojob.com,https://eflexervicesinc.applytojob.com/apply,200,12,https://eflexervicesinc.applytojob.com/apply/6mjlxb3Kx2/Accounts-Payable-Specialist,True,,0.18
2944,eggsunlimited.applytojob.com,https://eggsunlimited.applytojob.com/apply,200,21,https://eggsunlimited.applytojob.com/apply/CavV1A2XBu/PH-Supply-Chain-Analyst-Remote-US-Hours,True,,0.24
2954,ehe.applytojob.com,https://ehe.applytojob.com/apply,200,22,https://ehe.applytojob.com/apply/4DU00HBCZO/Licensed-Practical-Nurse-Per-Diem,True,,0.21
3013,elementconsulting.applytojob.com,https://elementconsulting.applytojob.com/apply,200,13,https://elementconsulting.applytojob.com/apply/TiBZOtSOX1/Associate-Scheduler,True,,0.20
3019,elitevirtualassistants.applytojob.com,https://elitevirtualassistants.applytojob.com/apply,200,5,https://elitevirtualassistants.applytojob.com/apply/2nOHemgQGk/REMOTE-Fractional-Corporate-Paralegal-With-Elite-Virtual-Assistants,True,,0.20
3027,elucid.applytojob.com,https://elucid.applytojob.com/apply,200,5,https://elucid.applytojob.com/apply/zA6Bj4NJSR/Account-Manager-West-Coast-Or-Southwest,True,,0.21
3040,emedlabsllc.applytojob.com,https://emedlabsllc.applytojob.com/apply,200,17,http://emedlabsllc.applytojob.com/apply/9i8BnxBoIe/Account-Director,True,,0.18
3041,emergentmethod.applytojob.com,https://emergentmethod.applytojob.com/apply,200,4,https://emergentmethod.applytojob.com/apply/dvYj5lw14w/Business-Analyst,True,,0.19
3085,engineersandconstructorsinternationalinc.applytojob.com,https://engineersandconstructorsinternationalinc.applytojob.com/apply,200,11,https://engineersandconstructorsinternationalinc.applytojob.com/apply/3eS0wHKeiN/Air-Permitting-Engineer,True,,0.19
3097,entravision.applytojob.com,https://entravision.applytojob.com/apply,200,11,https://entravision.applytojob.com/apply/nyFC16LAJz/Sales-Marketing-Manager,True,,0.31
3099,entreprenista.applytojob.com,https://entreprenista.applytojob.com/apply,200,0,,True,,0.23
3125,epromos.applytojob.com,https://epromos.applytojob.com/apply,200,4,https://epromos.applytojob.com/apply/WrLNuU8bEY/Program-Account-Manager,True,,0.19
3155,esaero.applytojob.com,https://esaero.applytojob.com/apply,200,40,https://esaero.applytojob.com/apply/OBKGm7QC87/Aerospace-Engineer-Performance-And-Design,True,,0.20
3163,esiconstruction.applytojob.com,https://esiconstruction.applytojob.com/apply,200,239,https://esiconstruction.applytojob.com/apply/dN9mePM94M/CDL-A-REGIONAL-TRUCK-DRIVING-POSITION,True,,0.14
3166,essar.applytojob.com,https://essar.applytojob.com/apply,200,50,https://essar.applytojob.com/apply/B4bFTc4rCH/Automation-Engineer,True,,0.21
3177,etaily.applytojob.com,https://etaily.applytojob.com/apply,200,18,https://etaily.applytojob.com/apply/JQ9PvPhrWL/Affiliate-MCN-Lead,True,,0.19
3188,evenbound.applytojob.com,https://evenbound.applytojob.com/apply,200,2,https://evenbound.applytojob.com/apply/MGw9AOK9cf/HubSpot-Admin-Contract-To-Hire,True,,0.21
3191,everblue.applytojob.com,https://everblue.applytojob.com/apply,200,19,https://everblue.applytojob.com/apply/b4J4bXHAdD/Call-Center-Manager-Home-Energy-Rebates,True,,0.25
3195,evergreenfireandsecurity.applytojob.com,https://evergreenfireandsecurity.applytojob.com/apply,200,50,https://evergreenfireandsecurity.applytojob.com/apply/bLsYnfUwxo/EL06-Install-Technician,True,,0.19
3203,evidentchange.applytojob.com,https://evidentchange.applytojob.com/apply,200,0,,True,,0.19
3219,executech.applytojob.com,https://executech.applytojob.com/apply,200,11,https://executech.applytojob.com/apply/EJFW5AuvCk/IT-Service-Engineer-II,True,,0.19
3224,expedient.applytojob.com,https://expedient.applytojob.com/apply,200,25,http://expedient.applytojob.com/apply/OZ3BIAgetf/Agentic-AI-Outcomes-Engineer,True,,0.21
3366,fairhavencommunityhealthcare.applytojob.com,https://fairhavencommunityhealthcare.applytojob.com/apply,200,26,https://fairhavencommunityhealthcare.applytojob.com/apply/Uq4v4avVFg/Behavioral-Health-Administrative-Associate,True,,0.20
3371,famous.applytojob.com,https://famous.applytojob.com/apply,200,72,https://famous.applytojob.com/apply/fVzSGexYyj/12pm8pm-Warehouse-2025hour-MondayFriday,True,,0.15
3385,fcpeuro.applytojob.com,https://fcpeuro.applytojob.com/apply,200,14,https://fcpeuro.applytojob.com/apply/NCAEzad20N/Assistant-Operations-Manager,True,,0.20
3421,finconsus.applytojob.com,https://finconsus.applytojob.com/apply,200,3,https://finconsus.applytojob.com/apply/Cr4YZdKPZQ/Business-Analyst-Media-Entertainment,True,,0.20
3426,firespark.applytojob.com,https://firespark.applytojob.com/apply,200,0,,True,,0.20
3428,firstadvantage.applytojob.com,https://firstadvantage.applytojob.com/apply,200,31,https://firstadvantage.applytojob.com/apply/qgEHXnZTt9/Associate-Software-QA-Engineer,True,,0.21
3443,fitspr.applytojob.com,https://fitspr.applytojob.com/apply,200,79,https://fitspr.applytojob.com/apply/Fk0rnAaEaP/Engineering-Program-Manager,True,,0.21
3463,fmgsuite.applytojob.com,https://fmgsuite.applytojob.com/apply,200,3,https://fmgsuite.applytojob.com/apply/Yov6FQtCwW/Content-And-Social-Media-Marketing-Manager-Remote,True,,0.19
3467,focuskpi.applytojob.com,https://focuskpi.applytojob.com/apply,200,10,https://focuskpi.applytojob.com/apply/udj57Jky8L/AI-Business-Operations-Intern-Remote-Paid,True,,0.19
3468,fooda.applytojob.com,https://fooda.applytojob.com/apply,200,106,https://fooda.applytojob.com/apply/7uJ8UowgMR/Account-Executive,True,,0.18
3469,foodchainidgroupinc.applytojob.com,https://foodchainidgroupinc.applytojob.com/apply,200,16,https://foodchainidgroupinc.applytojob.com/apply/bfP0A1os51/Administration-Manager-Mumbai-India,True,,0.23
3476,forpeople.applytojob.com,https://forpeople.applytojob.com/apply,200,1,https://forpeople.applytojob.com/apply/FA3fqOTTeD/General-Application-Join-For-People,True,,0.23
3487,foundationai.applytojob.com,https://foundationai.applytojob.com/apply,200,12,https://foundationai.applytojob.com/apply/ZBfHaf2Nv9/Application-Support-Engineer,True,,0.19
3492,foursquareitp.applytojob.com,https://foursquareitp.applytojob.com/apply,200,2,https://foursquareitp.applytojob.com/apply/ufeqsfHJae/Transportation-Planning-Lead-Project-Manager-Austin-Or-Houston,True,,0.21
3496,foxconnassemblyllc.applytojob.com,https://foxconnassemblyllc.applytojob.com/apply,200,229,https://foxconnassemblyllc.applytojob.com/apply/somEqtC8qC/Accounts-Payable,True,,0.20
3497,foxconnggroup.applytojob.com,https://foxconnggroup.applytojob.com/apply,200,78,http://foxconnggroup.applytojob.com/apply/nOnbkX0lCf/Automation-Technician,True,,0.17
3498,foxconnqedge.applytojob.com,https://foxconnqedge.applytojob.com/apply,200,79,https://foxconnqedge.applytojob.com/apply/cLG69paW6J/Assets-Management-EngineerA-Group-MLBAMHoustonTX,True,,0.21
3506,frankcrum.applytojob.com,https://frankcrum.applytojob.com/apply,200,23,https://frankcrum.applytojob.com/apply/QulcTQE8fd/Senior-401K-Specialist,True,,0.20
3509,franklinpierceuniversity.applytojob.com,https://franklinpierceuniversity.applytojob.com/apply,200,48,https://franklinpierceuniversity.applytojob.com/apply/zQ7QKJVpn6/Assistant-Bursar,True,,0.18
3517,freshconsulting.applytojob.com,https://freshconsulting.applytojob.com/apply,200,19,https://freshconsulting.applytojob.com/apply/ajkHnS6llv/Engineering-TechnicianContract,True,,0.19
3524,frontsteps.applytojob.com,https://frontsteps.applytojob.com/apply,200,6,http://frontsteps.applytojob.com/apply/WsTOwPckKr/Customer-Success-Manager,True,,0.19
3536,furnishedfinder.applytojob.com,https://furnishedfinder.applytojob.com/apply,200,0,,True,,0.19
3538,fusemachines.applytojob.com,https://fusemachines.applytojob.com/apply,200,47,http://fusemachines.applytojob.com/apply/pYO5KHk85I/Data-Scientist-Hybrid-3-Times-Per-Week,True,,0.20
3539,fusionauth.applytojob.com,https://fusionauth.applytojob.com/apply,200,5,https://fusionauth.applytojob.com/apply/G2cuyXRCLV/Principal-Software-Engineer,True,,0.19
3545,futuretechenterpriseinc.applytojob.com,https://futuretechenterpriseinc.applytojob.com/apply,200,15,https://futuretechenterpriseinc.applytojob.com/apply/4T5682kvHg/Accounts-Receivable-Specialist-Collections-India-Based,True,,0.22
3551,g3qualityinc.applytojob.com,https://g3qualityinc.applytojob.com/apply,200,4,https://g3qualityinc.applytojob.com/apply/CcVkvEdVzI/Field-Inspector-Bakersfield,True,,0.19
3556,gainsystems.applytojob.com,https://gainsystems.applytojob.com/apply,200,8,https://gainsystems.applytojob.com/apply/PXUNIuJHW7/Applied-Data-Scientist,True,,0.21
3558,gallagherassociatesllc.applytojob.com,https://gallagherassociatesllc.applytojob.com/apply,200,2,https://gallagherassociatesllc.applytojob.com/apply/Ozvca7lfoZ/Evening-Janitor-Part-Time,True,,0.22
3560,gama1technologies.applytojob.com,https://gama1technologies.applytojob.com/apply,200,10,https://gama1technologies.applytojob.com/apply/WVeWX23UPd/BD-Capture-Manager,True,,0.19
3569,gatelesis.applytojob.com,https://gatelesis.applytojob.com/apply,200,31,https://gatelesis.applytojob.com/apply/qcpRkZ9nRU/Sales-Director-Middle-East-And-Africa,True,,0.12
3581,gdresourcesllc.applytojob.com,https://gdresourcesllc.applytojob.com/apply,200,0,,True,,0.21
3598,genfinity.applytojob.com,https://genfinity.applytojob.com/apply,200,25,https://genfinity.applytojob.com/apply/qapUmKkJ7s/Accounts-Payable-Specialist-ProjectBased,True,,0.23
3608,geonexus.applytojob.com,https://geonexus.applytojob.com/apply,200,0,,True,,0.21
3609,geoowl.applytojob.com,https://geoowl.applytojob.com/apply,200,37,https://geoowl.applytojob.com/apply/sPZHPIO5Jd/AFSOC-CyberInformation-Assurance-Security-Advisor,True,,0.20
3610,georgejon.applytojob.com,https://georgejon.applytojob.com/apply,200,0,,True,,0.20
3620,getsunday.applytojob.com,https://getsunday.applytojob.com/apply,200,1,https://getsunday.applytojob.com/apply/oGQEZJpIN2/Database-Marketing-Analyst,True,,0.21
3648,gliacelltechnologies.applytojob.com,https://gliacelltechnologies.applytojob.com/apply,200,106,https://gliacelltechnologies.applytojob.com/apply/yX9fMfk7w1/Cloud-Infrastructure-Architect,True,,0.20
3677,golimetree.applytojob.com,https://golimetree.applytojob.com/apply,200,1,https://golimetree.applytojob.com/apply/0TqW6w4w3l/Client-Delivery-Marketing-Intern,True,,0.20
3696,gpltechnologies.applytojob.com,https://gpltechnologies.applytojob.com/apply,200,7,https://gpltechnologies.applytojob.com/apply/dH9OYrOAr1/Business-Development-Associate,True,,0.20
3699,gracehill.applytojob.com,https://gracehill.applytojob.com/apply,200,2,https://gracehill.applytojob.com/apply/pCSI71nTid/Account-Executive,True,,0.21
3708,grassvalley.applytojob.com,https://grassvalley.applytojob.com/apply,200,8,https://grassvalley.applytojob.com/apply/IqWbZm8aBK/Customer-Success-DevOps-Engineer,True,,0.19
3729,greenwichcountrydayschool.applytojob.com,https://greenwichcountrydayschool.applytojob.com/apply,200,8,https://greenwichcountrydayschool.applytojob.com/apply/taRwAzzKch/Major-Gifts-Officer,True,,0.21
3733,greymattersdefensesolutions.applytojob.com,https://greymattersdefensesolutions.applytojob.com/apply,200,8,https://greymattersdefensesolutions.applytojob.com/apply/us0Cecu9IB/Data-Engineer,True,,0.18
3746,growopfarms.applytojob.com,https://growopfarms.applytojob.com/apply,200,37,https://growopfarms.applytojob.com/apply/NHFWo0sMA5/Phat-Panda-Brand-Ambassador,True,,0.20
3750,gslate.applytojob.com,https://gslate.applytojob.com/apply,200,6,https://gslate.applytojob.com/apply/kFqTeIcbwH/Benefits-Analyst,True,,0.21
3766,guideit.applytojob.com,https://guideit.applytojob.com/apply,200,7,https://guideit.applytojob.com/apply/jzHpL4TzRr/Clinical-Application-Support-Analyst,True,,0.18
3791,hancockclaimsconsultantstechnicians.applytojob.com,https://hancockclaimsconsultantstechnicians.applytojob.com/apply,200,130,https://hancockclaimsconsultantstechnicians.applytojob.com/apply/WMreGrdMYl/Spokane-WA-Coeur-DAlene-ID-Field-Roof-Inspector,True,,0.21
3804,harrisassociates.applytojob.com,https://harrisassociates.applytojob.com/apply,200,15,https://harrisassociates.applytojob.com/apply/zOUR4U3Nub/Director-Of-Engineering,True,,0.18
3811,hayselectricalservices.applytojob.com,https://hayselectricalservices.applytojob.com/apply,200,97,https://hayselectricalservices.applytojob.com/apply/6qVYn9JdHS/Account-Manager,True,,0.23
3887,heartandstroke.applytojob.com,https://heartandstroke.applytojob.com/apply,200,4,https://heartandstroke.applytojob.com/apply/6CDRZVfe5B/Analyst-Constituent-Marketing-Analytics-13-Month-Contract,True,,0.19
3889,hedgeyeriskmanagement.applytojob.com,https://hedgeyeriskmanagement.applytojob.com/apply,200,2,https://hedgeyeriskmanagement.applytojob.com/apply/RUmwue5jeU/Analyst-Research-future-Opportunity,True,,0.19
3897,helioshr.applytojob.com,https://helioshr.applytojob.com/apply,200,3,https://helioshr.applytojob.com/apply/Stu5Afmlhb/Director-Of-Operations,True,,0.20
3907,henryscheinone.applytojob.com,https://henryscheinone.applytojob.com/apply,200,15,http://henryscheinone.applytojob.com/apply/Ga1Qo5CESo/Account-Executive-Managed-IT-Services-MSP,True,,0.20
3937,hireventures.applytojob.com,https://hireventures.applytojob.com/apply,200,1,https://hireventures.applytojob.com/apply/kFQBH0zGUd/Client-Implementation-Specialist,True,,0.18
3943,hivegroupllc.applytojob.com,https://hivegroupllc.applytojob.com/apply,200,22,https://hivegroupllc.applytojob.com/apply/ephibtSJmp/Acquisition-Analyst,True,,0.21
3965,hoplite.applytojob.com,https://hoplite.applytojob.com/apply,200,20,https://hoplite.applytojob.com/apply/9jEHZK5JSJ/AI-Engineer,True,,0.19
3966,hoplitegroup.applytojob.com,https://hoplitegroup.applytojob.com/apply,200,13,https://hoplitegroup.applytojob.com/apply/yj0cOltmEC/PartTime-Foreign-Area-Officer-FAO-Security-Cooperation-Instructor,True,,0.18
3969,hostpapa.applytojob.com,https://hostpapa.applytojob.com/apply,200,20,http://hostpapa.applytojob.com/apply/LV4OEzojG4/Web-Hosting-Support-With-English-And-French,True,,0.17
3981,hraadvisors.applytojob.com,https://hraadvisors.applytojob.com/apply,200,13,https://hraadvisors.applytojob.com/apply/TqGXxpzTK1/Director-Of-Marketing-And-Communications,True,,0.22
3984,hrelements.applytojob.com,https://hrelements.applytojob.com/apply,200,6,https://hrelements.applytojob.com/apply/8KzWzUz20D/Director-Of-Operations-BAERLOCHER-USA,True,,0.19
3996,hubsync.applytojob.com,https://hubsync.applytojob.com/apply,200,5,https://hubsync.applytojob.com/apply/LajmjWNuXh/Sales-Engineer,True,,0.19
4007,hungrypanda.applytojob.com,https://hungrypanda.applytojob.com/apply,200,28,https://hungrypanda.applytojob.com/apply/gH490rj4H8/Business-Development-Mandarin-Speaking,True,,0.20
4020,hypersonix.applytojob.com,https://hypersonix.applytojob.com/apply,200,6,https://hypersonix.applytojob.com/apply/d4JS1pEoec/Senior-Software-Engineer-India,True,,0.19
4023,hyundaiautoeveramerica.applytojob.com,https://hyundaiautoeveramerica.applytojob.com/apply,200,103,https://hyundaiautoeveramerica.applytojob.com/apply/AWGiAdMyTn/10037-Sr-Manager-IT-Service-Management,True,,0.20
4042,ibispublicsector.applytojob.com,https://ibispublicsector.applytojob.com/apply,200,1,https://ibispublicsector.applytojob.com/apply/uBlEIKL7e8/Cyber-Solutions-Architect-Hybrid,True,,0.19
4059,iconhealth.applytojob.com,https://iconhealth.applytojob.com/apply,200,9,https://iconhealth.applytojob.com/apply/sNGor5yd98/Bilingual-InboundOutbound-Telephone-Associate,True,,0.20
4060,icpgroup.applytojob.com,https://icpgroup.applytojob.com/apply,200,31,https://icpgroup.applytojob.com/apply/vj3mcneWXQ/1st-Shift-Batchmaker,True,,0.20
4061,icreonny.applytojob.com,https://icreonny.applytojob.com/apply,200,5,https://icreonny.applytojob.com/apply/PPqlxamCCC/GTM-Engineer,True,,0.20
4062,icsi.applytojob.com,https://icsi.applytojob.com/apply,200,20,https://icsi.applytojob.com/apply/kMIUgsz1yY/Accounting-Analyst-II-8014,True,,0.19
4070,ideaware.applytojob.com,https://ideaware.applytojob.com/apply,200,0,,True,,0.19
4074,idsinternational.applytojob.com,https://idsinternational.applytojob.com/apply,200,87,https://idsinternational.applytojob.com/apply/HYMMryr91i/19K-M1-Master-Gunner-Advisor-1-MGA1,True,,0.12
4082,ignitehumancapital.applytojob.com,https://ignitehumancapital.applytojob.com/apply,200,45,https://ignitehumancapital.applytojob.com/apply/gZx8LniKkZ/People-And-Culture-Manager,True,,0.22
4083,ignytegroup1.applytojob.com,https://ignytegroup1.applytojob.com/apply,200,1,https://ignytegroup1.applytojob.com/apply/0nZc0wYTaY/Appian-Technology-Consultant,True,,0.18
4090,ihorizons.applytojob.com,https://ihorizons.applytojob.com/apply,200,13,https://ihorizons.applytojob.com/apply/EFrSUO8qYV/Corporate-Communications-Exeuctive,True,,0.19
4102,imaginexdigital.applytojob.com,https://imaginexdigital.applytojob.com/apply,200,14,https://imaginexdigital.applytojob.com/apply/pr5FNRB2CA/Client-Delivery-Leader,True,,0.17
4103,imanagecom.applytojob.com,https://imanagecom.applytojob.com/apply,200,35,https://imanagecom.applytojob.com/apply/Gsyz0IZVAd/Senior-AI-Data-Engineer,True,,0.17
4108,img.applytojob.com,https://img.applytojob.com/apply,200,15,https://img.applytojob.com/apply/MvAGptokdw/Human-Resources-Manager,True,,0.20
4110,imiindustrialservicesgroup.applytojob.com,https://imiindustrialservicesgroup.applytojob.com/apply,200,27,https://imiindustrialservicesgroup.applytojob.com/apply/2kVDhV3DAi/Business-Development-Specialist,True,,0.20
4112,impactgroupstlouis.applytojob.com,https://impactgroupstlouis.applytojob.com/apply,200,17,https://impactgroupstlouis.applytojob.com/apply/3zLqvw1RTw/Bilingual-CareerJob-Search-Integration-EnglishPortugueseparttime-Casual,True,,0.20
4113,impactworkforcesolutions1.applytojob.com,https://impactworkforcesolutions1.applytojob.com/apply,200,5,https://impactworkforcesolutions1.applytojob.com/apply/PhV2f80zPt/Software-Support-Specialist-Hybrid,True,,0.20
4114,imperativecare.applytojob.com,https://imperativecare.applytojob.com/apply,200,34,https://imperativecare.applytojob.com/apply/obEW8tAhhW/Clinical-Research-Associate-II,True,,0.21
4115,imperialconstruction.applytojob.com,https://imperialconstruction.applytojob.com/apply,200,3,https://imperialconstruction.applytojob.com/apply/xCiS7iOQ56/Estimator,True,,0.19
4117,improvado.applytojob.com,https://improvado.applytojob.com/apply,200,42,https://improvado.applytojob.com/apply/7cCRsry3i1/AI-Native-Growth-Marketing-Manager,True,,0.19
4123,inabia.applytojob.com,https://inabia.applytojob.com/apply,200,150,https://inabia.applytojob.com/apply/auaFm7LUbe/5G-Packet-Core-Engineer,True,,0.21
4128,independentsoftware.applytojob.com,https://independentsoftware.applytojob.com/apply/,200,48,https://independentsoftware.applytojob.com/apply/k9ezJmp3y7/Configuration-Manager-Tools-Engineer,True,,20.20
4133,indigoslate.applytojob.com,https://indigoslate.applytojob.com/apply,200,18,https://indigoslate.applytojob.com/apply/7xhd6orRej/Enterprise-Strategy-Associate-with-Financial-Experience-London,True,,0.19
4137,infinitemanagementsolutions.applytojob.com,https://infinitemanagementsolutions.applytojob.com/apply,200,7,https://infinitemanagementsolutions.applytojob.com/apply/9dUgoqUBZu/Business-Analyst,True,,0.20
4138,infinitive.applytojob.com,https://infinitive.applytojob.com/apply,200,16,https://infinitive.applytojob.com/apply/fIU93jnqv3/Consultant-Business-AnalystProject-Manager,True,,0.22
4140,infinx.applytojob.com,https://infinx.applytojob.com/apply,200,29,https://infinx.applytojob.com/apply/rAUdb5vzjO/AR-Manager-Medicare,True,,0.21
4155,innoflightinc.applytojob.com,https://innoflightinc.applytojob.com/apply,200,16,https://innoflightinc.applytojob.com/apply/bTE1ZxA70n/Digital-Modem-Design-Engineer,True,,0.21
4158,innovativesystems.applytojob.com,https://innovativesystems.applytojob.com/apply,200,6,http://innovativesystems.applytojob.com/apply/haZjgMr9yV/Accountant,True,,0.21
4170,inspected.applytojob.com,https://inspected.applytojob.com/apply,200,7,https://inspected.applytojob.com/apply/UGZaNtXCgn/Account-Executive,True,,0.19
4179,instrumental.applytojob.com,https://instrumental.applytojob.com/apply,200,4,https://instrumental.applytojob.com/apply/vxnJwIAQsg/General-Application,True,,0.17
4186,integrapartners.applytojob.com,https://integrapartners.applytojob.com/apply,200,4,https://integrapartners.applytojob.com/apply/45JrArIr2l/Integrations-EDI-Lead-Engineer,True,,0.18
4187,integratedrealestategroup.applytojob.com,https://integratedrealestategroup.applytojob.com/apply,200,90,https://integratedrealestategroup.applytojob.com/apply/meusAZefqQ/Cook-Watermere-At-Frisco-Full-Time,True,,0.16
4190,integritycommunicationssolutions.applytojob.com,https://integritycommunicationssolutions.applytojob.com/apply,200,8,https://integritycommunicationssolutions.applytojob.com/apply/55CDIVXpVa/ENGINEER-III-SYSTEMS-ENGINEER-C2,True,,0.19
4193,integrityonepartners.applytojob.com,https://integrityonepartners.applytojob.com/apply,200,3,https://integrityonepartners.applytojob.com/apply/DYnSZiiKfP/Data-Engineer-Analytics,True,,0.21
4196,intelliforceitsolutionsgroup.applytojob.com,https://intelliforceitsolutionsgroup.applytojob.com/apply,200,46,https://intelliforceitsolutionsgroup.applytojob.com/apply/7JR6lbhYEf/Application-Developer,True,,0.20
4197,intelligenesis.applytojob.com,https://intelligenesis.applytojob.com/apply,200,65,http://intelligenesis.applytojob.com/apply/NTIgMnihYU/AIData-Science-TrainingCurriculum-Developer-DoW-SkillBridge,True,,0.21
4198,intellipro.applytojob.com,https://intellipro.applytojob.com/apply,200,174,https://intellipro.applytojob.com/apply/ms4mhaCD2V/17track,True,,0.21
4199,intellisensesystemsinc.applytojob.com,https://intellisensesystemsinc.applytojob.com/apply,200,6,http://intellisensesystemsinc.applytojob.com/apply/HcvT38qhyx/Senior-Contracts-Administrator,True,,0.19
4205,interchecks.applytojob.com,https://interchecks.applytojob.com/apply,200,1,https://interchecks.applytojob.com/apply/CT3PVkH5oO/Senior-Manager-FPA,True,,0.20
4220,intramanagementsolutions.applytojob.com,https://intramanagementsolutions.applytojob.com/apply,200,8,https://intramanagementsolutions.applytojob.com/apply/YQwk3RY95c/DoE-Program-Scheduler-Cleared-Government-Program,True,,0.17
4223,invaluable.applytojob.com,https://invaluable.applytojob.com/apply,200,1,http://invaluable.applytojob.com/apply/2cq63Op2Tl/Senior-QA-Engineer,True,,0.19
4229,invictusmarketingsolutions.applytojob.com,https://invictusmarketingsolutions.applytojob.com/apply,200,7,https://invictusmarketingsolutions.applytojob.com/apply/MtI5Z5OqyT/Donor-Engagement-Representative-Entry-Level,True,,0.21
4239,iqfiber.applytojob.com,https://iqfiber.applytojob.com/apply,200,39,https://iqfiber.applytojob.com/apply/csgtHhjnU5/Account-Executive,True,,0.24
4245,ironcladdefenseworks.applytojob.com,https://ironcladdefenseworks.applytojob.com/apply,200,3,https://ironcladdefenseworks.applytojob.com/apply/JwrGxTl5a7/Financial-Accountant-IPSAS-Subject-Matter-Expert,True,,0.19
4246,ironedgegroupltd.applytojob.com,https://ironedgegroupltd.applytojob.com/apply,200,1,https://ironedgegroupltd.applytojob.com/apply/vkD7JLzPVr/Systems-Engineer-III,True,,0.20
4250,isienterprises.applytojob.com,https://isienterprises.applytojob.com/apply,200,15,https://isienterprises.applytojob.com/apply/IissQKMhv3/AI-Software-Engineer-Remote,True,,0.18
4264,itmethods.applytojob.com,https://itmethods.applytojob.com/apply,200,0,,True,,0.17
4279,j5holdingscorporation.applytojob.com,https://j5holdingscorporation.applytojob.com/apply,200,95,https://j5holdingscorporation.applytojob.com/apply/RScL7GIYsB/Network-Engineer,True,,0.19
4294,jcssolutions.applytojob.com,https://jcssolutions.applytojob.com/apply,200,20,https://jcssolutions.applytojob.com/apply/lWNgBGHgw3/Cloud-Engineer,True,,0.21
4301,jerseycityfreepubliclibrary.applytojob.com,https://jerseycityfreepubliclibrary.applytojob.com/apply,200,8,https://jerseycityfreepubliclibrary.applytojob.com/apply/8m3gsuxsWa/Adult-Services-Librarian-Librarian-I-Earl-Morgan,True,,0.20
4322,jobnimbus.applytojob.com,https://jobnimbus.applytojob.com/apply,200,8,https://jobnimbus.applytojob.com/apply/HxnnKsToVl/Customer-Onboarding-Specialist,True,,0.19
4730,jobsatdarcars.applytojob.com,https://jobsatdarcars.applytojob.com/apply,200,72,https://jobsatdarcars.applytojob.com/apply/4QI1BssmSK/Automotive-Service-Cashier-Receptionist,True,,0.16
4744,johnsonthermalsystems.applytojob.com,https://johnsonthermalsystems.applytojob.com/apply,200,16,https://johnsonthermalsystems.applytojob.com/apply/Lle59LChsR/Assembler-2nd-Shift,True,,0.18
4756,joinus.applytojob.com,https://joinus.applytojob.com/apply,200,42,https://joinus.applytojob.com/apply/0nhPUoZojx/AAE-Travel-PR,True,,0.19
4759,joniandfriends.applytojob.com,https://joniandfriends.applytojob.com/apply,200,14,https://joniandfriends.applytojob.com/apply/osqrgCJco6/Coordinator-Supply-Chain,True,,0.23
4760,jonnypops.applytojob.com,https://jonnypops.applytojob.com/apply,200,18,https://jonnypops.applytojob.com/apply/smkrKJi6qg/Desktop-Support-Specialist,True,,0.20
4775,junesheltonschoolandevaluationcenter.applytojob.com,https://junesheltonschoolandevaluationcenter.applytojob.com/apply,200,14,https://junesheltonschoolandevaluationcenter.applytojob.com/apply/IqVz6whSf4/Middle-School-Volleyball-Coach,True,,0.20
4779,k2groupinc.applytojob.com,https://k2groupinc.applytojob.com/apply,200,35,https://k2groupinc.applytojob.com/apply/tjQBZBnXSr/Business-DevelopmentCapture-Manager,True,,0.31
4781,kairosinc.applytojob.com,https://kairosinc.applytojob.com/apply,200,22,https://kairosinc.applytojob.com/apply/A4jyAeFfjx/Management-Analyst-Journeyman,True,,0.18
4783,kaizenanalytix.applytojob.com,https://kaizenanalytix.applytojob.com/apply,200,6,https://kaizenanalytix.applytojob.com/apply/hk7wUJDfk4/EndUser-Training-Adoption-Specialist,True,,0.20
4804,kbs.applytojob.com,https://kbs.applytojob.com/apply,200,0,,True,,0.20
4809,kddiamerica.applytojob.com,https://kddiamerica.applytojob.com/apply,200,8,https://kddiamerica.applytojob.com/apply/3u3UI8yjQx/Accounting-Manager,True,,0.24
4810,kdgconstructionconsulting.applytojob.com,https://kdgconstructionconsulting.applytojob.com/apply,200,10,https://kdgconstructionconsulting.applytojob.com/apply/PTTVEyrDsN/Airport-Maintenance-Manager-AMM,True,,0.18
4811,keenlogic.applytojob.com,https://keenlogic.applytojob.com/apply,200,27,https://keenlogic.applytojob.com/apply/VslKROw19K/Asset-Technician,True,,0.18
4812,keepcompany.applytojob.com,https://keepcompany.applytojob.com/apply,200,3,https://keepcompany.applytojob.com/apply/lDsDQqRTfc/Founding-Account-Executive,True,,0.18
4814,kegmaninc.applytojob.com,https://kegmaninc.applytojob.com/apply,200,8,https://kegmaninc.applytojob.com/apply/Lzqk3jI6m2/Talent-Pool-Scientist-Engineer-Analyst-Other,True,,0.17
4816,keith.applytojob.com,https://keith.applytojob.com/apply,200,23,https://keith.applytojob.com/apply/I0hHFu9isL/AutoCAD-Designer,True,,0.22
4826,ketkentuckyeducationaltelevision.applytojob.com,https://ketkentuckyeducationaltelevision.applytojob.com/apply,200,9,https://ketkentuckyeducationaltelevision.applytojob.com/apply/l0maS2Hqn8/Associate-Producer,True,,0.18
4828,keycaptureenergyllc.applytojob.com,https://keycaptureenergyllc.applytojob.com/apply,200,2,https://keycaptureenergyllc.applytojob.com/apply/zcjB1B5qNm/Manager-Finance,True,,0.21
4834,kilgorecollege.applytojob.com,https://kilgorecollege.applytojob.com/apply,200,43,https://kilgorecollege.applytojob.com/apply/29vDwKu5aa/Academic-Advisor-Health-Sciences,True,,0.22
4838,kinarassolutionsinc.applytojob.com,https://kinarassolutionsinc.applytojob.com/apply,200,7,https://kinarassolutionsinc.applytojob.com/apply/RfHajSxLlC/General-Application,True,,0.19
4851,kmkconsultinginc.applytojob.com,https://kmkconsultinginc.applytojob.com/apply,200,10,https://kmkconsultinginc.applytojob.com/apply/Y4haXSY0No/Associate-Director-Advanced-Analytics,True,,0.22
4853,kmrgllc.applytojob.com,https://kmrgllc.applytojob.com/apply,200,24,https://kmrgllc.applytojob.com/apply/xB6FGgs7rY/Civil-Litigation-Specialist-Healthcare-Opioid-Cases,True,,0.19
4872,kortx.applytojob.com,https://kortx.applytojob.com/apply,200,3,https://kortx.applytojob.com/apply/f3f8QL2Hpl/Join-Our-Talent-Pool,True,,0.19
4875,kqed.applytojob.com,https://kqed.applytojob.com/apply,200,7,https://kqed.applytojob.com/apply/zkOSrP8NPD/Campaign-Manager,True,,0.20
4876,kramerelectronics.applytojob.com,https://kramerelectronics.applytojob.com/apply,200,4,https://kramerelectronics.applytojob.com/apply/0yrXwsWySm/Amazon-Account-Online-Store-Manager-ECommerce,True,,0.21
4877,kranzetechnologysolutions.applytojob.com,https://kranzetechnologysolutions.applytojob.com/apply,200,11,https://kranzetechnologysolutions.applytojob.com/apply/YtrQ9ppODa/Contracts-Manager,True,,0.20
4882,kscourts.applytojob.com,https://kscourts.applytojob.com/apply,200,31,https://kscourts.applytojob.com/apply/2ghh7qelgo/Administrative-Assistant-10th-Judicial-District,True,,0.19
4891,laansu.applytojob.com,https://laansu.applytojob.com/apply,200,1,https://laansu.applytojob.com/apply/oqJt01WyBv/Senior-FullStack-Developer-Java-Angular,True,,0.24
4896,laclinicadefamiliainc.applytojob.com,https://laclinicadefamiliainc.applytojob.com/apply,200,60,https://laclinicadefamiliainc.applytojob.com/apply/FyMXrW1NJw/Hybrid-Chronic-Care-Specialist-4400,True,,0.17
4904,lancointegrated.applytojob.com,https://lancointegrated.applytojob.com/apply,200,6,https://lancointegrated.applytojob.com/apply/rrkcO3KkVW/Strategic-Procurement-Specialist,True,,0.25
4905,landmarkbuildersinc.applytojob.com,https://landmarkbuildersinc.applytojob.com/apply,200,11,https://landmarkbuildersinc.applytojob.com/apply/z0Y1dk5Npi/Estimator-Commercial-Construction,True,,0.18
4909,lapmasterwolters.applytojob.com,https://lapmasterwolters.applytojob.com/apply,200,8,https://lapmasterwolters.applytojob.com/apply/44S77f7QPr/Accounts-Receivable-Specialist,True,,0.19
4916,launchtech.applytojob.com,https://launchtech.applytojob.com/apply,200,22,https://launchtech.applytojob.com/apply/uI2UMUeSNk/MidLevel-DevSecOps-Engineer-Colorado-Springs,True,,0.20
4917,launchthat.applytojob.com,https://launchthat.applytojob.com/apply,200,0,,True,,0.20
4925,lcionline.applytojob.com,https://lcionline.applytojob.com/apply,200,11,http://lcionline.applytojob.com/apply/L2aZbBVENx/Network-Manager,True,,0.27
4931,leanmarketing.applytojob.com,https://leanmarketing.applytojob.com/apply,200,5,https://leanmarketing.applytojob.com/apply/uU4JONRAFs/Growth-Marketing-Coordinator-At-Vivant,True,,0.20
4933,learntastic.applytojob.com,https://learntastic.applytojob.com/apply,200,181,https://learntastic.applytojob.com/apply/bXrhShkapR/Business-Development-Representative,True,,0.16
4934,leaseweb.applytojob.com,https://leaseweb.applytojob.com/apply,200,2,https://leaseweb.applytojob.com/apply/PXXIr93voF/Data-Center-Engineer,True,,0.20
4939,legacybox.applytojob.com,https://legacybox.applytojob.com/apply,200,7,https://legacybox.applytojob.com/apply/51siBJfWrm/Customer-Service-Concierge-Agent,True,,0.20
4940,legacycommunityhealth.applytojob.com,https://legacycommunityhealth.applytojob.com/apply,200,69,https://legacycommunityhealth.applytojob.com/apply/1hf9h9NGOD/APP-FamilyMedicine,True,,0.19
4952,levelonepersonnel.applytojob.com,https://levelonepersonnel.applytojob.com/apply,200,19,https://levelonepersonnel.applytojob.com/apply/kV0n3o4eTX/Court-Support-Specialist,True,,0.20
4953,levisonicsinc.applytojob.com,https://levisonicsinc.applytojob.com/apply,200,5,https://levisonicsinc.applytojob.com/apply/w4bjXOwxqe/Administrative-Office-Assistant,True,,0.19
4958,lgapartners.applytojob.com,https://lgapartners.applytojob.com/apply,200,11,https://lgapartners.applytojob.com/apply/03pLMQ1isK/Interior-Designer-Retail-And-Aviation,True,,0.18
4969,lifescienceconnect.applytojob.com,https://lifescienceconnect.applytojob.com/apply,200,14,https://lifescienceconnect.applytojob.com/apply/4HkMEzbvpt/Business-Development-Manager-Water-Online,True,,0.23
4972,lightbend.applytojob.com,https://lightbend.applytojob.com/apply,200,6,https://lightbend.applytojob.com/apply/G3qVzGwX4K/Forward-Deployed-Engineer,True,,0.17
4974,lightyear.applytojob.com,https://lightyear.applytojob.com/apply,200,6,https://lightyear.applytojob.com/apply/QxUi0kyVnn/Enterprise-Account-Executive,True,,0.20
4976,lincolnit.applytojob.com,https://lincolnit.applytojob.com/apply,200,10,https://lincolnit.applytojob.com/apply/OLUSueZj8n/Desktop-Support-Technician-Overnight-Shift-Onsite,True,,0.19
4981,linearb.applytojob.com,https://linearb.applytojob.com/apply,200,6,https://linearb.applytojob.com/apply/tH3HFaowKs/Customer-Solutions-Architect,True,,0.21
4982,lingatech.applytojob.com,https://lingatech.applytojob.com/apply,200,0,,True,,0.18
4985,lionakis.applytojob.com,https://lionakis.applytojob.com/apply,200,19,https://lionakis.applytojob.com/apply/L7TVShHDm8/Architect-All-Levels,True,,0.14
5005,loccitaneenprovence.applytojob.com,https://loccitaneenprovence.applytojob.com/apply,200,62,https://loccitaneenprovence.applytojob.com/apply/gF5KBqn4Ex/Intermediate-Accountant,True,,0.22
5018,loureiroengineeringassociatesinc.applytojob.com,https://loureiroengineeringassociatesinc.applytojob.com/apply,200,29,https://loureiroengineeringassociatesinc.applytojob.com/apply/djRpiMsOyw/Administrative-Assistant,True,,0.22
5022,lpanalyst.applytojob.com,https://lpanalyst.applytojob.com/apply,200,9,https://lpanalyst.applytojob.com/apply/JjLlPobTsI/Business-Development-Analyst,True,,0.20
5030,ltdglobal.applytojob.com,https://ltdglobal.applytojob.com/apply,200,43,https://ltdglobal.applytojob.com/apply/hRU5XpKlhD/Administrator,True,,0.20
5039,luminize.applytojob.com,https://luminize.applytojob.com/apply,200,15,https://luminize.applytojob.com/apply/ru7FffDveS/Assistant-Controller,True,,0.19
5046,luxfergascylindersriverside.applytojob.com,https://luxfergascylindersriverside.applytojob.com/apply,200,6,https://luxfergascylindersriverside.applytojob.com/apply/4nRM6Au4PW/Human-Resources-Generalist,True,,0.20
5047,luzco.applytojob.com,https://luzco.applytojob.com/apply,200,0,,True,,0.22
5053,lynchconsultantsllc.applytojob.com,https://lynchconsultantsllc.applytojob.com/apply,200,7,https://lynchconsultantsllc.applytojob.com/apply/p8xl1LNEQD/Loan-Audit-Specialist,True,,0.17
5060,maania.applytojob.com,https://maania.applytojob.com/apply,200,78,https://maania.applytojob.com/apply/JyjM2QGqIL/Associate-DevOps-Developer,True,,0.22
5061,macalogic.applytojob.com,https://macalogic.applytojob.com/apply,200,2,https://macalogic.applytojob.com/apply/YDPv398rpI/PRPS-Functional-Journeyman-Analyst-71426,True,,0.17
5062,mackeyservices.applytojob.com,https://mackeyservices.applytojob.com/apply,200,6,https://mackeyservices.applytojob.com/apply/5FkM5myFs2/Account-Specialist-Landscaping-Division,True,,0.17
5082,mainsl.applytojob.com,https://mainsl.applytojob.com/apply,200,30,https://mainsl.applytojob.com/apply/f5hb5IrPMK/Parttime-Independent-Living-Skills-ILS-Specialist,True,,0.19
5083,mainstaytechnologies.applytojob.com,https://mainstaytechnologies.applytojob.com/apply,200,3,https://mainstaytechnologies.applytojob.com/apply/KXwkWbWUIQ/General-Application,True,,0.20
5092,mandsc.applytojob.com,https://mandsc.applytojob.com/apply,200,21,https://mandsc.applytojob.com/apply/weYsOpQI1B/3D-Animator,True,,0.19
5095,mantissecuritycorporation.applytojob.com,https://mantissecuritycorporation.applytojob.com/apply,200,3,https://mantissecuritycorporation.applytojob.com/apply/HrAfmbtl1E/System-Administrator,True,,0.20
5107,marketbridge.applytojob.com,https://marketbridge.applytojob.com/apply,200,16,https://marketbridge.applytojob.com/apply/ZNVCopT8PX/Account-Executive-PR,True,,0.22
5118,martekglobal.applytojob.com,https://martekglobal.applytojob.com/apply,200,6,https://martekglobal.applytojob.com/apply/rIdNvfyKBf/Automation-Site-Preparation-Installation-Technician-Remote-Role-With-100-Travel-To-Project-Sites,True,,0.21
5126,masego.applytojob.com,https://masego.applytojob.com/apply,200,18,https://masego.applytojob.com/apply/iWyoYKbdDT/Data-Manager-Exploitation-SpecialistSenior-NGA-WASH,True,,0.21
5134,mastercenterforaddictionmedicine.applytojob.com,https://mastercenterforaddictionmedicine.applytojob.com/apply,200,25,https://mastercenterforaddictionmedicine.applytojob.com/apply/5QGtZ8l44Z/Certified-Medical-Assistant,True,,0.18
5143,mavenmachines.applytojob.com,https://mavenmachines.applytojob.com/apply,200,2,https://mavenmachines.applytojob.com/apply/hLkCgb3Bjw/Controller,True,,0.22
5147,maxtech.applytojob.com,https://maxtech.applytojob.com/apply,200,15,https://maxtech.applytojob.com/apply/acuZwwUnML/CDL-Driver,True,,0.24
5167,mckenneys.applytojob.com,https://mckenneys.applytojob.com/apply,200,39,https://mckenneys.applytojob.com/apply/doS9JNGI9J/Account-Manager,True,,0.29
5174,mcsoftampa.applytojob.com,https://mcsoftampa.applytojob.com/apply,200,31,https://mcsoftampa.applytojob.com/apply/ZlX7IhCVVO/Unified-Communications-VOIP-Engineer,True,,0.21
5180,meadecountyoffices.applytojob.com,https://meadecountyoffices.applytojob.com/apply,200,3,https://meadecountyoffices.applytojob.com/apply/qKY0tPYDv5/Correctional-Officer-overnight-Shift,True,,0.18
5193,medpharm.applytojob.com,https://medpharm.applytojob.com/apply,200,11,https://medpharm.applytojob.com/apply/tN2JKIvPcn/Associate-Director-Planning-Supply-Chain,True,,0.19
5195,medreview.applytojob.com,https://medreview.applytojob.com/apply,200,17,https://medreview.applytojob.com/apply/D9Sz7LvF13/Appeals-Specialist-II,True,,0.13
5197,medwatch.applytojob.com,https://medwatch.applytojob.com/apply,200,8,https://medwatch.applytojob.com/apply/tjRvFbkpjB/AR-Collections-Specialist,True,,0.19
5206,mentortechnicalgroup.applytojob.com,https://mentortechnicalgroup.applytojob.com/apply,200,176,https://mentortechnicalgroup.applytojob.com/apply/icAJP0U2Rm/Administrative-Assistant,True,,0.25
5214,metecs.applytojob.com,https://metecs.applytojob.com/apply,200,7,https://metecs.applytojob.com/apply/BgJVuUodh6/General-Engineering,True,,0.20
5220,metrosys.applytojob.com,https://metrosys.applytojob.com/apply,200,68,https://metrosys.applytojob.com/apply/GuDiGSNZsN/Ad-Hoc-Network-Engineer,True,,0.25
5225,mgeunderground.applytojob.com,https://mgeunderground.applytojob.com/apply,200,25,https://mgeunderground.applytojob.com/apply/mzOuaL7KMi/Open-Application,True,,0.18
5236,microhealthllc.applytojob.com,https://microhealthllc.applytojob.com/apply,200,2,https://microhealthllc.applytojob.com/apply/D0Dm0Zvge7/Medical-Records-Clerical-Technician-Logistics-And-Records-Management,True,,0.24
5238,microtechsystemsinc.applytojob.com,https://microtechsystemsinc.applytojob.com/apply,200,4,https://microtechsystemsinc.applytojob.com/apply/ndBUXr2vBr/Business-Development-Executive,True,,0.21
5241,midlandgaragedoor.applytojob.com,https://midlandgaragedoor.applytojob.com/apply,200,18,https://midlandgaragedoor.applytojob.com/apply/WHpEEdSaXf/Class-ACDL-Driver,True,,0.20
5246,midwestexpressclinic.applytojob.com,https://midwestexpressclinic.applytojob.com/apply,200,101,https://midwestexpressclinic.applytojob.com/apply/5Gom6NMiwI/Area-Medical-Director,True,,0.18
5252,milvetssystemstechnologyinc.applytojob.com,https://milvetssystemstechnologyinc.applytojob.com/apply,200,28,https://milvetssystemstechnologyinc.applytojob.com/apply/qJKg8jiG72/Alternate-Contractor-Quality-Control-CQC-System-Manager,True,,0.18
5256,minevisionsystems.applytojob.com,https://minevisionsystems.applytojob.com/apply,200,0,,True,,0.18
5259,mirasafety.applytojob.com,https://mirasafety.applytojob.com/apply,200,2,http://mirasafety.applytojob.com/apply/DusBOAzScE/Human-Resources-Generalist-Parttime,True,,0.20
5263,misorobotics.applytojob.com,https://misorobotics.applytojob.com/apply,200,1,https://misorobotics.applytojob.com/apply/xWoufwUdo4/Join-Team-Miso,True,,0.20
5264,missionareahealthassociates.applytojob.com,https://missionareahealthassociates.applytojob.com/apply,200,11,https://missionareahealthassociates.applytojob.com/apply/ZqTrkQIiOn/Medical-Assistant-Bilingual,True,,0.20
5265,missiondesignautomation.applytojob.com,https://missiondesignautomation.applytojob.com/apply,200,6,https://missiondesignautomation.applytojob.com/apply/lYXjAMZyRN/Applications-Engineer-Machinery-Automation-Systems,True,,0.21
5279,mmrgroup.applytojob.com,https://mmrgroup.applytojob.com/apply,200,60,https://mmrgroup.applytojob.com/apply/OG4lbkhraR/Assistant-Project-Manager,True,,0.20
5280,mmsholdingsinc.applytojob.com,https://mmsholdingsinc.applytojob.com/apply,200,20,https://mmsholdingsinc.applytojob.com/apply/T5SY8Er7lU/Sr-Medical-Writer-Home-Based-South-Africa,True,,0.19
5288,mobomo.applytojob.com,https://mobomo.applytojob.com/apply,200,7,http://mobomo.applytojob.com/apply/Zw1pnWmYXR/Full-Stack-Developer-React-Developer,True,,0.18
5293,modintelechy.applytojob.com,https://modintelechy.applytojob.com/apply,200,1,https://modintelechy.applytojob.com/apply/BWqxgwxPco/Director-Marketing-Operations-Governance,True,,0.22
5298,mojotech.applytojob.com,https://mojotech.applytojob.com/apply,200,2,https://mojotech.applytojob.com/apply/uBVDITNdXe/Consultant-Software-Engineering-Ruby-On-Rails,True,,0.20
5300,monetizem.applytojob.com,https://monetizem.applytojob.com/apply,200,151,https://monetizem.applytojob.com/apply/moxZ6ih3Q6/Ad-Ops-Onboarding-Manager-Publishers-Remote,True,,0.19
5306,montanatechuniversity.applytojob.com,https://montanatechuniversity.applytojob.com/apply,200,18,https://montanatechuniversity.applytojob.com/apply/t8MdOhFdKw/Academic-Advisor-I-Montana-10-Advisor,True,,0.22
5325,motorsportsnetwork.applytojob.com,https://motorsportsnetwork.applytojob.com/apply,200,2,https://motorsportsnetwork.applytojob.com/apply/X7gYsWh6GX/Director-Research-Development,True,,0.24
5332,mra.applytojob.com,https://mra.applytojob.com/apply,200,118,https://mra.applytojob.com/apply/03fQiA7unl/Academic-Administrative-Assistant,True,,0.20
5337,mscmanagementservicesllc.applytojob.com,https://mscmanagementservicesllc.applytojob.com/apply,200,52,https://mscmanagementservicesllc.applytojob.com/apply/s9CrXgoU9m/Administrative-Assistant,True,,0.21
5341,msichicago.applytojob.com,https://msichicago.applytojob.com/apply,200,5,https://msichicago.applytojob.com/apply/oips3KU136/Corporate-Gift-Officer-New-Business,True,,0.19
5344,msphire.applytojob.com,https://msphire.applytojob.com/apply,200,22,http://msphire.applytojob.com/apply/4lMIZXJXKs/Client-Technology-Advisor-vCIO,True,,0.20
5360,munichairportusholdingllc.applytojob.com,https://munichairportusholdingllc.applytojob.com/apply,200,1,https://munichairportusholdingllc.applytojob.com/apply/Rih6FKcjb3/Facilities-Maintenance-Engineering-Intern,True,,0.19
5366,musingai.applytojob.com,https://musingai.applytojob.com/apply,200,0,,True,,0.22
5368,mutualmortgage.applytojob.com,https://mutualmortgage.applytojob.com/apply,200,191,https://mutualmortgage.applytojob.com/apply/6u83ZAkhkt/Client-Care-Coordinator,True,,0.20
5410,nadel.applytojob.com,https://nadel.applytojob.com/apply,200,13,https://nadel.applytojob.com/apply/OplXa8BUDQ/Account-Coordinator-Culver-City,True,,0.20
5411,nalleyconsulting.applytojob.com,https://nalleyconsulting.applytojob.com/apply,200,75,https://nalleyconsulting.applytojob.com/apply/sIExaUtFHt/All-Source-Analyst,True,,0.25
5418,nationalcreditcenter.applytojob.com,https://nationalcreditcenter.applytojob.com/apply,200,13,https://nationalcreditcenter.applytojob.com/apply/TT50dZMlAH/AR-Collection-Specialist,True,,0.18
5425,nationwideitservices.applytojob.com,https://nationwideitservices.applytojob.com/apply,200,33,https://nationwideitservices.applytojob.com/apply/LVVguQv3Sv/AIML-Subject-Matter-Expert-SME-Analytics-Team-Lead,True,,0.20
5430,naviabenefitsolutions.applytojob.com,https://naviabenefitsolutions.applytojob.com/apply,200,0,,True,,0.17
5433,navitahealth.applytojob.com,https://navitahealth.applytojob.com/apply,200,2,https://navitahealth.applytojob.com/apply/hgHsNewS8X/Peer-Supporter-Ohio-1099-Contractor,True,,0.20
5434,navitas.applytojob.com,https://navitas.applytojob.com/apply,200,23,https://navitas.applytojob.com/apply/7XOYCPSYSf/266064-AIML-Engineer-DC-Metro-Secret,True,,0.20
5443,nclouds.applytojob.com,https://nclouds.applytojob.com/apply,200,3,https://nclouds.applytojob.com/apply/fi0WBxPUZa/Cloud-Engineer-Guatemala,True,,0.19
5449,ndiengineering.applytojob.com,https://ndiengineering.applytojob.com/apply,200,27,https://ndiengineering.applytojob.com/apply/f38Uel9EdZ/CAD-Designer,True,,0.21
5452,nearearthautonomy.applytojob.com,https://nearearthautonomy.applytojob.com/apply,200,7,http://nearearthautonomy.applytojob.com/apply/9FxF0ADIoU/Aerospace-Systems-Engineer,True,,0.19
5466,neolytix.applytojob.com,https://neolytix.applytojob.com/apply,200,75,http://neolytix.applytojob.com/apply/IRCJTi8B2B/Accounts-Receivables-Specialist,True,,0.18
5490,newmanuniversity.applytojob.com,https://newmanuniversity.applytojob.com/apply,200,37,https://newmanuniversity.applytojob.com/apply/81n7kC0A4m/Accounts-Receivable-Accounts-Manager,True,,0.17
5516,nine30consulting.applytojob.com,https://nine30consulting.applytojob.com/apply,200,1,https://nine30consulting.applytojob.com/apply/rx9TO5zZdw/General-Resume-Submission-2025,True,,0.18
5518,ninthbrain.applytojob.com,https://ninthbrain.applytojob.com/apply,200,2,https://ninthbrain.applytojob.com/apply/EgaEAUIK10/EMS-Customer-Success-Consultant,True,,0.25
5527,njdepartmentofenvironmentalprotection.applytojob.com,https://njdepartmentofenvironmentalprotection.applytojob.com/apply,200,30,https://njdepartmentofenvironmentalprotection.applytojob.com/apply/gLumYhn9X4/AEMS202614-Research-Scientist-3-Repost,True,,0.19
5558,northernindianacommutertransportationdistrict.applytojob.com,https://northernindianacommutertransportationdistrict.applytojob.com/apply,200,2,https://northernindianacommutertransportationdistrict.applytojob.com/apply/b5avmBWnOk/Building-Facility-Maintenance-And-Repair-Technician,True,,0.19
5577,novataeriskgroup.applytojob.com,https://novataeriskgroup.applytojob.com/apply,200,5,https://novataeriskgroup.applytojob.com/apply/aXGDg1aYqh/IT-Support-Technician-Level-II-Dallas-Onsite-Contracted-To-Full-Time,True,,0.18
5578,novatechengineering.applytojob.com,https://novatechengineering.applytojob.com/apply,200,5,https://novatechengineering.applytojob.com/apply/qJVRG9oWDS/BI-AI-Analyst,True,,0.20
5584,nowsecure.applytojob.com,https://nowsecure.applytojob.com/apply,200,2,https://nowsecure.applytojob.com/apply/BXcVGTgFyb/Research-Engineer,True,,0.19
5588,nro.applytojob.com,https://nro.applytojob.com/apply,200,11,https://nro.applytojob.com/apply/SPnWumpBI9/Acquisition-Program-Manager-Full-Performance,True,,0.19
5603,nucleussecurity.applytojob.com,https://nucleussecurity.applytojob.com/apply,200,3,https://nucleussecurity.applytojob.com/apply/7PT4DkAbiE/Business-Development-Representative,True,,0.19
5634,obagicosmeceuticalsllc.applytojob.com,https://obagicosmeceuticalsllc.applytojob.com/apply,200,2,https://obagicosmeceuticalsllc.applytojob.com/apply/WNxAQNcP2i/Professional-Sales-Consultant,True,,0.18
5640,odaiaintelligenceinc.applytojob.com,https://odaiaintelligenceinc.applytojob.com/apply,200,9,https://odaiaintelligenceinc.applytojob.com/apply/MqiXR7GQZP/Client-Director-Strategic-Accounts,True,,0.21
5645,oecgroup.applytojob.com,https://oecgroup.applytojob.com/apply,200,40,https://oecgroup.applytojob.com/apply/sugj6MZx9e/Internship-International-Business-Or-Accounting,True,,0.16
5648,ofinno.applytojob.com,https://ofinno.applytojob.com/apply,200,16,https://ofinno.applytojob.com/apply/NKhfu3eyJN/3GPP-RAN1RAN2-Standards-Engineer,True,,0.21
5650,ogx.applytojob.com,https://ogx.applytojob.com/apply,200,21,https://ogx.applytojob.com/apply/WAKTxJAJHj/Assistant-Venue-Manager-Las-Vegas,True,,0.23
5661,olivineinc.applytojob.com,https://olivineinc.applytojob.com/apply,200,8,https://olivineinc.applytojob.com/apply/hhFcL4RuyG/NET-Software-Developer,True,,0.19
5665,omegahires.applytojob.com,https://omegahires.applytojob.com/apply,200,57,https://omegahires.applytojob.com/apply/tqoeyFy9DZ/Adobe-Experience-Platform-AEP-Architect,True,,0.19
5669,omnisciusconsulting.applytojob.com,https://omnisciusconsulting.applytojob.com/apply,200,37,https://omnisciusconsulting.applytojob.com/apply/bns34SDFBd/Account-Executive-Staffing,True,,0.18
5690,onerail.applytojob.com,https://onerail.applytojob.com/apply,200,13,https://onerail.applytojob.com/apply/vYG9TOrd4e/Commercial-Counsel-Parttime,True,,0.19
5703,opalgroup.applytojob.com,https://opalgroup.applytojob.com/apply,200,8,https://opalgroup.applytojob.com/apply/iDjooFq5QA/Audience-Development-Associate,True,,0.20
5711,operatorequity.applytojob.com,https://operatorequity.applytojob.com/apply,200,150,https://operatorequity.applytojob.com/apply/cF0UNuKfuA/B2B-Digital-Marketing-Manager,True,,0.20
5712,opissrl.applytojob.com,https://opissrl.applytojob.com/apply,200,10,https://opissrl.applytojob.com/apply/pPLn7Kuozk/Business-Development-Associate-Japan,True,,0.20
5719,optusinc.applytojob.com,https://optusinc.applytojob.com/apply,200,5,https://optusinc.applytojob.com/apply/Kwyh4nItHB/Business-Development-Manager-National-Accounts,True,,0.20
5742,osidigital.applytojob.com,https://osidigital.applytojob.com/apply,200,35,https://osidigital.applytojob.com/apply/ztc2lJ7eSN/Active-Directory-Windows-Engineer,True,,0.20
5769,ouster.applytojob.com,https://ouster.applytojob.com/apply,200,20,https://ouster.applytojob.com/apply/w26vMYF2Tb/Account-Executive-Security,True,,0.24
5778,ovhus.applytojob.com,https://ovhus.applytojob.com/apply,200,1,https://ovhus.applytojob.com/apply/YXiM3BZkd5/Data-Center-Manager,True,,0.19
5781,owenelectric.applytojob.com,https://owenelectric.applytojob.com/apply,200,34,https://owenelectric.applytojob.com/apply/FtE0Y1zXBs/Chief-Electrical-Estimator,True,,0.19
5787,ozaukeecounty.applytojob.com,https://ozaukeecounty.applytojob.com/apply,200,24,https://ozaukeecounty.applytojob.com/apply/f6RUyb6WVB/Administrative-Assistant-And-Natural-Resource-Analyst,True,,0.18
5791,pacemate.applytojob.com,https://pacemate.applytojob.com/apply,200,8,https://pacemate.applytojob.com/apply/9MFILJyNVB/Area-Sales-Manager-Mountain-Region-USA,True,,0.22
5803,palmtree.applytojob.com,https://palmtree.applytojob.com/apply,200,6,https://palmtree.applytojob.com/apply/UwQuFzJa0A/Vice-President-Accounting-Advisory,True,,0.17
5807,pandoblox.applytojob.com,https://pandoblox.applytojob.com/apply,200,10,https://pandoblox.applytojob.com/apply/ZJktbNE1be/Channel-Partner-Manager,True,,0.27
5812,paragonesolutionsinc.applytojob.com,https://paragonesolutionsinc.applytojob.com/apply,200,7,https://paragonesolutionsinc.applytojob.com/apply/0mriC7k8Mc/CMMC-Assessment-Lead,True,,0.20
5813,paragusstrategicit.applytojob.com,https://paragusstrategicit.applytojob.com/apply,200,2,https://paragusstrategicit.applytojob.com/apply/82VMjwdxLA/Senior-Support-Technician,True,,0.19
5828,patriotc0.applytojob.com,https://patriotc0.applytojob.com/apply,200,3,https://patriotc0.applytojob.com/apply/7DZedYmT3I/RHEL-Administrator,True,,0.22
5832,paulgoughmedia.applytojob.com,https://paulgoughmedia.applytojob.com/apply,200,18,https://paulgoughmedia.applytojob.com/apply/kftsHSSSqz/Account-Executive-For-Digital-Marketing-Company,True,,0.20
5838,paystone.applytojob.com,https://paystone.applytojob.com/apply,200,8,https://paystone.applytojob.com/apply/F0Yl3jat7d/AI-Developer,True,,0.21
5854,pearlconsultinggroup.applytojob.com,https://pearlconsultinggroup.applytojob.com/apply,200,3,http://pearlconsultinggroup.applytojob.com/apply/3fC6edzF5L/Engineer-SOC-IR,True,,0.21
5872,peoplelift.applytojob.com,https://peoplelift.applytojob.com/apply,200,14,https://peoplelift.applytojob.com/apply/mZkiWF87Sp/Insurance-Case-Administration-Specialist,True,,0.19
5873,peoplesharp.applytojob.com,https://peoplesharp.applytojob.com/apply,200,12,https://peoplesharp.applytojob.com/apply/psOPbc5Ke7/Business-Operations-Specialist-2600152,True,,0.19
5899,pharossystems.applytojob.com,https://pharossystems.applytojob.com/apply,200,1,https://pharossystems.applytojob.com/apply/2yxKsuheg8/VP-Of-Product-B2B-SaaS,True,,0.19
5910,phoenixcybersecurity.applytojob.com,https://phoenixcybersecurity.applytojob.com/apply,200,7,https://phoenixcybersecurity.applytojob.com/apply/nFxRnaLvAT/Cybersecurity-Engineer-SOAR-JOB-ID-20260707,True,,0.19
5928,pioneerexecutives.applytojob.com,https://pioneerexecutives.applytojob.com/apply,200,10,https://pioneerexecutives.applytojob.com/apply/bisC8ONwYF/Brand-Ambassador-EntryLevel-Marketing,True,,0.18
5935,pivotpathsolutions.applytojob.com,https://pivotpathsolutions.applytojob.com/apply,200,3,https://pivotpathsolutions.applytojob.com/apply/k7BFvErJtZ/Administrative-Assistant,True,,0.21
5936,pixalate.applytojob.com,https://pixalate.applytojob.com/apply,200,36,https://pixalate.applytojob.com/apply/0bxDCJ1Ffo/AdTech-SaaS-Sales-Director-China,True,,0.13
5950,platform9systems.applytojob.com,https://platform9systems.applytojob.com/apply,200,6,https://platform9systems.applytojob.com/apply/hUZKrdI1Ob/Enterprise-Technical-Advisor,True,,0.22
5951,platphorm.applytojob.com,https://platphorm.applytojob.com/apply,200,1,https://platphorm.applytojob.com/apply/5IEQHjDdm1/Engineering-Manager,True,,0.18
5971,pointsnorth.applytojob.com,https://pointsnorth.applytojob.com/apply,200,4,https://pointsnorth.applytojob.com/apply/B0m7DitTqu/Implementation-Specialist,True,,0.19
5973,pomelohq.applytojob.com,https://pomelohq.applytojob.com/apply,200,49,https://pomelohq.applytojob.com/apply/etRCmj6glg/Bookkeeper-for-CPG-Brand,True,,0.22
5974,poncaworks.applytojob.com,https://poncaworks.applytojob.com/apply,200,80,https://poncaworks.applytojob.com/apply/bmcoTRbxvX/1st-Shift-FSQS-Tech,True,,0.20
5979,populix.applytojob.com,https://populix.applytojob.com/apply,200,8,https://populix.applytojob.com/apply/tgJWkAKXzq/Business-Development-Associate-Manager,True,,0.18
5984,portlandwebworks.applytojob.com,https://portlandwebworks.applytojob.com/apply,200,7,https://portlandwebworks.applytojob.com/apply/b7ClMNcjsk/DevOps-Engineer-In-Portlands-Old-Port,True,,0.18
6010,prestige.applytojob.com,https://prestige.applytojob.com/apply,200,18,https://prestige.applytojob.com/apply/N2Fht4EvMm/Account-Lead-Advertising-And-Marketing,True,,0.18
6011,prestigebrands.applytojob.com,https://prestigebrands.applytojob.com/apply,200,32,https://prestigebrands.applytojob.com/apply/MirVcNnugR/Associate-Brand-Manager,True,,0.18
6018,principlechoicesolutions.applytojob.com,https://principlechoicesolutions.applytojob.com/apply,200,6,https://principlechoicesolutions.applytojob.com/apply/wDMw1ES8Mn/Customer-Service-Representative-September-2026-Start-Inbound-Only,True,,0.19
6025,prizmah.applytojob.com,https://prizmah.applytojob.com/apply,200,42,https://prizmah.applytojob.com/apply/svL1X2Nsb8/4th-Grade-Boys-Secular-Studies-Teacher,True,,0.21
6028,productiveplayhouse.applytojob.com,https://productiveplayhouse.applytojob.com/apply,200,98,https://productiveplayhouse.applytojob.com/apply/4m58ugBaQ5/Afrikaans-Transcriber,True,,0.16
6045,prospectequities.applytojob.com,https://prospectequities.applytojob.com/apply,200,4,https://prospectequities.applytojob.com/apply/XTbzSAcNtg/Backend-Frontend-Developer-Intern,True,,0.22
6047,protechtgroup.applytojob.com,https://protechtgroup.applytojob.com/apply,200,7,https://protechtgroup.applytojob.com/apply/53XaS3Zhv9/Enterprise-Account-Executive,True,,0.21
6050,provatoinc.applytojob.com,https://provatoinc.applytojob.com/apply,200,18,https://provatoinc.applytojob.com/apply/GKhLJoeN2e/AIML-Modeling-Simulation-And-Analysis-Engineer,True,,0.20
6066,ptg.applytojob.com,https://ptg.applytojob.com/apply,200,68,http://ptg.applytojob.com/apply/0L2sicEeMg/Account-Executive,True,,0.19
6074,pura.applytojob.com,https://pura.applytojob.com/apply,200,14,https://pura.applytojob.com/apply/gM0e7GVxPZ/Director-Of-Marketplaces,True,,0.23
6076,purity.applytojob.com,https://purity.applytojob.com/apply,200,0,,True,,0.18
6085,pyleusa.applytojob.com,https://pyleusa.applytojob.com/apply,200,1,https://pyleusa.applytojob.com/apply/QnTBk8YBiV/Amazon-PDP-Graphic-Designer-Remote,True,,0.17
6086,pyxisgrowthpartners.applytojob.com,https://pyxisgrowthpartners.applytojob.com/apply,200,1,https://pyxisgrowthpartners.applytojob.com/apply/84z89jVah6/HubSpot-Solution-Architect,True,,0.20
6099,qualityconsultinggroup.applytojob.com,https://qualityconsultinggroup.applytojob.com/apply,200,62,https://qualityconsultinggroup.applytojob.com/apply/3Je2dntbkx/JT300-ENGINEERING-PROGRAM-MANAGER,True,,0.17
6102,quandaryconsultinggroup.applytojob.com,https://quandaryconsultinggroup.applytojob.com/apply,200,1,https://quandaryconsultinggroup.applytojob.com/apply/WhkDnsMjZE/Senior-Solutions-Consultant,True,,0.22
6108,quetica.applytojob.com,https://quetica.applytojob.com/apply,200,1,https://quetica.applytojob.com/apply/EtaeFfVQah/Structural-Engineer-Hybrid,True,,0.20
6111,quintechelectronicscommunicationsinc.applytojob.com,https://quintechelectronicscommunicationsinc.applytojob.com/apply,200,12,https://quintechelectronicscommunicationsinc.applytojob.com/apply/J6EThT1Gvy/Electronics-Manufacturing-Inspector,True,,0.24
6126,ragbone.applytojob.com,https://ragbone.applytojob.com/apply,200,120,https://ragbone.applytojob.com/apply/3w5dQwcJHy/Account-Manager-Mexico-NYC,True,,0.27
6134,randombit.applytojob.com,https://randombit.applytojob.com/apply,200,4,https://randombit.applytojob.com/apply/5BtAUHIS4J/AWS-Data-Architect,True,,0.20
6138,raphaelandassociates.applytojob.com,https://raphaelandassociates.applytojob.com/apply,200,8,https://raphaelandassociates.applytojob.com/apply/V9vsHKWIZd/Accounting-Associate,True,,0.21
6140,rapidfinance.applytojob.com,https://rapidfinance.applytojob.com/apply,200,9,https://rapidfinance.applytojob.com/apply/PFeRF3cMcK/DevOps-Cloud-Engineer,True,,0.21
6144,ratehubinc.applytojob.com,https://ratehubinc.applytojob.com/apply,200,15,https://ratehubinc.applytojob.com/apply/DUIE7L1UJA/Controller,True,,0.20
6169,recruite.applytojob.com,https://recruite.applytojob.com/apply,200,2,https://recruite.applytojob.com/apply/p9b8tA8Vu5/BuildingGrounds-Custodian-Supervisor,True,,0.21
6182,redarchsolutions.applytojob.com,https://redarchsolutions.applytojob.com/apply,200,32,https://redarchsolutions.applytojob.com/apply/SNcjgoGslq/Cloud-DevOps-Engineeer,True,,0.20
6183,redclayconsulting.applytojob.com,https://redclayconsulting.applytojob.com/apply,200,15,https://redclayconsulting.applytojob.com/apply/XmP0u44RV4/Oracle-CCB-Test-Lead,True,,0.20
6191,redrhino.applytojob.com,https://redrhino.applytojob.com/apply,200,38,https://redrhino.applytojob.com/apply/1LyLhmhlh0/Marketing-Director,True,,0.15
6202,regask.applytojob.com,https://regask.applytojob.com/apply,200,9,https://regask.applytojob.com/apply/V01WWY1ZfT/Business-Analyst-Intern,True,,0.19
6211,reingoldinc.applytojob.com,https://reingoldinc.applytojob.com/apply,200,4,https://reingoldinc.applytojob.com/apply/5wjRGUZ0z4/Data-And-AI-Marketing-Intern,True,,0.20
6219,removery.applytojob.com,https://removery.applytojob.com/apply,200,32,https://removery.applytojob.com/apply/mg1Ql45ysa/Aesthetic-Sales-Consultant-Laser-Tattoo-Removal,True,,0.20
6221,renderse.applytojob.com,https://renderse.applytojob.com/apply,200,2,https://renderse.applytojob.com/apply/0bIIGRjcUs/System-Administrator-Mid-Senior,True,,0.20
6225,repertoireimmunemedicinesinc.applytojob.com,https://repertoireimmunemedicinesinc.applytojob.com/apply,200,2,https://repertoireimmunemedicinesinc.applytojob.com/apply/VMPwEZD2x2/Senior-Clinical-Data-Manager,True,,0.21
6230,resolutionthinked.applytojob.com,https://resolutionthinked.applytojob.com/apply,200,48,https://resolutionthinked.applytojob.com/apply/pyCw2o9bSP/Athletic-Trainer-H2F,True,,0.20
6232,resourcecenter.applytojob.com,https://resourcecenter.applytojob.com/apply,200,2,https://resourcecenter.applytojob.com/apply/IkHpFRG9Ya/Accounts-Payable-Coordinator,True,,0.20
6233,resourcedatainc.applytojob.com,https://resourcedatainc.applytojob.com/apply,200,5,https://resourcedatainc.applytojob.com/apply/OFFlWn31f7/Join-Our-Talent-Pool,True,,0.20
6235,resourcepro.applytojob.com,https://resourcepro.applytojob.com/apply,200,64,https://resourcepro.applytojob.com/apply/e2t1AQc8EE/Business-Development-Client-Executive-Insurance-Carrier-Vertical,True,,0.20
6240,rethink.applytojob.com,https://rethink.applytojob.com/apply,200,15,https://rethink.applytojob.com/apply/r8wE4oemmq/Dont-See-The-Role-Youre-Looking-For-Currently-Available-Apply-Here,True,,0.18
6249,revolutionlearning.applytojob.com,https://revolutionlearning.applytojob.com/apply,200,24,https://revolutionlearning.applytojob.com/apply/k1j1PJjxIs/Business-Innovation-Coach,True,,0.21
6255,rezdy.applytojob.com,https://rezdy.applytojob.com/apply,200,6,https://rezdy.applytojob.com/apply/E8qxbORbt9/Customer-Success-Manager,True,,0.20
6257,rhrgcareers.applytojob.com,https://rhrgcareers.applytojob.com/apply,200,6,https://rhrgcareers.applytojob.com/apply/miYSMAVQEv/Account-Executive-HR-Strategies-Division,True,,0.18
6259,rhythmpharmaceuticals.applytojob.com,https://rhythmpharmaceuticals.applytojob.com/apply,200,54,https://rhythmpharmaceuticals.applytojob.com/apply/j7RX64bh6h/Director-Global-Payroll,True,,0.20
6264,richmondnationalservices.applytojob.com,https://richmondnationalservices.applytojob.com/apply,200,7,https://richmondnationalservices.applytojob.com/apply/CoJNodVNF4/Commercial-Property-Claims-Examiner,True,,0.20
6269,rightworks.applytojob.com,https://rightworks.applytojob.com/apply,200,11,https://rightworks.applytojob.com/apply/D6prFDSF2x/Account-Executive-Small-Firm-New,True,,0.18
6271,rinconconsultants.applytojob.com,https://rinconconsultants.applytojob.com/apply,200,19,https://rinconconsultants.applytojob.com/apply/MPmSIebuxj/Administrative-Specialist,True,,0.16
6278,rittal.applytojob.com,https://rittal.applytojob.com/apply,200,47,https://rittal.applytojob.com/apply/y7H3yf63T7/Eplan-Application-Engineer-Energy-Power,True,,0.18
6286,rlslogistics.applytojob.com,https://rlslogistics.applytojob.com/apply,200,9,https://rlslogistics.applytojob.com/apply/sdX8def51i/Account-Coordinator,True,,0.22
6299,rockitdata.applytojob.com,https://rockitdata.applytojob.com/apply,200,26,https://rockitdata.applytojob.com/apply/vFQjiBiJCo/AIML-Engineer,True,,0.20
6302,rockymountainprep.applytojob.com,https://rockymountainprep.applytojob.com/apply,200,17,https://rockymountainprep.applytojob.com/apply/YxrrtdcgAb/Math-Instructional-Talent-Pool-Leadership-Fellowship,True,,0.20
6303,rockymountainreserve.applytojob.com,https://rockymountainreserve.applytojob.com/apply,200,5,https://rockymountainreserve.applytojob.com/apply/F3qq0wmIXV/Client-Services-Representative,True,,0.18
6308,rolfsonoil.applytojob.com,https://rolfsonoil.applytojob.com/apply,200,27,https://rolfsonoil.applytojob.com/apply/MqJslmhts6/CDL-Driver-Fuel-Transport,True,,0.22
6316,roush.applytojob.com,https://roush.applytojob.com/apply,200,53,https://roush.applytojob.com/apply/uPJpCSlHwD/Accounts-Receivable-Analyst-II,True,,0.20
6319,royalrcc.applytojob.com,https://royalrcc.applytojob.com/apply,200,8,https://royalrcc.applytojob.com/apply/7rzPsFKwie/Analyst-Marketing-Analytics-Operations,True,,0.20
6321,rpigroup.applytojob.com,https://rpigroup.applytojob.com/apply,200,4,https://rpigroup.applytojob.com/apply/2IqwAZpMgb/Executive-Administrative-Specialist,True,,0.19
6322,rpm.applytojob.com,https://rpm.applytojob.com/apply,200,7,https://rpm.applytojob.com/apply/5SI5moPYv0/Senior-Pricing-Analyst,True,,0.21
6329,rsisecurity.applytojob.com,https://rsisecurity.applytojob.com/apply,200,4,https://rsisecurity.applytojob.com/apply/WLc2ue0nOs/Associate-Security-Assessor-QSA-AQSA-PCIP-Certified,True,,0.21
6335,rudlerpsc.applytojob.com,https://rudlerpsc.applytojob.com/apply,200,2,https://rudlerpsc.applytojob.com/apply/hYDhtJyKH1/Tax-Manager,True,,0.20
6344,rwdyinc.applytojob.com,https://rwdyinc.applytojob.com/apply,200,16,https://rwdyinc.applytojob.com/apply/AERutB9Znu/Construction-Lead-III,True,,0.20
6352,s3iengineering.applytojob.com,https://s3iengineering.applytojob.com/apply,200,0,,True,,0.19
6357,sabot.applytojob.com,https://sabot.applytojob.com/apply,200,2,http://sabot.applytojob.com/apply/319gYqOS6F/AI-Project-Manager-Delivery-Lead,True,,0.18
6362,safepointinsurance.applytojob.com,https://safepointinsurance.applytojob.com/apply,200,32,https://safepointinsurance.applytojob.com/apply/Pv4h2H1CDt/Front-Desk-Receptionist,True,,0.18
6368,sagesolutionsgroup.applytojob.com,https://sagesolutionsgroup.applytojob.com/apply,200,13,https://sagesolutionsgroup.applytojob.com/apply/lucHKhhblP/Account-Sales-Professional,True,,0.20
6406,savangroup.applytojob.com,https://savangroup.applytojob.com/apply,200,11,https://savangroup.applytojob.com/apply/lunpwPu4FI/DOT-Junior-Software-Developer,True,,0.20
6421,sbxgplusllc.applytojob.com,https://sbxgplusllc.applytojob.com/apply,200,2,http://sbxgplusllc.applytojob.com/apply/nre8tcMM7L/Application-Development-Manager,True,,0.19
6427,schaeferadvertising.applytojob.com,https://schaeferadvertising.applytojob.com/apply,200,1,https://schaeferadvertising.applytojob.com/apply/65NYgf1HTa/Account-Manager-Real-Estate,True,,0.17
6428,scheckhillelcommunityschool.applytojob.com,https://scheckhillelcommunityschool.applytojob.com/apply,200,21,http://scheckhillelcommunityschool.applytojob.com/apply/quDekhxZnj/Scheck-Hillel-Community-School-Interest-Questionnaire,True,,0.20
6446,seagullscientific.applytojob.com,https://seagullscientific.applytojob.com/apply,200,5,https://seagullscientific.applytojob.com/apply/0KJn0HZGmo/CloudOps-Engineer-Direct-Contractor,True,,0.20
6455,seattleseahawks.applytojob.com,https://seattleseahawks.applytojob.com/apply,200,12,https://seattleseahawks.applytojob.com/apply/DndBWHisXg/Digital-Marketing-Products-Coordinator,True,,0.14
6456,seattletimes.applytojob.com,https://seattletimes.applytojob.com/apply,200,2,https://seattletimes.applytojob.com/apply/pGJflNcBV4/Deputy-Business-Editor,True,,0.18
6477,securityjourney.applytojob.com,https://securityjourney.applytojob.com/apply,200,1,http://securityjourney.applytojob.com/apply/htB5on8tAd/Sales-Engineer-Secure-Development,True,,0.24
6479,securserv.applytojob.com,https://securserv.applytojob.com/apply,200,25,https://securserv.applytojob.com/apply/ziW5NXK3oY/Credential-Processor,True,,0.15
6487,selectra.applytojob.com,https://selectra.applytojob.com/apply,200,34,https://selectra.applytojob.com/apply/Ry0AuQtaS1/Local-Business-Developer-Italian-Market-HF,True,,0.23
6492,sembi.applytojob.com,https://sembi.applytojob.com/apply,200,11,https://sembi.applytojob.com/apply/viEI22aSZC/Associate-Corporate-Strategy,True,,0.21
6496,sendoso.applytojob.com,https://sendoso.applytojob.com/apply,200,7,https://sendoso.applytojob.com/apply/EExOAlzwBa/Account-Executive-Enterprise,True,,0.21
6504,sentinelgroup.applytojob.com,https://sentinelgroup.applytojob.com/apply,200,4,https://sentinelgroup.applytojob.com/apply/iJGHNOwoI9/PartTime-Service-Center-Representative,True,,0.19
6517,servissllc.applytojob.com,https://servissllc.applytojob.com/apply,200,4,https://servissllc.applytojob.com/apply/8eap2dBpxe/Cybersecurity-Systems-Engineer-Senior-CAASM,True,,0.18
6533,sharingexcess.applytojob.com,https://sharingexcess.applytojob.com/apply,200,4,https://sharingexcess.applytojob.com/apply/YyocwcEHH0/Chief-Development-Officer,True,,0.20
6548,shipperhq.applytojob.com,https://shipperhq.applytojob.com/apply,200,12,https://shipperhq.applytojob.com/apply/d5242FIcu6/Chief-Technology-Officer,True,,0.18
6559,siegemedia.applytojob.com,https://siegemedia.applytojob.com/apply,200,9,https://siegemedia.applytojob.com/apply/33ndalriRe/Bilingual-Content-Editor-EnglishSpanish,True,,0.21
6573,silverstay.applytojob.com,https://silverstay.applytojob.com/apply,200,2,https://silverstay.applytojob.com/apply/IfTU6HrWQO/Case-Manager-Complex-Cases,True,,0.22
6574,simeio.applytojob.com,https://simeio.applytojob.com/apply,200,25,https://simeio.applytojob.com/apply/GhvmL3QP0T/AuthO-Technical-Product-Manager,True,,0.17
6580,simoneyemanagement.applytojob.com,https://simoneyemanagement.applytojob.com/apply,200,10,https://simoneyemanagement.applytojob.com/apply/Vc8tpzEoqc/Medical-Assistant-Tech,True,,0.23
6584,simplexconstructionmanagementinc.applytojob.com,https://simplexconstructionmanagementinc.applytojob.com/apply,200,3,https://simplexconstructionmanagementinc.applytojob.com/apply/RrqvMIZiDI/LACCD-SAC-525-Contract-Administrator-IV-IT-Purchasing-Specialist,True,,0.18
6585,simplexityproductdevelopment.applytojob.com,https://simplexityproductdevelopment.applytojob.com/apply,200,6,https://simplexityproductdevelopment.applytojob.com/apply/ppDH5yo8o7/Contract-ElectroMechanical-Technician,True,,0.19
6587,simplifycompliance.applytojob.com,https://simplifycompliance.applytojob.com/apply,200,10,https://simplifycompliance.applytojob.com/apply/1hGDt6HYIg/Marketing-Manager,True,,0.19
6591,sitecare.applytojob.com,https://sitecare.applytojob.com/apply,200,5,https://sitecare.applytojob.com/apply/5pamybXOkW/Client-Success-Advisor,True,,0.20
6604,skylineproducts.applytojob.com,https://skylineproducts.applytojob.com/apply,200,16,https://skylineproducts.applytojob.com/apply/yYqR8yAQ3E/Aluminum-MIG-Welder,True,,0.24
6610,slettenconstruction.applytojob.com,https://slettenconstruction.applytojob.com/apply,200,51,https://slettenconstruction.applytojob.com/apply/ovneiF0cOe/Carpenter-Commercial-Construction,True,,0.15
6618,smadexslu.applytojob.com,https://smadexslu.applytojob.com/apply,200,40,https://smadexslu.applytojob.com/apply/mBNLPYWrPu/Ad-Operations-Analyst,True,,0.25
6621,smartbuyglasses.applytojob.com,https://smartbuyglasses.applytojob.com/apply,200,59,http://smartbuyglasses.applytojob.com/apply/RwSh7xA3xj/Digital-Marketing-Trainee-English-Native-Croatia,True,,0.21
6622,smartek21.applytojob.com,https://smartek21.applytojob.com/apply,200,3,https://smartek21.applytojob.com/apply/nK1RmMJnAi/SailPoint-IIQ,True,,0.19
6624,smartlightanalytics.applytojob.com,https://smartlightanalytics.applytojob.com/apply,200,9,https://smartlightanalytics.applytojob.com/apply/I7TD7obBp6/Claims-Data-Strategy-Lead,True,,0.21
6628,smashcr.applytojob.com,https://smashcr.applytojob.com/apply,200,8,https://smashcr.applytojob.com/apply/t3gt2HeUV0/Director-Of-AIML-P161,True,,0.19
6643,snapsheet.applytojob.com,https://snapsheet.applytojob.com/apply,200,14,https://snapsheet.applytojob.com/apply/MBBMzDcYhz/Contract-Administrator-Temporary,True,,0.20
6650,socialfactor.applytojob.com,https://socialfactor.applytojob.com/apply,200,5,https://socialfactor.applytojob.com/apply/8027CQYBMx/Jr-Technical-Solutions-Consultant,True,,0.19
6651,socialpilot.applytojob.com,https://socialpilot.applytojob.com/apply,200,3,https://socialpilot.applytojob.com/apply/KjYLlCe5HS/Customer-Support-ManagerB2B-Saas-US-Shift,True,,0.19
6652,socialsolutions.applytojob.com,https://socialsolutions.applytojob.com/apply,200,20,https://socialsolutions.applytojob.com/apply/CPyZODDhna/Assistant-Event-Coordinator-Entry-Level,True,,0.20
6659,solvarus.applytojob.com,https://solvarus.applytojob.com/apply,200,21,https://solvarus.applytojob.com/apply/QSkdesiImI/Enterprise-Data-Systems-Engineer,True,,0.27
6670,sourcebooks.applytojob.com,https://sourcebooks.applytojob.com/apply,200,6,https://sourcebooks.applytojob.com/apply/QZThSFPMfU/Art-Director-Romance,True,,0.17
6678,soweloconsulting.applytojob.com,https://soweloconsulting.applytojob.com/apply,200,47,https://soweloconsulting.applytojob.com/apply/sx665Lk5J5/Account-Executive-Remote-In-Poland,True,,0.20
6679,spacedynamicslaboratory.applytojob.com,https://spacedynamicslaboratory.applytojob.com/apply,200,20,https://spacedynamicslaboratory.applytojob.com/apply/GttS9uoJaW/C4ISR-Program-Manager,True,,0.24
6684,spawnideas.applytojob.com,https://spawnideas.applytojob.com/apply,200,0,,True,,0.19
6688,specialtytoolingsystems.applytojob.com,https://specialtytoolingsystems.applytojob.com/apply,200,7,https://specialtytoolingsystems.applytojob.com/apply/TRcY7fFxvm/Accountant,True,,0.20
6699,speridiantechnologies.applytojob.com,https://speridiantechnologies.applytojob.com/apply,200,8,https://speridiantechnologies.applytojob.com/apply/4JLak64Uu1/Sales-Executive-Public-Sector-CO,True,,0.21
6713,springdellcenter.applytojob.com,https://springdellcenter.applytojob.com/apply,200,8,https://springdellcenter.applytojob.com/apply/GmKwLvucPW/Career-Coach,True,,0.20
6714,springgreenlawncare.applytojob.com,https://springgreenlawncare.applytojob.com/apply,200,4,https://springgreenlawncare.applytojob.com/apply/QvoPlwy2Cx/Contact-Center-Sales-Manager,True,,0.18
6730,sstjobs.applytojob.com,https://sstjobs.applytojob.com/apply,200,231,https://sstjobs.applytojob.com/apply/HQWRBMea8v/Forklift-Mechanic,True,,0.21
6738,stafffinancialgroup.applytojob.com,https://stafffinancialgroup.applytojob.com/apply,200,753,https://stafffinancialgroup.applytojob.com/apply/mTTGzYhxOp/Accountant,True,,0.23
6755,starlims.applytojob.com,https://starlims.applytojob.com/apply,200,5,https://starlims.applytojob.com/apply/vzRGwS8JjC/Director-Of-Demand-Generation,True,,0.19
6759,starsandstrikes.applytojob.com,https://starsandstrikes.applytojob.com/apply,200,215,https://starsandstrikes.applytojob.com/apply/CiBDgS06Os/Kitchen-Manager,True,,0.15
6771,steamellc.applytojob.com,https://steamellc.applytojob.com/apply,200,4,https://steamellc.applytojob.com/apply/UJzkVITnyR/Business-Development-Associate-Chicago,True,,0.19
6774,stellarinnovations.applytojob.com,https://stellarinnovations.applytojob.com/apply,200,13,https://stellarinnovations.applytojob.com/apply/1N79AMT0Im/Advanced-SharePoint-PowerApps-Developer,True,,0.20
6776,stellarscience.applytojob.com,https://stellarscience.applytojob.com/apply,200,10,https://stellarscience.applytojob.com/apply/tiVvt0aK9K/C-Software-Engineer-Dayton,True,,0.20
6802,stralynn.applytojob.com,https://stralynn.applytojob.com/apply,200,3,https://stralynn.applytojob.com/apply/3zyJO9K1D8/Business-Development-Executive,True,,0.56
6805,strategicamerica.applytojob.com,https://strategicamerica.applytojob.com/apply,200,3,https://strategicamerica.applytojob.com/apply/OFK232g6iO/Senior-Software-Engineer-Iowa,True,,0.61
6809,stratummed.applytojob.com,https://stratummed.applytojob.com/apply,200,4,https://stratummed.applytojob.com/apply/sFaquKYyLY/Chief-Executive-Officer,True,,0.37
6813,strike.applytojob.com,https://strike.applytojob.com/apply,200,13,https://strike.applytojob.com/apply/aVhLRkmDB2/CDL-Heavy-Haul,True,,0.18
6830,summittechnologygroup.applytojob.com,https://summittechnologygroup.applytojob.com/apply,200,4,https://summittechnologygroup.applytojob.com/apply/O0jHhJn0dI/Cloud-Architect,True,,0.22
6834,sunbirdsoftwareinc.applytojob.com,https://sunbirdsoftwareinc.applytojob.com/apply,200,13,https://sunbirdsoftwareinc.applytojob.com/apply/r5H1KSiUmI/Business-Development-Representative,True,,0.20
6843,sunyulster.applytojob.com,https://sunyulster.applytojob.com/apply,200,22,https://sunyulster.applytojob.com/apply/IlXkSCJVEb/Apprenticeship-And-Program-Operational-Coordinator,True,,0.20
6848,supportworks.applytojob.com,https://supportworks.applytojob.com/apply,200,6,https://supportworks.applytojob.com/apply/o36FR34bRm/Dont-See-A-Position-That-Interests-You-Click-Here-And-Apply-Anyway,True,,0.20
6854,svmicrowave.applytojob.com,https://svmicrowave.applytojob.com/apply,200,6,https://svmicrowave.applytojob.com/apply/Q2mWeR6EA0/CNC-Swiss-Machinist,True,,0.19
6863,sweetrush.applytojob.com,https://sweetrush.applytojob.com/apply,200,18,https://sweetrush.applytojob.com/apply/y81FbERpP9/Accounting-Industry-Strategy-Expert-Freelance,True,,0.19
6868,swjtechnology.applytojob.com,https://swjtechnology.applytojob.com/apply,200,48,http://swjtechnology.applytojob.com/apply/BKxyo2c6VG/Architect-Design-Implem-Specialist,True,,0.19
6872,symend.applytojob.com,https://symend.applytojob.com/apply,200,2,https://symend.applytojob.com/apply/FQgXazrnVE/Accountant,True,,0.19
6874,symsstrategicgroup.applytojob.com,https://symsstrategicgroup.applytojob.com/apply,200,244,https://symsstrategicgroup.applytojob.com/apply/Ts9JUkjOEM/AngularNodeJS-Developer-II,True,,0.22
6879,synecsolu.applytojob.com,https://synecsolu.applytojob.com/apply,200,6,https://synecsolu.applytojob.com/apply/qPjXzKhdhV/Equipment-Specialist-FWST,True,,0.28
6881,synergenx.applytojob.com,https://synergenx.applytojob.com/apply,200,41,https://synergenx.applytojob.com/apply/c61ximJM8P/Assistant-Center-Director-Physician-Assistant-Or-Nurse-Practitioner,True,,0.19
6887,systelusa.applytojob.com,https://systelusa.applytojob.com/apply,200,2,http://systelusa.applytojob.com/apply/jj35Hvm5vR/Buyer,True,,0.20
6888,systemstechnologyforum.applytojob.com,https://systemstechnologyforum.applytojob.com/apply,200,25,https://systemstechnologyforum.applytojob.com/apply/d1sV9dSBGA/Future-STF-Applicant,True,,0.20
6889,systimmune.applytojob.com,https://systimmune.applytojob.com/apply,200,49,https://systimmune.applytojob.com/apply/ZJankjbFWc/Clinical-Research-Associate-II,True,,0.21
6890,syzygyintegration.applytojob.com,https://syzygyintegration.applytojob.com/apply,200,8,http://syzygyintegration.applytojob.com/apply/I5gZHXvTPV/Business-Development-Account-Manager,True,,0.23
6896,taec.applytojob.com,https://taec.applytojob.com/apply,200,4,https://taec.applytojob.com/apply/p3Fhqwu6An/5032-Senior-RD-Engineer-Staff,True,,0.25
6912,talentwwinc.applytojob.com,https://talentwwinc.applytojob.com/apply,200,2,https://talentwwinc.applytojob.com/apply/uw2WjsGMur/Product-Engineer,True,,0.27
6914,talladegacollege.applytojob.com,https://talladegacollege.applytojob.com/apply,200,28,https://talladegacollege.applytojob.com/apply/dQCpEuq02p/Adjunct-Instructor-Pool-All-Disciplines-2026,True,,0.19
6923,taranawireless.applytojob.com,https://taranawireless.applytojob.com/apply,200,9,https://taranawireless.applytojob.com/apply/EtywZuz8Uo/Compliance-Test-Engineer,True,,0.25
6928,taskray.applytojob.com,https://taskray.applytojob.com/apply,200,0,,True,,0.23
6932,tawanienterprises.applytojob.com,https://tawanienterprises.applytojob.com/apply,200,3,https://tawanienterprises.applytojob.com/apply/rAIQ6W9mHH/Controller,True,,0.20
6939,tbxnet.applytojob.com,https://tbxnet.applytojob.com/apply,200,2,http://tbxnet.applytojob.com/apply/FzAZOg7jA7/FUNCTIONAL-ANALYSTREMOTE,True,,0.21
6944,tcn.applytojob.com,https://tcn.applytojob.com/apply,200,3,https://tcn.applytojob.com/apply/xTEK3z2hdz/Database-Reliability-Engineer-Administrator,True,,0.20
6961,teambuilder.applytojob.com,https://teambuilder.applytojob.com/apply,200,9,https://teambuilder.applytojob.com/apply/6OtncOKMna/Customer-Support-Representative-July26,True,,0.20
6962,teamcarney.applytojob.com,https://teamcarney.applytojob.com/apply,200,24,https://teamcarney.applytojob.com/apply/4CYuVQ1GnX/Accreditation-Manager-Homeland-Security,True,,0.20
6973,techinsights.applytojob.com,https://techinsights.applytojob.com/apply,200,23,https://techinsights.applytojob.com/apply/c7kaXJ8kDr/No-Perfect-Match-General-Application,True,,0.21
6975,techniqueinc.applytojob.com,https://techniqueinc.applytojob.com/apply,200,25,https://techniqueinc.applytojob.com/apply/EjUlR8aUwP/2D-Laser-Technician-2nd-Shift,True,,0.22
6979,techsoup.applytojob.com,https://techsoup.applytojob.com/apply,200,8,http://techsoup.applytojob.com/apply/enPTlc0MXZ/Europe-Cloud-Products-For-NonProfits-Support-Specialist,True,,0.22
6980,techstrasolutions.applytojob.com,https://techstrasolutions.applytojob.com/apply,200,29,http://techstrasolutions.applytojob.com/apply/KLMki4WHQd/Data-Bricks-Archiect,True,,0.20
6982,teckpert.applytojob.com,https://teckpert.applytojob.com/apply,200,1,https://teckpert.applytojob.com/apply/ru3tm0S2K5/Senior-Full-Stack-NET-Developer,True,,0.21
7003,testpros.applytojob.com,https://testpros.applytojob.com/apply,200,18,https://testpros.applytojob.com/apply/Ul9BsHIxG8/Cybersecurity-Program-Manager,True,,0.19
7004,tetraddigitalintegrityllc.applytojob.com,https://tetraddigitalintegrityllc.applytojob.com/apply,200,7,https://tetraddigitalintegrityllc.applytojob.com/apply/v9hKxu9IUp/Information-Systems-Security-Officer-ISSO,True,,0.20
7025,theacutroniccompany.applytojob.com,https://theacutroniccompany.applytojob.com/apply,200,19,https://theacutroniccompany.applytojob.com/apply/eRFxCkJA7W/Logisticienne,True,,0.20
7047,thekingsuniversity.applytojob.com,https://thekingsuniversity.applytojob.com/apply,200,7,https://thekingsuniversity.applytojob.com/apply/6Jb46q5BNn/Adjunct-Piano-Instructor,True,,0.21
7054,thenewberrygroup.applytojob.com,https://thenewberrygroup.applytojob.com/apply,200,5,https://thenewberrygroup.applytojob.com/apply/cdV0z6Oj6t/Cybersecurity-Analyst,True,,0.20
7064,thestrategygroupcompany.applytojob.com,https://thestrategygroupcompany.applytojob.com/apply,200,2,https://thestrategygroupcompany.applytojob.com/apply/pibvZGZW1P/Chief-Of-Staff-To-The-CEO,True,,0.21
7077,thorsolutionsllc.applytojob.com,https://thorsolutionsllc.applytojob.com/apply,200,33,https://thorsolutionsllc.applytojob.com/apply/i4lkO9JA9C/Accountant-II,True,,0.19
7082,thrivenetworksinc.applytojob.com,https://thrivenetworksinc.applytojob.com/apply,200,41,https://thrivenetworksinc.applytojob.com/apply/Qhrb8YJFcm/Client-Delivery-Manager,True,,0.20
7087,ticketevolution.applytojob.com,https://ticketevolution.applytojob.com/apply,200,3,https://ticketevolution.applytojob.com/apply/WXxwlydCCc/Account-Executive,True,,0.22
7088,ticketmanager.applytojob.com,https://ticketmanager.applytojob.com/apply,200,14,https://ticketmanager.applytojob.com/apply/z8b5ObES2F/Account-Manager-Enterprise-SaaS,True,,0.20
7093,tillfinancial.applytojob.com,https://tillfinancial.applytojob.com/apply,200,2,https://tillfinancial.applytojob.com/apply/2IKo5bg757/Fraud-Analyst,True,,0.22
7114,toolsgroup.applytojob.com,https://toolsgroup.applytojob.com/apply,200,29,https://toolsgroup.applytojob.com/apply/QYsQ95wLV1/Account-Executive,True,,0.19
7115,topazhradvisory.applytojob.com,https://topazhradvisory.applytojob.com/apply,200,31,https://topazhradvisory.applytojob.com/apply/ZLrZ89tGOT/Assistant-Director-Of-Nursing-ADON,True,,0.20
7150,trianglemanufacturing.applytojob.com,https://trianglemanufacturing.applytojob.com/apply,200,11,https://trianglemanufacturing.applytojob.com/apply/0CogyhRfKL/2nd-Shift-CNC-Operator,True,,0.19
7171,tritechenterprise.applytojob.com,https://tritechenterprise.applytojob.com/apply,200,2,https://tritechenterprise.applytojob.com/apply/0IPmFIawlE/Desktop-Support-Specialist-MidLevel,True,,0.22
7176,tropolis.applytojob.com,https://tropolis.applytojob.com/apply,200,18,https://tropolis.applytojob.com/apply/x41TjT2o4h/Account-Executive-Producer,True,,0.20
7179,truecare.applytojob.com,https://truecare.applytojob.com/apply,200,36,https://truecare.applytojob.com/apply/Iav8gRp1Qk/Accounts-Payable-Specialist,True,,0.16
7219,uberether.applytojob.com,https://uberether.applytojob.com/apply,200,5,https://uberether.applytojob.com/apply/ZAli7aXvjN/Engineering-Manager,True,,0.19
7228,udrconsultingincorporated.applytojob.com,https://udrconsultingincorporated.applytojob.com/apply,200,17,https://udrconsultingincorporated.applytojob.com/apply/tNOJYCIyZH/Construction-Manager,True,,0.36
7262,umpquahealth.applytojob.com,https://umpquahealth.applytojob.com/apply,200,11,https://umpquahealth.applytojob.com/apply/0W6zDZRZgT/Care-Coordinator,True,,0.20
7264,unbridled.applytojob.com,https://unbridled.applytojob.com/apply,200,15,https://unbridled.applytojob.com/apply/giJhYtlbCI/Account-Manager-Healthcare-Congresses,True,,0.21
7282,unitedcooperativeservices.applytojob.com,https://unitedcooperativeservices.applytojob.com/apply,200,2,https://unitedcooperativeservices.applytojob.com/apply/UbiBRvLfWJ/Apprentice-Lineman-I--Granbury,True,,0.19
7286,universityofmary.applytojob.com,https://universityofmary.applytojob.com/apply,200,36,https://universityofmary.applytojob.com/apply/RDZ3pcMyAv/Administrative-Assistant,True,,0.20
7296,uprocessing.applytojob.com,https://uprocessing.applytojob.com/apply,200,22,https://uprocessing.applytojob.com/apply/1L2pZr2QWV/Bilingual-Merchant-Consultant,True,,0.20
7302,ursaspacesystems.applytojob.com,https://ursaspacesystems.applytojob.com/apply,200,2,https://ursaspacesystems.applytojob.com/apply/NleQ1dojcE/Jr-AI-Engineer,True,,0.18
7338,usengineering.applytojob.com,https://usengineering.applytojob.com/apply,200,63,https://usengineering.applytojob.com/apply/xWRyf0C1a5/Assistant-Project-Manager,True,,0.19
7343,uship.applytojob.com,https://uship.applytojob.com/apply,200,6,https://uship.applytojob.com/apply/F9ukz40Qwa/API-Enablement-Specialist,True,,0.19
7364,utilidata.applytojob.com,https://utilidata.applytojob.com/apply,200,9,https://utilidata.applytojob.com/apply/VSeisrJblO/AI-Infrastructure-Engineer,True,,0.20
7375,valenz.applytojob.com,https://valenz.applytojob.com/apply,200,4,https://valenz.applytojob.com/apply/hYt9I66yOP/Certified-Medical-Claims-Auditor,True,,0.21
7376,validity.applytojob.com,https://validity.applytojob.com/apply,200,11,https://validity.applytojob.com/apply/1CJS7O732m/Chief-Of-Staff-To-The-CTO,True,,0.22
7377,valitanallc.applytojob.com,https://valitanallc.applytojob.com/apply,200,12,https://valitanallc.applytojob.com/apply/CDdWlWM5ec/AI-Agent-Engineer,True,,0.21
7381,valuetainment.applytojob.com,https://valuetainment.applytojob.com/apply,200,18,https://valuetainment.applytojob.com/apply/Eun8feXBxS/Client-Activation-Specialist-Lion-Holdings,True,,0.19
7382,vanburencounty.applytojob.com,https://vanburencounty.applytojob.com/apply,200,7,https://vanburencounty.applytojob.com/apply/6YvDAhakwr/Electrical-Maintenance-Technician,True,,0.20
7397,vectormedia.applytojob.com,https://vectormedia.applytojob.com/apply,200,9,http://vectormedia.applytojob.com/apply/wicknpSsvf/Assistant-Operations-Manager,True,,0.23
7400,veem.applytojob.com,https://veem.applytojob.com/apply,200,9,https://veem.applytojob.com/apply/RVeM5XsGof/Data-Engineer-BI-Reporting,True,,0.20
7413,verdefarms.applytojob.com,https://verdefarms.applytojob.com/apply,200,3,https://verdefarms.applytojob.com/apply/k8P6ZUGrJj/Inventory-Clerk,True,,0.20
7421,veronetworks.applytojob.com,https://veronetworks.applytojob.com/apply,200,53,https://veronetworks.applytojob.com/apply/VdzcQFM094/Network-Operations-Manager,True,,0.21
7426,verticalrelevance.applytojob.com,https://verticalrelevance.applytojob.com/apply,200,4,https://verticalrelevance.applytojob.com/apply/Sk7LTUOSES/Agentic-AI-Machine-Learning-Consultant,True,,0.21
7428,veryllcfc.applytojob.com,https://veryllcfc.applytojob.com/apply,200,21,https://veryllcfc.applytojob.com/apply/yZUQgkvP2s/Client-Engagement-Lead-Canada,True,,0.21
7438,vhms.applytojob.com,https://vhms.applytojob.com/apply,200,14,https://vhms.applytojob.com/apply/ACTqwBgUjx/Application-Support-Engineer-L1,True,,0.21
7450,vibeiq.applytojob.com,https://vibeiq.applytojob.com/apply,200,9,https://vibeiq.applytojob.com/apply/BUQSsfsEX6/Account-Executive,True,,0.20
7466,virtualtechnologygroupllc.applytojob.com,https://virtualtechnologygroupllc.applytojob.com/apply,200,16,https://virtualtechnologygroupllc.applytojob.com/apply/g0DyfPfcPj/Applications-ProgrammerSustainment-JAMMEX,True,,0.20
7482,vivsofttechnologiesfa.applytojob.com,https://vivsofttechnologiesfa.applytojob.com/apply,200,52,https://vivsofttechnologiesfa.applytojob.com/apply/9p1NNR8a5L/Acquisition-Consultant-Management-Analyst-COR,True,,0.19
7491,volundmanufacturing.applytojob.com,https://volundmanufacturing.applytojob.com/apply,200,2,https://volundmanufacturing.applytojob.com/apply/F3TpEat8IL/Senior-Manager-Supply-Chain-Operations,True,,0.17
7511,vyvebroadband.applytojob.com,https://vyvebroadband.applytojob.com/apply,200,61,https://vyvebroadband.applytojob.com/apply/FY4jLOgON4/Commercial-Retention-Representative,True,,0.21
7518,walkerwarner.applytojob.com,https://walkerwarner.applytojob.com/apply,200,4,https://walkerwarner.applytojob.com/apply/bexvZQCej4/General-Interest-Submission,True,,0.20
7520,waltonen.applytojob.com,https://waltonen.applytojob.com/apply,200,14,https://waltonen.applytojob.com/apply/9ZW2SJ880l/AI-Programmer,True,,0.19
7528,waterfrontbrands.applytojob.com,https://waterfrontbrands.applytojob.com/apply,200,2,https://waterfrontbrands.applytojob.com/apply/LzDe8iorxG/Customer-Support-Representative,True,,0.18
7529,watermarkriskmanagementinternationalllc.applytojob.com,https://watermarkriskmanagementinternationalllc.applytojob.com/apply,200,27,https://watermarkriskmanagementinternationalllc.applytojob.com/apply/OEywNeNNfV/ASR-II-Activity-Security-Representative-II-Temporary,True,,0.19
7544,wbengineering.applytojob.com,https://wbengineering.applytojob.com/apply,200,18,https://wbengineering.applytojob.com/apply/xj5wHb10DM/Senior-Project-Engineer-Data-Centers,True,,0.22
7550,wealthaccess.applytojob.com,https://wealthaccess.applytojob.com/apply,200,5,https://wealthaccess.applytojob.com/apply/OxfkawKsKN/Director-Software-Engineering,True,,0.17
7586,west4thstrategy.applytojob.com,https://west4thstrategy.applytojob.com/apply,200,10,https://west4thstrategy.applytojob.com/apply/fGccCUXPz1/Accounting-Clerk,True,,0.20
7591,westernconnecticutstateuniversity.applytojob.com,https://westernconnecticutstateuniversity.applytojob.com/apply,200,1,https://westernconnecticutstateuniversity.applytojob.com/apply/0rt5xZ1TVC/Chemistry-Biochemistry-Assistant-Professor,True,,0.19
7598,wevote.applytojob.com,https://wevote.applytojob.com/apply,200,14,https://wevote.applytojob.com/apply/jboNkBsvf1/Technical-Writer-Talent-Acquisition-Team,True,,0.20
7603,wgnstar.applytojob.com,https://wgnstar.applytojob.com/apply,200,71,https://wgnstar.applytojob.com/apply/UC1uOKQXmx/Equipment-Preventative-Maintenance-Technician,True,,0.23
7605,whasacramento.applytojob.com,https://whasacramento.applytojob.com/apply,200,5,https://whasacramento.applytojob.com/apply/9vuevIAefo/Actuarial-Services-Supervisor,True,,0.27
7607,wheelhouse.applytojob.com,https://wheelhouse.applytojob.com/apply,200,5,https://wheelhouse.applytojob.com/apply/ittG3fYz5S/IT-Support-Agent,True,,0.19
7613,whitewater.applytojob.com,https://whitewater.applytojob.com/apply,200,239,https://whitewater.applytojob.com/apply/6AFxHqzZN5/Area-Director,True,,0.22
7620,wildflowerinternational.applytojob.com,https://wildflowerinternational.applytojob.com/apply,200,1,https://wildflowerinternational.applytojob.com/apply/IxHJMIrHQS/OnSite-Only-IT-Desktop-Support-Technician,True,,0.20
7634,winning.applytojob.com,https://winning.applytojob.com/apply,200,35,https://winning.applytojob.com/apply/FKqr44c43t/International-Partnerships-Operations-Manager,True,,0.19
7638,wiredpeople.applytojob.com,https://wiredpeople.applytojob.com/apply,200,6,https://wiredpeople.applytojob.com/apply/WbvORSfvEL/Client-Partner-Florida-Executive-SLED-Sales-Leader,True,,0.20
7639,wireexpertsgroup.applytojob.com,https://wireexpertsgroup.applytojob.com/apply,200,3,https://wireexpertsgroup.applytojob.com/apply/niJTEi1RWU/2nd-Shift-Extrusion-Machine-Operator-MUST-HAVE-EXTRUSION-EXPERIENCE,True,,0.20
7652,wmeexpress.applytojob.com,https://wmeexpress.applytojob.com/apply,200,13,https://wmeexpress.applytojob.com/apply/GMxloLRaz0/Auto-Body-Technician,True,,0.17
7664,wonderbotz.applytojob.com,https://wonderbotz.applytojob.com/apply,200,7,https://wonderbotz.applytojob.com/apply/oEnUZ4R2yB/Customer-Success-Manager,True,,0.20
7666,woodcraftrangers.applytojob.com,https://woodcraftrangers.applytojob.com/apply,200,73,https://woodcraftrangers.applytojob.com/apply/3F4ciZdseY/Academics-Manager,True,,0.20
7683,worktrucksolutions.applytojob.com,https://worktrucksolutions.applytojob.com/apply,200,2,https://worktrucksolutions.applytojob.com/apply/3dBDf816ey/Senior-Full-Stack-Engineer,True,,0.19
7689,worldinsurance.applytojob.com,https://worldinsurance.applytojob.com/apply,200,169,https://worldinsurance.applytojob.com/apply/Ml90zRJsDx/Data-Migration-Analyst,True,,0.21
7694,worldwise.applytojob.com,https://worldwise.applytojob.com/apply,200,5,https://worldwise.applytojob.com/apply/YkOkaaiZVT/ATT-Customer-Representative,True,,0.20
7703,wrshealth.applytojob.com,https://wrshealth.applytojob.com/apply,200,29,https://wrshealth.applytojob.com/apply/4kg6BMLD55/AI-Engineer-Hubspot-Integrations,True,,0.20
8159,wxxv.applytojob.com,https://wxxv.applytojob.com/apply,200,3,https://wxxv.applytojob.com/apply/MYF6Og3MvW/Evening-AnchorReporter,True,,0.17
8165,xantrion.applytojob.com,https://xantrion.applytojob.com/apply,200,4,http://xantrion.applytojob.com/apply/PwdQkaakxe/IT-Dispatcher-Remote-Work-From-Home,True,,0.18
8168,xello.applytojob.com,https://xello.applytojob.com/apply,200,6,https://xello.applytojob.com/apply/iYEUYeiT4h/Customer-Success-Manager-12-Month-Contract,True,,0.23
8170,xenithsolutions.applytojob.com,https://xenithsolutions.applytojob.com/apply,200,12,https://xenithsolutions.applytojob.com/apply/nXJFiDuSXV/Budget-Analyst,True,,0.21
8180,xtscareers.applytojob.com,https://xtscareers.applytojob.com/apply,200,24,https://xtscareers.applytojob.com/apply/i2malB2PxZ/Analytic-Methodologist-TSSCI,True,,0.18
8193,yottaenergy.applytojob.com,https://yottaenergy.applytojob.com/apply,200,11,https://yottaenergy.applytojob.com/apply/yEH5PhVZ6e/Accounts-Payable-Accounts-Receivable-Specialist,True,,0.18
8195,yourdigitalresource1.applytojob.com,https://yourdigitalresource1.applytojob.com/apply,200,10,https://yourdigitalresource1.applytojob.com/apply/3mBsrun7jj/Account-Manager,True,,0.20
8205,zealogicsllc.applytojob.com,https://zealogicsllc.applytojob.com/apply,200,45,https://zealogicsllc.applytojob.com/apply/2AsVuCqePk/AI-Operations-Reporting-Analytics-Analyst-Fully-Remote-Opportunity,True,,0.21
8220,zigzag.applytojob.com,https://zigzag.applytojob.com/apply,200,19,https://zigzag.applytojob.com/apply/iiJr8qirw9/Business-Analyst-Dayshift,True,,0.19
8227,zoicstudios.applytojob.com,https://zoicstudios.applytojob.com/apply,200,6,https://zoicstudios.applytojob.com/apply/3aine7iOkT/US-Senior-Angular-Developer-Zoic-Labs,True,,0.20
8232,zotecpartners.applytojob.com,https://zotecpartners.applytojob.com/apply,200,11,https://zotecpartners.applytojob.com/apply/tRTw2bHiCU/Accounting-Associate,True,,0.19
